path,session,last_fit_session,method,selected_alpha,affine_distance_to_true,condition_number,gradient_norm,mean_iterations
0,252,251,sample,0.0,1.0427137058059606,8.744022324920774,0.0,0
0,252,251,shrinkage,0.65,0.9296407616648297,5.769148556615333,0.0,0
0,252,251,log_mean,0.65,0.8202967389326944,5.824198729601784,0.0,0
0,252,251,affine_mean,0.65,0.8421656272397756,5.3849256330433635,3.056200252967572e-10,11
0,273,272,sample,0.0,1.0806133336687216,8.711354991314487,0.0,0
0,273,272,shrinkage,0.65,0.9397683360778774,5.829838954791891,0.0,0
0,273,272,log_mean,0.65,0.8258815182920073,5.812308988875548,0.0,0
0,273,272,affine_mean,0.65,0.8447065040552488,5.480493180607203,5.688215400483624e-10,9
0,294,293,sample,0.0,1.0567050497049575,9.782831534651649,0.0,0
0,294,293,shrinkage,0.65,0.9351372255432091,5.900019167834117,0.0,0
0,294,293,log_mean,0.65,0.7813857898022154,6.171941589896776,0.0,0
0,294,293,affine_mean,0.65,0.7984017708561859,5.779649072768123,4.472564175732906e-10,10
0,315,314,sample,0.0,1.1566435927500598,8.799443810986146,0.0,0
0,315,314,shrinkage,0.65,1.0006641975954,5.193754976077176,0.0,0
0,315,314,log_mean,0.65,0.8224179963077314,5.270952803217863,0.0,0
0,315,314,affine_mean,0.65,0.8445164560200724,4.901279244380269,3.690467593167537e-10,11
0,336,335,sample,0.0,3.755165402765273,9.755073444810536,0.0,0
0,336,335,shrinkage,0.65,3.261341961645066,5.686562365819206,0.0,0
0,336,335,log_mean,0.65,3.618611113065432,5.824577161822763,0.0,0
0,336,335,affine_mean,0.65,3.6067012630500215,5.493779671524158,2.542939243630858e-10,10
0,357,356,sample,0.0,3.2211859143248063,6.836543175471096,0.0,0
0,357,356,shrinkage,0.65,2.8774942387806837,4.171301482935354,0.0,0
0,357,356,log_mean,0.65,3.3471633704466095,5.005610998736206,0.0,0
0,357,356,affine_mean,0.65,3.3340152625407535,4.589553464288023,2.2770598714638385e-10,12
0,378,377,sample,0.0,2.722778595997622,5.468535037374187,0.0,0
0,378,377,shrinkage,0.65,2.503416124897988,2.9909830544117693,0.0,0
0,378,377,log_mean,0.65,3.074659847407876,3.6541852882378985,0.0,0
0,378,377,affine_mean,0.65,3.0635112968506597,3.3609446474751827,7.386665109262217e-10,11
0,399,398,sample,0.0,2.30943321264562,5.4850452143140584,0.0,0
0,399,398,shrinkage,0.65,2.1630927543254765,2.5231748828557907,0.0,0
0,399,398,log_mean,0.65,2.916675275062013,3.287650212747074,0.0,0
0,399,398,affine_mean,0.65,2.9134589249150937,3.062621658994086,4.4403741241357514e-10,13
0,420,419,sample,0.0,2.155042974680856,5.639490527820843,0.0,0
0,420,419,shrinkage,0.65,2.0637655934720214,2.65135832769705,0.0,0
0,420,419,log_mean,0.65,2.650747392617645,3.0546121728707103,0.0,0
0,420,419,affine_mean,0.65,2.6455814213546542,2.8544706467778327,8.860448090650072e-10,11
0,441,440,sample,0.0,1.9654023418438185,5.880141788924692,0.0,0
0,441,440,shrinkage,0.65,1.9756252237756318,2.563062231151268,0.0,0
0,441,440,log_mean,0.65,2.497771887524601,2.7674395058628596,0.0,0
0,441,440,affine_mean,0.65,2.4945492526823956,2.5844603682906757,3.0318643892962956e-10,12
0,462,461,sample,0.0,1.7479684307403378,5.671294701132383,0.0,0
0,462,461,shrinkage,0.65,1.8375929467600787,2.4741773453168134,0.0,0
0,462,461,log_mean,0.65,2.3962235540567978,2.7344344216974217,0.0,0
0,462,461,affine_mean,0.65,2.405277690847629,2.560336390511288,4.024689736345329e-10,14
0,483,482,sample,0.0,1.6125861550458103,5.848507837352199,0.0,0
0,483,482,shrinkage,0.65,1.7195327585757754,2.417700400003871,0.0,0
0,483,482,log_mean,0.65,2.0492304953501876,2.7809933277511187,0.0,0
0,483,482,affine_mean,0.65,2.075849703073541,2.6291930729948625,5.838329311889969e-10,14
0,504,503,sample,0.0,1.4194853898886977,5.483523089665741,0.0,0
0,504,503,shrinkage,0.65,1.6291081277167128,2.3299008585949927,0.0,0
0,504,503,log_mean,0.65,1.8937421146049318,2.3550186581895356,0.0,0
0,504,503,affine_mean,0.65,1.913377717273771,2.2440744258088077,5.656776437033577e-10,14
0,525,524,sample,0.0,1.3046187557970645,5.97018616147792,0.0,0
0,525,524,shrinkage,0.65,1.5719118568695947,2.3824464300793884,0.0,0
0,525,524,log_mean,0.65,1.823420125184454,2.3971191368239375,0.0,0
0,525,524,affine_mean,0.65,1.8452718895534508,2.3038503689108905,3.580165763640357e-10,15
0,546,545,sample,0.0,1.1690693150247844,6.678426911579131,0.0,0
0,546,545,shrinkage,0.65,1.524586158135079,2.4383598601163934,0.0,0
0,546,545,log_mean,0.65,1.580853786365219,2.520169700061954,0.0,0
0,546,545,affine_mean,0.65,1.6029046401335394,2.436660895978357,6.59064209776033e-10,11
0,567,566,sample,0.0,1.1003828976215153,7.129663789071185,0.0,0
0,567,566,shrinkage,0.65,1.5075411545632493,2.627454966881587,0.0,0
0,567,566,log_mean,0.65,1.5079020573672348,2.800991247689981,0.0,0
0,567,566,affine_mean,0.65,1.520718317950631,2.702201685180195,2.9380319388472305e-10,12
0,588,587,sample,0.0,1.0563105542924602,7.881210264376589,0.0,0
0,588,587,shrinkage,0.65,1.505653563126357,2.7288165116082337,0.0,0
0,588,587,log_mean,0.65,1.465321858428936,2.973387048675011,0.0,0
0,588,587,affine_mean,0.65,1.4767776248142457,2.872489621134186,1.650541877129088e-10,10
0,609,608,sample,0.0,1.1101914949148592,9.241564078208084,0.0,0
0,609,608,shrinkage,0.65,1.497046105888974,2.8069765581670523,0.0,0
0,609,608,log_mean,0.65,1.4636152171661225,3.1319308030577586,0.0,0
0,609,608,affine_mean,0.65,1.4728637824111033,3.0375073365985785,1.7705547315823613e-10,10
0,630,629,sample,0.0,1.1554285068557846,10.295512553189694,0.0,0
0,630,629,shrinkage,0.65,1.47908190901504,2.9667241323599565,0.0,0
0,630,629,log_mean,0.65,1.510422228753561,3.1076157199632006,0.0,0
0,630,629,affine_mean,0.65,1.5261675846989904,2.9949872968943025,3.7386528232371664e-10,11
0,651,650,sample,0.0,1.2601571537001075,9.914054246998184,0.0,0
0,651,650,shrinkage,0.65,1.4914607673922642,2.9072588864898985,0.0,0
0,651,650,log_mean,0.65,1.5703842360903006,2.898894289471088,0.0,0
0,651,650,affine_mean,0.65,1.5898492042574706,2.77482948152685,1.7522019150413378e-10,11
0,672,671,sample,0.0,4.3209123168516905,11.310220336711279,0.0,0
0,672,671,shrinkage,0.65,4.348938678255665,2.9641698159781225,0.0,0
0,672,671,log_mean,0.65,4.002230333161685,3.0790219146182327,0.0,0
0,672,671,affine_mean,0.65,3.973087655024294,3.0033183907900116,7.661904388841986e-10,9
0,693,692,sample,0.0,4.163773672288136,10.272843418801237,0.0,0
0,693,692,shrinkage,0.65,4.215782821013307,2.783322874252164,0.0,0
0,693,692,log_mean,0.65,3.796948742524615,2.7576859545620347,0.0,0
0,693,692,affine_mean,0.65,3.769143262400052,2.710054480522108,7.386179496549274e-10,10
0,714,713,sample,0.0,3.9446097842921928,10.594264869066043,0.0,0
0,714,713,shrinkage,0.65,4.032696749701871,2.7052722757504943,0.0,0
0,714,713,log_mean,0.65,3.45711399910706,2.545760516013158,0.0,0
0,714,713,affine_mean,0.65,3.424623460450129,2.472941497365021,3.910005386836198e-10,12
0,735,734,sample,0.0,3.6774580060077073,10.235754094361905,0.0,0
0,735,734,shrinkage,0.65,3.758860175825028,2.5698010927434685,0.0,0
0,735,734,log_mean,0.65,3.096988899988288,2.7207098124454574,0.0,0
0,735,734,affine_mean,0.65,3.0740436524982733,2.621640368213944,2.654585825823144e-10,11
0,756,755,sample,0.0,3.386982408644681,8.660447823162098,0.0,0
0,756,755,shrinkage,0.65,3.4823438657886943,2.5021831244164994,0.0,0
0,756,755,log_mean,0.65,2.856322090770584,2.681832021129448,0.0,0
0,756,755,affine_mean,0.65,2.83131995879208,2.582185910877257,3.2428803628054105e-10,10
0,777,776,sample,0.0,3.1849945344767647,8.926712274551559,0.0,0
0,777,776,shrinkage,0.65,3.275503674419171,2.5049254404260646,0.0,0
0,777,776,log_mean,0.65,2.5248168722175497,2.7244146838305996,0.0,0
0,777,776,affine_mean,0.65,2.503555676219511,2.5995927144965663,8.126765023269096e-10,12
0,798,797,sample,0.0,2.9407784085458384,8.113448065400545,0.0,0
0,798,797,shrinkage,0.65,3.044369091237754,2.58354269023082,0.0,0
0,798,797,log_mean,0.65,2.1858498747642443,2.8504157659703546,0.0,0
0,798,797,affine_mean,0.65,2.1782987036728585,2.6971964136379896,3.890608199686411e-10,14
0,819,818,sample,0.0,2.5249467340167553,7.067475892313515,0.0,0
0,819,818,shrinkage,0.65,2.663246794984146,2.3632065304230405,0.0,0
0,819,818,log_mean,0.65,1.9833719972495403,2.7564670980366883,0.0,0
0,819,818,affine_mean,0.65,1.9818978778933063,2.6393729795250773,2.655708239209749e-10,11
0,840,839,sample,0.0,2.2376009115789777,6.8543016066294555,0.0,0
0,840,839,shrinkage,0.65,2.440096694493399,2.466582798406612,0.0,0
0,840,839,log_mean,0.65,1.8027705963678387,2.7406268507941234,0.0,0
0,840,839,affine_mean,0.65,1.8024871386191963,2.608570391694457,4.0113232489744083e-10,13
0,861,860,sample,0.0,1.788311938357845,6.159445428239577,0.0,0
0,861,860,shrinkage,0.65,2.1057406681566104,2.769904902376765,0.0,0
0,861,860,log_mean,0.65,1.554213171470668,3.2648243425822345,0.0,0
0,861,860,affine_mean,0.65,1.5639851995732452,3.085794581282864,5.539454762704662e-10,11
0,882,881,sample,0.0,1.5200432883596293,6.016568553724659,0.0,0
0,882,881,shrinkage,0.65,1.9425821683264248,2.912197574123855,0.0,0
0,882,881,log_mean,0.65,1.5226294678330003,3.360558427342182,0.0,0
0,882,881,affine_mean,0.65,1.5319058708373814,3.210151389043806,6.737911936506558e-10,10
0,903,902,sample,0.0,1.2013842180896102,7.874839128965155,0.0,0
0,903,902,shrinkage,0.65,1.7290794994827223,3.4023348203898824,0.0,0
0,903,902,log_mean,0.65,1.4487286037053386,3.614906067661454,0.0,0
0,903,902,affine_mean,0.65,1.4585345461536166,3.432527798443424,1.5864712854968676e-10,10
0,924,923,sample,0.0,1.125696917274373,13.140503354586713,0.0,0
0,924,923,shrinkage,0.65,1.4305316490632316,4.021096404950044,0.0,0
0,924,923,log_mean,0.65,1.3347849025796035,4.078973330497273,0.0,0
0,924,923,affine_mean,0.65,1.341026031127016,3.862573784380682,6.7714102377549e-10,9
0,945,944,sample,0.0,1.1774316665469031,14.414937946173849,0.0,0
0,945,944,shrinkage,0.65,1.4858534822950613,4.054440418158769,0.0,0
0,945,944,log_mean,0.65,1.3579313516444909,4.154986870490491,0.0,0
0,945,944,affine_mean,0.65,1.3658830316169692,3.953979601515098,2.05058162559007e-10,9
0,966,965,sample,0.0,1.2192732272489049,14.046800552365658,0.0,0
0,966,965,shrinkage,0.65,1.5336440700282454,4.0205209432174005,0.0,0
0,966,965,log_mean,0.65,1.4191776086975123,4.102267174981233,0.0,0
0,966,965,affine_mean,0.65,1.4209978884835544,3.8590656615824273,3.590254133906674e-10,9
0,987,986,sample,0.0,1.2327186479563021,15.750199958596212,0.0,0
0,987,986,shrinkage,0.65,1.4481561109448506,4.089496486918607,0.0,0
0,987,986,log_mean,0.65,1.3629011884102902,4.1584191923176315,0.0,0
0,987,986,affine_mean,0.65,1.3741574361277318,3.9512443186456725,7.014331720598693e-10,9
1,252,251,sample,0.0,1.3372455428500545,12.72164048922641,0.0,0
1,252,251,shrinkage,0.35,1.22099604313123,5.566447192531199,0.0,0
1,252,251,log_mean,0.35,0.796029005518599,6.251570007485534,0.0,0
1,252,251,affine_mean,0.35,0.8082939796708801,5.519832660802325,5.464640236086455e-10,13
1,273,272,sample,0.0,1.2697625540290767,12.213372343007467,0.0,0
1,273,272,shrinkage,0.35,1.2129093259287451,5.748986317571331,0.0,0
1,273,272,log_mean,0.35,0.8130471105969628,6.4123419317130965,0.0,0
1,273,272,affine_mean,0.35,0.8222086866214268,5.767228217271806,5.994483622669568e-10,12
1,294,293,sample,0.0,1.2494467914727,11.18070710157752,0.0,0
1,294,293,shrinkage,0.35,1.2260525495434285,5.764546232147274,0.0,0
1,294,293,log_mean,0.35,0.8119762197372066,6.20243252291294,0.0,0
1,294,293,affine_mean,0.35,0.8190749546481352,5.5353880020908015,4.900393969393501e-10,11
1,315,314,sample,0.0,1.0943304243907341,9.66899070523131,0.0,0
1,315,314,shrinkage,0.35,0.9599191353284531,5.708808264424145,0.0,0
1,315,314,log_mean,0.35,0.8153831879974816,6.305338758188438,0.0,0
1,315,314,affine_mean,0.35,0.8314223562189795,5.8414994451371545,2.2752854541397396e-10,12
1,336,335,sample,0.0,3.9695307155592543,10.497150859113427,0.0,0
1,336,335,shrinkage,0.35,3.3641036869141323,5.930979454683372,0.0,0
1,336,335,log_mean,0.35,3.8031743997992846,6.343728145895855,0.0,0
1,336,335,affine_mean,0.35,3.7923255269136975,5.960569199134882,2.1085228608446836e-10,12
1,357,356,sample,0.0,3.5669228284772703,8.37127298525627,0.0,0
1,357,356,shrinkage,0.35,3.0475368418974726,4.464423985729966,0.0,0
1,357,356,log_mean,0.35,3.5531028743125366,5.015251041794541,0.0,0
1,357,356,affine_mean,0.35,3.5462533422144604,4.671423159059135,4.0260535819625236e-10,11
1,378,377,sample,0.0,3.304588941317599,7.986793318320489,0.0,0
1,378,377,shrinkage,0.35,2.8878687056107752,4.726649960630521,0.0,0
1,378,377,log_mean,0.35,3.5390094187407986,5.089344802445609,0.0,0
1,378,377,affine_mean,0.35,3.5278488275966384,4.580372546744722,2.994776597495963e-10,11
1,399,398,sample,0.0,2.882909194947396,7.3797557296349146,0.0,0
1,399,398,shrinkage,0.35,2.5659792021429864,4.342285472040043,0.0,0
1,399,398,log_mean,0.35,3.3785260351554127,4.600145633606997,0.0,0
1,399,398,affine_mean,0.35,3.362079559438914,4.101006567896105,2.7834020200272183e-10,14
1,420,419,sample,0.0,2.588620469953165,7.475452081362136,0.0,0
1,420,419,shrinkage,0.35,2.2847066349503398,4.224674571069147,0.0,0
1,420,419,log_mean,0.35,3.0098446030799937,4.402524949418025,0.0,0
1,420,419,affine_mean,0.35,3.003441514331453,3.9086231474222015,7.047211917980912e-10,13
1,441,440,sample,0.0,2.221460683557024,6.967894265627967,0.0,0
1,441,440,shrinkage,0.35,1.9260098810996613,3.775979828094483,0.0,0
1,441,440,log_mean,0.35,2.7047724923521295,4.002766909632928,0.0,0
1,441,440,affine_mean,0.35,2.7061561873264357,3.6237020808481013,2.575432239614386e-10,13
1,462,461,sample,0.0,1.9207012311779745,6.153785057774918,0.0,0
1,462,461,shrinkage,0.35,1.692395416855384,3.4481204410799395,0.0,0
1,462,461,log_mean,0.35,2.5523881106256274,3.583683367240931,0.0,0
1,462,461,affine_mean,0.35,2.5563668455664605,3.230304777365891,5.23115812913032e-10,17
1,483,482,sample,0.0,1.6660704889464801,5.942872873798873,0.0,0
1,483,482,shrinkage,0.35,1.4970239372637169,3.3128046826010085,0.0,0
1,483,482,log_mean,0.35,2.171089275262791,3.2739863694442457,0.0,0
1,483,482,affine_mean,0.35,2.1852046237922784,2.995821756707094,5.792119653251934e-10,15
1,504,503,sample,0.0,1.5626561417128366,5.82698050866387,0.0,0
1,504,503,shrinkage,0.35,1.4118296665552843,3.3218138765160066,0.0,0
1,504,503,log_mean,0.35,2.000439316718389,3.2285121798265513,0.0,0
1,504,503,affine_mean,0.35,2.0234070114163965,3.0165555623650984,2.335652613273982e-10,13
1,525,524,sample,0.0,1.3236354391864862,7.706829729398368,0.0,0
1,525,524,shrinkage,0.35,1.2164372948912119,4.091800089164239,0.0,0
1,525,524,log_mean,0.35,1.7303508035632513,3.484329064650115,0.0,0
1,525,524,affine_mean,0.35,1.7601347273986678,3.218557514333964,5.632171987830047e-10,14
1,546,545,sample,0.0,1.2357798209377808,8.251212527206429,0.0,0
1,546,545,shrinkage,0.35,1.1250234441070825,4.2786130026645885,0.0,0
1,546,545,log_mean,0.35,1.4402006635860884,4.048476285918133,0.0,0
1,546,545,affine_mean,0.35,1.4791763424178417,3.734648401278884,9.571526562963003e-10,11
1,567,566,sample,0.0,1.0878926820016956,9.84016396294981,0.0,0
1,567,566,shrinkage,0.35,1.0003976541898398,4.634381111554372,0.0,0
1,567,566,log_mean,0.35,1.1453811507817442,4.695895317261665,0.0,0
1,567,566,affine_mean,0.35,1.1960168393774648,4.354754147181797,7.31734702740885e-10,10
1,588,587,sample,0.0,1.059794623745498,10.675616712118464,0.0,0
1,588,587,shrinkage,0.35,0.9450553623336343,4.87384672035396,0.0,0
1,588,587,log_mean,0.35,1.079512311003582,4.9398527866210715,0.0,0
1,588,587,affine_mean,0.35,1.1229892228631246,4.534405902226564,2.8920767367377663e-10,11
1,609,608,sample,0.0,1.0346483331151077,11.322510516606132,0.0,0
1,609,608,shrinkage,0.35,0.9511817624406875,5.051263087096125,0.0,0
1,609,608,log_mean,0.35,0.9997070816453965,5.034798678781155,0.0,0
1,609,608,affine_mean,0.35,1.0393751295279199,4.639674302129996,4.850405495748165e-10,10
1,630,629,sample,0.0,1.0705276806744575,10.207117639024375,0.0,0
1,630,629,shrinkage,0.35,1.0061793014319247,4.821368600410987,0.0,0
1,630,629,log_mean,0.35,0.9722699822398138,4.851818159690741,0.0,0
1,630,629,affine_mean,0.35,1.0113958687104236,4.502797375255702,2.70853384814972e-10,11
1,651,650,sample,0.0,1.1350248313402471,10.880569401032757,0.0,0
1,651,650,shrinkage,0.35,1.042689741242815,4.991168630739864,0.0,0
1,651,650,log_mean,0.35,1.019252576907741,5.056573975741571,0.0,0
1,651,650,affine_mean,0.35,1.065543962951793,4.578107174914359,5.43913117918244e-10,11
1,672,671,sample,0.0,4.957307723147569,9.932244059918931,0.0,0
1,672,671,shrinkage,0.35,4.955784032965986,4.804279605155424,0.0,0
1,672,671,log_mean,0.35,4.535017402005711,4.947618276888391,0.0,0
1,672,671,affine_mean,0.35,4.474199692326303,4.552580722959346,8.44930484167394e-10,10
1,693,692,sample,0.0,4.668398700490669,10.142050563078525,0.0,0
1,693,692,shrinkage,0.35,4.683374550197865,4.87110867003754,0.0,0
1,693,692,log_mean,0.35,4.284833827327331,5.164173256827168,0.0,0
1,693,692,affine_mean,0.35,4.23021569455529,4.817966875144046,2.926959056268471e-10,11
1,714,713,sample,0.0,4.462631337203905,10.61392941887507,0.0,0
1,714,713,shrinkage,0.35,4.484008421442524,4.974981100057377,0.0,0
1,714,713,log_mean,0.35,3.979409588797477,5.0115702829541275,0.0,0
1,714,713,affine_mean,0.35,3.917041217892529,4.54683635561523,3.9152056644122143e-10,11
1,735,734,sample,0.0,4.257142492875576,10.529152111491014,0.0,0
1,735,734,shrinkage,0.35,4.298698271969165,5.007371253324755,0.0,0
1,735,734,log_mean,0.35,3.276903890201799,4.517558500002959,0.0,0
1,735,734,affine_mean,0.35,3.237581481805392,4.191541017518751,7.029475302464677e-10,14
1,756,755,sample,0.0,4.088823654989168,11.797407174460961,0.0,0
1,756,755,shrinkage,0.35,4.123639305211587,5.309835393745977,0.0,0
1,756,755,log_mean,0.35,3.1078799476460053,4.66040517698826,0.0,0
1,756,755,affine_mean,0.35,3.0688415712399735,4.340365368771691,3.310445444770388e-10,14
1,777,776,sample,0.0,3.7003183827294484,9.843298875231156,0.0,0
1,777,776,shrinkage,0.35,3.7429382605506025,4.788037786928377,0.0,0
1,777,776,log_mean,0.35,2.7240513503673967,4.229729651394774,0.0,0
1,777,776,affine_mean,0.35,2.688864131026895,3.847604887918762,6.248804656107582e-10,16
1,798,797,sample,0.0,3.533246567230146,8.604553574679127,0.0,0
1,798,797,shrinkage,0.35,3.582421159457475,4.317131870965336,0.0,0
1,798,797,log_mean,0.35,2.20738803381438,4.260341025816809,0.0,0
1,798,797,affine_mean,0.35,2.189939103528012,3.9722942612229595,7.616311226411022e-10,15
1,819,818,sample,0.0,3.2533112848920833,8.1668915387952,0.0,0
1,819,818,shrinkage,0.35,3.3030442566654687,4.170426596465393,0.0,0
1,819,818,log_mean,0.35,2.0873593289150216,4.613458550873988,0.0,0
1,819,818,affine_mean,0.35,2.066330058633601,4.267103118846079,6.335778662556379e-10,15
1,840,839,sample,0.0,3.0586194943114347,8.070361294840106,0.0,0
1,840,839,shrinkage,0.35,3.1361397354992224,4.240115613241817,0.0,0
1,840,839,log_mean,0.35,1.8763633608110708,5.161409910868399,0.0,0
1,840,839,affine_mean,0.35,1.8490556770812794,4.745864283655311,3.85041211556403e-10,14
1,861,860,sample,0.0,2.657817804814118,8.053556580872407,0.0,0
1,861,860,shrinkage,0.35,2.7173754957968486,4.583445165207771,0.0,0
1,861,860,log_mean,0.35,1.374533610344205,6.117042463869995,0.0,0
1,861,860,affine_mean,0.35,1.3546470232210084,5.757720555867287,4.631299254262722e-10,13
1,882,881,sample,0.0,2.148448772872923,9.218233842080565,0.0,0
1,882,881,shrinkage,0.35,2.2021770819055595,5.28679367095888,0.0,0
1,882,881,log_mean,0.35,1.2634678123113854,7.035451924596751,0.0,0
1,882,881,affine_mean,0.35,1.253032958733464,6.627744015947534,4.3307590000543846e-10,13
1,903,902,sample,0.0,1.6977999296774744,11.61274961977696,0.0,0
1,903,902,shrinkage,0.35,1.7994015511760972,6.388479633148107,0.0,0
1,903,902,log_mean,0.35,1.1912918061415112,7.362016283176556,0.0,0
1,903,902,affine_mean,0.35,1.1826769174873561,6.791911321525231,2.70138095828941e-10,11
1,924,923,sample,0.0,1.1605471255687207,18.08196207274397,0.0,0
1,924,923,shrinkage,0.35,1.1435293816269692,7.934106001625319,0.0,0
1,924,923,log_mean,0.35,1.0808161563797443,8.82326210478705,0.0,0
1,924,923,affine_mean,0.35,1.0657546658409287,8.039380227537038,9.413858829425365e-10,9
1,945,944,sample,0.0,1.1355829545504814,15.869050362671853,0.0,0
1,945,944,shrinkage,0.35,1.1880128153484126,7.71778353804553,0.0,0
1,945,944,log_mean,0.35,1.0810323664404151,8.744937553454545,0.0,0
1,945,944,affine_mean,0.35,1.0618045385175403,8.095266297272111,1.1206494248594142e-10,9
1,966,965,sample,0.0,1.136500221856605,15.85621600367711,0.0,0
1,966,965,shrinkage,0.35,1.1781757888795927,7.43108903897543,0.0,0
1,966,965,log_mean,0.35,1.0563350221226078,8.35225213441001,0.0,0
1,966,965,affine_mean,0.35,1.0455225460685658,7.418747778348429,7.037199276455062e-10,10
1,987,986,sample,0.0,1.0547103577887174,14.30970694504723,0.0,0
1,987,986,shrinkage,0.35,1.1499312914775393,6.839949065941693,0.0,0
1,987,986,log_mean,0.35,1.0233380707228796,7.395127828092916,0.0,0
1,987,986,affine_mean,0.35,1.0198817530969022,6.753619196586961,3.1058132498442955e-10,10
2,252,251,sample,0.0,1.0450687129365748,9.164757567060828,0.0,0
2,252,251,shrinkage,0.65,1.0834512684979347,5.412499293505785,0.0,0
2,252,251,log_mean,0.65,0.9836437444084025,5.488853999059255,0.0,0
2,252,251,affine_mean,0.65,0.9967050322441813,5.152520129540352,4.2904044004558866e-10,10
2,273,272,sample,0.0,1.058425747941698,9.33908932873367,0.0,0
2,273,272,shrinkage,0.65,1.0746573085654005,5.3931923123151515,0.0,0
2,273,272,log_mean,0.65,1.0243240105260116,5.427211401577054,0.0,0
2,273,272,affine_mean,0.65,1.0327081612639244,5.075628643229333,2.670623695809919e-10,11
2,294,293,sample,0.0,1.070094744736096,9.761942868348685,0.0,0
2,294,293,shrinkage,0.65,1.0997069681177194,5.935913264440661,0.0,0
2,294,293,log_mean,0.65,0.9850253694516913,5.552746376462879,0.0,0
2,294,293,affine_mean,0.65,0.9943812338041872,5.287638054956909,7.380782467708504e-10,9
2,315,314,sample,0.0,1.0757099491473037,9.202557331496568,0.0,0
2,315,314,shrinkage,0.65,1.0459296218221539,5.389948636076188,0.0,0
2,315,314,log_mean,0.65,1.0058440289113297,5.401120524957201,0.0,0
2,315,314,affine_mean,0.65,1.0180224681483536,5.081174950136308,5.975233886218565e-10,10
2,336,335,sample,0.0,4.097991418387154,8.843150278562206,0.0,0
2,336,335,shrinkage,0.65,3.3519331179022807,5.1729755166701175,0.0,0
2,336,335,log_mean,0.65,3.700320882819521,5.365020336536369,0.0,0
2,336,335,affine_mean,0.65,3.69742856093992,5.076590137440642,9.801398692256747e-10,9
2,357,356,sample,0.0,3.6178326948224484,5.914853336973954,0.0,0
2,357,356,shrinkage,0.65,3.079493616009423,3.9023264927982493,0.0,0
2,357,356,log_mean,0.65,3.5403302637913567,4.021985340222866,0.0,0
2,357,356,affine_mean,0.65,3.539457808184935,3.8521923613005438,3.0323843175368154e-10,11
2,378,377,sample,0.0,2.9978174773352757,5.624809674873083,0.0,0
2,378,377,shrinkage,0.65,2.6469350505128753,3.860044850207841,0.0,0
2,378,377,log_mean,0.65,3.32380773900986,4.125314389598331,0.0,0
2,378,377,affine_mean,0.65,3.3177747623728577,3.908864267282187,3.913600972520496e-10,10
2,399,398,sample,0.0,2.664761169906998,4.864476307591378,0.0,0
2,399,398,shrinkage,0.65,2.3666064824197064,3.106704660809205,0.0,0
2,399,398,log_mean,0.65,3.1380606173127563,3.65955173642933,0.0,0
2,399,398,affine_mean,0.65,3.1329112673227004,3.4781998068400166,3.1119108784048323e-10,12
2,420,419,sample,0.0,2.2090087506396006,5.301262670143193,0.0,0
2,420,419,shrinkage,0.65,2.042837617983216,3.3439955665246015,0.0,0
2,420,419,log_mean,0.65,2.7581866722196366,3.5895749542937425,0.0,0
2,420,419,affine_mean,0.65,2.753426149647057,3.379184810584106,9.152704436841974e-10,11
2,441,440,sample,0.0,1.9635571923371204,6.196248322722381,0.0,0
2,441,440,shrinkage,0.65,1.8722205128091496,3.2488753938938073,0.0,0
2,441,440,log_mean,0.65,2.5061524807572955,3.34124611943094,0.0,0
2,441,440,affine_mean,0.65,2.5029480734498524,3.172171230546096,4.398986932978208e-10,12
2,462,461,sample,0.0,1.7509080626766096,6.183076440945561,0.0,0
2,462,461,shrinkage,0.65,1.7298108240112873,3.076173171500873,0.0,0
2,462,461,log_mean,0.65,2.3197538694124464,3.1482410598430537,0.0,0
2,462,461,affine_mean,0.65,2.3202787215870533,2.9498246797396606,5.506281963345547e-10,12
2,483,482,sample,0.0,1.5741396047592324,6.265525693003671,0.0,0
2,483,482,shrinkage,0.65,1.6834170869221854,3.1883298640324225,0.0,0
2,483,482,log_mean,0.65,2.0480899828768604,3.1296986339185793,0.0,0
2,483,482,affine_mean,0.65,2.052209560851109,2.943150399433386,5.228613511904425e-10,12
2,504,503,sample,0.0,1.3739840534482972,5.728726575336094,0.0,0
2,504,503,shrinkage,0.65,1.5943528212697329,2.8204605261067117,0.0,0
2,504,503,log_mean,0.65,1.8604839261927997,2.8150324103685254,0.0,0
2,504,503,affine_mean,0.65,1.8728113981101044,2.6734993213482925,2.467918923581983e-10,12
2,525,524,sample,0.0,1.3040978583307026,6.278151765377187,0.0,0
2,525,524,shrinkage,0.65,1.5821197929694382,2.9496893843789302,0.0,0
2,525,524,log_mean,0.65,1.7308888103851512,2.943747582531656,0.0,0
2,525,524,affine_mean,0.65,1.7401980719529888,2.7614411834262436,8.944745095291939e-10,12
2,546,545,sample,0.0,1.1742985262895844,6.113049385626407,0.0,0
2,546,545,shrinkage,0.65,1.5257818639944454,2.7512136493067536,0.0,0
2,546,545,log_mean,0.65,1.5553868541942888,2.6311013780111567,0.0,0
2,546,545,affine_mean,0.65,1.5680308979660338,2.459331828855411,6.196944151860962e-10,13
2,567,566,sample,0.0,1.1102669001907082,6.773752983181981,0.0,0
2,567,566,shrinkage,0.65,1.4958842708996523,2.725455726594702,0.0,0
2,567,566,log_mean,0.65,1.411707262842477,2.721113378208097,0.0,0
2,567,566,affine_mean,0.65,1.4262709873215615,2.5888525709878656,5.776847587060239e-10,11
2,588,587,sample,0.0,1.0240976437093372,7.055386649638962,0.0,0
2,588,587,shrinkage,0.65,1.4705419840145584,2.593705214823892,0.0,0
2,588,587,log_mean,0.65,1.3573239123604217,2.501237274343302,0.0,0
2,588,587,affine_mean,0.65,1.3697589924357025,2.397158859592167,5.08684488197774e-10,11
2,609,608,sample,0.0,0.9875014905314322,7.248932132865433,0.0,0
2,609,608,shrinkage,0.65,1.4204334749410565,2.534361164100312,0.0,0
2,609,608,log_mean,0.65,1.3480341844432273,2.488425500944553,0.0,0
2,609,608,affine_mean,0.65,1.361736669397629,2.392257425124171,9.864492396443315e-10,10
2,630,629,sample,0.0,1.0208259038583303,7.103449779231305,0.0,0
2,630,629,shrinkage,0.65,1.3914347853449378,2.426426545673644,0.0,0
2,630,629,log_mean,0.65,1.3468449028427218,2.4344938599075285,0.0,0
2,630,629,affine_mean,0.65,1.3744521015585014,2.361561040469663,5.874354428856004e-10,11
2,651,650,sample,0.0,1.0888790493482257,7.639866580757894,0.0,0
2,651,650,shrinkage,0.65,1.3971863569731486,2.525109950864748,0.0,0
2,651,650,log_mean,0.65,1.3525351731298347,2.5653693136389557,0.0,0
2,651,650,affine_mean,0.65,1.376661185101207,2.489926975778587,6.660966774947707e-10,10
2,672,671,sample,0.0,4.6468195544326765,7.337463928566966,0.0,0
2,672,671,shrinkage,0.65,4.483591333086955,2.273347561603637,0.0,0
2,672,671,log_mean,0.65,4.095130750822421,2.4082776106435606,0.0,0
2,672,671,affine_mean,0.65,4.054553701092208,2.3264089522552567,1.9916949550702992e-10,10
2,693,692,sample,0.0,4.357421919974713,6.689277414735654,0.0,0
2,693,692,shrinkage,0.65,4.20014293594596,2.4741869598272985,0.0,0
2,693,692,log_mean,0.65,3.813959696387851,2.4454828309936985,0.0,0
2,693,692,affine_mean,0.65,3.7766660384493798,2.3802185083984893,9.41869990278397e-10,9
2,714,713,sample,0.0,4.106941034546846,5.917219310698019,0.0,0
2,714,713,shrinkage,0.65,3.9637643491574024,2.531078869083493,0.0,0
2,714,713,log_mean,0.65,3.514349037546698,2.411760435800831,0.0,0
2,714,713,affine_mean,0.65,3.491108952607006,2.362302685526169,8.450405258514317e-10,9
2,735,734,sample,0.0,3.827944015312134,5.215298187817325,0.0,0
2,735,734,shrinkage,0.65,3.734474902000984,2.2585343688134567,0.0,0
2,735,734,log_mean,0.65,2.965949840651124,1.9910255591386212,0.0,0
2,735,734,affine_mean,0.65,2.946720175794165,1.9351618369777241,8.864275711057069e-10,11
2,756,755,sample,0.0,3.5879860688709053,4.915140364851258,0.0,0
2,756,755,shrinkage,0.65,3.5318174331966254,2.3230132282542297,0.0,0
2,756,755,log_mean,0.65,2.7657614213904695,2.1820633175590545,0.0,0
2,756,755,affine_mean,0.65,2.743780917745855,2.1003861016251104,2.7547948208383146e-10,12
2,777,776,sample,0.0,3.344738557670155,5.055171998100028,0.0,0
2,777,776,shrinkage,0.65,3.346274004427958,2.4912613820921305,0.0,0
2,777,776,log_mean,0.65,2.5999286524216245,2.310148924303397,0.0,0
2,777,776,affine_mean,0.65,2.58581932263975,2.22929695333057,8.355080096909822e-10,12
2,798,797,sample,0.0,3.1393384387281453,5.46426828891863,0.0,0
2,798,797,shrinkage,0.65,3.18954885657191,2.6717997108879037,0.0,0
2,798,797,log_mean,0.65,2.1987555094536257,2.3504502003188623,0.0,0
2,798,797,affine_mean,0.65,2.19292411134158,2.2700128203347867,4.921393785216515e-10,14
2,819,818,sample,0.0,2.8994177078655223,6.646348389002899,0.0,0
2,819,818,shrinkage,0.65,3.011432844072997,2.8275058973815117,0.0,0
2,819,818,log_mean,0.65,2.105537480515788,2.961697463003569,0.0,0
2,819,818,affine_mean,0.65,2.095694453054416,2.8376801749089706,8.340175777463976e-10,14
2,840,839,sample,0.0,2.7283113260109855,6.870609788920064,0.0,0
2,840,839,shrinkage,0.65,2.8694325829993494,2.9509010254437147,0.0,0
2,840,839,log_mean,0.65,2.064718910419782,3.16246497073682,0.0,0
2,840,839,affine_mean,0.65,2.0535581584373435,2.987292916876147,7.307272931421297e-10,13
2,861,860,sample,0.0,2.4685043594648217,7.70677956115306,0.0,0
2,861,860,shrinkage,0.65,2.643601174163547,3.072432796809676,0.0,0
2,861,860,log_mean,0.65,1.706602843997524,3.608683908371112,0.0,0
2,861,860,affine_mean,0.65,1.7019254832741888,3.393241839925802,7.629673184848036e-10,13
2,882,881,sample,0.0,1.9008479071616005,10.52406237744387,0.0,0
2,882,881,shrinkage,0.65,2.125092539858997,3.9002730753020356,0.0,0
2,882,881,log_mean,0.65,1.5535189082782748,4.432397616770073,0.0,0
2,882,881,affine_mean,0.65,1.5447734328600111,4.130357124641547,2.171115131153686e-10,12
2,903,902,sample,0.0,1.4851534283682624,13.896914202768631,0.0,0
2,903,902,shrinkage,0.65,1.7382760336666596,4.380329160352839,0.0,0
2,903,902,log_mean,0.65,1.4210831650486597,4.526704197265722,0.0,0
2,903,902,affine_mean,0.65,1.4323160668526973,4.165056165209725,3.262734763707298e-10,11
2,924,923,sample,0.0,1.1795894554573194,16.925496680176774,0.0,0
2,924,923,shrinkage,0.65,1.3889993438760067,5.074283238380829,0.0,0
2,924,923,log_mean,0.65,1.2697378619679673,5.057535098320291,0.0,0
2,924,923,affine_mean,0.65,1.29128700139868,4.65850657517236,3.087573332013063e-10,9
2,945,944,sample,0.0,1.2334904090878995,18.39011582605019,0.0,0
2,945,944,shrinkage,0.65,1.4052426587416136,5.2310997567818855,0.0,0
2,945,944,log_mean,0.65,1.2924375989122698,5.468937852065902,0.0,0
2,945,944,affine_mean,0.65,1.302933351283194,5.127803677120191,2.8785878129480486e-10,10
2,966,965,sample,0.0,1.24933430271403,19.64318776527923,0.0,0
2,966,965,shrinkage,0.65,1.395094740189362,5.360317477458955,0.0,0
2,966,965,log_mean,0.65,1.3258372345776817,5.2958026089977235,0.0,0
2,966,965,affine_mean,0.65,1.3486418877002295,4.881895821146377,2.336429388630853e-10,10
2,987,986,sample,0.0,1.2958555910768665,19.192243579230347,0.0,0
2,987,986,shrinkage,0.65,1.4232793985966499,5.165947600451196,0.0,0
2,987,986,log_mean,0.65,1.3063852575489354,5.252542030109381,0.0,0
2,987,986,affine_mean,0.65,1.3210508569649693,4.909673327222919,5.059132326879293e-10,9
3,252,251,sample,0.0,1.1297487747932835,20.14305175560026,0.0,0
3,252,251,shrinkage,0.15,0.8895325498514246,14.892419199800456,0.0,0
3,252,251,log_mean,0.35,0.9660823585483131,11.446434079472867,0.0,0
3,252,251,affine_mean,0.35,0.993766310313332,10.676853185930913,1.949671361172977e-10,9
3,273,272,sample,0.0,1.079442692658426,17.064757909622987,0.0,0
3,273,272,shrinkage,0.15,0.8817407426777525,12.926610396696377,0.0,0
3,273,272,log_mean,0.35,1.0251613618673288,10.283363021097545,0.0,0
3,273,272,affine_mean,0.35,1.0607690435396684,9.620542535606255,7.884431758855522e-10,8
3,294,293,sample,0.0,1.0674539711682236,15.716778454483006,0.0,0
3,294,293,shrinkage,0.15,0.8651259254639738,11.985189942026938,0.0,0
3,294,293,log_mean,0.35,0.9927437718003642,9.483693577433206,0.0,0
3,294,293,affine_mean,0.35,1.0251580023828544,9.009092294449697,1.5637099775014055e-10,9
3,315,314,sample,0.0,1.1446066471959697,16.372025387091046,0.0,0
3,315,314,shrinkage,0.15,0.9141619290035751,11.941734598153689,0.0,0
3,315,314,log_mean,0.35,0.9933755774078924,9.586184699626896,0.0,0
3,315,314,affine_mean,0.35,1.0241955077000398,9.013743812345787,3.5563504810292035e-10,9
3,336,335,sample,0.0,4.771272838274039,17.307418207571924,0.0,0
3,336,335,shrinkage,0.15,4.442668960597951,12.554125264642602,0.0,0
3,336,335,log_mean,0.35,4.415624326098157,9.762784964746047,0.0,0
3,336,335,affine_mean,0.35,4.41325736888754,9.084171907617954,2.2139194102188759e-10,9
3,357,356,sample,0.0,4.177362058482731,10.775146798893559,0.0,0
3,357,356,shrinkage,0.15,3.9422161785121017,8.685832157949006,0.0,0
3,357,356,log_mean,0.35,4.041755809614743,7.624460185821254,0.0,0
3,357,356,affine_mean,0.35,4.0366354386245495,7.212052115177753,1.8705422851968664e-10,9
3,378,377,sample,0.0,3.5022093350964973,8.513320560280027,0.0,0
3,378,377,shrinkage,0.15,3.3319241086379425,6.955153032360181,0.0,0
3,378,377,log_mean,0.35,3.793446950400617,6.907915488313997,0.0,0
3,378,377,affine_mean,0.35,3.7924560762936768,6.289117195693765,8.458905838220146e-10,11
3,399,398,sample,0.0,2.904025793697065,8.17262543153543,0.0,0
3,399,398,shrinkage,0.15,2.7788651659269816,6.573055425779479,0.0,0
3,399,398,log_mean,0.35,3.5941207815011875,6.22838794355529,0.0,0
3,399,398,affine_mean,0.35,3.5933974899821925,5.6716218308421915,5.768563023755435e-10,14
3,420,419,sample,0.0,2.5797739820520573,8.344463340218613,0.0,0
3,420,419,shrinkage,0.15,2.4575040794950227,6.278686890158081,0.0,0
3,420,419,log_mean,0.35,3.146835132285475,4.970486231570171,0.0,0
3,420,419,affine_mean,0.35,3.149982504137698,4.7017216139968285,5.951686044433438e-10,12
3,441,440,sample,0.0,2.33500755522082,9.081469159195548,0.0,0
3,441,440,shrinkage,0.15,2.198062399778364,6.428076690208886,0.0,0
3,441,440,log_mean,0.35,2.879987446541082,4.71990836737934,0.0,0
3,441,440,affine_mean,0.35,2.8937896286268683,4.329417881748849,8.696548584045566e-10,13
3,462,461,sample,0.0,2.017396879357127,9.784219654899811,0.0,0
3,462,461,shrinkage,0.15,1.9098182773639116,6.757578775003684,0.0,0
3,462,461,log_mean,0.35,2.730064468773003,4.7569604605494,0.0,0
3,462,461,affine_mean,0.35,2.7431790869599535,4.42190299732012,7.016760551872984e-10,13
3,483,482,sample,0.0,1.7576145939018926,9.808815500255946,0.0,0
3,483,482,shrinkage,0.15,1.6570873952445688,6.667588140344415,0.0,0
3,483,482,log_mean,0.35,2.2213005392325496,4.150984893246135,0.0,0
3,483,482,affine_mean,0.35,2.2435616051617684,3.9197756071783645,3.84528970529549e-10,12
3,504,503,sample,0.0,1.52121724244763,10.123535455246962,0.0,0
3,504,503,shrinkage,0.15,1.4469195767507437,6.907100704365071,0.0,0
3,504,503,log_mean,0.35,1.9372925930009108,4.355192686584079,0.0,0
3,504,503,affine_mean,0.35,1.9648172889138462,4.027152124604888,5.346182982815507e-10,12
3,525,524,sample,0.0,1.5081391614818773,11.75075466550714,0.0,0
3,525,524,shrinkage,0.15,1.3930314756359459,7.611066665584834,0.0,0
3,525,524,log_mean,0.35,1.9004952231374121,4.597277887437363,0.0,0
3,525,524,affine_mean,0.35,1.9251678894193285,4.261600147952316,9.33128872329652e-10,11
3,546,545,sample,0.0,1.292158558735432,12.919220835925831,0.0,0
3,546,545,shrinkage,0.15,1.2223299963337027,8.280516351650123,0.0,0
3,546,545,log_mean,0.35,1.5150238006675083,5.495511522905561,0.0,0
3,546,545,affine_mean,0.35,1.5348907179975515,5.150441162688622,2.3082212022599137e-10,10
3,567,566,sample,0.0,1.1941423840375343,13.502149422258896,0.0,0
3,567,566,shrinkage,0.15,1.1219050537369524,8.581740747296672,0.0,0
3,567,566,log_mean,0.35,1.333537222963479,6.125741236035248,0.0,0
3,567,566,affine_mean,0.35,1.362429022299718,5.706711700184717,9.197094940548067e-10,10
3,588,587,sample,0.0,1.2422355501513176,13.184227599243211,0.0,0
3,588,587,shrinkage,0.15,1.212184628001018,8.510796704347074,0.0,0
3,588,587,log_mean,0.35,1.3007058091003856,6.420553908542029,0.0,0
3,588,587,affine_mean,0.35,1.3214122325659143,6.050626575421437,7.164224372501759e-10,10
3,609,608,sample,0.0,1.2077971297052423,13.751009030276558,0.0,0
3,609,608,shrinkage,0.15,1.1896091341811477,8.621997170689195,0.0,0
3,609,608,log_mean,0.35,1.2760119547248105,6.738713459634531,0.0,0
3,609,608,affine_mean,0.35,1.2870774622629073,6.251034436388326,2.0004456889593715e-10,11
3,630,629,sample,0.0,1.1934469961448433,14.370094073752401,0.0,0
3,630,629,shrinkage,0.15,1.154886229576138,8.792214784137835,0.0,0
3,630,629,log_mean,0.35,1.2621208951898306,6.933206568120437,0.0,0
3,630,629,affine_mean,0.35,1.2832715924473204,6.395226973338112,1.8772041108842756e-10,11
3,651,650,sample,0.0,1.0153047579419232,14.18630224687994,0.0,0
3,651,650,shrinkage,0.15,0.9741393006258594,9.013945969495397,0.0,0
3,651,650,log_mean,0.35,1.1465208116786076,7.113487878216229,0.0,0
3,651,650,affine_mean,0.35,1.1733101325453887,6.585284215384828,1.4520646914073124e-10,10
3,672,671,sample,0.0,5.220130769950744,14.601655630593065,0.0,0
3,672,671,shrinkage,0.15,5.218858823975625,9.14094421699232,0.0,0
3,672,671,log_mean,0.35,4.92375261161281,7.339234798280815,0.0,0
3,672,671,affine_mean,0.35,4.863648045478559,6.82669977626969,4.756564049398898e-10,10
3,693,692,sample,0.0,5.1060536360152105,13.406736293449006,0.0,0
3,693,692,shrinkage,0.15,5.102600772802573,8.764463930131724,0.0,0
3,693,692,log_mean,0.35,4.706167426648578,7.114051747452063,0.0,0
3,693,692,affine_mean,0.35,4.63257444257461,6.478044709044375,3.9872205082000345e-10,10
3,714,713,sample,0.0,4.903039535283088,13.710656163871137,0.0,0
3,714,713,shrinkage,0.15,4.8946705623177165,8.712021294237932,0.0,0
3,714,713,log_mean,0.35,4.4084759011887265,6.721412818108802,0.0,0
3,714,713,affine_mean,0.35,4.348179599537602,6.261001536879331,1.6648199389356698e-10,10
3,735,734,sample,0.0,4.7007473594494735,13.707426484773663,0.0,0
3,735,734,shrinkage,0.15,4.6774846219518675,8.66401813964036,0.0,0
3,735,734,log_mean,0.35,3.5724575837873704,5.104219627762771,0.0,0
3,735,734,affine_mean,0.35,3.525039696102138,4.548266751452426,4.576487724529909e-10,17
3,756,755,sample,0.0,4.449028416845878,12.926118895690669,0.0,0
3,756,755,shrinkage,0.15,4.425627159488443,8.012856906442696,0.0,0
3,756,755,log_mean,0.35,3.3001685466697785,4.640530883249296,0.0,0
3,756,755,affine_mean,0.35,3.2540140181127954,4.178738225547025,7.461872644204818e-10,16
3,777,776,sample,0.0,4.282107069390441,13.036635956953624,0.0,0
3,777,776,shrinkage,0.15,4.260949313958229,8.19486333176583,0.0,0
3,777,776,log_mean,0.35,3.133223536282141,4.636287528443251,0.0,0
3,777,776,affine_mean,0.35,3.102212651942982,4.2800818342054505,8.30536428426699e-10,14
3,798,797,sample,0.0,3.9980573163583686,12.18728035053394,0.0,0
3,798,797,shrinkage,0.15,3.98888967689691,7.5927877605223735,0.0,0
3,798,797,log_mean,0.35,2.4165463815240575,4.067348839612175,0.0,0
3,798,797,affine_mean,0.35,2.397289376554198,3.634279540942269,7.978663041801926e-10,21
3,819,818,sample,0.0,3.765529041984565,11.257871758512254,0.0,0
3,819,818,shrinkage,0.15,3.760612277294941,7.171446806410483,0.0,0
3,819,818,log_mean,0.35,2.2502965366970256,3.8625751659944654,0.0,0
3,819,818,affine_mean,0.35,2.2374026562167764,3.5693086382669,4.546691177626007e-10,19
3,840,839,sample,0.0,2.972864181574254,11.692739333034671,0.0,0
3,840,839,shrinkage,0.15,2.9674482183019624,7.3813388903532235,0.0,0
3,840,839,log_mean,0.35,1.9837261815641551,4.6490024960879985,0.0,0
3,840,839,affine_mean,0.35,1.9804705283354542,4.3646540862163565,9.088097939822828e-10,13
3,861,860,sample,0.0,2.518859621966473,12.134470399189299,0.0,0
3,861,860,shrinkage,0.15,2.5179038501114968,7.809941593416989,0.0,0
3,861,860,log_mean,0.35,1.486131575488354,5.754360176886576,0.0,0
3,861,860,affine_mean,0.35,1.4958674454729366,5.338559809440703,6.477088761334325e-10,14
3,882,881,sample,0.0,2.1161487863749935,12.297431122554089,0.0,0
3,882,881,shrinkage,0.15,2.0884383493804406,8.350724927390488,0.0,0
3,882,881,log_mean,0.35,1.383743220405968,5.867362417417262,0.0,0
3,882,881,affine_mean,0.35,1.4053112779793318,5.555344529838611,3.148339667693453e-10,13
3,903,902,sample,0.0,1.4389259930159233,13.59971474604991,0.0,0
3,903,902,shrinkage,0.15,1.4283938581111724,9.296932027830445,0.0,0
3,903,902,log_mean,0.35,1.268459747572055,6.439844531601769,0.0,0
3,903,902,affine_mean,0.35,1.2948565851105593,6.1711414828423985,8.223503315903194e-10,11
3,924,923,sample,0.0,1.0646839560001815,14.97454124025195,0.0,0
3,924,923,shrinkage,0.15,0.9549770583055495,10.090498221057272,0.0,0
3,924,923,log_mean,0.35,1.2085442961868644,7.901164162717289,0.0,0
3,924,923,affine_mean,0.35,1.2414296897477513,7.362898929777819,9.972952515217162e-10,9
3,945,944,sample,0.0,0.9950424986542467,16.191521381753223,0.0,0
3,945,944,shrinkage,0.15,0.9095817206760803,10.41186648979774,0.0,0
3,945,944,log_mean,0.35,1.1157831422795468,6.979841113199378,0.0,0
3,945,944,affine_mean,0.35,1.149153983039163,6.5463919547762615,1.5563680056513114e-10,9
3,966,965,sample,0.0,1.0896625161977573,16.8228831404435,0.0,0
3,966,965,shrinkage,0.15,0.9713025239046545,10.471223301220919,0.0,0
3,966,965,log_mean,0.35,1.1681900422621916,6.833511642219568,0.0,0
3,966,965,affine_mean,0.35,1.1949196095911452,6.595426548042748,4.918898474985016e-10,9
3,987,986,sample,0.0,1.0363155393716657,16.112919390895033,0.0,0
3,987,986,shrinkage,0.15,0.9333912932612736,10.08524591436701,0.0,0
3,987,986,log_mean,0.35,1.1424833871018707,6.769324611876137,0.0,0
3,987,986,affine_mean,0.35,1.1639800886244356,6.576800022088663,2.8980311554285133e-10,9
4,252,251,sample,0.0,1.230365310938196,15.258405434165113,0.0,0
4,252,251,shrinkage,0.35,0.984413667936897,8.008884703892287,0.0,0
4,252,251,log_mean,0.35,1.0509414819264347,8.128203158201288,0.0,0
4,252,251,affine_mean,0.35,1.0848286096165307,7.5474744850862026,5.088990306736405e-10,10
4,273,272,sample,0.0,1.2139295121370202,15.104495473520181,0.0,0
4,273,272,shrinkage,0.35,0.9259962694473508,8.06407738604644,0.0,0
4,273,272,log_mean,0.35,1.0364364904820649,8.273843446573357,0.0,0
4,273,272,affine_mean,0.35,1.062860381264131,7.697961471875148,4.706504625503365e-10,10
4,294,293,sample,0.0,1.2498285287763324,13.710599680718921,0.0,0
4,294,293,shrinkage,0.35,0.93849786765457,7.325697949518676,0.0,0
4,294,293,log_mean,0.35,1.1181024142863523,7.059688998427415,0.0,0
4,294,293,affine_mean,0.35,1.1400216401401182,6.565385407041319,2.185822518531262e-10,11
4,315,314,sample,0.0,1.2668400257563588,14.242401698987255,0.0,0
4,315,314,shrinkage,0.35,0.9531735244442314,7.48060812824918,0.0,0
4,315,314,log_mean,0.35,1.1034383847689595,7.408014285874552,0.0,0
4,315,314,affine_mean,0.35,1.1273811091738501,7.03847317934986,5.621025528894475e-10,10
4,336,335,sample,0.0,4.306448253895259,13.706648647777081,0.0,0
4,336,335,shrinkage,0.35,3.792987310476247,7.226040421407666,0.0,0
4,336,335,log_mean,0.35,4.143616432586806,7.110823927900346,0.0,0
4,336,335,affine_mean,0.35,4.124446288458248,6.795757045908581,3.067502763348966e-10,9
4,357,356,sample,0.0,3.6346685975566437,8.704524232796906,0.0,0
4,357,356,shrinkage,0.35,3.248043229115854,5.359277026473127,0.0,0
4,357,356,log_mean,0.35,3.7872408841359264,5.67272699889367,0.0,0
4,357,356,affine_mean,0.35,3.780099779410663,5.343141672647005,3.037604652645314e-10,11
4,378,377,sample,0.0,2.9854595232114223,8.418869097245466,0.0,0
4,378,377,shrinkage,0.35,2.665196479175723,4.9443850264249445,0.0,0
4,378,377,log_mean,0.35,3.459458103960063,5.52600089313423,0.0,0
4,378,377,affine_mean,0.35,3.46474631915196,5.181140007383037,3.8305366057458287e-10,14
4,399,398,sample,0.0,2.707997789477503,7.3803684304334265,0.0,0
4,399,398,shrinkage,0.35,2.41543032828761,4.507817055864695,0.0,0
4,399,398,log_mean,0.35,3.3739401609873068,5.074582559767143,0.0,0
4,399,398,affine_mean,0.35,3.3738367501011783,4.724841575132451,9.738401195736241e-10,14
4,420,419,sample,0.0,2.4408173181094175,5.474897160410872,0.0,0
4,420,419,shrinkage,0.35,2.242244015148452,3.676650407828302,0.0,0
4,420,419,log_mean,0.35,3.042679636862601,3.685275967380974,0.0,0
4,420,419,affine_mean,0.35,3.050089481062205,3.4962325742799956,6.552005493668183e-10,13
4,441,440,sample,0.0,2.1715968166098647,5.889505711764032,0.0,0
4,441,440,shrinkage,0.35,1.9816030575589147,3.838329860627918,0.0,0
4,441,440,log_mean,0.35,2.7752941150743706,3.711373342086204,0.0,0
4,441,440,affine_mean,0.35,2.7883876037972497,3.5075232723524663,7.167714680068546e-10,13
4,462,461,sample,0.0,1.9857070338781915,6.130571520729669,0.0,0
4,462,461,shrinkage,0.35,1.8238231401620737,3.866074051045587,0.0,0
4,462,461,log_mean,0.35,2.7229569944369234,3.370260132944897,0.0,0
4,462,461,affine_mean,0.35,2.7332850506026687,3.155594260243484,4.059215712746486e-10,16
4,483,482,sample,0.0,1.7628941759121521,6.28841412385831,0.0,0
4,483,482,shrinkage,0.35,1.6482058950889613,3.982260974600346,0.0,0
4,483,482,log_mean,0.35,2.2662991856162704,3.530262137104374,0.0,0
4,483,482,affine_mean,0.35,2.28530885017375,3.364683091592075,3.9309579603424755e-10,13
4,504,503,sample,0.0,1.6299239776945114,6.813200591042098,0.0,0
4,504,503,shrinkage,0.35,1.4699179431821292,4.1663454621755145,0.0,0
4,504,503,log_mean,0.35,2.039543935915486,3.6784890452680163,0.0,0
4,504,503,affine_mean,0.35,2.065590072479115,3.4640701006838763,5.107323898305157e-10,12
4,525,524,sample,0.0,1.509540917025088,7.635092421410636,0.0,0
4,525,524,shrinkage,0.35,1.3430610357349866,4.198399556753429,0.0,0
4,525,524,log_mean,0.35,1.8450820348586527,3.6158335558907035,0.0,0
4,525,524,affine_mean,0.35,1.8670912058829623,3.4545660562729466,4.466643301030123e-10,11
4,546,545,sample,0.0,1.3039106796454885,7.465744884568521,0.0,0
4,546,545,shrinkage,0.35,1.2004425527875016,4.204756873742214,0.0,0
4,546,545,log_mean,0.35,1.4240257308949826,4.390118510714723,0.0,0
4,546,545,affine_mean,0.35,1.4567097658875958,4.139190885462766,4.903965936944671e-10,10
4,567,566,sample,0.0,1.18906705436211,9.243088482543882,0.0,0
4,567,566,shrinkage,0.35,1.0561450431535537,4.756312336832292,0.0,0
4,567,566,log_mean,0.35,1.1794162645925528,5.116020553224565,0.0,0
4,567,566,affine_mean,0.35,1.2043559368104666,4.862618074167832,1.8553027007357324e-10,10
4,588,587,sample,0.0,1.2027827162300961,11.56520970924064,0.0,0
4,588,587,shrinkage,0.35,1.0228195682458057,5.452899483867182,0.0,0
4,588,587,log_mean,0.35,1.12046128372319,5.773643379648285,0.0,0
4,588,587,affine_mean,0.35,1.1449345466307848,5.587585467050031,1.822304000265935e-10,10
4,609,608,sample,0.0,1.2096908460828621,11.443433067850288,0.0,0
4,609,608,shrinkage,0.35,1.0332038621265132,5.555597678635646,0.0,0
4,609,608,log_mean,0.35,1.1209251535745133,5.675569871260635,0.0,0
4,609,608,affine_mean,0.35,1.1380002275319765,5.390839585472953,2.6839768235918066e-10,9
4,630,629,sample,0.0,1.2823115902089601,9.64758066448157,0.0,0
4,630,629,shrinkage,0.35,1.0994554702321873,4.865272067188912,0.0,0
4,630,629,log_mean,0.35,1.1689160562565224,5.200989422444925,0.0,0
4,630,629,affine_mean,0.35,1.1806105711315897,4.954693006169848,2.226786442227087e-10,10
4,651,650,sample,0.0,1.1235867759144993,8.815806473220105,0.0,0
4,651,650,shrinkage,0.35,1.0741487540354673,4.657225295928956,0.0,0
4,651,650,log_mean,0.35,1.074904459752529,5.1466198015108455,0.0,0
4,651,650,affine_mean,0.35,1.0885841910172345,4.905068974853504,2.390616098750804e-10,10
4,672,671,sample,0.0,5.179787186622342,9.125835531795328,0.0,0
4,672,671,shrinkage,0.35,5.136092039711927,4.836952524634109,0.0,0
4,672,671,log_mean,0.35,4.813754674445393,5.034048058333825,0.0,0
4,672,671,affine_mean,0.35,4.743497742657834,4.699284245173483,1.9882731893878278e-10,10
4,693,692,sample,0.0,4.9847174863099974,7.873246188517201,0.0,0
4,693,692,shrinkage,0.35,4.9530354840867235,4.274110153339674,0.0,0
4,693,692,log_mean,0.35,4.625948207314112,4.582923718735354,0.0,0
4,693,692,affine_mean,0.35,4.565620861764942,4.279327949946324,3.2322465469859405e-10,9
4,714,713,sample,0.0,4.7909094321618415,7.647667021181893,0.0,0
4,714,713,shrinkage,0.35,4.7997012596266755,4.163133034201342,0.0,0
4,714,713,log_mean,0.35,4.313080333484311,4.2124873514751435,0.0,0
4,714,713,affine_mean,0.35,4.254048744996449,4.000123753779844,6.383676181777e-10,11
4,735,734,sample,0.0,4.5726132806537505,7.5069305853564545,0.0,0
4,735,734,shrinkage,0.35,4.619159657422179,4.09068470945824,0.0,0
4,735,734,log_mean,0.35,3.6928902376336357,3.638068961311382,0.0,0
4,735,734,affine_mean,0.35,3.6488796488597472,3.393873349093925,4.4805514981040416e-10,15
4,756,755,sample,0.0,4.392961811306792,7.013888191536786,0.0,0
4,756,755,shrinkage,0.35,4.4588728503546635,3.7559250655782073,0.0,0
4,756,755,log_mean,0.35,3.5907166822373013,3.3189999528617196,0.0,0
4,756,755,affine_mean,0.35,3.5455365389388422,3.139139738334795,7.081473228035533e-10,14
4,777,776,sample,0.0,4.178539491876626,7.767353083507119,0.0,0
4,777,776,shrinkage,0.35,4.26887718291703,4.017389065449957,0.0,0
4,777,776,log_mean,0.35,3.2324567373321123,3.4186752693204667,0.0,0
4,777,776,affine_mean,0.35,3.185323989516619,3.150937584394263,3.6695006230763034e-10,18
4,798,797,sample,0.0,4.0105958676107365,7.770475293917102,0.0,0
4,798,797,shrinkage,0.35,4.1218505927328675,3.719499332020193,0.0,0
4,798,797,log_mean,0.35,2.7286130744822907,3.2253447165608886,0.0,0
4,798,797,affine_mean,0.35,2.689745999245476,2.9712997930093548,9.38825903153973e-10,22
4,819,818,sample,0.0,3.661716678224821,7.073496219122456,0.0,0
4,819,818,shrinkage,0.35,3.777355932826208,3.476832537775958,0.0,0
4,819,818,log_mean,0.35,2.54840084957236,3.6807309012335003,0.0,0
4,819,818,affine_mean,0.35,2.5077643255872735,3.344307153161887,4.243863865777927e-10,20
4,840,839,sample,0.0,3.3593056552529488,7.593829024671716,0.0,0
4,840,839,shrinkage,0.35,3.4914009744200114,3.546852674260187,0.0,0
4,840,839,log_mean,0.35,2.2036472554451914,4.84032482913116,0.0,0
4,840,839,affine_mean,0.35,2.1647900904758335,4.467070566610731,9.334714236955191e-10,16
4,861,860,sample,0.0,2.922749095079228,9.321450102925429,0.0,0
4,861,860,shrinkage,0.35,3.070740500658732,4.04981641113938,0.0,0
4,861,860,log_mean,0.35,1.6859836715936172,5.642663341982203,0.0,0
4,861,860,affine_mean,0.35,1.6664149993430342,5.221562297772357,4.4683227444905e-10,18
4,882,881,sample,0.0,2.4570748743011004,11.71183609691449,0.0,0
4,882,881,shrinkage,0.35,2.6578893871086042,4.891301774255215,0.0,0
4,882,881,log_mean,0.35,1.553639877998213,6.2553483640805325,0.0,0
4,882,881,affine_mean,0.35,1.5329912341104506,5.865427470639192,8.066401855814916e-10,15
4,903,902,sample,0.0,1.7189349781007244,17.110352641767488,0.0,0
4,903,902,shrinkage,0.35,1.958606996748783,5.916953640160042,0.0,0
4,903,902,log_mean,0.35,1.3395422579369831,7.032715573641671,0.0,0
4,903,902,affine_mean,0.35,1.328534813189643,6.768808852861801,7.89277952352142e-10,12
4,924,923,sample,0.0,1.3130888684221704,20.53696399927144,0.0,0
4,924,923,shrinkage,0.35,1.4293644955362468,7.315928919958064,0.0,0
4,924,923,log_mean,0.35,1.1379145866403562,8.329018072428909,0.0,0
4,924,923,affine_mean,0.35,1.1259419464538019,7.7320173430186,4.93210683908035e-10,10
4,945,944,sample,0.0,1.283988937036971,20.552819949946425,0.0,0
4,945,944,shrinkage,0.35,1.3946560385496996,7.266128555292892,0.0,0
4,945,944,log_mean,0.35,1.056759540910764,7.88511656654264,0.0,0
4,945,944,affine_mean,0.35,1.0599135706871912,7.44027720563185,3.020418982217253e-10,12
4,966,965,sample,0.0,1.2476940600557465,19.332650777022387,0.0,0
4,966,965,shrinkage,0.35,1.4029157689599998,7.1486535875537465,0.0,0
4,966,965,log_mean,0.35,1.0749247256664416,7.9889905046048435,0.0,0
4,966,965,affine_mean,0.35,1.0593233282421257,7.486789757469049,4.679162921689984e-10,11
4,987,986,sample,0.0,1.215330947699771,17.918196969195076,0.0,0
4,987,986,shrinkage,0.35,1.4142096517476546,6.993721395338653,0.0,0
4,987,986,log_mean,0.35,1.1299004976695162,7.787447182858473,0.0,0
4,987,986,affine_mean,0.35,1.118692626159947,7.1545756432594345,3.279934830849313e-10,10
5,252,251,sample,0.0,1.2615780125967868,12.18803234914164,0.0,0
5,252,251,shrinkage,0.65,1.3640111873083143,7.187596601597981,0.0,0
5,252,251,log_mean,0.65,1.1545151957987139,8.37523188910148,0.0,0
5,252,251,affine_mean,0.65,1.1388612760500212,7.188677407279929,4.150446789258536e-10,10
5,273,272,sample,0.0,1.2287862612971812,12.079484268228816,0.0,0
5,273,272,shrinkage,0.65,1.3428908440088227,7.197924123159603,0.0,0
5,273,272,log_mean,0.65,1.1119822559180463,8.490777726112396,0.0,0
5,273,272,affine_mean,0.65,1.1062504666350803,7.48338566020302,2.0386718947651984e-10,12
5,294,293,sample,0.0,1.2283595370583937,12.939525937169233,0.0,0
5,294,293,shrinkage,0.65,1.3757024026823452,7.829924245918584,0.0,0
5,294,293,log_mean,0.65,1.1535202300982041,8.64261423941658,0.0,0
5,294,293,affine_mean,0.65,1.145016431963498,7.6974056845948375,4.514904738217397e-10,10
5,315,314,sample,0.0,1.223240796582535,12.51244106178131,0.0,0
5,315,314,shrinkage,0.65,1.3454672824810536,7.680703428851135,0.0,0
5,315,314,log_mean,0.65,1.1797329287343774,9.66968339621203,0.0,0
5,315,314,affine_mean,0.65,1.1601389882494382,8.01248158877804,5.507661109942485e-10,10
5,336,335,sample,0.0,4.340000551300427,12.694487114319388,0.0,0
5,336,335,shrinkage,0.65,3.765479674807854,7.798109081845166,0.0,0
5,336,335,log_mean,0.65,4.17165202068516,8.785158268894664,0.0,0
5,336,335,affine_mean,0.65,4.1337119521279835,7.800097693505836,2.3919106330118636e-10,11
5,357,356,sample,0.0,3.9919762523806477,9.841385236299248,0.0,0
5,357,356,shrinkage,0.65,3.7019297829155158,6.703224078433428,0.0,0
5,357,356,log_mean,0.65,4.13419737688097,7.416593900220243,0.0,0
5,357,356,affine_mean,0.65,4.106773590670363,6.821522422998366,2.675847439225147e-10,12
5,378,377,sample,0.0,3.148597249599576,6.724680896377831,0.0,0
5,378,377,shrinkage,0.65,2.9248748044322603,3.2433283018151955,0.0,0
5,378,377,log_mean,0.65,3.7795551783995442,5.71983671152336,0.0,0
5,378,377,affine_mean,0.65,3.7668573929194524,5.322518676582257,9.5549297191228e-10,12
5,399,398,sample,0.0,2.7300058548185913,6.174583188385514,0.0,0
5,399,398,shrinkage,0.65,2.59333391604618,2.69159159569624,0.0,0
5,399,398,log_mean,0.65,3.586169386559787,4.887568489091829,0.0,0
5,399,398,affine_mean,0.65,3.5811132480785774,4.563452371993458,2.78697103152458e-10,14
5,420,419,sample,0.0,2.203663040292546,8.109075902648067,0.0,0
5,420,419,shrinkage,0.65,2.115371424838984,2.8899137990577857,0.0,0
5,420,419,log_mean,0.65,3.140742863444452,4.557550280414574,0.0,0
5,420,419,affine_mean,0.65,3.1334515894653743,4.204491894325789,3.8355390229274643e-10,15
5,441,440,sample,0.0,1.9547216182284337,8.745572073334907,0.0,0
5,441,440,shrinkage,0.65,1.952681408449868,2.825868185736409,0.0,0
5,441,440,log_mean,0.65,2.7370790891993866,3.1514765456674,0.0,0
5,441,440,affine_mean,0.65,2.7478922193497457,2.9997957188107254,7.005171040079618e-10,16
5,462,461,sample,0.0,1.7695462789055416,8.956115599679347,0.0,0
5,462,461,shrinkage,0.65,1.8757030215749202,2.890958320170114,0.0,0
5,462,461,log_mean,0.65,2.530787762549531,2.7122334452304666,0.0,0
5,462,461,affine_mean,0.65,2.541092766227884,2.5722983574792972,6.268578463226338e-10,16
5,483,482,sample,0.0,1.5375214307116267,8.906565357679622,0.0,0
5,483,482,shrinkage,0.65,1.8506688906151412,3.0269297209321553,0.0,0
5,483,482,log_mean,0.65,2.235931106802714,2.7774720524498746,0.0,0
5,483,482,affine_mean,0.65,2.243254015716712,2.6105702850464634,6.226542072335998e-10,15
5,504,503,sample,0.0,1.494188911739417,9.619390274393444,0.0,0
5,504,503,shrinkage,0.65,1.8637438517960907,3.249945207102981,0.0,0
5,504,503,log_mean,0.65,2.0438309823513414,2.6269614202509675,0.0,0
5,504,503,affine_mean,0.65,2.0581852156613327,2.5066170093887346,7.095569162889341e-10,13
5,525,524,sample,0.0,1.4076549837720804,11.10316966541,0.0,0
5,525,524,shrinkage,0.65,1.8476255883537755,3.5191943527455702,0.0,0
5,525,524,log_mean,0.65,1.9171127613580694,2.8096363237289386,0.0,0
5,525,524,affine_mean,0.65,1.927023524473652,2.6396332262524878,9.32481852320822e-10,11
5,546,545,sample,0.0,1.329629196001748,11.812019350923599,0.0,0
5,546,545,shrinkage,0.65,1.8716161375133724,3.5719521846913027,0.0,0
5,546,545,log_mean,0.65,1.7723255490439853,3.0535162724817257,0.0,0
5,546,545,affine_mean,0.65,1.7738849173134053,2.9500417729981305,6.34918509078456e-10,12
5,567,566,sample,0.0,1.289431407370181,12.303224175900285,0.0,0
5,567,566,shrinkage,0.65,1.9227771750699145,3.514910470225812,0.0,0
5,567,566,log_mean,0.65,1.7072716197010245,3.1827219206039215,0.0,0
5,567,566,affine_mean,0.65,1.6976392353642564,3.0550752087893818,3.904102764465641e-10,10
5,588,587,sample,0.0,1.2255896974019742,13.549044291624476,0.0,0
5,588,587,shrinkage,0.65,1.9557936822041062,3.549309566840122,0.0,0
5,588,587,log_mean,0.65,1.7097588679197802,3.3629128967984627,0.0,0
5,588,587,affine_mean,0.65,1.694236683227446,3.223336282987419,3.408121466281641e-10,10
5,609,608,sample,0.0,1.24976421753976,12.1777636365712,0.0,0
5,609,608,shrinkage,0.65,2.0002803581790447,3.363902299800878,0.0,0
5,609,608,log_mean,0.65,1.7337844041790773,3.2402513297014512,0.0,0
5,609,608,affine_mean,0.65,1.7189906207854677,3.1644223134944487,9.607294341894998e-10,10
5,630,629,sample,0.0,1.2467968958697362,11.241477260738748,0.0,0
5,630,629,shrinkage,0.65,1.9762780100073944,3.4098351926166828,0.0,0
5,630,629,log_mean,0.65,1.7281895891351877,3.3559141649057773,0.0,0
5,630,629,affine_mean,0.65,1.7170491266845702,3.269292898495286,1.6114757209208645e-10,10
5,651,650,sample,0.0,1.4256289538362255,10.33841629605061,0.0,0
5,651,650,shrinkage,0.65,2.04980978548829,3.1523338164564993,0.0,0
5,651,650,log_mean,0.65,1.7765736294794858,3.1164714806586673,0.0,0
5,651,650,affine_mean,0.65,1.7680578137428014,3.0385090784141107,4.944214420778779e-10,10
5,672,671,sample,0.0,5.166968878969338,9.04840436697453,0.0,0
5,672,671,shrinkage,0.65,5.258187616620713,2.6895797379224438,0.0,0
5,672,671,log_mean,0.65,4.8922491249792825,2.8969325932071692,0.0,0
5,672,671,affine_mean,0.65,4.849127814752566,2.830126743394615,9.895576768044469e-10,9
5,693,692,sample,0.0,4.98089005116296,8.21442649719301,0.0,0
5,693,692,shrinkage,0.65,5.067648543667335,2.5679512207733297,0.0,0
5,693,692,log_mean,0.65,4.681611384888342,2.759028320585742,0.0,0
5,693,692,affine_mean,0.65,4.634238031180511,2.7024138895798933,6.826481712700361e-10,10
5,714,713,sample,0.0,4.784024851140521,7.814754892007387,0.0,0
5,714,713,shrinkage,0.65,4.865646633887973,2.5720402339547332,0.0,0
5,714,713,log_mean,0.65,4.346865005774309,2.6418906618946396,0.0,0
5,714,713,affine_mean,0.65,4.297175930833564,2.5642551157175526,6.100432707078765e-10,11
5,735,734,sample,0.0,4.441329451647248,7.145446480992822,0.0,0
5,735,734,shrinkage,0.65,4.5484477912054135,2.4329391560531013,0.0,0
5,735,734,log_mean,0.65,3.444183312480166,2.351590596717133,0.0,0
5,735,734,affine_mean,0.65,3.412406250565712,2.2274494834812133,2.640813162888975e-10,14
5,756,755,sample,0.0,4.293998767153321,7.470877987865518,0.0,0
5,756,755,shrinkage,0.65,4.4035652736428315,2.4338151115810995,0.0,0
5,756,755,log_mean,0.65,3.299470785532007,2.3946178390514996,0.0,0
5,756,755,affine_mean,0.65,3.2666395761169813,2.3050276931362097,2.6050375185425375e-10,13
5,777,776,sample,0.0,4.144378200882455,7.003304777754096,0.0,0
5,777,776,shrinkage,0.65,4.322772220473823,2.3858737083589494,0.0,0
5,777,776,log_mean,0.65,3.3517882769642178,2.4766357830372647,0.0,0
5,777,776,affine_mean,0.65,3.3161158760563905,2.3845471144498394,3.2283551887947353e-10,15
5,798,797,sample,0.0,3.9036594580185304,7.351014985322937,0.0,0
5,798,797,shrinkage,0.65,4.06552784787451,2.305234124813642,0.0,0
5,798,797,log_mean,0.65,2.6223806871660136,2.679547229792758,0.0,0
5,798,797,affine_mean,0.65,2.595786540820656,2.5362557297217476,6.120216330044662e-10,16
5,819,818,sample,0.0,3.518986352690651,7.641544214265078,0.0,0
5,819,818,shrinkage,0.65,3.737889450081145,2.319196377905083,0.0,0
5,819,818,log_mean,0.65,2.480943635162804,2.8752614381545802,0.0,0
5,819,818,affine_mean,0.65,2.4611476352274213,2.7399273129219313,7.886754293111273e-10,16
5,840,839,sample,0.0,3.098085596056238,7.859123337873349,0.0,0
5,840,839,shrinkage,0.65,3.34039649074087,2.4293681761945627,0.0,0
5,840,839,log_mean,0.65,2.295292618579218,2.8585554305045373,0.0,0
5,840,839,affine_mean,0.65,2.282646084321383,2.671720020770915,4.4277814809550533e-10,15
5,861,860,sample,0.0,2.7770096314586556,8.052151607554064,0.0,0
5,861,860,shrinkage,0.65,3.0374622061038288,2.637878022151551,0.0,0
5,861,860,log_mean,0.65,1.8157400639804038,3.473149177089839,0.0,0
5,861,860,affine_mean,0.65,1.8176210956082424,3.20136134197889,3.7919558060453497e-10,14
5,882,881,sample,0.0,2.504321505942521,9.116645928556343,0.0,0
5,882,881,shrinkage,0.65,2.796576294334852,2.776961139575388,0.0,0
5,882,881,log_mean,0.65,1.7717644054066395,3.53516090587843,0.0,0
5,882,881,affine_mean,0.65,1.7735133607796265,3.3393093037727914,2.503194289460199e-10,12
5,903,902,sample,0.0,1.7598981523913617,11.825471609111036,0.0,0
5,903,902,shrinkage,0.65,2.1989312808860233,3.285083021058787,0.0,0
5,903,902,log_mean,0.65,1.6495375364757052,3.9220352069764854,0.0,0
5,903,902,affine_mean,0.65,1.6576627919916205,3.5272085390096413,4.2457437440507114e-10,12
5,924,923,sample,0.0,1.065330799282866,21.35885044721989,0.0,0
5,924,923,shrinkage,0.65,1.5994781854239413,4.6255916643071116,0.0,0
5,924,923,log_mean,0.65,1.4648938845751072,4.9738440120796135,0.0,0
5,924,923,affine_mean,0.65,1.4802106845477012,4.533759116423276,7.70261930036831e-10,9
5,945,944,sample,0.0,1.0532304968628894,21.65853978160109,0.0,0
5,945,944,shrinkage,0.65,1.6385276241280913,4.697880022870528,0.0,0
5,945,944,log_mean,0.65,1.479455254905476,5.051289328443109,0.0,0
5,945,944,affine_mean,0.65,1.4941610559872327,4.661112456906186,9.454317302138299e-10,9
5,966,965,sample,0.0,1.1663595015168435,23.276073253181004,0.0,0
5,966,965,shrinkage,0.65,1.8330125973144011,4.864112290649554,0.0,0
5,966,965,log_mean,0.65,1.5555959416132472,4.7942484359054145,0.0,0
5,966,965,affine_mean,0.65,1.5516947977309987,4.298955744151225,3.3984002086929716e-10,12
5,987,986,sample,0.0,1.3380853262679846,24.856051034803208,0.0,0
5,987,986,shrinkage,0.65,1.789166548309262,4.773353672724368,0.0,0
5,987,986,log_mean,0.65,1.5706912619143487,4.982866924171172,0.0,0
5,987,986,affine_mean,0.65,1.5694522468593701,4.585690654644286,8.724588212424745e-10,11
6,252,251,sample,0.0,1.4372762412987048,19.668072854193962,0.0,0
6,252,251,shrinkage,0.15,1.2421398167328024,12.180467431391378,0.0,0
6,252,251,log_mean,0.15,1.1990566859016556,13.232660769340384,0.0,0
6,252,251,affine_mean,0.15,1.168812509500912,12.094963699712634,4.934069733959227e-10,10
6,273,272,sample,0.0,1.3236754323100013,17.257195429967975,0.0,0
6,273,272,shrinkage,0.15,1.1587313055701838,11.106118836138508,0.0,0
6,273,272,log_mean,0.15,1.0993057169468639,12.351301523894257,0.0,0
6,273,272,affine_mean,0.15,1.0781862985825368,11.431902634872296,9.191460213268101e-10,10
6,294,293,sample,0.0,1.325489339092228,15.589087469374531,0.0,0
6,294,293,shrinkage,0.15,1.1756424999646404,10.19147411424588,0.0,0
6,294,293,log_mean,0.15,1.1380694462252352,11.944406464590942,0.0,0
6,294,293,affine_mean,0.15,1.1305255538582861,10.87149340706672,6.059310799700975e-10,10
6,315,314,sample,0.0,1.3542652823428842,15.991666721815758,0.0,0
6,315,314,shrinkage,0.15,1.1745118965173538,10.342130704487527,0.0,0
6,315,314,log_mean,0.15,1.1602243898275775,11.327459491617068,0.0,0
6,315,314,affine_mean,0.15,1.1397007740631084,10.467554040976488,7.606134226818667e-10,10
6,336,335,sample,0.0,4.350391558710016,12.848395131329557,0.0,0
6,336,335,shrinkage,0.15,3.9906257044109306,9.112553022583429,0.0,0
6,336,335,log_mean,0.15,4.327953500879186,9.928689782197868,0.0,0
6,336,335,affine_mean,0.15,4.293972434282432,9.083725591045237,7.134713311945875e-10,11
6,357,356,sample,0.0,3.7918602428520485,9.787095652668699,0.0,0
6,357,356,shrinkage,0.15,3.5387326285138543,7.25937422171474,0.0,0
6,357,356,log_mean,0.15,3.9921415699659124,8.131916113855183,0.0,0
6,357,356,affine_mean,0.15,3.9643426274139606,7.317787634140864,3.779302044119136e-10,11
6,378,377,sample,0.0,3.3072421401894765,8.723416149610763,0.0,0
6,378,377,shrinkage,0.15,3.1059344468123844,6.500211483238437,0.0,0
6,378,377,log_mean,0.15,3.782405852038328,7.405630336828388,0.0,0
6,378,377,affine_mean,0.15,3.7744748109078916,6.831213311121489,7.19836549171567e-10,12
6,399,398,sample,0.0,2.8938702337883435,7.543528520932768,0.0,0
6,399,398,shrinkage,0.15,2.7177179914243257,5.568750923452151,0.0,0
6,399,398,log_mean,0.15,3.5539718203725315,6.511272666751331,0.0,0
6,399,398,affine_mean,0.15,3.5340916347149065,5.778450789389053,6.121133531370051e-10,15
6,420,419,sample,0.0,2.366077614120213,9.683625155037182,0.0,0
6,420,419,shrinkage,0.15,2.2164683546003072,6.845063847489624,0.0,0
6,420,419,log_mean,0.15,3.136691054711213,5.73822306641971,0.0,0
6,420,419,affine_mean,0.15,3.1073517991521338,5.167380844539155,3.587356114893827e-10,17
6,441,440,sample,0.0,2.1534638783613294,9.985710520990123,0.0,0
6,441,440,shrinkage,0.15,2.013012639802953,7.037708701784892,0.0,0
6,441,440,log_mean,0.15,2.8640922814537233,5.222926723495377,0.0,0
6,441,440,affine_mean,0.15,2.8544316664294658,4.81270392070166,4.1670150684423583e-10,18
6,462,461,sample,0.0,1.8020528087321466,10.37373391979052,0.0,0
6,462,461,shrinkage,0.15,1.697038323397298,7.2289029322478475,0.0,0
6,462,461,log_mean,0.15,2.470084563142415,5.403494422887905,0.0,0
6,462,461,affine_mean,0.15,2.4633018487148375,4.8638641028851355,7.197037772190191e-10,16
6,483,482,sample,0.0,1.5607916535930966,9.496886329265177,0.0,0
6,483,482,shrinkage,0.15,1.4825747085286916,6.8014622314200945,0.0,0
6,483,482,log_mean,0.15,2.002705174140692,5.178950501393515,0.0,0
6,483,482,affine_mean,0.15,1.9975968378229656,4.782650904650962,9.758425117740415e-10,15
6,504,503,sample,0.0,1.392486148341959,9.506325651162738,0.0,0
6,504,503,shrinkage,0.15,1.3238999129057554,6.742285285421818,0.0,0
6,504,503,log_mean,0.15,1.7407793468315576,5.566184719575797,0.0,0
6,504,503,affine_mean,0.15,1.7484311927808225,5.1623213464682,7.033282144172269e-10,14
6,525,524,sample,0.0,1.346276275519315,10.43182912025297,0.0,0
6,525,524,shrinkage,0.15,1.2670129827539935,7.581901398539741,0.0,0
6,525,524,log_mean,0.15,1.5808155387684153,6.318443692438407,0.0,0
6,525,524,affine_mean,0.15,1.576939980346745,5.958089912058934,6.657208528774158e-10,15
6,546,545,sample,0.0,1.3796791969631659,13.822350468681456,0.0,0
6,546,545,shrinkage,0.15,1.3132680194331865,9.460799923349198,0.0,0
6,546,545,log_mean,0.15,1.2545692181326655,7.891276134319964,0.0,0
6,546,545,affine_mean,0.15,1.2513915071364996,7.336991629810011,3.4968667607006404e-10,12
6,567,566,sample,0.0,1.3453919278631319,13.998858922657162,0.0,0
6,567,566,shrinkage,0.15,1.2939985003590957,9.498974910617367,0.0,0
6,567,566,log_mean,0.15,1.094275745888676,9.163524362253188,0.0,0
6,567,566,affine_mean,0.15,1.0938866485620624,8.534655943168536,4.736059807735621e-10,11
6,588,587,sample,0.0,1.2932274949125366,18.901401686083656,0.0,0
6,588,587,shrinkage,0.15,1.2114326196596403,11.066415251357608,0.0,0
6,588,587,log_mean,0.15,0.9700497178721055,11.267507910688655,0.0,0
6,588,587,affine_mean,0.15,0.954646305602045,10.669685068457309,6.002127891598313e-10,10
6,609,608,sample,0.0,1.3272831151448239,20.723113865349,0.0,0
6,609,608,shrinkage,0.15,1.2273479210751443,11.86476732565561,0.0,0
6,609,608,log_mean,0.15,1.0333162287042668,11.908224221650578,0.0,0
6,609,608,affine_mean,0.15,1.0194205999254846,10.856099542582225,2.692560827843126e-10,10
6,630,629,sample,0.0,1.350752645029532,20.085996019416324,0.0,0
6,630,629,shrinkage,0.15,1.2863243471021577,11.530353913851343,0.0,0
6,630,629,log_mean,0.15,1.0094697955830443,11.603954419380585,0.0,0
6,630,629,affine_mean,0.15,0.9904303555378993,10.564148379618555,9.780081817076263e-10,9
6,651,650,sample,0.0,1.348827652004246,18.883807697003565,0.0,0
6,651,650,shrinkage,0.15,1.2406009815204344,11.095807209951369,0.0,0
6,651,650,log_mean,0.15,0.9766341493986405,11.763855462343441,0.0,0
6,651,650,affine_mean,0.15,0.9629002798349255,10.98743867041803,3.853433066273633e-10,10
6,672,671,sample,0.0,5.543354753565337,16.463936257177902,0.0,0
6,672,671,shrinkage,0.15,5.523263954554684,9.780050594256348,0.0,0
6,672,671,log_mean,0.15,5.181880995427677,10.224949577859048,0.0,0
6,672,671,affine_mean,0.15,5.104858250999907,9.25973486893702,2.413898213112267e-10,10
6,693,692,sample,0.0,5.430992456990287,14.061861596818074,0.0,0
6,693,692,shrinkage,0.15,5.43072085761755,8.829681977350184,0.0,0
6,693,692,log_mean,0.15,5.022606869750139,9.358475107622704,0.0,0
6,693,692,affine_mean,0.15,4.938478833839925,8.284180152009354,2.2585907167938683e-10,11
6,714,713,sample,0.0,5.245944289399078,11.854050497887052,0.0,0
6,714,713,shrinkage,0.15,5.261037569296339,8.03013057842062,0.0,0
6,714,713,log_mean,0.15,4.615676593356227,8.181369581080943,0.0,0
6,714,713,affine_mean,0.15,4.551828450585453,7.378625502337208,8.021037199441625e-10,12
6,735,734,sample,0.0,4.91302657080898,11.986515765264135,0.0,0
6,735,734,shrinkage,0.15,4.93573648551383,8.171850784795746,0.0,0
6,735,734,log_mean,0.15,3.8759295751980622,6.983882243447676,0.0,0
6,735,734,affine_mean,0.15,3.8189478060004576,5.96849808484505,6.177951403420372e-10,19
6,756,755,sample,0.0,4.6842387045720315,11.909226326940622,0.0,0
6,756,755,shrinkage,0.15,4.714244967614088,8.17668612145464,0.0,0
6,756,755,log_mean,0.15,3.5445785967423777,6.586118476163682,0.0,0
6,756,755,affine_mean,0.15,3.48819854671877,5.713649942475748,9.855464118500838e-10,16
6,777,776,sample,0.0,4.363720427804897,12.726174108775016,0.0,0
6,777,776,shrinkage,0.15,4.402012796783975,8.563006062312516,0.0,0
6,777,776,log_mean,0.15,3.1833594938573935,7.0580446149924105,0.0,0
6,777,776,affine_mean,0.15,3.1363357725679735,6.166154215136065,9.142990165207399e-10,18
6,798,797,sample,0.0,3.884802164305932,9.180996004653133,0.0,0
6,798,797,shrinkage,0.15,3.9296017422488063,6.534115909759891,0.0,0
6,798,797,log_mean,0.15,2.5154343257891427,5.961661101381735,0.0,0
6,798,797,affine_mean,0.15,2.4681841433189384,5.251136122035424,5.966555130921516e-10,26
6,819,818,sample,0.0,3.656566860835171,8.549996321020656,0.0,0
6,819,818,shrinkage,0.15,3.6988548512898816,6.129891334354387,0.0,0
6,819,818,log_mean,0.15,2.242434205282449,6.411629340197644,0.0,0
6,819,818,affine_mean,0.15,2.205639619481131,5.749751000975734,7.73681373027013e-10,22
6,840,839,sample,0.0,3.0325322297519848,9.641600570757934,0.0,0
6,840,839,shrinkage,0.15,3.0815922427460403,6.658028136051995,0.0,0
6,840,839,log_mean,0.15,1.8113920275944568,7.765137334776664,0.0,0
6,840,839,affine_mean,0.15,1.78350503285266,7.03925875758604,5.425157557788369e-10,18
6,861,860,sample,0.0,2.6432035141098487,10.50238832726516,0.0,0
6,861,860,shrinkage,0.15,2.6960291907749276,7.206190068160288,0.0,0
6,861,860,log_mean,0.15,1.3167517893523584,9.086166467482766,0.0,0
6,861,860,affine_mean,0.15,1.3009489578573976,8.287279210712615,7.721483599043069e-10,18
6,882,881,sample,0.0,1.8941485942155742,12.859186237890066,0.0,0
6,882,881,shrinkage,0.15,1.9390418993557033,8.177456524386335,0.0,0
6,882,881,log_mean,0.15,1.1100590239696222,10.502843392140493,0.0,0
6,882,881,affine_mean,0.15,1.1308253963002568,9.71346769363115,6.932294046157549e-10,13
6,903,902,sample,0.0,1.3109740340401002,13.872003020660017,0.0,0
6,903,902,shrinkage,0.15,1.3532221650358152,8.73048729370277,0.0,0
6,903,902,log_mean,0.15,0.9366057912316325,10.296080297107462,0.0,0
6,903,902,affine_mean,0.15,0.966158420663588,9.407313751168084,6.95569028164315e-10,10
6,924,923,sample,0.0,1.2131986421317618,21.812483271485405,0.0,0
6,924,923,shrinkage,0.15,0.9484026215553151,12.13511250655159,0.0,0
6,924,923,log_mean,0.15,1.0358259723579413,12.953170891564596,0.0,0
6,924,923,affine_mean,0.15,1.0509114740069536,11.73715395578367,1.6434426255527204e-10,10
6,945,944,sample,0.0,1.241646719269039,20.976943276618318,0.0,0
6,945,944,shrinkage,0.15,0.9370673938444062,12.048225125950937,0.0,0
6,945,944,log_mean,0.15,1.107482303423143,13.134897908110425,0.0,0
6,945,944,affine_mean,0.15,1.1169363465671625,12.36636950174988,7.311747010349065e-10,9
6,966,965,sample,0.0,1.1721705851765432,19.231186980376496,0.0,0
6,966,965,shrinkage,0.15,0.8777273675134704,11.03653037795817,0.0,0
6,966,965,log_mean,0.15,1.065286033582874,11.990403789562098,0.0,0
6,966,965,affine_mean,0.15,1.0806216482945283,11.180257809688204,2.1226093330760574e-10,10
6,987,986,sample,0.0,1.1873296981277468,17.148177009610556,0.0,0
6,987,986,shrinkage,0.15,0.943413013574663,10.51443455457162,0.0,0
6,987,986,log_mean,0.15,1.1807583750957398,11.291019879803367,0.0,0
6,987,986,affine_mean,0.15,1.1980740294906342,10.52797695140888,6.420957883534809e-10,9
7,252,251,sample,0.0,1.2703865169865207,13.154641512814512,0.0,0
7,252,251,shrinkage,0.35,0.9536902986089675,7.180511814172828,0.0,0
7,252,251,log_mean,0.35,0.8933832214894845,7.629606362296543,0.0,0
7,252,251,affine_mean,0.35,0.8535898365283257,6.5657629411537535,1.70061538370628e-10,11
7,273,272,sample,0.0,1.2211383928428654,12.481753775031601,0.0,0
7,273,272,shrinkage,0.35,0.9160428512877775,7.3338656102228175,0.0,0
7,273,272,log_mean,0.35,0.844917958419034,6.936899944669923,0.0,0
7,273,272,affine_mean,0.35,0.82560131822374,6.330827071569521,5.287324905399036e-10,10
7,294,293,sample,0.0,1.3008463184223467,12.523511587860884,0.0,0
7,294,293,shrinkage,0.35,0.9712370766895225,7.502777187759071,0.0,0
7,294,293,log_mean,0.35,0.8734883138646706,8.025435918121147,0.0,0
7,294,293,affine_mean,0.35,0.8382764980798303,7.139922128160462,7.022179661535471e-10,11
7,315,314,sample,0.0,1.2797094860926532,11.187483031581191,0.0,0
7,315,314,shrinkage,0.35,0.9695024692842192,7.182589071866001,0.0,0
7,315,314,log_mean,0.35,0.8735299767178277,7.105961106035832,0.0,0
7,315,314,affine_mean,0.35,0.845971389766308,6.253558048382256,2.1681648302035288e-10,11
7,336,335,sample,0.0,3.848602657642167,12.083261411728511,0.0,0
7,336,335,shrinkage,0.35,3.3710658892798144,6.7480826301358245,0.0,0
7,336,335,log_mean,0.35,3.902189776512542,6.718246248661747,0.0,0
7,336,335,affine_mean,0.35,3.8798281711196796,6.129454692955092,4.0800342329087047e-10,12
7,357,356,sample,0.0,3.583401473920448,14.329630663911294,0.0,0
7,357,356,shrinkage,0.35,3.1087439444777054,7.471063987277609,0.0,0
7,357,356,log_mean,0.35,3.683112124371357,6.487697587260265,0.0,0
7,357,356,affine_mean,0.35,3.654481682602451,5.819473400789808,5.526612219557798e-10,13
7,378,377,sample,0.0,3.1444824725486855,13.888073354770171,0.0,0
7,378,377,shrinkage,0.35,2.644463958458311,6.7857054091736275,0.0,0
7,378,377,log_mean,0.35,3.3603439769934846,5.405833547844663,0.0,0
7,378,377,affine_mean,0.35,3.3408656455333925,4.913032270664769,9.486725788998102e-10,14
7,399,398,sample,0.0,2.951174090099221,13.36191750074587,0.0,0
7,399,398,shrinkage,0.35,2.44787312070663,6.250746025844504,0.0,0
7,399,398,log_mean,0.35,3.3298944681050373,5.78980907628383,0.0,0
7,399,398,affine_mean,0.35,3.3125407707206485,5.295123031926555,7.381422899954992e-10,14
7,420,419,sample,0.0,2.5675744451978977,11.823360939272176,0.0,0
7,420,419,shrinkage,0.35,2.176119070446834,5.763612768337898,0.0,0
7,420,419,log_mean,0.35,2.939945978247149,5.211589129218283,0.0,0
7,420,419,affine_mean,0.35,2.9260053475348116,4.6904029947828,3.1589699400284687e-10,15
7,441,440,sample,0.0,2.346032285735376,10.39934384389053,0.0,0
7,441,440,shrinkage,0.35,1.9910054647322635,5.068181301198385,0.0,0
7,441,440,log_mean,0.35,2.6366295601831857,4.71227630400368,0.0,0
7,441,440,affine_mean,0.35,2.625858534792692,4.241509002214689,4.0491647497044194e-10,12
7,462,461,sample,0.0,2.2550735962700545,8.24805121241629,0.0,0
7,462,461,shrinkage,0.35,1.961980414605411,4.317649654357734,0.0,0
7,462,461,log_mean,0.35,2.7863569441021623,3.973369711374206,0.0,0
7,462,461,affine_mean,0.35,2.779050101826243,3.7980902181954974,3.562941119038864e-10,14
7,483,482,sample,0.0,2.0452057223821334,8.115011440140002,0.0,0
7,483,482,shrinkage,0.35,1.780964598875711,4.170853501197398,0.0,0
7,483,482,log_mean,0.35,2.4053792922617756,3.7234968487480646,0.0,0
7,483,482,affine_mean,0.35,2.4039370265306306,3.5266747364036415,7.37724300939681e-10,12
7,504,503,sample,0.0,1.9236117231890542,8.342123740528,0.0,0
7,504,503,shrinkage,0.35,1.6489308891964651,4.159786360425323,0.0,0
7,504,503,log_mean,0.35,2.149910552519013,3.9046220089180723,0.0,0
7,504,503,affine_mean,0.35,2.1581030932041125,3.6827623834506684,2.8390500207016265e-10,12
7,525,524,sample,0.0,1.7219058537014347,8.109964862192035,0.0,0
7,525,524,shrinkage,0.35,1.5080725706823346,4.025298888127969,0.0,0
7,525,524,log_mean,0.35,2.042939035406056,3.727762549853387,0.0,0
7,525,524,affine_mean,0.35,2.049540515901796,3.5478079818125217,4.2744804927106756e-10,13
7,546,545,sample,0.0,1.6296863180597143,9.159999399369637,0.0,0
7,546,545,shrinkage,0.35,1.411000748233771,4.314760361240248,0.0,0
7,546,545,log_mean,0.35,1.6549230201150535,3.850474085042034,0.0,0
7,546,545,affine_mean,0.35,1.6688944615670156,3.6407123277389704,9.26418338310981e-10,11
7,567,566,sample,0.0,1.4933336161139885,9.616077344646602,0.0,0
7,567,566,shrinkage,0.35,1.3091582402660857,4.443381239993113,0.0,0
7,567,566,log_mean,0.35,1.429715453937668,4.558148596032691,0.0,0
7,567,566,affine_mean,0.35,1.4530580735902148,4.218499259215998,8.818665611176952e-10,10
7,588,587,sample,0.0,1.4213821132210769,10.082029798977711,0.0,0
7,588,587,shrinkage,0.35,1.2492162050382924,4.5072853570428935,0.0,0
7,588,587,log_mean,0.35,1.3378162350441207,4.264739102453127,0.0,0
7,588,587,affine_mean,0.35,1.3531232395981836,4.037873875432295,8.638172918198943e-10,9
7,609,608,sample,0.0,1.3479525018495626,11.073310065070597,0.0,0
7,609,608,shrinkage,0.35,1.1151796357226544,4.459126890152596,0.0,0
7,609,608,log_mean,0.35,1.2723062337830413,4.54733349270802,0.0,0
7,609,608,affine_mean,0.35,1.2911886248264777,4.260013254614506,1.530338958623535e-10,9
7,630,629,sample,0.0,1.2820715515200585,9.543476600699545,0.0,0
7,630,629,shrinkage,0.35,1.094433278262107,4.2313961910415605,0.0,0
7,630,629,log_mean,0.35,1.2612872961954347,4.570346152615779,0.0,0
7,630,629,affine_mean,0.35,1.2975906262170385,4.262488055846033,6.271869274082763e-10,9
7,651,650,sample,0.0,1.2692809198042623,9.48827595032802,0.0,0
7,651,650,shrinkage,0.35,1.102593138575326,4.372253619736335,0.0,0
7,651,650,log_mean,0.35,1.2620134346626763,4.338690350673958,0.0,0
7,651,650,affine_mean,0.35,1.2913834126466888,4.081888029023438,3.01486942436616e-10,10
7,672,671,sample,0.0,4.540186742933079,9.33452218706293,0.0,0
7,672,671,shrinkage,0.35,4.489893580361588,4.456203526401848,0.0,0
7,672,671,log_mean,0.35,4.125987613552728,4.404929835264881,0.0,0
7,672,671,affine_mean,0.35,4.087472518348974,4.160692141373689,1.5564702670217328e-10,10
7,693,692,sample,0.0,4.365313443668801,8.473816046197642,0.0,0
7,693,692,shrinkage,0.35,4.318382868894907,4.28123963974414,0.0,0
7,693,692,log_mean,0.35,3.9417771323941406,4.4679278229190995,0.0,0
7,693,692,affine_mean,0.35,3.8781459703619023,4.063010600273453,1.863063137955848e-10,11
7,714,713,sample,0.0,4.244470183506208,8.290759602052844,0.0,0
7,714,713,shrinkage,0.35,4.214948191308259,4.160329730660499,0.0,0
7,714,713,log_mean,0.35,3.6783350571761733,3.991173968729382,0.0,0
7,714,713,affine_mean,0.35,3.6260135727630756,3.665131518364174,5.100383445579798e-10,13
7,735,734,sample,0.0,3.9977382235167362,7.102628045272921,0.0,0
7,735,734,shrinkage,0.35,4.011894001441143,3.870287999960306,0.0,0
7,735,734,log_mean,0.35,3.172055860638374,3.2462436070966234,0.0,0
7,735,734,affine_mean,0.35,3.1382191570476725,3.0301484649399177,5.03973270435295e-10,13
7,756,755,sample,0.0,3.818898818927805,6.58222740340316,0.0,0
7,756,755,shrinkage,0.35,3.85938484978808,3.725325907415762,0.0,0
7,756,755,log_mean,0.35,3.0683228006027403,3.637053836837676,0.0,0
7,756,755,affine_mean,0.35,3.0146760916128525,3.28827234644078,4.142607908268553e-10,14
7,777,776,sample,0.0,3.557847990426424,5.806188114406549,0.0,0
7,777,776,shrinkage,0.35,3.6065366724935193,3.5804785159112016,0.0,0
7,777,776,log_mean,0.35,2.7135049776287103,3.2263584677122945,0.0,0
7,777,776,affine_mean,0.35,2.673602608593528,2.981331051602632,9.725534020258184e-10,15
7,798,797,sample,0.0,3.302592675504606,6.128918997127517,0.0,0
7,798,797,shrinkage,0.35,3.3573460003571194,3.870278646473348,0.0,0
7,798,797,log_mean,0.35,2.174444967232061,3.549066862988455,0.0,0
7,798,797,affine_mean,0.35,2.1468645594570273,3.257950672481538,8.876632057655146e-10,16
7,819,818,sample,0.0,3.0214034664586364,6.349452884003215,0.0,0
7,819,818,shrinkage,0.35,3.0890891304363244,3.8934591307412054,0.0,0
7,819,818,log_mean,0.35,2.00461359716247,3.804496614525816,0.0,0
7,819,818,affine_mean,0.35,1.978229564125796,3.504040276006018,9.161403010478464e-10,15
7,840,839,sample,0.0,2.7525599064977175,6.975417794446281,0.0,0
7,840,839,shrinkage,0.35,2.830632308108403,4.069346297486398,0.0,0
7,840,839,log_mean,0.35,1.7317025565928141,4.085334357979353,0.0,0
7,840,839,affine_mean,0.35,1.7149313065926786,3.7370535686331743,7.522119310021135e-10,16
7,861,860,sample,0.0,2.5799374776904536,7.436873598177146,0.0,0
7,861,860,shrinkage,0.35,2.6414906830134535,4.109688717225485,0.0,0
7,861,860,log_mean,0.35,1.416659994631826,4.766952483851094,0.0,0
7,861,860,affine_mean,0.35,1.3974601167375649,4.4518495531370705,4.4646531390306077e-10,15
7,882,881,sample,0.0,2.044031411630735,8.652742025170813,0.0,0
7,882,881,shrinkage,0.35,2.0993497898968023,4.659521339986181,0.0,0
7,882,881,log_mean,0.35,1.2799573959314272,5.264846458221653,0.0,0
7,882,881,affine_mean,0.35,1.273264387155904,4.876277956004542,5.957912402032209e-10,14
7,903,902,sample,0.0,1.648436973679174,11.881150138745667,0.0,0
7,903,902,shrinkage,0.35,1.6555111691669258,6.132151408308862,0.0,0
7,903,902,log_mean,0.35,1.2429434207820627,6.7351586669326196,0.0,0
7,903,902,affine_mean,0.35,1.2469545358054304,6.165005804078235,8.759932410885744e-10,14
7,924,923,sample,0.0,1.328261449749186,16.26904676946647,0.0,0
7,924,923,shrinkage,0.35,1.0720590945818513,7.587811601627021,0.0,0
7,924,923,log_mean,0.35,1.1938443078860093,7.980339463667875,0.0,0
7,924,923,affine_mean,0.35,1.1990844101531004,7.485110713868156,8.353649190226284e-10,8
7,945,944,sample,0.0,1.2927115808155742,16.48162012316142,0.0,0
7,945,944,shrinkage,0.35,1.0832873592362326,7.616818718294262,0.0,0
7,945,944,log_mean,0.35,1.1344193753502172,7.954985626813954,0.0,0
7,945,944,affine_mean,0.35,1.1556251626433574,7.381612344736083,1.5450646053566592e-10,9
7,966,965,sample,0.0,1.3031908239189225,15.917206461320761,0.0,0
7,966,965,shrinkage,0.35,1.1053828867111233,7.882722460836843,0.0,0
7,966,965,log_mean,0.35,1.1826463134382477,8.209926392798058,0.0,0
7,966,965,affine_mean,0.35,1.2010709587087094,7.625199615633349,5.547450216772826e-10,9
7,987,986,sample,0.0,1.336967417123804,16.114174406701803,0.0,0
7,987,986,shrinkage,0.35,1.1405225238522487,7.6429737067699675,0.0,0
7,987,986,log_mean,0.35,1.192901155784983,8.114286610847369,0.0,0
7,987,986,affine_mean,0.35,1.1997561067402467,7.686641962362618,4.685869511097427e-10,8
8,252,251,sample,0.0,1.2127954754022419,9.97486743424471,0.0,0
8,252,251,shrinkage,0.65,1.5256924069140305,4.639665277216581,0.0,0
8,252,251,log_mean,0.65,1.2556265959675057,4.359460368863227,0.0,0
8,252,251,affine_mean,0.65,1.25763251498237,4.1818563383229375,2.2847778677925643e-10,13
8,273,272,sample,0.0,1.2479592591277764,7.9566778585392735,0.0,0
8,273,272,shrinkage,0.65,1.5339901370982505,4.179615289775974,0.0,0
8,273,272,log_mean,0.65,1.2491479531199212,3.960526812994905,0.0,0
8,273,272,affine_mean,0.65,1.2571617643402775,3.7787963667227817,4.27895772929116e-10,11
8,294,293,sample,0.0,1.2654523913548053,8.07984283953778,0.0,0
8,294,293,shrinkage,0.65,1.534432614760893,4.299472519941835,0.0,0
8,294,293,log_mean,0.65,1.2900352387753367,4.101950891545971,0.0,0
8,294,293,affine_mean,0.65,1.2935513305893722,3.9349942812932825,4.033705386389785e-10,11
8,315,314,sample,0.0,1.2322732591976675,8.197874297139782,0.0,0
8,315,314,shrinkage,0.65,1.4576586531826536,4.157618701248611,0.0,0
8,315,314,log_mean,0.65,1.2533256095684233,3.820251420777169,0.0,0
8,315,314,affine_mean,0.65,1.2704221898439902,3.5950285262006894,6.032062205228546e-10,12
8,336,335,sample,0.0,3.929684346797925,8.802852027287578,0.0,0
8,336,335,shrinkage,0.65,3.1781952617831424,4.42675115721318,0.0,0
8,336,335,log_mean,0.65,3.4854271197223228,4.180322107226601,0.0,0
8,336,335,affine_mean,0.65,3.4891825744099902,3.956635093433001,6.50081850375572e-10,11
8,357,356,sample,0.0,3.355940142632365,7.602804807523561,0.0,0
8,357,356,shrinkage,0.65,2.748304560383247,3.6242789600602516,0.0,0
8,357,356,log_mean,0.65,3.167511375893627,3.9201559922499776,0.0,0
8,357,356,affine_mean,0.65,3.1866873396878437,3.7363002425285017,1.8337651064853675e-10,11
8,378,377,sample,0.0,2.9484803783916522,7.45479622138582,0.0,0
8,378,377,shrinkage,0.65,2.511261469239784,3.2892469969473677,0.0,0
8,378,377,log_mean,0.65,3.0624710188329662,3.6433568881902922,0.0,0
8,378,377,affine_mean,0.65,3.079473795166202,3.4497722779552036,2.7964105362776653e-10,12
8,399,398,sample,0.0,2.597757736880766,6.284732249755452,0.0,0
8,399,398,shrinkage,0.65,2.2968690215147753,2.9578438769810744,0.0,0
8,399,398,log_mean,0.65,2.920208072968232,3.517210305234337,0.0,0
8,399,398,affine_mean,0.65,2.9375389310355757,3.280608308189861,2.5645588636400773e-10,13
8,420,419,sample,0.0,2.216325295667718,5.254178220723354,0.0,0
8,420,419,shrinkage,0.65,2.107333452319229,2.643530983719832,0.0,0
8,420,419,log_mean,0.65,2.6101085154097845,2.979537075994942,0.0,0
8,420,419,affine_mean,0.65,2.6432181577028406,2.85467094226021,3.6898838458119207e-10,13
8,441,440,sample,0.0,2.049379791522662,6.295430171061775,0.0,0
8,441,440,shrinkage,0.65,2.031221789473197,2.662541524561888,0.0,0
8,441,440,log_mean,0.65,2.6339669302077637,2.8533069566396216,0.0,0
8,441,440,affine_mean,0.65,2.6556939686250463,2.6642492669396436,2.9033965173020417e-10,13
8,462,461,sample,0.0,1.825697627154672,6.963864215468115,0.0,0
8,462,461,shrinkage,0.65,1.9179442481164015,3.0883246285987425,0.0,0
8,462,461,log_mean,0.65,2.536277637246259,3.03882602662036,0.0,0
8,462,461,affine_mean,0.65,2.554496656260322,2.7975859626874744,3.19190711725136e-10,16
8,483,482,sample,0.0,1.628152278410034,8.003667884670072,0.0,0
8,483,482,shrinkage,0.65,1.7875487663107152,2.9057466718882146,0.0,0
8,483,482,log_mean,0.65,2.2307407040036833,2.6990649280657295,0.0,0
8,483,482,affine_mean,0.65,2.2684272775886587,2.580445428996646,2.298348049384607e-10,13
8,504,503,sample,0.0,1.4323872529655723,8.882924714440009,0.0,0
8,504,503,shrinkage,0.65,1.702477772912912,2.8946882532702296,0.0,0
8,504,503,log_mean,0.65,2.074898992435931,2.4979378224960653,0.0,0
8,504,503,affine_mean,0.65,2.109914874639015,2.3792872928900892,3.014158529678816e-10,12
8,525,524,sample,0.0,1.3732127864068537,9.943900216023001,0.0,0
8,525,524,shrinkage,0.65,1.652752004517024,3.1632162430475335,0.0,0
8,525,524,log_mean,0.65,1.9813093445522079,2.9075743835558248,0.0,0
8,525,524,affine_mean,0.65,2.0101163524166274,2.7911172291413684,9.7876509196327e-10,12
8,546,545,sample,0.0,1.2140971575859991,9.93723195293231,0.0,0
8,546,545,shrinkage,0.65,1.5667433713955412,2.9090514684937316,0.0,0
8,546,545,log_mean,0.65,1.6228367052565567,2.911009196057096,0.0,0
8,546,545,affine_mean,0.65,1.6599821638784826,2.790116798322652,2.5388843683293256e-10,11
8,567,566,sample,0.0,1.0586700890136813,10.129208149741507,0.0,0
8,567,566,shrinkage,0.65,1.518975096212032,2.8537501662182247,0.0,0
8,567,566,log_mean,0.65,1.4924379592556725,2.865169437949564,0.0,0
8,567,566,affine_mean,0.65,1.5101845170261867,2.733561317719485,1.5025035293211359e-10,9
8,588,587,sample,0.0,0.9627548896718219,10.924939358130908,0.0,0
8,588,587,shrinkage,0.65,1.5315310806053521,2.902931611838263,0.0,0
8,588,587,log_mean,0.65,1.4532883827776757,3.0087372043098877,0.0,0
8,588,587,affine_mean,0.65,1.4622249561324794,2.8960624379864095,8.782428371312871e-10,8
8,609,608,sample,0.0,0.9493944548155643,11.228357067832862,0.0,0
8,609,608,shrinkage,0.65,1.5529653572831386,2.972274385443082,0.0,0
8,609,608,log_mean,0.65,1.4590645224407974,3.056166288707816,0.0,0
8,609,608,affine_mean,0.65,1.4668023907990246,2.9623239778142594,1.5532943383212604e-10,9
8,630,629,sample,0.0,0.9734565656833633,11.973256050344645,0.0,0
8,630,629,shrinkage,0.65,1.5323686807649437,3.0337694965632,0.0,0
8,630,629,log_mean,0.65,1.4409560368956924,3.0889400390306085,0.0,0
8,630,629,affine_mean,0.65,1.448700139561473,2.95431362865547,3.2955017964745174e-10,8
8,651,650,sample,0.0,1.019527933888092,12.125731487670096,0.0,0
8,651,650,shrinkage,0.65,1.5508237805340082,3.1062229338782137,0.0,0
8,651,650,log_mean,0.65,1.4655354945431822,3.2553446647320716,0.0,0
8,651,650,affine_mean,0.65,1.4732418677151018,3.130134330271379,3.525676696602897e-10,9
8,672,671,sample,0.0,4.965531841481042,12.245087743752023,0.0,0
8,672,671,shrinkage,0.65,5.054239130430309,3.2972702457326855,0.0,0
8,672,671,log_mean,0.65,4.745281880765505,3.4362493028557437,0.0,0
8,672,671,affine_mean,0.65,4.681768468531463,3.272566880809654,2.3024549401730413e-10,9
8,693,692,sample,0.0,4.8022317859174,11.855274358393645,0.0,0
8,693,692,shrinkage,0.65,4.889408232817856,3.3780631733550894,0.0,0
8,693,692,log_mean,0.65,4.518017405160075,3.546346434256937,0.0,0
8,693,692,affine_mean,0.65,4.45708263283966,3.3195606138986937,1.8303462459391575e-10,9
8,714,713,sample,0.0,4.6349748645271855,10.930062498631285,0.0,0
8,714,713,shrinkage,0.65,4.701085085078257,3.23129055950855,0.0,0
8,714,713,log_mean,0.65,4.286112717886962,3.4339487863817446,0.0,0
8,714,713,affine_mean,0.65,4.23517430483306,3.2530782807380536,1.7097819967194007e-10,10
8,735,734,sample,0.0,4.4934042794686,10.658077341831895,0.0,0
8,735,734,shrinkage,0.65,4.568487656178293,3.1364326272278573,0.0,0
8,735,734,log_mean,0.65,3.585161586645354,2.9856619862204847,0.0,0
8,735,734,affine_mean,0.65,3.537118824584837,2.739177260937477,5.615488453791195e-10,13
8,756,755,sample,0.0,4.236266646450106,9.468479498645738,0.0,0
8,756,755,shrinkage,0.65,4.317725316526572,2.990768899138708,0.0,0
8,756,755,log_mean,0.65,3.2751625542015823,2.6341680716458904,0.0,0
8,756,755,affine_mean,0.65,3.2386763541384447,2.468660860512728,3.8405534362784117e-10,13
8,777,776,sample,0.0,4.025723252999218,8.695053237020355,0.0,0
8,777,776,shrinkage,0.65,4.112449503817823,2.885153900644809,0.0,0
8,777,776,log_mean,0.65,3.057655055493041,2.899646449934869,0.0,0
8,777,776,affine_mean,0.65,3.0239399011225974,2.693024437981874,2.8538753364725283e-10,12
8,798,797,sample,0.0,3.7767543402852453,9.056620359721382,0.0,0
8,798,797,shrinkage,0.65,3.9000488381850067,3.0323582149394097,0.0,0
8,798,797,log_mean,0.65,2.502506531169749,3.200673625371385,0.0,0
8,798,797,affine_mean,0.65,2.477516392686418,2.9347672970607275,6.707830199260594e-10,18
8,819,818,sample,0.0,3.5363832876781847,8.629676632581974,0.0,0
8,819,818,shrinkage,0.65,3.690007033359949,2.995706362245829,0.0,0
8,819,818,log_mean,0.65,2.4264728756783756,3.104090037049502,0.0,0
8,819,818,affine_mean,0.65,2.4121443881546694,2.898416847234917,3.1411563677143136e-10,15
8,840,839,sample,0.0,3.09126006879847,7.925603052069822,0.0,0
8,840,839,shrinkage,0.65,3.3183611503819295,2.894744228050386,0.0,0
8,840,839,log_mean,0.65,2.2631900992505183,3.1155208940840557,0.0,0
8,840,839,affine_mean,0.65,2.2499887462641346,2.8616599681037562,6.537551069853612e-10,14
8,861,860,sample,0.0,2.5339880122360325,8.559805329719415,0.0,0
8,861,860,shrinkage,0.65,2.8609321170708766,3.256218950647322,0.0,0
8,861,860,log_mean,0.65,1.8475198352533861,4.290398913201831,0.0,0
8,861,860,affine_mean,0.65,1.829727140457442,3.9198559432456808,8.601152146434349e-10,15
8,882,881,sample,0.0,2.224915283911622,10.272362565304949,0.0,0
8,882,881,shrinkage,0.65,2.612810810827999,3.6348422045797593,0.0,0
8,882,881,log_mean,0.65,1.8063910636177791,4.130657950802079,0.0,0
8,882,881,affine_mean,0.65,1.7989129945606221,3.8253105322154917,5.576098062737343e-10,13
8,903,902,sample,0.0,1.835968002726799,11.497658992187256,0.0,0
8,903,902,shrinkage,0.65,2.247072119807244,3.7295725925762664,0.0,0
8,903,902,log_mean,0.65,1.7168439654047793,4.376950804791192,0.0,0
8,903,902,affine_mean,0.65,1.7047316611156724,4.046439363862096,6.410915148388203e-10,11
8,924,923,sample,0.0,1.1106073455461407,13.473564207893173,0.0,0
8,924,923,shrinkage,0.65,1.615622124498914,5.21315973387518,0.0,0
8,924,923,log_mean,0.65,1.5202312994982758,5.924186955354267,0.0,0
8,924,923,affine_mean,0.65,1.5226198144539649,5.656071341132494,2.4727573300587157e-10,9
8,945,944,sample,0.0,1.0825284433187097,13.621525443892981,0.0,0
8,945,944,shrinkage,0.65,1.6140432082723948,4.909230889230185,0.0,0
8,945,944,log_mean,0.65,1.530502571665133,5.599541333781739,0.0,0
8,945,944,affine_mean,0.65,1.531077722960578,5.316989833754643,1.249110492576864e-10,9
8,966,965,sample,0.0,1.1455253527709657,15.016665936279033,0.0,0
8,966,965,shrinkage,0.65,1.6080532085155672,5.037272873001014,0.0,0
8,966,965,log_mean,0.65,1.5220694332494973,5.372264125920826,0.0,0
8,966,965,affine_mean,0.65,1.519667261277131,5.069769669282774,1.5347496067760455e-10,9
8,987,986,sample,0.0,1.1139865770788415,14.91709140423732,0.0,0
8,987,986,shrinkage,0.65,1.6226018163959204,4.8839485478453115,0.0,0
8,987,986,log_mean,0.65,1.5140182255886239,5.282842907917516,0.0,0
8,987,986,affine_mean,0.65,1.5152562610011728,5.117730015984571,1.8220550692579257e-10,9
9,252,251,sample,0.0,1.2312580972902925,10.699275168254692,0.0,0
9,252,251,shrinkage,0.35,0.9981587030983783,6.404397044090844,0.0,0
9,252,251,log_mean,0.35,1.1160044876981376,6.866586438400739,0.0,0
9,252,251,affine_mean,0.35,1.1204986196492999,6.469065483490895,9.434934773326509e-10,9
9,273,272,sample,0.0,1.225229717800965,10.330312982689021,0.0,0
9,273,272,shrinkage,0.35,0.9845927798979126,6.357119219567851,0.0,0
9,273,272,log_mean,0.35,1.1639007840186955,6.611854274459343,0.0,0
9,273,272,affine_mean,0.35,1.172245684902382,6.312649571198276,1.8918764383461938e-10,9
9,294,293,sample,0.0,1.1684707017170277,10.881152015949878,0.0,0
9,294,293,shrinkage,0.35,0.9787581963384687,6.647362107695339,0.0,0
9,294,293,log_mean,0.35,1.1054728092991433,7.002579180000204,0.0,0
9,294,293,affine_mean,0.35,1.1184629241910435,6.478694970339463,8.470493961806534e-10,9
9,315,314,sample,0.0,1.1756437632483894,11.537461639502341,0.0,0
9,315,314,shrinkage,0.35,1.0131511987639759,6.5797248034046305,0.0,0
9,315,314,log_mean,0.35,1.0981530689802719,7.257777544728978,0.0,0
9,315,314,affine_mean,0.35,1.097231201660131,6.853324160299791,1.9795011170884195e-10,10
9,336,335,sample,0.0,4.174383692004546,10.831586519663448,0.0,0
9,336,335,shrinkage,0.35,3.682918053245443,6.350077166945562,0.0,0
9,336,335,log_mean,0.35,3.994748339311137,6.899564375016921,0.0,0
9,336,335,affine_mean,0.35,3.9801568457398777,6.525916680236505,1.917492494242833e-10,9
9,357,356,sample,0.0,3.6523950256581705,8.617279643067182,0.0,0
9,357,356,shrinkage,0.35,3.2862422896806347,5.074245712758349,0.0,0
9,357,356,log_mean,0.35,3.7506284577202473,5.616531393851076,0.0,0
9,357,356,affine_mean,0.35,3.734186804214998,5.169367799026046,4.3422830166735105e-10,11
9,378,377,sample,0.0,3.2979568391246357,7.103202679156824,0.0,0
9,378,377,shrinkage,0.35,3.0234101040493444,4.734314388767881,0.0,0
9,378,377,log_mean,0.35,3.5132520615920635,4.997349508389544,0.0,0
9,378,377,affine_mean,0.35,3.5091544681125217,4.6210693119482835,2.8794098936711393e-10,12
9,399,398,sample,0.0,2.9925688541995887,6.420837645187786,0.0,0
9,399,398,shrinkage,0.35,2.802143528815133,4.369727339759227,0.0,0
9,399,398,log_mean,0.35,3.414633859167481,5.005049694164527,0.0,0
9,399,398,affine_mean,0.35,3.410730173991087,4.513823313782423,3.8790733810450275e-10,11
9,420,419,sample,0.0,2.826482055518662,6.11276647965199,0.0,0
9,420,419,shrinkage,0.35,2.6535790356032445,4.075243123740773,0.0,0
9,420,419,log_mean,0.35,3.235296923288615,4.5139379665440265,0.0,0
9,420,419,affine_mean,0.35,3.2260300684881025,4.076135986966649,4.159860842229719e-10,13
9,441,440,sample,0.0,2.402948733587808,6.738853284465275,0.0,0
9,441,440,shrinkage,0.35,2.2652160641063808,4.234861633265462,0.0,0
9,441,440,log_mean,0.35,2.876139796724009,4.263667771728996,0.0,0
9,441,440,affine_mean,0.35,2.885362806189934,3.8765914731038444,5.308373982884132e-10,14
9,462,461,sample,0.0,2.084307816378122,6.37905434687583,0.0,0
9,462,461,shrinkage,0.35,2.009687569874285,4.010583466664981,0.0,0
9,462,461,log_mean,0.35,2.6484577272989287,4.2146195677505505,0.0,0
9,462,461,affine_mean,0.35,2.6552761324274887,3.776738773179773,5.821255376655589e-10,13
9,483,482,sample,0.0,1.7836673579967872,5.8606411074219915,0.0,0
9,483,482,shrinkage,0.35,1.7411464207598264,3.695699845235674,0.0,0
9,483,482,log_mean,0.35,2.33237485766133,4.254316765600706,0.0,0
9,483,482,affine_mean,0.35,2.339025900824299,3.8907383663420645,3.101792439643235e-10,13
9,504,503,sample,0.0,1.52307318193127,6.378477157451792,0.0,0
9,504,503,shrinkage,0.35,1.5262122376586766,3.745201473583863,0.0,0
9,504,503,log_mean,0.35,1.9395145543224013,3.8447263412141957,0.0,0
9,504,503,affine_mean,0.35,1.966904937180797,3.487850442292855,6.111204418966685e-10,12
9,525,524,sample,0.0,1.3602965229386144,7.044378673794644,0.0,0
9,525,524,shrinkage,0.35,1.4055034590885964,4.002860767175413,0.0,0
9,525,524,log_mean,0.35,1.7039278340787585,3.9894747363369363,0.0,0
9,525,524,affine_mean,0.35,1.7341484207436237,3.581393959311982,5.699864679947934e-10,12
9,546,545,sample,0.0,1.1985881342047147,7.619878517309153,0.0,0
9,546,545,shrinkage,0.35,1.272528714133709,3.94958064324975,0.0,0
9,546,545,log_mean,0.35,1.4817770548143634,4.3157774587964575,0.0,0
9,546,545,affine_mean,0.35,1.5021455271823203,3.969392676503774,4.355575639714677e-10,11
9,567,566,sample,0.0,1.10417826278577,9.137523330367745,0.0,0
9,567,566,shrinkage,0.35,1.1336418158692896,4.21698844381249,0.0,0
9,567,566,log_mean,0.35,1.3167137617596496,4.481052844793243,0.0,0
9,567,566,affine_mean,0.35,1.3514755464452783,4.261864329355473,4.939336423834067e-10,10
9,588,587,sample,0.0,1.0988245678449626,10.16473369963055,0.0,0
9,588,587,shrinkage,0.35,1.0759757434650274,4.466991111669239,0.0,0
9,588,587,log_mean,0.35,1.1578914643504772,4.737760452988439,0.0,0
9,588,587,affine_mean,0.35,1.190015440683521,4.504503319539065,3.182436944543006e-10,11
9,609,608,sample,0.0,1.116507021835862,10.6625872274166,0.0,0
9,609,608,shrinkage,0.35,1.1097545408370664,4.595046740228035,0.0,0
9,609,608,log_mean,0.35,1.135331561343526,4.742329854986826,0.0,0
9,609,608,affine_mean,0.35,1.1568835032157625,4.500890985747432,6.847123413444354e-10,10
9,630,629,sample,0.0,1.090640604047829,10.56673023849349,0.0,0
9,630,629,shrinkage,0.35,1.1356610411660735,4.6379897138025985,0.0,0
9,630,629,log_mean,0.35,1.1326987330547191,5.033196709658304,0.0,0
9,630,629,affine_mean,0.35,1.1569004769461584,4.794287291446305,6.759781482892343e-10,10
9,651,650,sample,0.0,1.0342195868399848,11.309963356607433,0.0,0
9,651,650,shrinkage,0.35,1.1214416293423966,4.750928749346636,0.0,0
9,651,650,log_mean,0.35,1.0172265926390103,4.971262026003991,0.0,0
9,651,650,affine_mean,0.35,1.046916613333955,4.697376945256819,2.120995935987515e-10,10
9,672,671,sample,0.0,5.178091933665137,11.714001933807529,0.0,0
9,672,671,shrinkage,0.35,5.064900088203682,4.793171467982618,0.0,0
9,672,671,log_mean,0.35,4.746372695671721,4.969843991186939,0.0,0
9,672,671,affine_mean,0.35,4.689292642549311,4.74226218681825,5.093558794841813e-10,10
9,693,692,sample,0.0,4.921406401180913,9.079927110810408,0.0,0
9,693,692,shrinkage,0.35,4.846769595983396,4.352392127546114,0.0,0
9,693,692,log_mean,0.35,4.442859177000932,4.501719072378397,0.0,0
9,693,692,affine_mean,0.35,4.397850472067292,4.238547494843324,1.39696284375919e-10,10
9,714,713,sample,0.0,4.67974882452186,8.572469808946162,0.0,0
9,714,713,shrinkage,0.35,4.631153736130377,4.152901836646668,0.0,0
9,714,713,log_mean,0.35,4.063262424285393,4.078222709471662,0.0,0
9,714,713,affine_mean,0.35,4.024554085321266,3.8224956498964535,6.303277910780812e-10,9
9,735,734,sample,0.0,4.40571516135831,7.8695097358378385,0.0,0
9,735,734,shrinkage,0.35,4.394961662798339,4.195311338381436,0.0,0
9,735,734,log_mean,0.35,3.5117031396584744,3.771278725400159,0.0,0
9,735,734,affine_mean,0.35,3.48843230911451,3.5228443060327685,9.45744831800011e-10,15
9,756,755,sample,0.0,4.076849286888954,7.084385242219705,0.0,0
9,756,755,shrinkage,0.35,4.091708508539329,4.305111823696199,0.0,0
9,756,755,log_mean,0.35,3.2242792355577845,4.274896562656883,0.0,0
9,756,755,affine_mean,0.35,3.19765066579023,3.9691039513491178,4.494903471959714e-10,14
9,777,776,sample,0.0,3.8799943534689323,7.698529266916556,0.0,0
9,777,776,shrinkage,0.35,3.9527547869659676,4.7822808388547395,0.0,0
9,777,776,log_mean,0.35,3.028693912100644,4.685946839351635,0.0,0
9,777,776,affine_mean,0.35,2.999750713680843,4.280419595606036,8.380552095239418e-10,17
9,798,797,sample,0.0,3.6078694113868415,7.875088172280419,0.0,0
9,798,797,shrinkage,0.35,3.711789797268067,4.885583972866673,0.0,0
9,798,797,log_mean,0.35,2.6168232063131023,4.825431161770663,0.0,0
9,798,797,affine_mean,0.35,2.5897613154945556,4.229533312484436,4.0170713932467055e-10,20
9,819,818,sample,0.0,3.4181820489409906,8.552468664329508,0.0,0
9,819,818,shrinkage,0.35,3.537749357386714,4.97245023202093,0.0,0
9,819,818,log_mean,0.35,2.4863181340106615,5.170783963518317,0.0,0
9,819,818,affine_mean,0.35,2.4610553776185204,4.655845172505382,4.2521484648145705e-10,15
9,840,839,sample,0.0,3.03566354949929,8.357214887981062,0.0,0
9,840,839,shrinkage,0.35,3.1919512192512522,5.025294971826242,0.0,0
9,840,839,log_mean,0.35,2.0995762437106036,4.5963897540141385,0.0,0
9,840,839,affine_mean,0.35,2.0941806814522983,4.251861173155473,6.050049759128033e-10,14
9,861,860,sample,0.0,2.47860871712636,8.192436723137467,0.0,0
9,861,860,shrinkage,0.35,2.6836901388799808,5.122088066241975,0.0,0
9,861,860,log_mean,0.35,1.6766783014172915,4.7852526045856765,0.0,0
9,861,860,affine_mean,0.35,1.6754979016284852,4.368148176580738,5.68560101007772e-10,16
9,882,881,sample,0.0,2.0251986079814555,9.064428543124299,0.0,0
9,882,881,shrinkage,0.35,2.2715650935182756,5.376284235483418,0.0,0
9,882,881,log_mean,0.35,1.5531766121272288,5.043583183990531,0.0,0
9,882,881,affine_mean,0.35,1.5543617924715862,4.638158815402963,4.3059225686460683e-10,12
9,903,902,sample,0.0,1.3531080247374654,11.911438732558022,0.0,0
9,903,902,shrinkage,0.35,1.671502489784981,6.193191778344813,0.0,0
9,903,902,log_mean,0.35,1.2517342554495543,5.793724271600189,0.0,0
9,903,902,affine_mean,0.35,1.2706062946766175,5.434569718608275,8.472851530998227e-10,10
9,924,923,sample,0.0,1.1839830783272058,14.185419891940562,0.0,0
9,924,923,shrinkage,0.35,1.439748426851239,6.747809835759071,0.0,0
9,924,923,log_mean,0.35,1.0831363967861265,6.412597216518552,0.0,0
9,924,923,affine_mean,0.35,1.0957304064476874,5.97669249168956,7.582914362497749e-10,11
9,945,944,sample,0.0,1.2081332137581045,13.858881643154332,0.0,0
9,945,944,shrinkage,0.35,1.4436567682584298,6.549799406289805,0.0,0
9,945,944,log_mean,0.35,1.0938618584839785,6.1909885713953585,0.0,0
9,945,944,affine_mean,0.35,1.1002768163816032,5.777658162507325,6.044091395574015e-10,10
9,966,965,sample,0.0,1.2505729262197098,14.177502633373722,0.0,0
9,966,965,shrinkage,0.35,1.4771891164536666,6.610388811131458,0.0,0
9,966,965,log_mean,0.35,1.1169380594392406,6.244007481875038,0.0,0
9,966,965,affine_mean,0.35,1.124382393310202,5.821866486781861,2.7638497143528135e-10,11
9,987,986,sample,0.0,1.27467605097481,14.010377500611442,0.0,0
9,987,986,shrinkage,0.35,1.4715018632884802,6.783594822753997,0.0,0
9,987,986,log_mean,0.35,1.0943769545540156,6.597107796112499,0.0,0
9,987,986,affine_mean,0.35,1.0995444856341032,6.115634732664975,1.710727328293518e-10,11
10,252,251,sample,0.0,1.0663784262720823,9.057714683672092,0.0,0
10,252,251,shrinkage,0.65,0.9656639605668853,5.4739546665942935,0.0,0
10,252,251,log_mean,0.65,0.8768794150457219,6.349534077671073,0.0,0
10,252,251,affine_mean,0.65,0.8825997459380551,5.741757508231101,2.734580446107811e-10,10
10,273,272,sample,0.0,1.0806188608694614,9.404119765326946,0.0,0
10,273,272,shrinkage,0.65,0.9981370074297526,5.675050283874095,0.0,0
10,273,272,log_mean,0.65,0.8523649172278499,6.106845754344558,0.0,0
10,273,272,affine_mean,0.65,0.8664369620423215,5.598079720763674,1.7920577522290604e-10,11
10,294,293,sample,0.0,1.0412412704979384,8.5242068615655,0.0,0
10,294,293,shrinkage,0.65,0.9951599417997018,5.237167727014663,0.0,0
10,294,293,log_mean,0.65,0.8300391589698012,5.649897005258738,0.0,0
10,294,293,affine_mean,0.65,0.83355640436222,5.200696656218242,2.2502618746384347e-10,11
10,315,314,sample,0.0,1.0082280332269178,8.574135292337443,0.0,0
10,315,314,shrinkage,0.65,0.9880456480260933,5.194534685388942,0.0,0
10,315,314,log_mean,0.65,0.839420690835736,6.034779576629454,0.0,0
10,315,314,affine_mean,0.65,0.8448310574212459,5.506674970376765,6.587107016473696e-10,9
10,336,335,sample,0.0,3.939762593646494,9.5229636356344,0.0,0
10,336,335,shrinkage,0.65,3.5585484517006596,5.627200915527174,0.0,0
10,336,335,log_mean,0.65,4.017333368956503,6.151705593662792,0.0,0
10,336,335,affine_mean,0.65,3.9962771646541158,5.67238613762061,5.990168179610794e-10,10
10,357,356,sample,0.0,3.3004161289216705,7.3048695975905655,0.0,0
10,357,356,shrinkage,0.65,3.046096670102226,4.446351744434556,0.0,0
10,357,356,log_mean,0.65,3.4825231744472425,4.744619487324262,0.0,0
10,357,356,affine_mean,0.65,3.458047306682696,4.382465672330292,2.876664902935717e-10,11
10,378,377,sample,0.0,2.9020433693004124,7.064374554083011,0.0,0
10,378,377,shrinkage,0.65,2.711258691861388,4.1259623565792065,0.0,0
10,378,377,log_mean,0.65,3.307799173745338,4.819156467957748,0.0,0
10,378,377,affine_mean,0.65,3.294039332197612,4.4719974486635214,9.087636551037151e-10,11
10,399,398,sample,0.0,2.42887143912119,5.3893748946772035,0.0,0
10,399,398,shrinkage,0.65,2.353556892630754,2.603670783294031,0.0,0
10,399,398,log_mean,0.65,3.19146404383517,3.6585271200037375,0.0,0
10,399,398,affine_mean,0.65,3.186169995485466,3.425260811964178,3.1804358978127105e-10,14
10,420,419,sample,0.0,2.1930533473510874,5.475667350908455,0.0,0
10,420,419,shrinkage,0.65,2.1978586975386345,2.575181274455795,0.0,0
10,420,419,log_mean,0.65,2.8024379731084226,3.328359198555351,0.0,0
10,420,419,affine_mean,0.65,2.8005452983354027,3.1301135613037605,4.2331399153707296e-10,12
10,441,440,sample,0.0,1.9579859532083874,5.367528252712857,0.0,0
10,441,440,shrinkage,0.65,2.067467898354623,2.533304374329009,0.0,0
10,441,440,log_mean,0.65,2.628961677190777,3.2770885325044503,0.0,0
10,441,440,affine_mean,0.65,2.6391093476446734,3.0841796928211953,9.266333435653607e-10,11
10,462,461,sample,0.0,1.7024838629112387,5.853709916223679,0.0,0
10,462,461,shrinkage,0.65,1.9236405605327662,2.6492041486237476,0.0,0
10,462,461,log_mean,0.65,2.6077862260056914,3.2835475827730924,0.0,0
10,462,461,affine_mean,0.65,2.616695871821174,3.0892633337441504,7.952075556410334e-10,13
10,483,482,sample,0.0,1.5908695331264138,6.082022983795081,0.0,0
10,483,482,shrinkage,0.65,1.8416515121182089,2.375398166740522,0.0,0
10,483,482,log_mean,0.65,2.2519409001494575,2.8677359409618113,0.0,0
10,483,482,affine_mean,0.65,2.263973447120914,2.697227086126495,4.5998966738134316e-10,12
10,504,503,sample,0.0,1.4217749073968293,6.17238243114368,0.0,0
10,504,503,shrinkage,0.65,1.734010799217017,2.16672925262689,0.0,0
10,504,503,log_mean,0.65,2.1080684854706195,2.554074380841203,0.0,0
10,504,503,affine_mean,0.65,2.127532643088212,2.429641121771837,2.892824496650353e-10,11
10,525,524,sample,0.0,1.3205381814889912,7.212163335407908,0.0,0
10,525,524,shrinkage,0.65,1.6533266950871353,2.2968104209286198,0.0,0
10,525,524,log_mean,0.65,2.0116839940384774,2.6139265667539164,0.0,0
10,525,524,affine_mean,0.65,2.038887320789489,2.5158973202826576,9.219492263610713e-10,11
10,546,545,sample,0.0,1.1717391512534492,7.942851773586229,0.0,0
10,546,545,shrinkage,0.65,1.5822455008121328,2.452392297232642,0.0,0
10,546,545,log_mean,0.65,1.661075048632679,2.683524489612684,0.0,0
10,546,545,affine_mean,0.65,1.6820980341631797,2.596012307506862,8.242447240320602e-10,9
10,567,566,sample,0.0,1.1158910106297728,8.81496165672665,0.0,0
10,567,566,shrinkage,0.65,1.5538264121116108,2.5689884181849116,0.0,0
10,567,566,log_mean,0.65,1.5629643026676137,2.7869381126090955,0.0,0
10,567,566,affine_mean,0.65,1.5782778200770697,2.716627815315008,5.307826917961105e-10,8
10,588,587,sample,0.0,1.1266880275816098,10.876033999447303,0.0,0
10,588,587,shrinkage,0.65,1.5410952423222866,2.5928125154327195,0.0,0
10,588,587,log_mean,0.65,1.51830458154175,2.674322995558453,0.0,0
10,588,587,affine_mean,0.65,1.5343258680346255,2.582901666597983,7.310483186969338e-10,8
10,609,608,sample,0.0,1.211268945794426,10.372911880563064,0.0,0
10,609,608,shrinkage,0.65,1.533601698776014,2.389153628600974,0.0,0
10,609,608,log_mean,0.65,1.5269960589438418,2.489110382521931,0.0,0
10,609,608,affine_mean,0.65,1.5467786732452746,2.423884062316373,2.47089695446129e-10,9
10,630,629,sample,0.0,1.2227989013455678,10.7215787152091,0.0,0
10,630,629,shrinkage,0.65,1.5554403737070457,2.4168581865876386,0.0,0
10,630,629,log_mean,0.65,1.5498022541146992,2.4754389895351907,0.0,0
10,630,629,affine_mean,0.65,1.5700805334174621,2.393471822888852,4.1720925742757077e-10,9
10,651,650,sample,0.0,1.2024318568462031,9.924045514275385,0.0,0
10,651,650,shrinkage,0.65,1.5591252174761194,2.734950278712674,0.0,0
10,651,650,log_mean,0.65,1.5614151938072294,2.858101163695006,0.0,0
10,651,650,affine_mean,0.65,1.5789692864996232,2.768042681415055,7.542460821150217e-10,8
10,672,671,sample,0.0,4.857197405102264,9.59398448438361,0.0,0
10,672,671,shrinkage,0.65,4.699783403861352,2.797007781329268,0.0,0
10,672,671,log_mean,0.65,4.3971526175713045,2.858780091943732,0.0,0
10,672,671,affine_mean,0.65,4.359093986512798,2.7726411970559304,2.954939722603277e-10,9
10,693,692,sample,0.0,4.646715460589597,8.462773221521742,0.0,0
10,693,692,shrinkage,0.65,4.5684922708899,2.6049756790387546,0.0,0
10,693,692,log_mean,0.65,4.211501109766362,2.7260262880310844,0.0,0
10,693,692,affine_mean,0.65,4.169394376414345,2.6399800500526807,1.9162491834890076e-10,10
10,714,713,sample,0.0,4.39170032470783,8.314072742226687,0.0,0
10,714,713,shrinkage,0.65,4.334149963899459,2.503934436726821,0.0,0
10,714,713,log_mean,0.65,3.8959033071069054,2.7808898374448665,0.0,0
10,714,713,affine_mean,0.65,3.8515587950101717,2.5888364282453815,7.695855839292608e-10,10
10,735,734,sample,0.0,4.282939345822522,8.554722683225055,0.0,0
10,735,734,shrinkage,0.65,4.260179658097308,2.6578683755174883,0.0,0
10,735,734,log_mean,0.65,3.4481303711873466,2.7734845459156294,0.0,0
10,735,734,affine_mean,0.65,3.4080828289436993,2.4447488963694712,6.884815111946383e-10,15
10,756,755,sample,0.0,4.147191263876724,8.141826964663197,0.0,0
10,756,755,shrinkage,0.65,4.146576777436468,2.766638215960259,0.0,0
10,756,755,log_mean,0.65,3.3565360612487947,2.8749354719135565,0.0,0
10,756,755,affine_mean,0.65,3.324957857747755,2.6109689309763935,9.623533865685582e-10,14
10,777,776,sample,0.0,3.896200821369758,7.226398580534773,0.0,0
10,777,776,shrinkage,0.65,3.9267150399742143,2.5931488685412627,0.0,0
10,777,776,log_mean,0.65,3.1521293487494897,2.7946996324128923,0.0,0
10,777,776,affine_mean,0.65,3.1180160648730264,2.5645430971624075,7.656416757189852e-10,13
10,798,797,sample,0.0,3.5867554194348363,6.917116716705415,0.0,0
10,798,797,shrinkage,0.65,3.662455378013679,2.5848690802852547,0.0,0
10,798,797,log_mean,0.65,2.622647168581393,2.7015900712724696,0.0,0
10,798,797,affine_mean,0.65,2.600614681112165,2.458681176020587,3.837040294445548e-10,18
10,819,818,sample,0.0,3.3703937775593755,7.230228883706776,0.0,0
10,819,818,shrinkage,0.65,3.4373174524056433,2.7102973751486643,0.0,0
10,819,818,log_mean,0.65,2.469285603624873,2.854621987145593,0.0,0
10,819,818,affine_mean,0.65,2.4584685885815074,2.636048433889618,7.623684971765377e-10,15
10,840,839,sample,0.0,3.1244851053938203,7.10268570846388,0.0,0
10,840,839,shrinkage,0.65,3.240924648845977,2.7172925545021465,0.0,0
10,840,839,log_mean,0.65,2.3506073437776216,3.0729298612678084,0.0,0
10,840,839,affine_mean,0.65,2.3328237262956293,2.8664946925408006,7.05037872724078e-10,12
10,861,860,sample,0.0,2.7988325076151743,7.759681730556162,0.0,0
10,861,860,shrinkage,0.65,2.9726355645316525,3.0805343904981335,0.0,0
10,861,860,log_mean,0.65,1.9437632050421376,3.5367007673350095,0.0,0
10,861,860,affine_mean,0.65,1.9374736351996844,3.2794164094930682,6.073936551504666e-10,15
10,882,881,sample,0.0,2.5642665950904426,7.857230089952887,0.0,0
10,882,881,shrinkage,0.65,2.7938638826649114,2.9750473624885747,0.0,0
10,882,881,log_mean,0.65,1.9354487958547877,3.5043032664275438,0.0,0
10,882,881,affine_mean,0.65,1.9353977029946863,3.277295447504953,3.2112170227324256e-10,14
10,903,902,sample,0.0,1.7097900658709702,9.609237021770994,0.0,0
10,903,902,shrinkage,0.65,2.2000969835628927,3.364272483570562,0.0,0
10,903,902,log_mean,0.65,1.7711951067329106,3.6505593355110633,0.0,0
10,903,902,affine_mean,0.65,1.7671194277671263,3.489762239733964,8.251843520236569e-10,10
10,924,923,sample,0.0,1.1771018442450514,12.419803912324411,0.0,0
10,924,923,shrinkage,0.65,1.829322445329492,4.171372712244608,0.0,0
10,924,923,log_mean,0.65,1.593169568746868,4.285331370408456,0.0,0
10,924,923,affine_mean,0.65,1.581868891059027,4.054862828352901,2.15371990953032e-10,11
10,945,944,sample,0.0,1.3015729872654869,11.46714263814321,0.0,0
10,945,944,shrinkage,0.65,1.8498039151463155,3.8464363036494422,0.0,0
10,945,944,log_mean,0.65,1.603370112129981,4.148147486780482,0.0,0
10,945,944,affine_mean,0.65,1.6046235413315795,3.874378669935034,4.471202335014027e-10,10
10,966,965,sample,0.0,1.2866951748837425,11.593104705234998,0.0,0
10,966,965,shrinkage,0.65,1.820094414907112,3.7319140848859846,0.0,0
10,966,965,log_mean,0.65,1.610562898761525,3.900612138523388,0.0,0
10,966,965,affine_mean,0.65,1.6124462144298681,3.734881516149387,2.0237804514185528e-10,10
10,987,986,sample,0.0,1.1006084023373113,11.634229934206955,0.0,0
10,987,986,shrinkage,0.65,1.638805117135684,3.506290173781726,0.0,0
10,987,986,log_mean,0.65,1.5322000965193707,3.6946409239507343,0.0,0
10,987,986,affine_mean,0.65,1.5444102286883763,3.5447285489882376,1.8001249961515807e-10,10
11,252,251,sample,0.0,1.1847893682121942,12.168469049330401,0.0,0
11,252,251,shrinkage,0.35,0.9635269771220715,9.042173475775469,0.0,0
11,252,251,log_mean,0.35,1.0107179772916566,9.18224610481214,0.0,0
11,252,251,affine_mean,0.35,0.9931876330003778,8.129575083295727,5.504893331300733e-10,10
11,273,272,sample,0.0,1.1299016669666024,12.319148349150797,0.0,0
11,273,272,shrinkage,0.35,0.909188428210364,9.23812557279938,0.0,0
11,273,272,log_mean,0.35,0.9177168185570792,9.540270388250127,0.0,0
11,273,272,affine_mean,0.35,0.9178418054866743,8.78251146115683,3.411263081591891e-10,10
11,294,293,sample,0.0,1.1851946936770397,11.717178941311372,0.0,0
11,294,293,shrinkage,0.35,0.9717563351898422,9.188740464276345,0.0,0
11,294,293,log_mean,0.35,1.0169493974630015,9.015149545673028,0.0,0
11,294,293,affine_mean,0.35,1.0274133549782762,8.368813395680217,5.436822840795707e-10,9
11,315,314,sample,0.0,1.200792444893163,11.397462159422906,0.0,0
11,315,314,shrinkage,0.35,0.9080753853127262,8.712338225634207,0.0,0
11,315,314,log_mean,0.35,0.9756902258915173,9.234050450037572,0.0,0
11,315,314,affine_mean,0.35,0.9897286843291644,8.49913303049442,5.769229457980117e-10,10
11,336,335,sample,0.0,4.50744242257533,11.146377598310472,0.0,0
11,336,335,shrinkage,0.35,4.130865884007195,8.46611540579106,0.0,0
11,336,335,log_mean,0.35,4.413066805609649,8.813015975687746,0.0,0
11,336,335,affine_mean,0.35,4.391132112216473,8.184750508263948,3.947926418782562e-10,10
11,357,356,sample,0.0,3.6342446731156834,8.387380153372895,0.0,0
11,357,356,shrinkage,0.35,3.368014800277129,5.74103715050062,0.0,0
11,357,356,log_mean,0.35,3.843739031109559,5.967825779675437,0.0,0
11,357,356,affine_mean,0.35,3.8339839566540075,5.607323816403917,2.481903340303774e-10,11
11,378,377,sample,0.0,3.0573076682725393,7.422825099443935,0.0,0
11,378,377,shrinkage,0.35,2.856450117711739,4.848311152480743,0.0,0
11,378,377,log_mean,0.35,3.737794421098643,6.554338668455778,0.0,0
11,378,377,affine_mean,0.35,3.7284666685734624,5.956776294884959,4.317770795009558e-10,14
11,399,398,sample,0.0,2.4352576417954928,6.4989198788347196,0.0,0
11,399,398,shrinkage,0.35,2.3064386716293246,3.9153165846086715,0.0,0
11,399,398,log_mean,0.35,3.4031147799858283,5.2272711810446,0.0,0
11,399,398,affine_mean,0.35,3.404017534881986,4.77951436303004,4.447511615884619e-10,15
11,420,419,sample,0.0,2.200646923172906,6.359583937125797,0.0,0
11,420,419,shrinkage,0.35,2.112657095446079,3.801515069792263,0.0,0
11,420,419,log_mean,0.35,2.948328239054945,4.154815483626483,0.0,0
11,420,419,affine_mean,0.35,2.961906303072653,3.8556508112763814,9.309400254882747e-10,16
11,441,440,sample,0.0,1.8959884498865216,7.6011133864789295,0.0,0
11,441,440,shrinkage,0.35,1.8530688779109832,4.032125588033305,0.0,0
11,441,440,log_mean,0.35,2.8102725338332366,4.099088380310531,0.0,0
11,441,440,affine_mean,0.35,2.829488924748197,3.659858581827809,8.558874644782567e-10,17
11,462,461,sample,0.0,1.4279853831600642,8.313376673456483,0.0,0
11,462,461,shrinkage,0.35,1.4973639306938897,4.0375029487585605,0.0,0
11,462,461,log_mean,0.35,2.445903885175826,3.9413060049538786,0.0,0
11,462,461,affine_mean,0.35,2.467406898791681,3.6682071413027444,4.5725647521628456e-10,17
11,483,482,sample,0.0,1.276766850952402,8.84353652418141,0.0,0
11,483,482,shrinkage,0.35,1.346642777974303,4.160173793189266,0.0,0
11,483,482,log_mean,0.35,1.9200329837647259,4.1148365780843745,0.0,0
11,483,482,affine_mean,0.35,1.9530604763375894,3.858702018924564,3.0220027715893254e-10,13
11,504,503,sample,0.0,1.0810174441802407,9.837227085717142,0.0,0
11,504,503,shrinkage,0.35,1.2299675426238694,4.509563452631993,0.0,0
11,504,503,log_mean,0.35,1.712642527232778,4.322617408821111,0.0,0
11,504,503,affine_mean,0.35,1.7493635023065435,4.041432265618814,6.040162954855261e-10,14
11,525,524,sample,0.0,1.0140582331229773,10.248484480274856,0.0,0
11,525,524,shrinkage,0.35,1.1815419812685284,4.649279536270087,0.0,0
11,525,524,log_mean,0.35,1.5595699998357164,4.1322669300774155,0.0,0
11,525,524,affine_mean,0.35,1.5944180509327184,3.9913633359774696,8.598679007385781e-10,13
11,546,545,sample,0.0,0.9659552052634544,10.498542447525455,0.0,0
11,546,545,shrinkage,0.35,1.1684244241027792,4.777648350423114,0.0,0
11,546,545,log_mean,0.35,1.2578744121603753,5.024139034936918,0.0,0
11,546,545,affine_mean,0.35,1.284007864082292,4.756503512804418,4.2598161522680633e-10,9
11,567,566,sample,0.0,0.9212060937467312,10.486370899260853,0.0,0
11,567,566,shrinkage,0.35,1.1372561909942105,5.066947327377186,0.0,0
11,567,566,log_mean,0.35,1.1605413057872909,5.352208854703852,0.0,0
11,567,566,affine_mean,0.35,1.1750651819310223,5.1143111416661,2.272434702851336e-10,9
11,588,587,sample,0.0,0.9254795574109207,10.880201261831516,0.0,0
11,588,587,shrinkage,0.35,1.1548101985471442,5.500399402778797,0.0,0
11,588,587,log_mean,0.35,1.1406439154044767,5.7641024572411,0.0,0
11,588,587,affine_mean,0.35,1.1518800255361221,5.566469105357302,3.1064788394202596e-10,8
11,609,608,sample,0.0,0.9181080003294393,12.026928801325052,0.0,0
11,609,608,shrinkage,0.35,1.1742367877498876,5.940955260427535,0.0,0
11,609,608,log_mean,0.35,1.1598318292013219,6.4416563475765285,0.0,0
11,609,608,affine_mean,0.35,1.1732132080890407,6.082104005149565,3.5980399554484924e-10,8
11,630,629,sample,0.0,0.980580410999715,12.161726057562712,0.0,0
11,630,629,shrinkage,0.35,1.1897605311018702,5.824496540824102,0.0,0
11,630,629,log_mean,0.35,1.232182410560588,6.205362325802902,0.0,0
11,630,629,affine_mean,0.35,1.2434537354108717,5.839972540902385,3.397808545708442e-10,9
11,651,650,sample,0.0,1.0625481291522785,13.024394540341076,0.0,0
11,651,650,shrinkage,0.35,1.1799392354269937,5.635063810190692,0.0,0
11,651,650,log_mean,0.35,1.2045590989420887,5.716319408479933,0.0,0
11,651,650,affine_mean,0.35,1.2193750173513216,5.4064063106857345,3.7466799550645417e-10,8
11,672,671,sample,0.0,5.065422113361704,12.974365654294457,0.0,0
11,672,671,shrinkage,0.35,5.064348931130112,5.728399475580086,0.0,0
11,672,671,log_mean,0.35,4.79988360533558,5.982687802171198,0.0,0
11,672,671,affine_mean,0.35,4.737935175109354,5.602171704983976,3.0518895197229216e-10,8
11,693,692,sample,0.0,4.86268491249031,10.842362625088654,0.0,0
11,693,692,shrinkage,0.35,4.855171522807888,5.011665354295818,0.0,0
11,693,692,log_mean,0.35,4.577104073918204,5.31791440498305,0.0,0
11,693,692,affine_mean,0.35,4.517391993479339,5.003228667037277,1.389579866879144e-10,9
11,714,713,sample,0.0,4.477704831498049,10.22418197641587,0.0,0
11,714,713,shrinkage,0.35,4.475252476855467,4.657979894934753,0.0,0
11,714,713,log_mean,0.35,4.102770962482144,4.383182216277423,0.0,0
11,714,713,affine_mean,0.35,4.064677941938202,4.170983504133616,1.9539647199710003e-10,9
11,735,734,sample,0.0,4.238335313748403,9.439230597692957,0.0,0
11,735,734,shrinkage,0.35,4.2308442673727065,4.516811500766986,0.0,0
11,735,734,log_mean,0.35,3.335131159160138,3.7008537688737775,0.0,0
11,735,734,affine_mean,0.35,3.31070331276937,3.4781230772012894,6.716597206491989e-10,12
11,756,755,sample,0.0,3.9937617046593408,8.411496248792757,0.0,0
11,756,755,shrinkage,0.35,3.993370529393097,4.089649809298562,0.0,0
11,756,755,log_mean,0.35,3.149977885918855,3.5695119743569803,0.0,0
11,756,755,affine_mean,0.35,3.120580682661423,3.3350924314962467,5.47203395073581e-10,13
11,777,776,sample,0.0,3.749962598207314,7.72026292494887,0.0,0
11,777,776,shrinkage,0.35,3.755093916250008,4.029527053530078,0.0,0
11,777,776,log_mean,0.35,2.77476647481722,3.5409573699341768,0.0,0
11,777,776,affine_mean,0.35,2.761508553898071,3.3256839731030485,4.817077288287503e-10,13
11,798,797,sample,0.0,3.5034521940285726,7.110486335194405,0.0,0
11,798,797,shrinkage,0.35,3.5211053319269023,3.844600905874311,0.0,0
11,798,797,log_mean,0.35,2.155328507294218,4.125604998251479,0.0,0
11,798,797,affine_mean,0.35,2.166645460976624,3.8282428793846446,4.2537776016672346e-10,17
11,819,818,sample,0.0,3.3080436855584865,6.988559056028351,0.0,0
11,819,818,shrinkage,0.35,3.3402198575746676,3.8547840551848793,0.0,0
11,819,818,log_mean,0.35,2.1048638329611977,4.478691748581471,0.0,0
11,819,818,affine_mean,0.35,2.1024466568342803,4.206342528301223,8.445928129342426e-10,15
11,840,839,sample,0.0,2.9730210303581437,7.304440447776675,0.0,0
11,840,839,shrinkage,0.35,3.0286064517549485,3.9346881057376955,0.0,0
11,840,839,log_mean,0.35,1.8420505779821224,4.630633630157373,0.0,0
11,840,839,affine_mean,0.35,1.855243302134829,4.289479710968412,6.623690502235057e-10,13
11,861,860,sample,0.0,2.5659542479429196,6.982776790751391,0.0,0
11,861,860,shrinkage,0.35,2.623084264664366,3.890063594148964,0.0,0
11,861,860,log_mean,0.35,1.4477207038319695,5.180554020372221,0.0,0
11,861,860,affine_mean,0.35,1.4855493356525804,4.68731461562878,9.260883827243109e-10,12
11,882,881,sample,0.0,2.303911017042967,8.56531511658859,0.0,0
11,882,881,shrinkage,0.35,2.388155335495578,4.339531254304609,0.0,0
11,882,881,log_mean,0.35,1.357964230854092,5.836767121760653,0.0,0
11,882,881,affine_mean,0.35,1.3749466876813192,5.377045861202865,5.343593145189701e-10,11
11,903,902,sample,0.0,1.566355696556305,12.979406238702735,0.0,0
11,903,902,shrinkage,0.35,1.7004005918599088,5.4075189605886615,0.0,0
11,903,902,log_mean,0.35,1.2073631432537573,6.172266772940583,0.0,0
11,903,902,affine_mean,0.35,1.2255991107815836,5.708273742396226,6.439389551406592e-10,10
11,924,923,sample,0.0,1.1112969062137747,20.39730867242253,0.0,0
11,924,923,shrinkage,0.35,1.0267657498418548,7.433610775135436,0.0,0
11,924,923,log_mean,0.35,1.0565012654319965,7.785083757635856,0.0,0
11,924,923,affine_mean,0.35,1.1048187587564062,6.996540345379776,4.832910410497575e-10,9
11,945,944,sample,0.0,1.266291022814486,21.714732224885378,0.0,0
11,945,944,shrinkage,0.35,1.0631206766312822,7.7363651436887055,0.0,0
11,945,944,log_mean,0.35,1.0080512054453372,8.165071122321256,0.0,0
11,945,944,affine_mean,0.35,1.0452306055202842,7.570816978888269,5.072778633568117e-10,9
11,966,965,sample,0.0,1.3190356653228243,20.073279488634615,0.0,0
11,966,965,shrinkage,0.35,1.1273183991054831,7.757750576908959,0.0,0
11,966,965,log_mean,0.35,1.0778908938095302,8.200024346156072,0.0,0
11,966,965,affine_mean,0.35,1.1167203174081317,7.412737836928654,7.281498833311543e-10,10
11,987,986,sample,0.0,1.320203190743891,19.990782733733827,0.0,0
11,987,986,shrinkage,0.35,1.1717787535573605,8.156403633277591,0.0,0
11,987,986,log_mean,0.35,1.0701083881381945,8.462003967885973,0.0,0
11,987,986,affine_mean,0.35,1.1047152395154338,7.8759136547698745,3.005273363121476e-10,10
12,252,251,sample,0.0,1.2699669604102373,11.093534893351778,0.0,0
12,252,251,shrinkage,0.65,0.963151767450421,5.317176412781484,0.0,0
12,252,251,log_mean,0.65,0.909167971686202,5.572792875394427,0.0,0
12,252,251,affine_mean,0.65,0.928757263939848,5.180801629450798,2.831386159046528e-10,10
12,273,272,sample,0.0,1.2483977664683512,10.510223549592016,0.0,0
12,273,272,shrinkage,0.65,0.9938248458376906,5.072734001100584,0.0,0
12,273,272,log_mean,0.65,0.9256834071630489,5.594174227543877,0.0,0
12,273,272,affine_mean,0.65,0.9421018834141376,5.164729508480902,8.65020284988553e-10,9
12,294,293,sample,0.0,1.2643311308454406,10.276874084975882,0.0,0
12,294,293,shrinkage,0.65,1.001215278512316,5.1333942858267685,0.0,0
12,294,293,log_mean,0.65,0.8986484816854786,5.662531732673139,0.0,0
12,294,293,affine_mean,0.65,0.9153123611914502,5.284060095924884,5.066879821799008e-10,9
12,315,314,sample,0.0,1.3358371599916314,10.343682342950919,0.0,0
12,315,314,shrinkage,0.65,1.0674738910272195,4.698269673769172,0.0,0
12,315,314,log_mean,0.65,0.9128934066643237,5.313991521545295,0.0,0
12,315,314,affine_mean,0.65,0.920768061099177,4.947076423858003,5.64142267341078e-10,10
12,336,335,sample,0.0,3.815208317378846,9.000827009081036,0.0,0
12,336,335,shrinkage,0.65,3.2344419268054723,4.4993090218767975,0.0,0
12,336,335,log_mean,0.65,3.6549427027179995,5.382137558990235,0.0,0
12,336,335,affine_mean,0.65,3.655650187123315,4.9594790403738935,3.4842683917181094e-10,9
12,357,356,sample,0.0,2.9802558905460232,8.436431807038492,0.0,0
12,357,356,shrinkage,0.65,2.536730244921986,4.0902073024061005,0.0,0
12,357,356,log_mean,0.65,3.148616146453105,5.08167112081036,0.0,0
12,357,356,affine_mean,0.65,3.1504953046369457,4.7139935350048745,6.310959330016475e-10,11
12,378,377,sample,0.0,2.5886280234137296,6.484732203506391,0.0,0
12,378,377,shrinkage,0.65,2.3156851647026944,3.3881223625284824,0.0,0
12,378,377,log_mean,0.65,2.995960263332089,3.9301350850893537,0.0,0
12,378,377,affine_mean,0.65,3.0158773648986767,3.6895559439444208,7.813333610639988e-10,12
12,399,398,sample,0.0,2.317476659222356,6.304578420176446,0.0,0
12,399,398,shrinkage,0.65,2.1225883461569803,2.8447022316792587,0.0,0
12,399,398,log_mean,0.65,2.883986991064908,3.286546277169104,0.0,0
12,399,398,affine_mean,0.65,2.904700073105279,3.075614172910304,6.205776744288731e-10,11
12,420,419,sample,0.0,1.9951828618925596,6.3429069425739755,0.0,0
12,420,419,shrinkage,0.65,1.9028196064745924,2.639848464319766,0.0,0
12,420,419,log_mean,0.65,2.4262967738113965,2.820268469480575,0.0,0
12,420,419,affine_mean,0.65,2.448795343669127,2.6529672607434573,5.994109215013595e-10,11
12,441,440,sample,0.0,1.7822183511574552,6.165928812792776,0.0,0
12,441,440,shrinkage,0.65,1.7775847593459797,2.573937701311897,0.0,0
12,441,440,log_mean,0.65,2.324522968256686,2.7419039951242627,0.0,0
12,441,440,affine_mean,0.65,2.3501785927151575,2.554113639425696,5.89409649963542e-10,12
12,462,461,sample,0.0,1.4735369673716803,6.389206525572022,0.0,0
12,462,461,shrinkage,0.65,1.6266423370186276,2.5248302387979815,0.0,0
12,462,461,log_mean,0.65,2.1946238678171475,2.5918463909040677,0.0,0
12,462,461,affine_mean,0.65,2.2156625771282554,2.4390759246133196,7.494776124200299e-10,12
12,483,482,sample,0.0,1.385292326279712,6.740164612363461,0.0,0
12,483,482,shrinkage,0.65,1.5685431608517004,2.5570025296267977,0.0,0
12,483,482,log_mean,0.65,1.8750721854336598,2.6707177943196356,0.0,0
12,483,482,affine_mean,0.65,1.8985117587089233,2.540600668699862,9.008155622003281e-10,10
12,504,503,sample,0.0,1.3666275295562393,6.977237539307665,0.0,0
12,504,503,shrinkage,0.65,1.5427480225334802,2.5098864801418235,0.0,0
12,504,503,log_mean,0.65,1.8728843931686625,2.600774914392158,0.0,0
12,504,503,affine_mean,0.65,1.8969116704479452,2.4717242780804423,5.634881699232293e-10,11
12,525,524,sample,0.0,1.2393940425950003,8.148525342725277,0.0,0
12,525,524,shrinkage,0.65,1.4760909674329674,2.8284160549475095,0.0,0
12,525,524,log_mean,0.65,1.7834840362648874,2.7513294182188526,0.0,0
12,525,524,affine_mean,0.65,1.8060258351950704,2.62360326600722,4.4584482303171455e-10,11
12,546,545,sample,0.0,1.134822666257732,8.24084564866945,0.0,0
12,546,545,shrinkage,0.65,1.4500328424264226,2.9567630465900847,0.0,0
12,546,545,log_mean,0.65,1.546025280342619,3.0357499323123873,0.0,0
12,546,545,affine_mean,0.65,1.5694988794456026,2.8948332010379225,3.9696907061084783e-10,10
12,567,566,sample,0.0,0.9915889106309753,8.886741498539681,0.0,0
12,567,566,shrinkage,0.65,1.4301235701381172,3.191200617781588,0.0,0
12,567,566,log_mean,0.65,1.4741491864485188,3.3087730220409464,0.0,0
12,567,566,affine_mean,0.65,1.489498902345178,3.2100316461243,8.579887140562511e-10,8
12,588,587,sample,0.0,0.9712028139768322,9.261379586000553,0.0,0
12,588,587,shrinkage,0.65,1.4216003466375469,3.229628088931737,0.0,0
12,588,587,log_mean,0.65,1.4587053924106796,3.4362714828716423,0.0,0
12,588,587,affine_mean,0.65,1.4722521603737653,3.3365914532330256,4.1274495793172906e-10,9
12,609,608,sample,0.0,0.9667606557977919,8.119621671451227,0.0,0
12,609,608,shrinkage,0.65,1.4199621277651633,2.8589051213276067,0.0,0
12,609,608,log_mean,0.65,1.4960808601311664,3.0192004729031834,0.0,0
12,609,608,affine_mean,0.65,1.5182370295624696,2.891943721143952,5.242901916472213e-10,10
12,630,629,sample,0.0,0.8567961928259092,7.850111399337218,0.0,0
12,630,629,shrinkage,0.65,1.4136727135686133,2.72520877047453,0.0,0
12,630,629,log_mean,0.65,1.432089244762478,2.8946233756976514,0.0,0
12,630,629,affine_mean,0.65,1.4513949296763382,2.817317191581913,9.754497635478024e-10,9
12,651,650,sample,0.0,0.9569166677661505,7.964203766162246,0.0,0
12,651,650,shrinkage,0.65,1.4112611104973103,2.66412010020527,0.0,0
12,651,650,log_mean,0.65,1.4462836735228404,2.9057643617440774,0.0,0
12,651,650,affine_mean,0.65,1.460808373152953,2.800769240354327,2.2201172380100736e-10,9
12,672,671,sample,0.0,4.37181581832242,9.356869806449833,0.0,0
12,672,671,shrinkage,0.65,4.283360845969005,2.9206672857126166,0.0,0
12,672,671,log_mean,0.65,3.9050728405907384,3.1598300370209578,0.0,0
12,672,671,affine_mean,0.65,3.865224632825142,3.0008265786947574,2.0558666414863854e-10,11
12,693,692,sample,0.0,4.180806174973134,8.455876003287132,0.0,0
12,693,692,shrinkage,0.65,4.144572108326378,2.889397794134547,0.0,0
12,693,692,log_mean,0.65,3.746870413700262,2.9269320027749934,0.0,0
12,693,692,affine_mean,0.65,3.716643030108328,2.8292848709986242,4.851682076035862e-10,9
12,714,713,sample,0.0,3.893933661883043,7.814385263851445,0.0,0
12,714,713,shrinkage,0.65,3.8791060811535565,2.9219907053482976,0.0,0
12,714,713,log_mean,0.65,3.356119710036154,2.97999942482937,0.0,0
12,714,713,affine_mean,0.65,3.328528074974104,2.8790766951390827,3.401226154660633e-10,10
12,735,734,sample,0.0,3.7349466857112255,8.390807294095358,0.0,0
12,735,734,shrinkage,0.65,3.753260886648458,2.968628794948921,0.0,0
12,735,734,log_mean,0.65,2.945988974056354,2.978087160574273,0.0,0
12,735,734,affine_mean,0.65,2.9186584878120745,2.8191288818032354,4.697576705810756e-10,15
12,756,755,sample,0.0,3.649178295039364,8.03608027546893,0.0,0
12,756,755,shrinkage,0.65,3.729622331494601,2.91670370066149,0.0,0
12,756,755,log_mean,0.65,2.957049537429047,2.885524688335082,0.0,0
12,756,755,affine_mean,0.65,2.9303570373226053,2.721147878492462,8.137408568134589e-10,12
12,777,776,sample,0.0,3.398747313873425,7.427186505739892,0.0,0
12,777,776,shrinkage,0.65,3.482623255550157,2.632674989327172,0.0,0
12,777,776,log_mean,0.65,2.671200515190272,2.60353222069999,0.0,0
12,777,776,affine_mean,0.65,2.65147632113209,2.504545173613754,2.505176214081897e-10,12
12,798,797,sample,0.0,3.1882962767687055,7.1520216431486,0.0,0
12,798,797,shrinkage,0.65,3.2962658670177585,2.5142484349306455,0.0,0
12,798,797,log_mean,0.65,2.356994573403683,2.4902753232001804,0.0,0
12,798,797,affine_mean,0.65,2.343255351819184,2.3760115907208643,5.770417690819744e-10,16
12,819,818,sample,0.0,2.904978415834906,7.116261972893075,0.0,0
12,819,818,shrinkage,0.65,3.049105726296456,2.409415411189436,0.0,0
12,819,818,log_mean,0.65,2.2390214397274266,2.5697296894362194,0.0,0
12,819,818,affine_mean,0.65,2.2269296159465957,2.430790459303619,2.4757591641080186e-10,13
12,840,839,sample,0.0,2.7065349458550174,8.00111959405612,0.0,0
12,840,839,shrinkage,0.65,2.9408758252616773,2.3783416062930267,0.0,0
12,840,839,log_mean,0.65,2.0498507595419246,2.5812021013198674,0.0,0
12,840,839,affine_mean,0.65,2.039419712968361,2.4986622750774576,3.730695602085055e-10,13
12,861,860,sample,0.0,2.387308951967795,8.73541286227422,0.0,0
12,861,860,shrinkage,0.65,2.659033658608654,2.463240511317226,0.0,0
12,861,860,log_mean,0.65,1.8093554905333114,2.5981810856491374,0.0,0
12,861,860,affine_mean,0.65,1.7980151718615345,2.501379455098401,6.9873569099737e-10,15
12,882,881,sample,0.0,1.9358852640307804,10.087491729776325,0.0,0
12,882,881,shrinkage,0.65,2.28497348361553,2.9907823070048756,0.0,0
12,882,881,log_mean,0.65,1.625902999349378,3.265715441645638,0.0,0
12,882,881,affine_mean,0.65,1.6191260403915528,3.141681548291488,5.833245350274671e-10,12
12,903,902,sample,0.0,1.4114052056260111,11.154681076498099,0.0,0
12,903,902,shrinkage,0.65,1.8340218650583902,3.909136644970196,0.0,0
12,903,902,log_mean,0.65,1.4673320619615224,4.08953958900698,0.0,0
12,903,902,affine_mean,0.65,1.4723385811637892,3.950622391398176,3.658869289957772e-10,11
12,924,923,sample,0.0,1.103416143511291,14.75926183649924,0.0,0
12,924,923,shrinkage,0.65,1.5718744225343642,4.233190942941464,0.0,0
12,924,923,log_mean,0.65,1.38932042519723,4.384799204257036,0.0,0
12,924,923,affine_mean,0.65,1.3871427616710839,4.184402085873507,2.4263044401414886e-10,10
12,945,944,sample,0.0,1.1071591335997213,16.00303640831562,0.0,0
12,945,944,shrinkage,0.65,1.5765071499851826,4.360291705253245,0.0,0
12,945,944,log_mean,0.65,1.358258836743706,4.423184620099786,0.0,0
12,945,944,affine_mean,0.65,1.3551501502953853,4.184814984452694,4.4689229970116017e-10,10
12,966,965,sample,0.0,1.1525853922226397,17.444433889469522,0.0,0
12,966,965,shrinkage,0.65,1.584051793229603,4.380055082697556,0.0,0
12,966,965,log_mean,0.65,1.3754887799224138,4.6896415461557845,0.0,0
12,966,965,affine_mean,0.65,1.365850047567085,4.504913675702623,1.8088853820254376e-10,11
12,987,986,sample,0.0,1.14076498587397,16.75845353933311,0.0,0
12,987,986,shrinkage,0.65,1.5762134958143252,4.292922108719359,0.0,0
12,987,986,log_mean,0.65,1.4050751181637022,4.694063078226706,0.0,0
12,987,986,affine_mean,0.65,1.404571619929041,4.53930792900062,9.842125381041943e-10,9
13,252,251,sample,0.0,1.1057851395889753,13.737602675472457,0.0,0
13,252,251,shrinkage,0.15,1.0278216789145245,10.611337383377101,0.0,0
13,252,251,log_mean,0.15,0.9497699312568301,12.049883565423391,0.0,0
13,252,251,affine_mean,0.15,0.9180286623848731,10.828821670264984,6.701277150012547e-10,9
13,273,272,sample,0.0,1.0357677327783288,14.043460282277472,0.0,0
13,273,272,shrinkage,0.15,0.9271587750974469,10.860501731958898,0.0,0
13,273,272,log_mean,0.15,0.8965421549547544,11.921192072661642,0.0,0
13,273,272,affine_mean,0.15,0.8874712813874447,10.948546503757282,6.280140382363854e-10,9
13,294,293,sample,0.0,1.0309261356928137,13.546900223123114,0.0,0
13,294,293,shrinkage,0.15,0.9366595351725397,10.49735710110827,0.0,0
13,294,293,log_mean,0.15,0.8748131936482302,11.460093640546193,0.0,0
13,294,293,affine_mean,0.15,0.8640936534630799,10.48714740365894,1.7151880692405374e-10,11
13,315,314,sample,0.0,1.023512311390307,13.896188310221415,0.0,0
13,315,314,shrinkage,0.15,0.9182154377864611,10.609279719919202,0.0,0
13,315,314,log_mean,0.15,0.954097649651802,11.958010189944948,0.0,0
13,315,314,affine_mean,0.15,0.9290662925132107,10.95661983048517,5.361498196533083e-10,9
13,336,335,sample,0.0,4.696960861245053,14.668876919696935,0.0,0
13,336,335,shrinkage,0.15,4.384631459250892,11.04888876205938,0.0,0
13,336,335,log_mean,0.15,4.665235706049098,11.766996987476606,0.0,0
13,336,335,affine_mean,0.15,4.61986521264721,10.606225248668,2.3655405031780923e-10,9
13,357,356,sample,0.0,3.9479173184100333,12.876032639534413,0.0,0
13,357,356,shrinkage,0.15,3.722735053454536,9.793555420284914,0.0,0
13,357,356,log_mean,0.15,4.192129097051157,10.385433394553784,0.0,0
13,357,356,affine_mean,0.15,4.1600026817374,9.677594189968298,7.208906319213787e-10,10
13,378,377,sample,0.0,3.4512571882036704,9.671227572910794,0.0,0
13,378,377,shrinkage,0.15,3.2780041797199,7.632084155604738,0.0,0
13,378,377,log_mean,0.15,4.008840876691383,8.148021918980547,0.0,0
13,378,377,affine_mean,0.15,3.979282527325802,7.608632402334454,7.735110139948379e-10,11
13,399,398,sample,0.0,2.916760556975977,9.154138969882029,0.0,0
13,399,398,shrinkage,0.15,2.7564625016974014,6.949008733984435,0.0,0
13,399,398,log_mean,0.15,3.7938548805423102,7.912987215760483,0.0,0
13,399,398,affine_mean,0.15,3.7636758558860404,7.138836560363704,6.52792045976613e-10,13
13,420,419,sample,0.0,2.52616565234844,8.172696060566217,0.0,0
13,420,419,shrinkage,0.15,2.3767604473192336,6.208265160049869,0.0,0
13,420,419,log_mean,0.15,3.238619893955304,6.99235018245289,0.0,0
13,420,419,affine_mean,0.15,3.222392572756213,6.4512444088242535,3.456970333973183e-10,14
13,441,440,sample,0.0,2.226150071406125,7.606201848644693,0.0,0
13,441,440,shrinkage,0.15,2.0815059827408433,5.681353483326811,0.0,0
13,441,440,log_mean,0.15,2.975009614410015,6.048857536222957,0.0,0
13,441,440,affine_mean,0.15,2.9632101247930276,5.519528273454872,3.5636435505576413e-10,14
13,462,461,sample,0.0,1.9478530833228036,7.900941078505035,0.0,0
13,462,461,shrinkage,0.15,1.7824739019614138,5.537692149063476,0.0,0
13,462,461,log_mean,0.15,2.7530295929080273,5.51286488531895,0.0,0
13,462,461,affine_mean,0.15,2.741832307394664,4.901140785674059,3.8654498562371173e-10,17
13,483,482,sample,0.0,1.7783536218374811,7.723458088938127,0.0,0
13,483,482,shrinkage,0.15,1.647196041193135,5.568079283119441,0.0,0
13,483,482,log_mean,0.15,2.2131030006319574,5.311991776192413,0.0,0
13,483,482,affine_mean,0.15,2.218341741250723,4.815733012148342,3.681146191307163e-10,13
13,504,503,sample,0.0,1.5417602841524296,8.309550602225082,0.0,0
13,504,503,shrinkage,0.15,1.4089008705342934,5.866653234682758,0.0,0
13,504,503,log_mean,0.15,2.006617363180979,5.155519259590251,0.0,0
13,504,503,affine_mean,0.15,2.015999807817593,4.682072990960042,5.268186867866828e-10,13
13,525,524,sample,0.0,1.3799874018308627,8.703536173613095,0.0,0
13,525,524,shrinkage,0.15,1.2673052981115231,6.387346729978666,0.0,0
13,525,524,log_mean,0.15,1.8412050643400102,5.534231141282022,0.0,0
13,525,524,affine_mean,0.15,1.8534535529078742,5.073143808397082,2.7129588525311707e-10,13
13,546,545,sample,0.0,1.2744333182122454,8.993945472765793,0.0,0
13,546,545,shrinkage,0.15,1.1765436767914184,6.585034910304187,0.0,0
13,546,545,log_mean,0.15,1.4394616148998822,6.411152058006269,0.0,0
13,546,545,affine_mean,0.15,1.4502569699397285,6.0423774966303725,7.780406010465994e-10,10
13,567,566,sample,0.0,1.1532439360458984,9.991500707138977,0.0,0
13,567,566,shrinkage,0.15,1.0468473194297299,6.941952006667651,0.0,0
13,567,566,log_mean,0.15,1.2808210533546132,7.341399892134026,0.0,0
13,567,566,affine_mean,0.15,1.288920704254787,6.714400683692565,1.7065460170660695e-10,10
13,588,587,sample,0.0,1.1299608590593715,11.190401707448768,0.0,0
13,588,587,shrinkage,0.15,1.037224314299425,7.810073293918386,0.0,0
13,588,587,log_mean,0.15,1.1614581748465427,8.703961385814013,0.0,0
13,588,587,affine_mean,0.15,1.1619114162574449,8.16826621597087,8.716007641366162e-10,8
13,609,608,sample,0.0,1.1481120271503322,11.540821996686894,0.0,0
13,609,608,shrinkage,0.15,1.0301145538892378,8.221688820188794,0.0,0
13,609,608,log_mean,0.15,1.1654992075120623,8.580896015638666,0.0,0
13,609,608,affine_mean,0.15,1.165059639090321,8.18118910331676,5.203910267893436e-10,8
13,630,629,sample,0.0,0.9749149295604339,10.725475316131512,0.0,0
13,630,629,shrinkage,0.15,0.8980394172055423,7.786610770485529,0.0,0
13,630,629,log_mean,0.15,1.0658926845437091,8.460673662074296,0.0,0
13,630,629,affine_mean,0.15,1.069511289998494,7.883934678850173,1.9624215758700578e-10,8
13,651,650,sample,0.0,1.0921501230849726,10.18352620105667,0.0,0
13,651,650,shrinkage,0.15,1.0317068517063754,7.317736929412337,0.0,0
13,651,650,log_mean,0.15,1.1276933299868,8.169114570348542,0.0,0
13,651,650,affine_mean,0.15,1.1335983681522077,7.53399387292399,3.303904808379259e-10,11
13,672,671,sample,0.0,5.214725066506144,10.144291008843453,0.0,0
13,672,671,shrinkage,0.15,5.215192461561204,7.75182651686913,0.0,0
13,672,671,log_mean,0.15,4.905922621431298,8.714582367418076,0.0,0
13,672,671,affine_mean,0.15,4.841002921738833,8.075493256473246,6.988208241100857e-10,11
13,693,692,sample,0.0,4.992861997592005,8.824358080019145,0.0,0
13,693,692,shrinkage,0.15,5.00203222002511,6.879193453953012,0.0,0
13,693,692,log_mean,0.15,4.6799029492446085,7.823136162691501,0.0,0
13,693,692,affine_mean,0.15,4.627821886833365,7.239093602702387,5.495761152154131e-10,11
13,714,713,sample,0.0,4.7171274837937665,8.80881132701136,0.0,0
13,714,713,shrinkage,0.15,4.72791521635219,6.663932487849659,0.0,0
13,714,713,log_mean,0.15,4.240834993680202,7.353945279343772,0.0,0
13,714,713,affine_mean,0.15,4.196890518299114,6.753222415379669,2.9009292547508093e-10,12
13,735,734,sample,0.0,4.590396933994652,8.446394442439434,0.0,0
13,735,734,shrinkage,0.15,4.59998873896331,6.295251917189431,0.0,0
13,735,734,log_mean,0.15,3.676133022084263,5.53935142249711,0.0,0
13,735,734,affine_mean,0.15,3.6494744889896507,5.150598407121722,4.753519782928072e-10,14
13,756,755,sample,0.0,4.356196609866129,7.731193901264092,0.0,0
13,756,755,shrinkage,0.15,4.381778289710398,5.7959986801434855,0.0,0
13,756,755,log_mean,0.15,3.5111600556530203,5.598724995242516,0.0,0
13,756,755,affine_mean,0.15,3.4806518734942493,5.089988645317305,9.847843580165164e-10,15
13,777,776,sample,0.0,4.146495890641771,7.786413265293634,0.0,0
13,777,776,shrinkage,0.15,4.173159957755661,5.6973718851510515,0.0,0
13,777,776,log_mean,0.15,3.0933844843687583,5.250133598404728,0.0,0
13,777,776,affine_mean,0.15,3.071079431190187,4.730042370758234,3.720942109293586e-10,18
13,798,797,sample,0.0,3.976940213406913,8.042760097572366,0.0,0
13,798,797,shrinkage,0.15,4.016440150961993,5.691888798265802,0.0,0
13,798,797,log_mean,0.15,2.516248873637746,5.316154268241803,0.0,0
13,798,797,affine_mean,0.15,2.5100725923395446,4.727720098172578,5.193176162222261e-10,22
13,819,818,sample,0.0,3.6232529335343524,7.656185203652123,0.0,0
13,819,818,shrinkage,0.15,3.6629259065429878,5.469996089042954,0.0,0
13,819,818,log_mean,0.15,2.3926058844495506,5.913436523776837,0.0,0
13,819,818,affine_mean,0.15,2.388065601675592,5.395231436295808,6.188911577849336e-10,18
13,840,839,sample,0.0,3.1775438686224233,7.886224960300481,0.0,0
13,840,839,shrinkage,0.15,3.2283357768885574,5.692661850055272,0.0,0
13,840,839,log_mean,0.15,1.9378106742387997,6.922905121108426,0.0,0
13,840,839,affine_mean,0.15,1.9285701579415215,6.212681168622602,3.3336116515513384e-10,16
13,861,860,sample,0.0,2.8744355723599195,8.758869810750037,0.0,0
13,861,860,shrinkage,0.15,2.936696601516659,6.12435403257848,0.0,0
13,861,860,log_mean,0.15,1.395561065428791,7.5879661257086095,0.0,0
13,861,860,affine_mean,0.15,1.4052969614965862,6.85684889590975,5.126255110149847e-10,15
13,882,881,sample,0.0,2.4306457447075944,10.60826953979261,0.0,0
13,882,881,shrinkage,0.15,2.482120682425236,7.289002872880616,0.0,0
13,882,881,log_mean,0.15,1.2494004791982831,9.160672002678039,0.0,0
13,882,881,affine_mean,0.15,1.251215134772766,8.295987616609212,3.394617353528332e-10,15
13,903,902,sample,0.0,1.5780760138785057,14.016090046201592,0.0,0
13,903,902,shrinkage,0.15,1.620915419363672,9.683221778849527,0.0,0
13,903,902,log_mean,0.15,1.0034577094437187,12.000698053274187,0.0,0
13,903,902,affine_mean,0.15,1.0019056597544507,10.947847125768606,3.484764414894371e-10,13
13,924,923,sample,0.0,1.0578043735527918,18.487528592398316,0.0,0
13,924,923,shrinkage,0.15,0.9321042813971512,12.556953620268388,0.0,0
13,924,923,log_mean,0.15,0.931097420440289,13.666656988372551,0.0,0
13,924,923,affine_mean,0.15,0.9394528820222703,12.57693495815479,1.5182943891400984e-10,9
13,945,944,sample,0.0,1.0946912303662633,20.17168424672914,0.0,0
13,945,944,shrinkage,0.15,0.9245568007976177,13.182516160188761,0.0,0
13,945,944,log_mean,0.15,0.9424594654388779,13.800215043609132,0.0,0
13,945,944,affine_mean,0.15,0.9553619460051015,12.972524525044912,1.85867689670513e-10,9
13,966,965,sample,0.0,1.1593335695226183,19.222634568887596,0.0,0
13,966,965,shrinkage,0.15,0.9142595248537362,12.811288554303523,0.0,0
13,966,965,log_mean,0.15,0.9981710988571445,13.819376591822605,0.0,0
13,966,965,affine_mean,0.15,1.0043422650105613,13.04621490453031,4.270918135687607e-10,9
13,987,986,sample,0.0,1.0784785258607281,19.224807616197808,0.0,0
13,987,986,shrinkage,0.15,0.8185652101288813,12.558610777280037,0.0,0
13,987,986,log_mean,0.15,0.9663086085024398,13.537904973025435,0.0,0
13,987,986,affine_mean,0.15,0.9794987639747108,12.579888702136996,3.390101639454729e-10,9
14,252,251,sample,0.0,1.0614052022178195,12.226508639133112,0.0,0
14,252,251,shrinkage,0.35,0.9748430346691626,8.020854245609007,0.0,0
14,252,251,log_mean,0.35,0.8773981370028934,7.658084554513892,0.0,0
14,252,251,affine_mean,0.35,0.8955867139046118,7.21771369680238,6.543016502334093e-10,10
14,273,272,sample,0.0,1.0187488758530976,10.53963448842147,0.0,0
14,273,272,shrinkage,0.35,1.0180845068241198,7.517435935633681,0.0,0
14,273,272,log_mean,0.35,0.9462423493105864,6.997065764783012,0.0,0
14,273,272,affine_mean,0.35,0.9523163758977725,6.5843251602861015,6.075463939004167e-10,11
14,294,293,sample,0.0,1.0160570276633998,9.929475811647258,0.0,0
14,294,293,shrinkage,0.35,1.000897108314241,7.118330825604108,0.0,0
14,294,293,log_mean,0.35,0.9272885044726997,7.123204292553673,0.0,0
14,294,293,affine_mean,0.35,0.9392301727430895,6.6169192060043045,6.644229617620849e-10,9
14,315,314,sample,0.0,1.0134934601450667,10.361925967113251,0.0,0
14,315,314,shrinkage,0.35,0.9586831132480261,7.332997668843812,0.0,0
14,315,314,log_mean,0.35,0.9399487239572669,7.1380381888564495,0.0,0
14,315,314,affine_mean,0.35,0.961480245090785,6.65056078257097,2.436850913675332e-10,10
14,336,335,sample,0.0,4.035179955400384,10.06075465059517,0.0,0
14,336,335,shrinkage,0.35,3.582841192169036,7.184176015626002,0.0,0
14,336,335,log_mean,0.35,3.959036143278169,6.87745361283757,0.0,0
14,336,335,affine_mean,0.35,3.9475958996735105,6.4937700349260945,2.1344141762579408e-10,12
14,357,356,sample,0.0,3.471248458097759,8.97466454744006,0.0,0
14,357,356,shrinkage,0.35,3.116533193073673,6.332178584584181,0.0,0
14,357,356,log_mean,0.35,3.582259577290537,6.686966977007928,0.0,0
14,357,356,affine_mean,0.35,3.563856750603153,6.164600780696187,2.397751980055258e-10,11
14,378,377,sample,0.0,2.6710901183030558,7.287695298676653,0.0,0
14,378,377,shrinkage,0.35,2.408186515711116,4.55051179301958,0.0,0
14,378,377,log_mean,0.35,3.1775180409302477,6.21464690991788,0.0,0
14,378,377,affine_mean,0.35,3.1705892977058294,5.604241562132186,7.864367909046665e-10,12
14,399,398,sample,0.0,2.3872804583232443,7.32698005595564,0.0,0
14,399,398,shrinkage,0.35,2.1795292485771682,4.419932236608038,0.0,0
14,399,398,log_mean,0.35,3.1627379097463435,5.784801910956612,0.0,0
14,399,398,affine_mean,0.35,3.1592672371742228,5.175935321284123,4.0779948820947976e-10,15
14,420,419,sample,0.0,2.145110144381664,8.079437250677584,0.0,0
14,420,419,shrinkage,0.35,1.9255405931132117,4.316751495988472,0.0,0
14,420,419,log_mean,0.35,2.7252276546369525,5.805855982338612,0.0,0
14,420,419,affine_mean,0.35,2.722616294293411,5.239315243495574,5.767006127080988e-10,13
14,441,440,sample,0.0,1.9762780081201834,8.659855474557721,0.0,0
14,441,440,shrinkage,0.35,1.7753944149565497,4.377539506231739,0.0,0
14,441,440,log_mean,0.35,2.4531005182997885,5.055433508367825,0.0,0
14,441,440,affine_mean,0.35,2.4598267795622153,4.512101287690579,6.155342719287629e-10,15
14,462,461,sample,0.0,1.7801162590864519,7.534887869735452,0.0,0
14,462,461,shrinkage,0.35,1.6566565506442965,4.086676666208002,0.0,0
14,462,461,log_mean,0.35,2.4293161920704107,4.851671702019109,0.0,0
14,462,461,affine_mean,0.35,2.434514088725909,4.3099259595771215,9.420313072370085e-10,15
14,483,482,sample,0.0,1.6319736558372244,7.682449157132932,0.0,0
14,483,482,shrinkage,0.35,1.5400723214313186,4.098523451873488,0.0,0
14,483,482,log_mean,0.35,2.078024827146502,4.331367737641296,0.0,0
14,483,482,affine_mean,0.35,2.0842304244170236,3.968884847770953,3.0335198736192857e-10,15
14,504,503,sample,0.0,1.6594323826373572,13.782804346681498,0.0,0
14,504,503,shrinkage,0.35,1.5151775502406974,6.345707768526704,0.0,0
14,504,503,log_mean,0.35,1.7095386254328233,5.50129909415685,0.0,0
14,504,503,affine_mean,0.35,1.7177378420776648,4.712367008905441,5.42552774907861e-10,16
14,525,524,sample,0.0,1.5666587558150613,14.663993234767112,0.0,0
14,525,524,shrinkage,0.35,1.4617829804564628,6.517202719172706,0.0,0
14,525,524,log_mean,0.35,1.653944317906463,5.7390994725516045,0.0,0
14,525,524,affine_mean,0.35,1.6662061379627169,5.0121647011936705,6.351044598542481e-10,15
14,546,545,sample,0.0,1.5573618279914856,14.882631675812675,0.0,0
14,546,545,shrinkage,0.35,1.4570339097842377,6.622454443326377,0.0,0
14,546,545,log_mean,0.35,1.4521327110528441,6.325428442213193,0.0,0
14,546,545,affine_mean,0.35,1.4551980829420639,5.7660956862636,3.099275911839556e-10,13
14,567,566,sample,0.0,1.5082337744153091,14.700515313402994,0.0,0
14,567,566,shrinkage,0.35,1.4131605225387742,6.5486974588611675,0.0,0
14,567,566,log_mean,0.35,1.270006712130785,6.257962845712751,0.0,0
14,567,566,affine_mean,0.35,1.2782584968424926,5.671617366593638,2.116195071928637e-10,12
14,588,587,sample,0.0,1.490908411774778,15.422365655028408,0.0,0
14,588,587,shrinkage,0.35,1.38453262155624,6.454379462004727,0.0,0
14,588,587,log_mean,0.35,1.214833085508678,5.97954326557226,0.0,0
14,588,587,affine_mean,0.35,1.2124077927834083,5.4659910455399885,3.812809494746024e-10,11
14,609,608,sample,0.0,1.549099088555849,16.42682753803154,0.0,0
14,609,608,shrinkage,0.35,1.3556395392772973,6.891889912431574,0.0,0
14,609,608,log_mean,0.35,1.2882163784669431,6.477817927793792,0.0,0
14,609,608,affine_mean,0.35,1.285827486865035,5.998907257578052,2.5389444626274744e-10,12
14,630,629,sample,0.0,1.566501510144345,15.225983888928068,0.0,0
14,630,629,shrinkage,0.35,1.3302460668409368,6.801714485240105,0.0,0
14,630,629,log_mean,0.35,1.2825055337971223,6.131288361764932,0.0,0
14,630,629,affine_mean,0.35,1.3026580008942983,5.596935054727009,4.898664141001853e-10,11
14,651,650,sample,0.0,1.5444487493966215,14.42534895154726,0.0,0
14,651,650,shrinkage,0.35,1.3342637777150854,6.715093595797535,0.0,0
14,651,650,log_mean,0.35,1.287654333569553,5.795192300566165,0.0,0
14,651,650,affine_mean,0.35,1.3027989050382653,5.388628909689438,9.040368048305341e-10,10
14,672,671,sample,0.0,4.9473339566382,13.540532099092458,0.0,0
14,672,671,shrinkage,0.35,4.844510256672632,6.137760104214996,0.0,0
14,672,671,log_mean,0.35,4.370863502899395,5.177123619674339,0.0,0
14,672,671,affine_mean,0.35,4.320321229219787,4.794342072540127,7.825585580014139e-10,11
14,693,692,sample,0.0,4.817171861522337,11.87861567363094,0.0,0
14,693,692,shrinkage,0.35,4.725282684271448,5.812333388020305,0.0,0
14,693,692,log_mean,0.35,4.200574515217968,4.661160339436538,0.0,0
14,693,692,affine_mean,0.35,4.155027318830542,4.423223374352075,3.766315982584139e-10,11
14,714,713,sample,0.0,4.594649872298941,12.955885804234025,0.0,0
14,714,713,shrinkage,0.35,4.519841438208149,6.607814046951812,0.0,0
14,714,713,log_mean,0.35,3.9412280416843184,4.927470686504273,0.0,0
14,714,713,affine_mean,0.35,3.900816848754199,4.6230979994819865,3.3713716823506204e-10,12
14,735,734,sample,0.0,4.363168348683666,10.938663725753035,0.0,0
14,735,734,shrinkage,0.35,4.343645175215909,6.074584122105034,0.0,0
14,735,734,log_mean,0.35,3.394657987912711,4.5043178869110845,0.0,0
14,735,734,affine_mean,0.35,3.342398111578854,4.047986549916414,4.439651001515698e-10,15
14,756,755,sample,0.0,3.783694516720501,6.567486002176418,0.0,0
14,756,755,shrinkage,0.35,3.7442766909139187,3.794216239466001,0.0,0
14,756,755,log_mean,0.35,3.1092464337402452,3.8059997029893937,0.0,0
14,756,755,affine_mean,0.35,3.086774404860845,3.555000111265838,4.4121338309176257e-10,15
14,777,776,sample,0.0,3.5515925914648543,7.168748719554792,0.0,0
14,777,776,shrinkage,0.35,3.526812181880508,3.972351052682152,0.0,0
14,777,776,log_mean,0.35,2.8608759442241403,3.873381005225163,0.0,0
14,777,776,affine_mean,0.35,2.839950100293407,3.5795549732668035,6.126171305429965e-10,16
14,798,797,sample,0.0,3.3060348562253217,7.169284789943569,0.0,0
14,798,797,shrinkage,0.35,3.2942006955795016,3.9612655528878835,0.0,0
14,798,797,log_mean,0.35,2.3912413365820715,3.6702246594650405,0.0,0
14,798,797,affine_mean,0.35,2.370901893818989,3.377551255847702,6.303273015424347e-10,18
14,819,818,sample,0.0,3.0043502320045077,6.4847551677040505,0.0,0
14,819,818,shrinkage,0.35,3.003186081661939,3.5911644684990565,0.0,0
14,819,818,log_mean,0.35,2.134560952746176,3.587837092320544,0.0,0
14,819,818,affine_mean,0.35,2.130425714457556,3.371510241449062,7.271755435117039e-10,19
14,840,839,sample,0.0,2.767517434784304,6.37729006852089,0.0,0
14,840,839,shrinkage,0.35,2.8063596383177103,3.605836122989146,0.0,0
14,840,839,log_mean,0.35,1.9694282541214514,4.24546891605331,0.0,0
14,840,839,affine_mean,0.35,1.966313355912145,3.9192462502473773,3.4765581926327025e-10,16
14,861,860,sample,0.0,2.451561268604456,7.038199154636586,0.0,0
14,861,860,shrinkage,0.35,2.5238811038648095,3.862740015424461,0.0,0
14,861,860,log_mean,0.35,1.6098497080422602,4.479302809132277,0.0,0
14,861,860,affine_mean,0.35,1.61638443181358,4.124539255337703,6.809987145054779e-10,15
14,882,881,sample,0.0,1.9848615511302459,8.031219998054612,0.0,0
14,882,881,shrinkage,0.35,2.105849361997656,4.273641939643319,0.0,0
14,882,881,log_mean,0.35,1.4439113253544198,5.067169633941539,0.0,0
14,882,881,affine_mean,0.35,1.4550978191924555,4.6616468746292785,5.560039164438754e-10,15
14,903,902,sample,0.0,1.7334455310238175,10.772422119938339,0.0,0
14,903,902,shrinkage,0.35,1.8093110195682118,5.119850237169576,0.0,0
14,903,902,log_mean,0.35,1.3428307396954087,5.445455136169679,0.0,0
14,903,902,affine_mean,0.35,1.3621100671128523,4.991912067999267,3.806089911767037e-10,13
14,924,923,sample,0.0,1.368187660246758,22.341217370780647,0.0,0
14,924,923,shrinkage,0.35,1.3458356826294429,6.95852685209625,0.0,0
14,924,923,log_mean,0.35,1.2177575446802629,6.334253047555347,0.0,0
14,924,923,affine_mean,0.35,1.2479961206130679,6.034092591502092,3.4955041381610316e-10,12
14,945,944,sample,0.0,1.1795761333794,23.54720820331979,0.0,0
14,945,944,shrinkage,0.35,1.2285689111069404,7.162821808687402,0.0,0
14,945,944,log_mean,0.35,1.1846370565422204,6.8566574300576555,0.0,0
14,945,944,affine_mean,0.35,1.19907724456858,6.4779809111799675,9.5598909970625e-10,9
14,966,965,sample,0.0,1.1721945457869993,24.727326643211185,0.0,0
14,966,965,shrinkage,0.35,1.233819485150833,7.203751119802951,0.0,0
14,966,965,log_mean,0.35,1.187837280848458,6.701785963255308,0.0,0
14,966,965,affine_mean,0.35,1.196609453481709,6.364003534599176,3.95220084678505e-10,10
14,987,986,sample,0.0,1.1168457607458224,22.565278112696035,0.0,0
14,987,986,shrinkage,0.35,1.200632792133953,7.114314839934624,0.0,0
14,987,986,log_mean,0.35,1.1167430968019034,6.32703380743649,0.0,0
14,987,986,affine_mean,0.35,1.13853291995924,5.959364101454404,1.9947087640214683e-10,11
15,252,251,sample,0.0,1.2249599898098658,9.425599980516468,0.0,0
15,252,251,shrinkage,0.35,0.9914258491507516,5.559770660215444,0.0,0
15,252,251,log_mean,0.35,1.1931876543900113,5.545463599739534,0.0,0
15,252,251,affine_mean,0.35,1.2138526714361435,5.242603935021541,9.287231126584033e-10,8
15,273,272,sample,0.0,1.2698231983901265,9.876697108482656,0.0,0
15,273,272,shrinkage,0.35,1.0378008369495701,5.815116566408502,0.0,0
15,273,272,log_mean,0.35,1.3103366775958212,5.883017328061177,0.0,0
15,273,272,affine_mean,0.35,1.3430979275922703,5.409803677426406,2.1889928741402556e-10,10
15,294,293,sample,0.0,1.3792355428975773,11.28797978085753,0.0,0
15,294,293,shrinkage,0.35,1.1049652721900882,6.595628773238182,0.0,0
15,294,293,log_mean,0.35,1.3752284913366666,6.7762618601541496,0.0,0
15,294,293,affine_mean,0.35,1.3988970195307915,6.240419975843734,6.32471302350363e-10,9
15,315,314,sample,0.0,1.34280575428555,9.94961657359111,0.0,0
15,315,314,shrinkage,0.35,1.136551741302453,6.1517845764196935,0.0,0
15,315,314,log_mean,0.35,1.3499690017216972,6.309455168605843,0.0,0
15,315,314,affine_mean,0.35,1.368625017861091,5.953070555829256,5.804454900405375e-10,8
15,336,335,sample,0.0,4.490277244463408,10.144532508391102,0.0,0
15,336,335,shrinkage,0.35,3.9882999158173957,6.197710599704768,0.0,0
15,336,335,log_mean,0.35,4.37986492482225,6.304878922427405,0.0,0
15,336,335,affine_mean,0.35,4.364968695635463,5.854674403497915,9.779100566368998e-10,8
15,357,356,sample,0.0,4.021440393097834,8.408076614536117,0.0,0
15,357,356,shrinkage,0.35,3.6205749412297874,5.191207705365695,0.0,0
15,357,356,log_mean,0.35,4.060061503478624,5.458551052275789,0.0,0
15,357,356,affine_mean,0.35,4.046175560090592,5.052696298175624,1.5453399435429125e-10,10
15,378,377,sample,0.0,3.474774644914608,4.7112113751287685,0.0,0
15,378,377,shrinkage,0.35,3.2186725144647252,3.4059634469332836,0.0,0
15,378,377,log_mean,0.35,3.7711663326174576,3.870668418576389,0.0,0
15,378,377,affine_mean,0.35,3.767714618102863,3.6926250966979057,2.280487466669708e-10,11
15,399,398,sample,0.0,3.122170494490721,4.62005879748259,0.0,0
15,399,398,shrinkage,0.35,2.9017691465717856,3.2567220371649315,0.0,0
15,399,398,log_mean,0.35,3.6873706601595115,3.720544472294964,0.0,0
15,399,398,affine_mean,0.35,3.686107171267302,3.547230800951926,5.008031966261095e-10,14
15,420,419,sample,0.0,2.6501507968331204,4.653047710397586,0.0,0
15,420,419,shrinkage,0.35,2.4816162146589806,3.287171452718015,0.0,0
15,420,419,log_mean,0.35,3.255570256398204,3.287109209708855,0.0,0
15,420,419,affine_mean,0.35,3.2553722219803274,3.1477666744564967,3.069372217551355e-10,13
15,441,440,sample,0.0,2.358888372230222,5.071252122476514,0.0,0
15,441,440,shrinkage,0.35,2.231715617972866,3.3063078539628,0.0,0
15,441,440,log_mean,0.35,2.8975538553334053,3.3629527419323555,0.0,0
15,441,440,affine_mean,0.35,2.906126751154887,3.2298904040689047,3.616817243181361e-10,14
15,462,461,sample,0.0,2.067436629376623,5.766459982203939,0.0,0
15,462,461,shrinkage,0.35,1.9410792237469066,3.4694945583167707,0.0,0
15,462,461,log_mean,0.35,2.6745586420004193,3.3089539317572547,0.0,0
15,462,461,affine_mean,0.35,2.686703754067751,3.153081765146468,7.696538690773227e-10,18
15,483,482,sample,0.0,1.699885516593105,6.412555708739573,0.0,0
15,483,482,shrinkage,0.35,1.6606057129560758,3.6098104030162026,0.0,0
15,483,482,log_mean,0.35,2.2971645960904423,3.1531482271978564,0.0,0
15,483,482,affine_mean,0.35,2.3142207491719953,2.9974917980394844,5.114033583711666e-10,15
15,504,503,sample,0.0,1.593361631127826,6.226900172388717,0.0,0
15,504,503,shrinkage,0.35,1.5584137848650539,3.352040103800937,0.0,0
15,504,503,log_mean,0.35,2.0190261643866494,3.098716227885269,0.0,0
15,504,503,affine_mean,0.35,2.03362979093864,2.9648389442209795,5.135882444427814e-10,12
15,525,524,sample,0.0,1.467232219459436,6.686353550947171,0.0,0
15,525,524,shrinkage,0.35,1.459590318448278,3.5162647153531323,0.0,0
15,525,524,log_mean,0.35,1.808359712520009,3.326893212301158,0.0,0
15,525,524,affine_mean,0.35,1.8302197486753025,3.1490727727469356,9.16833409773071e-10,15
15,546,545,sample,0.0,1.3402563530728777,8.252618482248794,0.0,0
15,546,545,shrinkage,0.35,1.3327319715363137,3.9519528535397606,0.0,0
15,546,545,log_mean,0.35,1.455493218767704,3.9312495386253485,0.0,0
15,546,545,affine_mean,0.35,1.481112329078133,3.7336098449819772,3.6782550791284264e-10,12
15,567,566,sample,0.0,1.210436438362957,9.192976179906939,0.0,0
15,567,566,shrinkage,0.35,1.2593796388787406,4.270601358896557,0.0,0
15,567,566,log_mean,0.35,1.22996195820787,4.467274912968759,0.0,0
15,567,566,affine_mean,0.35,1.253321709905007,4.2672429118809845,5.058260138652866e-10,10
15,588,587,sample,0.0,1.1377247931628498,10.651668965735004,0.0,0
15,588,587,shrinkage,0.35,1.1614726005661216,4.7329350291846985,0.0,0
15,588,587,log_mean,0.35,1.0797697422106753,4.9706127439778465,0.0,0
15,588,587,affine_mean,0.35,1.1027278888223422,4.734398680837023,1.3317914260357824e-10,9
15,609,608,sample,0.0,1.087170538482124,11.197515237003005,0.0,0
15,609,608,shrinkage,0.35,1.1624634190900898,4.828617995539667,0.0,0
15,609,608,log_mean,0.35,0.9790862271504861,5.209124768637024,0.0,0
15,609,608,affine_mean,0.35,0.9938856226412468,4.96398944963093,4.767609746202539e-10,11
15,630,629,sample,0.0,1.1356084344445074,10.632071972156249,0.0,0
15,630,629,shrinkage,0.35,1.2093609426674667,4.7610547432337125,0.0,0
15,630,629,log_mean,0.35,1.0565674333408606,5.151215412631601,0.0,0
15,630,629,affine_mean,0.35,1.0687131846472866,4.971411307570929,3.652324222309827e-10,11
15,651,650,sample,0.0,1.1407249201625074,11.263082339134641,0.0,0
15,651,650,shrinkage,0.35,1.2598992440072228,4.685320897565972,0.0,0
15,651,650,log_mean,0.35,1.0547725870274485,5.078213468691364,0.0,0
15,651,650,affine_mean,0.35,1.0631643311487886,4.8688395124562165,8.720543512422703e-10,9
15,672,671,sample,0.0,5.134121690642321,11.181291882315364,0.0,0
15,672,671,shrinkage,0.35,5.084801930462271,4.846600538518782,0.0,0
15,672,671,log_mean,0.35,4.763614691641006,5.254183486956697,0.0,0
15,672,671,affine_mean,0.35,4.7150549234395625,5.060728777936886,6.668237899756501e-10,9
15,693,692,sample,0.0,4.9902991074530885,11.056065978978177,0.0,0
15,693,692,shrinkage,0.35,4.9487360609394715,4.903178201199474,0.0,0
15,693,692,log_mean,0.35,4.5841083856733364,5.175178149195743,0.0,0
15,693,692,affine_mean,0.35,4.540582731263774,4.985748616155168,3.035339794759765e-10,10
15,714,713,sample,0.0,4.779500676584587,10.15263184294142,0.0,0
15,714,713,shrinkage,0.35,4.775798083422259,4.690344496595518,0.0,0
15,714,713,log_mean,0.35,4.261523439536227,4.974279651803764,0.0,0
15,714,713,affine_mean,0.35,4.219401115257299,4.686462767205945,1.7064379079966385e-10,11
15,735,734,sample,0.0,4.611175552514801,8.47338274399767,0.0,0
15,735,734,shrinkage,0.35,4.609651671277457,4.268927740139098,0.0,0
15,735,734,log_mean,0.35,3.6588585027081226,4.203558847210675,0.0,0
15,735,734,affine_mean,0.35,3.630376489535893,3.909811530284922,3.539586423476503e-10,15
15,756,755,sample,0.0,4.313339322858803,8.68478041591943,0.0,0
15,756,755,shrinkage,0.35,4.306304974865625,4.537306841029025,0.0,0
15,756,755,log_mean,0.35,3.4532369030454197,4.844877855678289,0.0,0
15,756,755,affine_mean,0.35,3.4226594144451234,4.429909044754382,8.518751498021738e-10,14
15,777,776,sample,0.0,4.095132066138436,8.32814668144698,0.0,0
15,777,776,shrinkage,0.35,4.098955509279704,4.651697393263176,0.0,0
15,777,776,log_mean,0.35,3.1487897385815513,4.829861230822174,0.0,0
15,777,776,affine_mean,0.35,3.116964308380579,4.383652441169871,4.68481362914156e-10,12
15,798,797,sample,0.0,3.856452291863065,7.639363330939734,0.0,0
15,798,797,shrinkage,0.35,3.8651549670183516,4.456624457551335,0.0,0
15,798,797,log_mean,0.35,2.5487768493093923,5.14480879800542,0.0,0
15,798,797,affine_mean,0.35,2.51638990146915,4.519050845728395,7.477137899517181e-10,18
15,819,818,sample,0.0,3.5609025259316964,7.770126229771129,0.0,0
15,819,818,shrinkage,0.35,3.6043800113512625,4.711795935041301,0.0,0
15,819,818,log_mean,0.35,2.416353544035227,5.689035018164845,0.0,0
15,819,818,affine_mean,0.35,2.3779953675054095,4.992242619224339,5.308305012442806e-10,16
15,840,839,sample,0.0,3.3350298049962084,7.662209477376865,0.0,0
15,840,839,shrinkage,0.35,3.4141730209615395,4.71681200153929,0.0,0
15,840,839,log_mean,0.35,2.108336997781108,5.807049050369159,0.0,0
15,840,839,affine_mean,0.35,2.078130780270841,5.230927983812811,8.402637488966208e-10,13
15,861,860,sample,0.0,2.7734648482127287,7.647775755267196,0.0,0
15,861,860,shrinkage,0.35,2.868855773445454,4.838317597037881,0.0,0
15,861,860,log_mean,0.35,1.5261928217897685,6.640589454493717,0.0,0
15,861,860,affine_mean,0.35,1.5055873069563235,6.1673472218547385,6.781099988859961e-10,14
15,882,881,sample,0.0,2.267527073488486,8.492854588830818,0.0,0
15,882,881,shrinkage,0.35,2.406543374423891,5.335241474210118,0.0,0
15,882,881,log_mean,0.35,1.4018234379518775,6.683044744444082,0.0,0
15,882,881,affine_mean,0.35,1.3860808451111812,6.219622226295584,4.2823772402390156e-10,14
15,903,902,sample,0.0,1.6762654136719057,13.02112065395047,0.0,0
15,903,902,shrinkage,0.35,1.7493501952859987,6.7426029239167224,0.0,0
15,903,902,log_mean,0.35,1.2111306354129832,7.097072378917158,0.0,0
15,903,902,affine_mean,0.35,1.2011635124192204,6.693556429405759,7.09106785563976e-10,13
15,924,923,sample,0.0,1.3384488578154197,18.443867329897948,0.0,0
15,924,923,shrinkage,0.35,1.249604200358748,7.9863280684041555,0.0,0
15,924,923,log_mean,0.35,1.1127111364531963,8.41758407361235,0.0,0
15,924,923,affine_mean,0.35,1.1098859890751462,7.942749278354524,3.2846679226920827e-10,11
15,945,944,sample,0.0,1.3752950358602771,18.953121471702875,0.0,0
15,945,944,shrinkage,0.35,1.3230208134005315,8.922184535992564,0.0,0
15,945,944,log_mean,0.35,1.1818118887290918,8.988481647835071,0.0,0
15,945,944,affine_mean,0.35,1.175567328711421,8.263526014978115,5.599933902729364e-10,10
15,966,965,sample,0.0,1.4085153177740777,17.741180251752557,0.0,0
15,966,965,shrinkage,0.35,1.3258283314427792,8.191996699438173,0.0,0
15,966,965,log_mean,0.35,1.249256338713851,8.100127723894813,0.0,0
15,966,965,affine_mean,0.35,1.2569898226885186,7.4262491186519455,2.8624360447507544e-10,12
15,987,986,sample,0.0,1.4468197353964898,21.752642940311162,0.0,0
15,987,986,shrinkage,0.35,1.292433018060466,9.068736148187085,0.0,0
15,987,986,log_mean,0.35,1.169103603464551,9.40373819789356,0.0,0
15,987,986,affine_mean,0.35,1.1637012021151507,8.657169384120545,2.5198150074602226e-10,11
16,252,251,sample,0.0,1.2059023445005495,16.726624683058944,0.0,0
16,252,251,shrinkage,0.15,0.9490160630574668,11.59289654139774,0.0,0
16,252,251,log_mean,0.15,1.1369056543352765,12.591082949679441,0.0,0
16,252,251,affine_mean,0.15,1.133037306615231,11.748304165989822,9.135843943185809e-10,7
16,273,272,sample,0.0,1.2382225848872055,16.91919241883556,0.0,0
16,273,272,shrinkage,0.15,0.9926052503415842,11.722524185127895,0.0,0
16,273,272,log_mean,0.15,1.1202125522165431,12.54955974855984,0.0,0
16,273,272,affine_mean,0.15,1.1152103201330905,11.623145830933202,3.5949240792341803e-10,8
16,294,293,sample,0.0,1.2908065442502217,15.694223315740407,0.0,0
16,294,293,shrinkage,0.15,1.0475652958870687,10.862541136779612,0.0,0
16,294,293,log_mean,0.15,1.1649228682254047,11.801683911188821,0.0,0
16,294,293,affine_mean,0.15,1.1474396061552585,10.6365644952211,3.2609890072304256e-10,9
16,315,314,sample,0.0,1.2657705381635957,14.219879500710576,0.0,0
16,315,314,shrinkage,0.15,1.0514764626289634,10.062299280644867,0.0,0
16,315,314,log_mean,0.15,1.2188658804918087,10.748400403697962,0.0,0
16,315,314,affine_mean,0.15,1.2151891255928244,9.954843807517522,9.611488889767209e-10,9
16,336,335,sample,0.0,4.491722790706802,13.257402396686066,0.0,0
16,336,335,shrinkage,0.15,4.201758633021112,9.506665455795995,0.0,0
16,336,335,log_mean,0.15,4.488790852160454,9.82125118446146,0.0,0
16,336,335,affine_mean,0.15,4.461737479057218,9.072176630960266,6.947762214386044e-10,8
16,357,356,sample,0.0,3.6282952901653873,10.977608838312577,0.0,0
16,357,356,shrinkage,0.15,3.353218087162118,7.737322838770797,0.0,0
16,357,356,log_mean,0.15,3.9028672479967934,8.446084648414278,0.0,0
16,357,356,affine_mean,0.15,3.8809674108450314,7.822061514549556,3.595250717488188e-10,12
16,378,377,sample,0.0,3.174512735199338,9.76437925595549,0.0,0
16,378,377,shrinkage,0.15,2.941774536751818,6.902844390933698,0.0,0
16,378,377,log_mean,0.15,3.702990112400756,7.426892518047594,0.0,0
16,378,377,affine_mean,0.15,3.689325401185129,6.878283051445019,3.280572798091539e-10,14
16,399,398,sample,0.0,2.473228578335988,11.441866261443314,0.0,0
16,399,398,shrinkage,0.15,2.2263227135710237,8.09637650227964,0.0,0
16,399,398,log_mean,0.15,3.306313587730733,7.22797518665757,0.0,0
16,399,398,affine_mean,0.15,3.2973702304144243,6.5531555445235155,8.481662423438902e-10,14
16,420,419,sample,0.0,2.2023326978959354,10.647382185788413,0.0,0
16,420,419,shrinkage,0.15,1.9923666804218112,7.7987353657942196,0.0,0
16,420,419,log_mean,0.15,2.8580808602520675,5.910252313936105,0.0,0
16,420,419,affine_mean,0.15,2.8577843683343627,5.378987522409622,5.63915322108298e-10,19
16,441,440,sample,0.0,1.8888921153829525,9.360783921332963,0.0,0
16,441,440,shrinkage,0.15,1.7410663985357024,7.433433640516225,0.0,0
16,441,440,log_mean,0.15,2.68931584922029,4.934618947897406,0.0,0
16,441,440,affine_mean,0.15,2.6945896606696995,4.50988656599791,8.65691701593713e-10,16
16,462,461,sample,0.0,1.7984461351287793,9.912968457860515,0.0,0
16,462,461,shrinkage,0.15,1.6498001893573644,7.799208224457319,0.0,0
16,462,461,log_mean,0.15,2.5888525324986795,5.36509016829664,0.0,0
16,462,461,affine_mean,0.15,2.586451297599687,4.811082920826788,3.980775556635121e-10,17
16,483,482,sample,0.0,1.6978970881274889,10.459377464922635,0.0,0
16,483,482,shrinkage,0.15,1.5616591414990662,8.19848974142118,0.0,0
16,483,482,log_mean,0.15,2.1498804962750624,6.55102904600859,0.0,0
16,483,482,affine_mean,0.15,2.156724038414515,5.873855709953947,3.743284472743688e-10,16
16,504,503,sample,0.0,1.5366401411707782,11.7550758079265,0.0,0
16,504,503,shrinkage,0.15,1.4286925704477955,9.210567023716871,0.0,0
16,504,503,log_mean,0.15,1.9100982582230472,6.522117258188699,0.0,0
16,504,503,affine_mean,0.15,1.9090248638372487,6.051455005309923,4.719848155598344e-10,17
16,525,524,sample,0.0,1.4691912266758134,12.52398995276323,0.0,0
16,525,524,shrinkage,0.15,1.336615298604855,9.618153441355181,0.0,0
16,525,524,log_mean,0.15,1.8646056125642199,7.444458778169252,0.0,0
16,525,524,affine_mean,0.15,1.8586911718441625,6.846278713934252,2.9948268707384644e-10,15
16,546,545,sample,0.0,1.344890618242887,14.15634092389617,0.0,0
16,546,545,shrinkage,0.15,1.1905837422750791,9.592519527857943,0.0,0
16,546,545,log_mean,0.15,1.4676102579944441,9.759393653682023,0.0,0
16,546,545,affine_mean,0.15,1.4585929590087174,8.897778515956315,2.4675821740862364e-10,12
16,567,566,sample,0.0,1.2477269343289212,15.36481614700562,0.0,0
16,567,566,shrinkage,0.15,1.1222440309127157,10.422646291624497,0.0,0
16,567,566,log_mean,0.15,1.252000008772676,10.590935447514902,0.0,0
16,567,566,affine_mean,0.15,1.2204491438283585,9.574331197539006,6.311117399972482e-10,13
16,588,587,sample,0.0,1.229012798495181,16.526368023970175,0.0,0
16,588,587,shrinkage,0.15,1.0953810725084587,11.106764859116607,0.0,0
16,588,587,log_mean,0.15,1.157622328033044,10.971297128281853,0.0,0
16,588,587,affine_mean,0.15,1.1336287760839066,10.008434994043187,4.1944379742369224e-10,10
16,609,608,sample,0.0,1.161700354867517,15.874608972944312,0.0,0
16,609,608,shrinkage,0.15,1.0291323786164643,10.668755427461281,0.0,0
16,609,608,log_mean,0.15,1.1567027365989984,11.006350744615618,0.0,0
16,609,608,affine_mean,0.15,1.1480807518750946,9.853384577339074,2.9295308311351245e-10,10
16,630,629,sample,0.0,1.1942328672111964,16.564328935013446,0.0,0
16,630,629,shrinkage,0.15,1.0170359340618247,11.028129015939411,0.0,0
16,630,629,log_mean,0.15,1.1174979234125368,11.76158210851212,0.0,0
16,630,629,affine_mean,0.15,1.100743890800645,10.575680773623535,4.630696578896105e-10,10
16,651,650,sample,0.0,1.072186759538385,12.075383800156105,0.0,0
16,651,650,shrinkage,0.15,0.9566682180493408,8.437433028886026,0.0,0
16,651,650,log_mean,0.15,1.1189470166983277,8.94091196102001,0.0,0
16,651,650,affine_mean,0.15,1.121785084374677,8.272803850897262,8.890475441350817e-10,8
16,672,671,sample,0.0,4.779087585298436,12.316139406916815,0.0,0
16,672,671,shrinkage,0.15,4.8074164840647216,8.679454754129942,0.0,0
16,672,671,log_mean,0.15,4.523352562415895,9.396148277094518,0.0,0
16,672,671,affine_mean,0.15,4.471158303688839,8.619329880444933,1.5227591525630276e-10,9
16,693,692,sample,0.0,4.635512421028848,11.045981594236718,0.0,0
16,693,692,shrinkage,0.15,4.684620154480802,7.847987516609797,0.0,0
16,693,692,log_mean,0.15,4.360381655903378,8.68499660983779,0.0,0
16,693,692,affine_mean,0.15,4.318505230700726,7.944587700445127,7.131600074287487e-10,9
16,714,713,sample,0.0,4.490869312982027,10.156418004151751,0.0,0
16,714,713,shrinkage,0.15,4.542283917303999,7.4320342031569755,0.0,0
16,714,713,log_mean,0.15,4.091718929474537,7.548368711366137,0.0,0
16,714,713,affine_mean,0.15,4.043118522552721,6.928870132481814,7.923988381340297e-10,12
16,735,734,sample,0.0,4.312780236735457,9.854038672845482,0.0,0
16,735,734,shrinkage,0.15,4.380875088141684,7.299436898490772,0.0,0
16,735,734,log_mean,0.15,3.51417092175493,6.344873473169203,0.0,0
16,735,734,affine_mean,0.15,3.479617447098675,5.796434875842436,3.048811116659663e-10,14
16,756,755,sample,0.0,4.015734538116513,9.71112496043945,0.0,0
16,756,755,shrinkage,0.15,4.093122682518593,7.102304072096263,0.0,0
16,756,755,log_mean,0.15,3.237558053685727,5.930048211894061,0.0,0
16,756,755,affine_mean,0.15,3.2129098105521194,5.414257827789132,4.830358784195447e-10,14
16,777,776,sample,0.0,3.828169218410748,9.82068518899934,0.0,0
16,777,776,shrinkage,0.15,3.917990810450517,7.109724346453962,0.0,0
16,777,776,log_mean,0.15,2.9873442245733637,6.22014974059226,0.0,0
16,777,776,affine_mean,0.15,2.9570480366136023,5.591102502306611,3.5303094341795503e-10,14
16,798,797,sample,0.0,3.5115218052576966,8.875033917669576,0.0,0
16,798,797,shrinkage,0.15,3.6042071338773316,6.802853306084717,0.0,0
16,798,797,log_mean,0.15,2.3952934552279137,5.361548495876456,0.0,0
16,798,797,affine_mean,0.15,2.382384699332782,4.868256816170051,9.410034830752569e-10,17
16,819,818,sample,0.0,3.137910306316534,7.539179114724192,0.0,0
16,819,818,shrinkage,0.15,3.2369343250782694,5.929093790197285,0.0,0
16,819,818,log_mean,0.15,2.180593086729955,5.188920969986474,0.0,0
16,819,818,affine_mean,0.15,2.1667474123828496,4.739186193437142,5.450433848183119e-10,16
16,840,839,sample,0.0,2.7212425023472075,8.345015387030195,0.0,0
16,840,839,shrinkage,0.15,2.83151183885778,6.060073079365992,0.0,0
16,840,839,log_mean,0.15,1.8028774047291443,6.076199253499425,0.0,0
16,840,839,affine_mean,0.15,1.7934988739312916,5.533013191675941,5.232887311176393e-10,13
16,861,860,sample,0.0,2.2906352153154934,9.160573728004874,0.0,0
16,861,860,shrinkage,0.15,2.4167211371138686,6.731954639669367,0.0,0
16,861,860,log_mean,0.15,1.3428918931657596,7.577197162631614,0.0,0
16,861,860,affine_mean,0.15,1.3449176047757616,6.678392827841559,3.5979433374794513e-10,14
16,882,881,sample,0.0,1.7369582463675706,10.673658041534232,0.0,0
16,882,881,shrinkage,0.15,1.8762737350288308,7.651919075582101,0.0,0
16,882,881,log_mean,0.15,1.1745866385265444,8.154955925838502,0.0,0
16,882,881,affine_mean,0.15,1.18397265092074,7.24272137709711,6.879164361719269e-10,11
16,903,902,sample,0.0,1.3552121924588048,12.983882118783516,0.0,0
16,903,902,shrinkage,0.15,1.430155195141546,8.698523874111558,0.0,0
16,903,902,log_mean,0.15,1.0846729930233572,8.711661157776847,0.0,0
16,903,902,affine_mean,0.15,1.0892587995763687,8.173141935027598,4.81206238982091e-10,11
16,924,923,sample,0.0,1.034056631491728,15.977003115828005,0.0,0
16,924,923,shrinkage,0.15,0.9243908763213732,9.803772964826575,0.0,0
16,924,923,log_mean,0.15,0.9733962592403576,10.62083468935769,0.0,0
16,924,923,affine_mean,0.15,0.9883365854843724,9.716318484778137,3.762324308713308e-10,9
16,945,944,sample,0.0,1.006613273978603,16.487483792917832,0.0,0
16,945,944,shrinkage,0.15,0.902711530977634,10.174854915367565,0.0,0
16,945,944,log_mean,0.15,1.0384033041730436,10.618407737761668,0.0,0
16,945,944,affine_mean,0.15,1.0581548031355885,9.468908510554884,7.478265329910067e-10,9
16,966,965,sample,0.0,1.0257654113506238,18.81311808819148,0.0,0
16,966,965,shrinkage,0.15,0.933789257080218,11.292644236770652,0.0,0
16,966,965,log_mean,0.15,1.0396440789881918,12.34205405244032,0.0,0
16,966,965,affine_mean,0.15,1.054115665031503,11.417024779005153,4.84753730033602e-10,10
16,987,986,sample,0.0,1.0178427230053828,22.63858219306249,0.0,0
16,987,986,shrinkage,0.15,0.8947538811502938,12.70164306522227,0.0,0
16,987,986,log_mean,0.15,0.9058694567308867,13.273001176536916,0.0,0
16,987,986,affine_mean,0.15,0.925366139082513,12.005216760586121,1.4949633536292747e-10,9
17,252,251,sample,0.0,1.0674791775041739,12.9628513261091,0.0,0
17,252,251,shrinkage,0.35,1.0803079097301573,8.160880483262172,0.0,0
17,252,251,log_mean,0.35,0.921673369349373,8.794317946911269,0.0,0
17,252,251,affine_mean,0.35,0.9292956259839972,8.031453690383564,4.6057256044740754e-10,9
17,273,272,sample,0.0,1.040353782302449,11.035154807943284,0.0,0
17,273,272,shrinkage,0.35,1.0982932436314012,7.3733538864425,0.0,0
17,273,272,log_mean,0.35,0.9448571971410088,7.910029563180879,0.0,0
17,273,272,affine_mean,0.35,0.9565230531055549,7.256726541828769,4.086995336965e-10,9
17,294,293,sample,0.0,1.046429916204671,11.241710179562908,0.0,0
17,294,293,shrinkage,0.35,1.1234059400652132,7.667416534384377,0.0,0
17,294,293,log_mean,0.35,0.8977132878026933,8.486838598056321,0.0,0
17,294,293,affine_mean,0.35,0.9024848622468381,7.838546984706312,1.817468191340693e-10,10
17,315,314,sample,0.0,1.0509515783630152,10.530224786608052,0.0,0
17,315,314,shrinkage,0.35,1.1142308512013015,7.420411073992839,0.0,0
17,315,314,log_mean,0.35,0.8620085899777385,7.971712902418821,0.0,0
17,315,314,affine_mean,0.35,0.861991045046551,7.157114894498486,1.7153089169171144e-10,10
17,336,335,sample,0.0,3.5974235139507127,11.542611672043943,0.0,0
17,336,335,shrinkage,0.35,3.180501275526867,8.260731911792739,0.0,0
17,336,335,log_mean,0.35,3.5033503291290353,9.241949483351085,0.0,0
17,336,335,affine_mean,0.35,3.4907946321203105,8.438585308906553,4.752342756199638e-10,9
17,357,356,sample,0.0,3.0849861965754757,9.11765119974389,0.0,0
17,357,356,shrinkage,0.35,2.763931513347938,6.398622551772516,0.0,0
17,357,356,log_mean,0.35,3.128457688610455,7.5913459360787305,0.0,0
17,357,356,affine_mean,0.35,3.1252675261430265,7.156076247059122,1.4232813757010233e-10,10
17,378,377,sample,0.0,2.823803941112011,8.390803280916641,0.0,0
17,378,377,shrinkage,0.35,2.5338652677672484,5.43532241392802,0.0,0
17,378,377,log_mean,0.35,3.087803040615812,6.706005620624804,0.0,0
17,378,377,affine_mean,0.35,3.0781946433933314,6.102763750233087,3.7352434795295955e-10,11
17,399,398,sample,0.0,2.503484940014086,7.887815595529337,0.0,0
17,399,398,shrinkage,0.35,2.2765195433752514,4.652506497730765,0.0,0
17,399,398,log_mean,0.35,2.9111939013800865,6.152178893777518,0.0,0
17,399,398,affine_mean,0.35,2.913748030744529,5.658019241998812,6.005299129708473e-10,12
17,420,419,sample,0.0,2.303753156239095,7.80717934826435,0.0,0
17,420,419,shrinkage,0.35,2.092614829761908,4.664465836921658,0.0,0
17,420,419,log_mean,0.35,2.526338630335083,5.700193866896575,0.0,0
17,420,419,affine_mean,0.35,2.5345179048738817,5.274096990811231,6.076300309605266e-10,11
17,441,440,sample,0.0,1.9340087968702886,8.579152823968519,0.0,0
17,441,440,shrinkage,0.35,1.7272603277461245,4.647457032011269,0.0,0
17,441,440,log_mean,0.35,2.3414826115302034,5.182160453667349,0.0,0
17,441,440,affine_mean,0.35,2.340729692215799,4.7797035175846965,4.081298733345954e-10,13
17,462,461,sample,0.0,1.7676382460857867,8.397462806741784,0.0,0
17,462,461,shrinkage,0.35,1.6013831719037301,4.509322029561881,0.0,0
17,462,461,log_mean,0.35,2.2423141359066863,5.012036558398493,0.0,0
17,462,461,affine_mean,0.35,2.244540307730697,4.610385215810418,3.297093396179778e-10,15
17,483,482,sample,0.0,1.515257976532388,8.853093958415528,0.0,0
17,483,482,shrinkage,0.35,1.4031006312180345,4.599223361866944,0.0,0
17,483,482,log_mean,0.35,1.7784446619323775,4.824100283224103,0.0,0
17,483,482,affine_mean,0.35,1.788519841089277,4.439075485754623,4.924017339532222e-10,12
17,504,503,sample,0.0,1.3676096602599828,8.584181079239283,0.0,0
17,504,503,shrinkage,0.35,1.2954209473981297,4.563605533072083,0.0,0
17,504,503,log_mean,0.35,1.6125482300172937,4.698426908363458,0.0,0
17,504,503,affine_mean,0.35,1.6280415386713651,4.427887287771767,7.313850216920421e-10,11
17,525,524,sample,0.0,1.3354085197997905,9.455517620768184,0.0,0
17,525,524,shrinkage,0.35,1.2561257135045134,4.886455746707299,0.0,0
17,525,524,log_mean,0.35,1.5522549048088259,5.0134709222295015,0.0,0
17,525,524,affine_mean,0.35,1.5686171301698233,4.647314015992979,3.4485333562797176e-10,13
17,546,545,sample,0.0,1.1829808435662317,9.109078511328041,0.0,0
17,546,545,shrinkage,0.35,1.2019946084816362,4.9645720057112825,0.0,0
17,546,545,log_mean,0.35,1.2038412436982158,5.2279239671724165,0.0,0
17,546,545,affine_mean,0.35,1.2200674557732065,4.9136001913883485,2.0830551974724992e-10,11
17,567,566,sample,0.0,1.0927950120383152,11.629917265780747,0.0,0
17,567,566,shrinkage,0.35,1.1088950678790996,5.810995328268257,0.0,0
17,567,566,log_mean,0.35,1.029546146297894,6.19931932905537,0.0,0
17,567,566,affine_mean,0.35,1.0520156418635624,5.8185644997164125,7.382822568007894e-10,10
17,588,587,sample,0.0,1.0152423339157644,12.379514527183547,0.0,0
17,588,587,shrinkage,0.35,1.0671910735418146,6.195496992338507,0.0,0
17,588,587,log_mean,0.35,0.9399202675341782,6.575199717377012,0.0,0
17,588,587,affine_mean,0.35,0.9639340969550303,6.1477888520036865,5.538979198769488e-10,10
17,609,608,sample,0.0,1.0114161369200465,12.521474949452909,0.0,0
17,609,608,shrinkage,0.35,1.0645399186831321,6.2516741700615714,0.0,0
17,609,608,log_mean,0.35,0.9210749939741559,6.378711057506791,0.0,0
17,609,608,affine_mean,0.35,0.9474455358887656,5.9409132949456245,6.882772670593711e-10,10
17,630,629,sample,0.0,0.9965622255760345,13.693449781399604,0.0,0
17,630,629,shrinkage,0.35,1.0907315649925657,6.772744734410736,0.0,0
17,630,629,log_mean,0.35,0.9678620433898486,7.337426730758102,0.0,0
17,630,629,affine_mean,0.35,0.9732384414563258,6.6731026806708735,7.308923828572634e-10,10
17,651,650,sample,0.0,0.9893111792382826,13.787039693160601,0.0,0
17,651,650,shrinkage,0.35,1.1447885118245358,7.005841361281562,0.0,0
17,651,650,log_mean,0.35,0.9761018561454968,7.285414128157365,0.0,0
17,651,650,affine_mean,0.35,0.9766451430998991,6.772979354512431,2.1047394760618482e-10,10
17,672,671,sample,0.0,5.070858162710992,13.909577474828478,0.0,0
17,672,671,shrinkage,0.35,5.0840796920378075,7.1470473210330345,0.0,0
17,672,671,log_mean,0.35,4.741888505265335,7.985432820196063,0.0,0
17,672,671,affine_mean,0.35,4.680875079890121,7.365102538477596,3.213307539891443e-10,10
17,693,692,sample,0.0,4.722829458925539,12.30387455356861,0.0,0
17,693,692,shrinkage,0.35,4.75893540464295,6.3895095443612355,0.0,0
17,693,692,log_mean,0.35,4.356751601354851,7.007135301421694,0.0,0
17,693,692,affine_mean,0.35,4.309369368785683,6.432236637425824,1.6394946119761283e-10,11
17,714,713,sample,0.0,4.540080457545493,10.360801065262052,0.0,0
17,714,713,shrinkage,0.35,4.605560315900994,5.982464071869405,0.0,0
17,714,713,log_mean,0.35,4.049566954149465,6.012016531795222,0.0,0
17,714,713,affine_mean,0.35,4.018757708129314,5.658857659577,9.133292152833187e-10,10
17,735,734,sample,0.0,4.342983831240553,9.921960383016806,0.0,0
17,735,734,shrinkage,0.35,4.417798803771001,5.857625508267811,0.0,0
17,735,734,log_mean,0.35,3.5447204818426865,5.927009576955378,0.0,0
17,735,734,affine_mean,0.35,3.5070767621144645,5.382934872009287,6.387059216398387e-10,15
17,756,755,sample,0.0,4.0963105425995305,10.140140460277648,0.0,0
17,756,755,shrinkage,0.35,4.179160724843023,5.694273396271163,0.0,0
17,756,755,log_mean,0.35,3.254243415250823,5.928101900872201,0.0,0
17,756,755,affine_mean,0.35,3.220490322000608,5.3708499613486635,3.3949436505536686e-10,14
17,777,776,sample,0.0,3.8925957757753804,10.079394737028888,0.0,0
17,777,776,shrinkage,0.35,3.9797543753049864,5.600271245558952,0.0,0
17,777,776,log_mean,0.35,2.9864552313838884,5.600605470440271,0.0,0
17,777,776,affine_mean,0.35,2.9532890264196485,5.091175990932387,3.3958334924699253e-10,13
17,798,797,sample,0.0,3.531922596133075,10.5117712013253,0.0,0
17,798,797,shrinkage,0.35,3.6002832046367272,5.730058904251175,0.0,0
17,798,797,log_mean,0.35,2.494623126690505,5.588836525302281,0.0,0
17,798,797,affine_mean,0.35,2.468096374786436,4.912778055875959,3.526931319453438e-10,17
17,819,818,sample,0.0,3.213600521945952,9.275772666697023,0.0,0
17,819,818,shrinkage,0.35,3.3118434729580386,5.459699571206505,0.0,0
17,819,818,log_mean,0.35,2.281166504944147,5.752159875641334,0.0,0
17,819,818,affine_mean,0.35,2.2655751480580735,5.147794235332927,5.982344372334104e-10,15
17,840,839,sample,0.0,2.900018645440184,7.955906278430752,0.0,0
17,840,839,shrinkage,0.35,3.02728943514922,4.922590438897274,0.0,0
17,840,839,log_mean,0.35,1.9992073100043561,5.637188318414262,0.0,0
17,840,839,affine_mean,0.35,1.992140885309188,5.222594038991877,5.569085931667521e-10,11
17,861,860,sample,0.0,2.44728652511401,8.148807543739855,0.0,0
17,861,860,shrinkage,0.35,2.614991231409515,5.2974555580672975,0.0,0
17,861,860,log_mean,0.35,1.5245212759908866,6.439989702573372,0.0,0
17,861,860,affine_mean,0.35,1.5232396676618667,5.885531855495442,3.733622649021041e-10,14
17,882,881,sample,0.0,1.8697615769798182,10.679755565846266,0.0,0
17,882,881,shrinkage,0.35,2.1066205827015363,6.042288935962808,0.0,0
17,882,881,log_mean,0.35,1.3257558359302921,6.501595477023511,0.0,0
17,882,881,affine_mean,0.35,1.336584114764304,6.098187124246115,8.031863872052293e-10,12
17,903,902,sample,0.0,1.12130411068299,12.94850982427268,0.0,0
17,903,902,shrinkage,0.35,1.4655545630482392,6.197001059396868,0.0,0
17,903,902,log_mean,0.35,1.1842687985955673,6.8149907745620215,0.0,0
17,903,902,affine_mean,0.35,1.1965732968293334,6.509783489291932,7.56233360927967e-10,9
17,924,923,sample,0.0,0.8538819369161522,17.402327246869653,0.0,0
17,924,923,shrinkage,0.35,1.0874626224732085,6.9014089864317345,0.0,0
17,924,923,log_mean,0.35,0.9330457752966433,7.32696862326793,0.0,0
17,924,923,affine_mean,0.35,0.9637488685909312,6.978064824570491,3.063014739341542e-10,9
17,945,944,sample,0.0,0.8700081089037733,15.872780258942974,0.0,0
17,945,944,shrinkage,0.35,1.0847834999296002,6.665986900298396,0.0,0
17,945,944,log_mean,0.35,0.9199807052621762,6.893571334919081,0.0,0
17,945,944,affine_mean,0.35,0.9483981798817414,6.563970701885666,1.7777972295544279e-10,10
17,966,965,sample,0.0,0.9205611370419845,18.097474344769573,0.0,0
17,966,965,shrinkage,0.35,1.0891302701615704,7.295425886598324,0.0,0
17,966,965,log_mean,0.35,0.9946829193016132,7.666480553217996,0.0,0
17,966,965,affine_mean,0.35,1.0121077191400374,7.340680685756289,2.6075824003273454e-10,9
17,987,986,sample,0.0,0.9999365733823458,17.571910268041496,0.0,0
17,987,986,shrinkage,0.35,1.0759391167759893,7.410660886630753,0.0,0
17,987,986,log_mean,0.35,1.066268326856554,7.71768844792453,0.0,0
17,987,986,affine_mean,0.35,1.087752204927325,7.351851766697097,5.315228995733909e-10,9
18,252,251,sample,0.0,1.121088980759253,8.857225439746964,0.0,0
18,252,251,shrinkage,0.65,1.3061390617472977,4.085222078821195,0.0,0
18,252,251,log_mean,0.65,1.261641296939178,4.579486890033692,0.0,0
18,252,251,affine_mean,0.65,1.267484833761646,4.285081207123605,5.108531817631642e-10,10
18,273,272,sample,0.0,1.0926585889094065,7.924869110850619,0.0,0
18,273,272,shrinkage,0.65,1.2665187361235195,3.7709330423181973,0.0,0
18,273,272,log_mean,0.65,1.2549196304808958,4.289102712198402,0.0,0
18,273,272,affine_mean,0.65,1.270349198488763,4.0533174083414725,4.4032789377359235e-10,11
18,294,293,sample,0.0,1.0762632011655646,7.963094169727161,0.0,0
18,294,293,shrinkage,0.65,1.2414831293325161,3.6012486534164347,0.0,0
18,294,293,log_mean,0.65,1.2437135299922,3.7675400687149163,0.0,0
18,294,293,affine_mean,0.65,1.2690368663757672,3.5972304030982563,3.1080497882305104e-10,11
18,315,314,sample,0.0,1.1278790800696492,7.666672585104989,0.0,0
18,315,314,shrinkage,0.65,1.2311296190456367,3.6572984688474914,0.0,0
18,315,314,log_mean,0.65,1.3037807485786967,3.9134298698669454,0.0,0
18,315,314,affine_mean,0.65,1.3282815538722885,3.7420785585597236,6.788111542753388e-10,10
18,336,335,sample,0.0,4.040884879140047,9.625958977965029,0.0,0
18,336,335,shrinkage,0.65,3.2325049666772836,3.7636689202702924,0.0,0
18,336,335,log_mean,0.65,3.6444638387983175,3.9111284222017604,0.0,0
18,336,335,affine_mean,0.65,3.6576304391787406,3.700496896311056,6.81406611715798e-10,10
18,357,356,sample,0.0,3.243226313436671,6.972876815811873,0.0,0
18,357,356,shrinkage,0.65,2.7470526206626613,3.997275963442949,0.0,0
18,357,356,log_mean,0.65,3.3275746928340464,4.02695943572993,0.0,0
18,357,356,affine_mean,0.65,3.339231878446926,3.781975651439908,6.535602076705444e-10,10
18,378,377,sample,0.0,2.9787844593833808,5.514006630433906,0.0,0
18,378,377,shrinkage,0.65,2.605955211667236,3.126404254606993,0.0,0
18,378,377,log_mean,0.65,3.349816127005031,3.2989127792217183,0.0,0
18,378,377,affine_mean,0.65,3.3653192738570383,3.1470583183702163,4.1639438444080656e-10,11
18,399,398,sample,0.0,2.6413992146310425,5.452865198887303,0.0,0
18,399,398,shrinkage,0.65,2.3702123493047083,2.9548154813128678,0.0,0
18,399,398,log_mean,0.65,3.1603115927907908,2.9850977773017777,0.0,0
18,399,398,affine_mean,0.65,3.1824660933714926,2.8101692066453237,9.745592023750642e-10,16
18,420,419,sample,0.0,2.3112076332275424,5.466846207079861,0.0,0
18,420,419,shrinkage,0.65,2.188683508461031,3.1336330737057456,0.0,0
18,420,419,log_mean,0.65,2.8241121403368314,3.134112039480194,0.0,0
18,420,419,affine_mean,0.65,2.8380506573748887,2.9931996112559007,2.3121078199542522e-10,12
18,441,440,sample,0.0,2.141237370014837,5.735336088228035,0.0,0
18,441,440,shrinkage,0.65,2.058247669396407,2.9163208885404464,0.0,0
18,441,440,log_mean,0.65,2.7291497006315817,2.8873461015653477,0.0,0
18,441,440,affine_mean,0.65,2.7451593199674944,2.768456793942904,2.4012032687220626e-10,12
18,462,461,sample,0.0,1.9381903171996606,6.238840391889801,0.0,0
18,462,461,shrinkage,0.65,1.8708696998782088,2.888962409849217,0.0,0
18,462,461,log_mean,0.65,2.5349293421741077,3.0748679023846837,0.0,0
18,462,461,affine_mean,0.65,2.566815886280159,2.898008106614313,4.2576494855478205e-10,15
18,483,482,sample,0.0,1.7882267607366058,6.7405028177679664,0.0,0
18,483,482,shrinkage,0.65,1.7757602614018528,2.91579868558883,0.0,0
18,483,482,log_mean,0.65,2.3035362576207534,3.0220360294442337,0.0,0
18,483,482,affine_mean,0.65,2.3272333575227018,2.861918517196036,2.9913562892403157e-10,12
18,504,503,sample,0.0,1.7296235019058919,6.585725110740639,0.0,0
18,504,503,shrinkage,0.65,1.7563312794530836,2.971881336083856,0.0,0
18,504,503,log_mean,0.65,2.2723834856871044,2.92257572262912,0.0,0
18,504,503,affine_mean,0.65,2.2934685643325814,2.7854649991036298,2.1732067008145637e-10,11
18,525,524,sample,0.0,1.4931635190959913,6.8713578896214464,0.0,0
18,525,524,shrinkage,0.65,1.5881374410085596,3.010138322343283,0.0,0
18,525,524,log_mean,0.65,1.9898668090627945,3.1253794869170397,0.0,0
18,525,524,affine_mean,0.65,2.017298193538011,2.959847124936338,3.7397848621963284e-10,15
18,546,545,sample,0.0,1.3280584687100783,7.08008992899088,0.0,0
18,546,545,shrinkage,0.65,1.493546444638361,2.8429353664105,0.0,0
18,546,545,log_mean,0.65,1.6717279135537706,3.078869732876958,0.0,0
18,546,545,affine_mean,0.65,1.6871610158938284,2.9520294858189255,2.8017425102705825e-10,10
18,567,566,sample,0.0,1.2386929017794586,7.091346984453403,0.0,0
18,567,566,shrinkage,0.65,1.4491247643688234,2.8165249844402562,0.0,0
18,567,566,log_mean,0.65,1.5599440629897485,2.896651830909915,0.0,0
18,567,566,affine_mean,0.65,1.579371352775471,2.8265517734714574,1.3007072517976912e-10,9
18,588,587,sample,0.0,1.1561112492147367,8.726738072371056,0.0,0
18,588,587,shrinkage,0.65,1.3614482221512505,2.877875690544569,0.0,0
18,588,587,log_mean,0.65,1.3986121169391819,2.9849961469071453,0.0,0
18,588,587,affine_mean,0.65,1.4187920299439822,2.900839267566496,2.5497842802491073e-10,9
18,609,608,sample,0.0,1.2883659985260338,8.95996398770668,0.0,0
18,609,608,shrinkage,0.65,1.410057636614925,3.131161533642962,0.0,0
18,609,608,log_mean,0.65,1.5054979856378703,3.3575449780459525,0.0,0
18,609,608,affine_mean,0.65,1.5269221465041474,3.2710178542342123,1.6123704441598414e-10,9
18,630,629,sample,0.0,1.1786638128856965,9.153443533131254,0.0,0
18,630,629,shrinkage,0.65,1.381597925310927,3.1999404915344316,0.0,0
18,630,629,log_mean,0.65,1.487418993535258,3.346226127699156,0.0,0
18,630,629,affine_mean,0.65,1.5105037628492284,3.2463826606905486,8.146397693577552e-10,8
18,651,650,sample,0.0,1.1734820033166709,8.407893049910271,0.0,0
18,651,650,shrinkage,0.65,1.405138034537214,3.0744092633273103,0.0,0
18,651,650,log_mean,0.65,1.4799489353749735,3.171724365864513,0.0,0
18,651,650,affine_mean,0.65,1.4957683216725302,3.0687419828880573,1.4437561432839878e-10,9
18,672,671,sample,0.0,4.110050793234721,8.22967471796381,0.0,0
18,672,671,shrinkage,0.65,4.0593514284215635,3.05632953415297,0.0,0
18,672,671,log_mean,0.65,3.7472164769687186,3.259949768980085,0.0,0
18,672,671,affine_mean,0.65,3.715040795556889,3.1290085798334437,1.9286917595098525e-10,9
18,693,692,sample,0.0,3.9444904603508775,7.32298101862187,0.0,0
18,693,692,shrinkage,0.65,3.924827327507444,3.115999859746054,0.0,0
18,693,692,log_mean,0.65,3.5074684827955562,3.033324418375042,0.0,0
18,693,692,affine_mean,0.65,3.4824247895804152,2.9032357130537423,2.7682606420850475e-10,9
18,714,713,sample,0.0,3.752881433888644,7.253016545746248,0.0,0
18,714,713,shrinkage,0.65,3.7398654900510495,2.832028673418005,0.0,0
18,714,713,log_mean,0.65,3.229727887584002,2.8681452923404467,0.0,0
18,714,713,affine_mean,0.65,3.2025533568822806,2.727966948457754,4.301092904558722e-10,9
18,735,734,sample,0.0,3.5464648847555544,5.976462039510456,0.0,0
18,735,734,shrinkage,0.65,3.558172642474055,2.6412702140158117,0.0,0
18,735,734,log_mean,0.65,2.7887642153118883,2.7542812186575545,0.0,0
18,735,734,affine_mean,0.65,2.77309603775846,2.608432354633593,4.708325739618569e-10,11
18,756,755,sample,0.0,3.394763748741211,6.2386128388274225,0.0,0
18,756,755,shrinkage,0.65,3.4216133949505645,2.6481367946034475,0.0,0
18,756,755,log_mean,0.65,2.609168911886315,2.834667458437165,0.0,0
18,756,755,affine_mean,0.65,2.598339795785963,2.6900107421978863,2.2211901080085943e-10,12
18,777,776,sample,0.0,2.944268059007798,5.708706608326503,0.0,0
18,777,776,shrinkage,0.65,3.0138484158645036,2.7628789994154066,0.0,0
18,777,776,log_mean,0.65,2.263217608086269,3.1631707414242003,0.0,0
18,777,776,affine_mean,0.65,2.2501402377565416,2.999910535037206,2.6746631038200153e-10,12
18,798,797,sample,0.0,2.637257580002926,5.913752170629512,0.0,0
18,798,797,shrinkage,0.65,2.7548781922858363,2.8896418731430886,0.0,0
18,798,797,log_mean,0.65,1.9419468089221643,3.355471320708172,0.0,0
18,798,797,affine_mean,0.65,1.9340831383416914,3.136674533111555,8.312543241251482e-10,12
18,819,818,sample,0.0,2.361868734084123,6.2624755243441905,0.0,0
18,819,818,shrinkage,0.65,2.5407990090144077,2.8722339149157246,0.0,0
18,819,818,log_mean,0.65,1.8268020812219385,3.5391101039300077,0.0,0
18,819,818,affine_mean,0.65,1.8211319962018861,3.331984439720943,2.060712166189674e-10,12
18,840,839,sample,0.0,1.7484694742351334,8.180878531194505,0.0,0
18,840,839,shrinkage,0.65,2.0796648345032636,3.8038189361832573,0.0,0
18,840,839,log_mean,0.65,1.6379886580767355,3.822073881446476,0.0,0
18,840,839,affine_mean,0.65,1.641107027703382,3.6214974710791994,8.562070987061595e-10,11
18,861,860,sample,0.0,1.5829835098607488,8.190550091836553,0.0,0
18,861,860,shrinkage,0.65,1.9647760697065697,3.822671171990268,0.0,0
18,861,860,log_mean,0.65,1.4897492499273222,4.135239655593318,0.0,0
18,861,860,affine_mean,0.65,1.5016005670650505,3.909273980808169,3.827893546612481e-10,10
18,882,881,sample,0.0,1.2645937323479945,8.65380762098439,0.0,0
18,882,881,shrinkage,0.65,1.7203197258404623,3.727709439808866,0.0,0
18,882,881,log_mean,0.65,1.4411039631630045,4.151345243587027,0.0,0
18,882,881,affine_mean,0.65,1.4589455759995449,3.889755706522568,2.045278375882858e-10,11
18,903,902,sample,0.0,1.1066315226983032,10.14603702061473,0.0,0
18,903,902,shrinkage,0.65,1.496073355916206,4.3658022497242115,0.0,0
18,903,902,log_mean,0.65,1.4119202991497086,4.706667525373308,0.0,0
18,903,902,affine_mean,0.65,1.4353455616162936,4.4085654735312625,4.122232693958848e-10,10
18,924,923,sample,0.0,1.1006892986161108,12.539496694023104,0.0,0
18,924,923,shrinkage,0.65,1.3242474768603318,4.799958276886779,0.0,0
18,924,923,log_mean,0.65,1.3448963396041935,4.850011145946062,0.0,0
18,924,923,affine_mean,0.65,1.3784183418827378,4.560789752096686,2.5248359725740937e-10,10
18,945,944,sample,0.0,1.1967081924803447,13.235700754702787,0.0,0
18,945,944,shrinkage,0.65,1.4250325942021236,5.397859640995073,0.0,0
18,945,944,log_mean,0.65,1.3702793518072844,5.635636398678309,0.0,0
18,945,944,affine_mean,0.65,1.3977726996695379,5.126602371317695,7.86720368357361e-10,10
18,966,965,sample,0.0,1.21694438911614,13.601541224318726,0.0,0
18,966,965,shrinkage,0.65,1.4143649513942402,5.60401960227233,0.0,0
18,966,965,log_mean,0.65,1.3936451796686156,5.949846420471073,0.0,0
18,966,965,affine_mean,0.65,1.4237404677929777,5.458164991334398,1.8010178870240913e-10,10
18,987,986,sample,0.0,1.2900795448497422,13.936868493600723,0.0,0
18,987,986,shrinkage,0.65,1.4699102922634426,5.820421357165388,0.0,0
18,987,986,log_mean,0.65,1.393256546078956,5.573890043142996,0.0,0
18,987,986,affine_mean,0.65,1.415076666804599,5.180426066980807,3.299422949859279e-10,9
19,252,251,sample,0.0,1.2818233915424122,9.134333409815985,0.0,0
19,252,251,shrinkage,0.35,0.955512463923813,5.598565810668425,0.0,0
19,252,251,log_mean,0.35,1.1509989526993936,6.306406554524865,0.0,0
19,252,251,affine_mean,0.35,1.1770970917489274,5.930100276789998,3.644144453217168e-10,9
19,273,272,sample,0.0,1.20098538382905,9.306402954774162,0.0,0
19,273,272,shrinkage,0.35,0.9030024717546375,5.758123686533236,0.0,0
19,273,272,log_mean,0.35,1.0888915934629761,6.450853094586806,0.0,0
19,273,272,affine_mean,0.35,1.125146092532034,6.004123800765738,9.070713627130862e-10,9
19,294,293,sample,0.0,1.1264424212452657,9.997561301968197,0.0,0
19,294,293,shrinkage,0.35,0.8412602897459848,5.876018608549807,0.0,0
19,294,293,log_mean,0.35,1.042739491339492,6.545296438993039,0.0,0
19,294,293,affine_mean,0.35,1.0869198765114239,5.862837325643846,4.840194239027324e-10,10
19,315,314,sample,0.0,1.1659193666335157,11.012436915972845,0.0,0
19,315,314,shrinkage,0.35,0.8750895026158804,6.483160801947807,0.0,0
19,315,314,log_mean,0.35,1.0388891031711134,7.00792307515006,0.0,0
19,315,314,affine_mean,0.35,1.0566576738849902,6.470612840865046,1.7578912389827765e-10,9
19,336,335,sample,0.0,4.391039860406398,10.76912920193617,0.0,0
19,336,335,shrinkage,0.35,3.856495403113273,6.342325267466032,0.0,0
19,336,335,log_mean,0.35,4.223543543924332,7.192189707924392,0.0,0
19,336,335,affine_mean,0.35,4.20612003111606,6.560934949729532,4.905492647848836e-10,10
19,357,356,sample,0.0,3.864413934033444,7.77977218415209,0.0,0
19,357,356,shrinkage,0.35,3.4378531645567554,4.9582219042402915,0.0,0
19,357,356,log_mean,0.35,3.8855532852420525,5.439295705301852,0.0,0
19,357,356,affine_mean,0.35,3.871712751323146,4.949260648018599,3.7658817299402335e-10,11
19,378,377,sample,0.0,3.2874840006434902,6.570938001056604,0.0,0
19,378,377,shrinkage,0.35,2.943638804996873,4.153547159011011,0.0,0
19,378,377,log_mean,0.35,3.5295386521577727,4.771206580781979,0.0,0
19,378,377,affine_mean,0.35,3.5256104280060696,4.442027987021621,3.77741751112823e-10,11
19,399,398,sample,0.0,2.9699106487387614,6.461172857704712,0.0,0
19,399,398,shrinkage,0.35,2.683038499652129,4.103089855871095,0.0,0
19,399,398,log_mean,0.35,3.4183165236125097,4.64096725347448,0.0,0
19,399,398,affine_mean,0.35,3.415835104728446,4.363290154327412,6.6092459562281e-10,12
19,420,419,sample,0.0,2.705669450682128,6.585243813138665,0.0,0
19,420,419,shrinkage,0.35,2.459602996341151,3.903354196987731,0.0,0
19,420,419,log_mean,0.35,3.118666296136898,4.009221434961701,0.0,0
19,420,419,affine_mean,0.35,3.12608294257784,3.7525613507249114,7.376942348214492e-10,11
19,441,440,sample,0.0,2.463681561481,7.087124911231467,0.0,0
19,441,440,shrinkage,0.35,2.248206805384386,3.980962615625858,0.0,0
19,441,440,log_mean,0.35,2.862185291555845,4.475063294098004,0.0,0
19,441,440,affine_mean,0.35,2.879081515038849,4.169962117934423,2.828182137959008e-10,13
19,462,461,sample,0.0,2.1466188779162256,6.644625952884408,0.0,0
19,462,461,shrinkage,0.35,1.9251050765081106,3.722335846152326,0.0,0
19,462,461,log_mean,0.35,2.641114263378962,4.140553643835686,0.0,0
19,462,461,affine_mean,0.35,2.6571115425709655,3.905203566215733,4.5952775788405236e-10,15
19,483,482,sample,0.0,1.8893298260741407,6.478898208298291,0.0,0
19,483,482,shrinkage,0.35,1.7338905076413653,3.718305108293533,0.0,0
19,483,482,log_mean,0.35,2.305668751005707,3.936752329435399,0.0,0
19,483,482,affine_mean,0.35,2.3289363350136645,3.624817754833778,2.8521988419625696e-10,14
19,504,503,sample,0.0,1.6948071689341142,6.279061726297148,0.0,0
19,504,503,shrinkage,0.35,1.5868781379690247,3.6978317805233765,0.0,0
19,504,503,log_mean,0.35,2.0310081915405878,3.951779462866304,0.0,0
19,504,503,affine_mean,0.35,2.05432196993499,3.6687032966560573,8.436783125197161e-10,11
19,525,524,sample,0.0,1.5017655845752624,6.738692990819658,0.0,0
19,525,524,shrinkage,0.35,1.4697298145050175,3.824187486146869,0.0,0
19,525,524,log_mean,0.35,1.9540592973013136,4.123719912397398,0.0,0
19,525,524,affine_mean,0.35,1.975844344598067,3.841622878128796,8.25477858511175e-10,15
19,546,545,sample,0.0,1.403094769052562,7.316150128482259,0.0,0
19,546,545,shrinkage,0.35,1.368800322007784,3.9503887026699287,0.0,0
19,546,545,log_mean,0.35,1.6703466423150366,3.936014750163491,0.0,0
19,546,545,affine_mean,0.35,1.7138542819744076,3.638305145550912,1.8272698187170385e-10,11
19,567,566,sample,0.0,1.3210059056247636,7.506987057741724,0.0,0
19,567,566,shrinkage,0.35,1.26316270787498,4.039270002515045,0.0,0
19,567,566,log_mean,0.35,1.4069074539561344,4.077141346797982,0.0,0
19,567,566,affine_mean,0.35,1.4387754951109133,3.8807978451401075,5.775947842800667e-10,9
19,588,587,sample,0.0,1.2539199093136741,8.27114557978513,0.0,0
19,588,587,shrinkage,0.35,1.2197579790947846,4.416998871517846,0.0,0
19,588,587,log_mean,0.35,1.3398471465951676,4.86649561632773,0.0,0
19,588,587,affine_mean,0.35,1.368293480540592,4.614005847230244,1.4613532466063205e-10,10
19,609,608,sample,0.0,1.245158020658319,9.431045857327394,0.0,0
19,609,608,shrinkage,0.35,1.1650913915466656,4.617465165676578,0.0,0
19,609,608,log_mean,0.35,1.1999596050730619,4.922502819431717,0.0,0
19,609,608,affine_mean,0.35,1.2387602828533522,4.54415292778391,4.3588080577580946e-10,10
19,630,629,sample,0.0,1.295983001579737,9.870730815801622,0.0,0
19,630,629,shrinkage,0.35,1.160915958391692,4.6204975430731565,0.0,0
19,630,629,log_mean,0.35,1.2251395483690337,4.813291684274268,0.0,0
19,630,629,affine_mean,0.35,1.2623845966356741,4.531253370665041,2.331548486614506e-10,9
19,651,650,sample,0.0,1.3385416525295504,9.651338852083457,0.0,0
19,651,650,shrinkage,0.35,1.2216575547511501,4.579206772645261,0.0,0
19,651,650,log_mean,0.35,1.2709961905421976,4.887248608168108,0.0,0
19,651,650,affine_mean,0.35,1.3079441247103687,4.558690601541024,2.943230044268787e-10,10
19,672,671,sample,0.0,4.805217096570828,8.650983569549489,0.0,0
19,672,671,shrinkage,0.35,4.728666749939181,4.516008698532159,0.0,0
19,672,671,log_mean,0.35,4.39342429405192,4.800951477593655,0.0,0
19,672,671,affine_mean,0.35,4.334904905139425,4.447207285089495,5.403083800320908e-10,10
19,693,692,sample,0.0,4.641242613818812,8.284535781535167,0.0,0
19,693,692,shrinkage,0.35,4.576970255882636,4.440220110777809,0.0,0
19,693,692,log_mean,0.35,4.1675119275413515,4.755483369638479,0.0,0
19,693,692,affine_mean,0.35,4.11507348419807,4.340327685931308,9.94663796616135e-10,9
19,714,713,sample,0.0,4.3127820215190065,9.478503776705272,0.0,0
19,714,713,shrinkage,0.35,4.237998444355113,4.917051238781259,0.0,0
19,714,713,log_mean,0.35,3.726565917132651,5.136968334903239,0.0,0
19,714,713,affine_mean,0.35,3.6755960673233443,4.7058276809398984,6.232085255691978e-10,10
19,735,734,sample,0.0,4.007163022929002,9.19389225381022,0.0,0
19,735,734,shrinkage,0.35,3.9813431825202814,4.853089875801486,0.0,0
19,735,734,log_mean,0.35,3.1450233814176447,4.64941503083408,0.0,0
19,735,734,affine_mean,0.35,3.100840563889359,4.24092317757936,3.90480895845376e-10,13
19,756,755,sample,0.0,3.7535490927843242,9.726587621174737,0.0,0
19,756,755,shrinkage,0.35,3.771231455519177,4.917183541509059,0.0,0
19,756,755,log_mean,0.35,3.0035746039649713,4.700289889238138,0.0,0
19,756,755,affine_mean,0.35,2.945348914573683,4.138694533111591,5.780613925160933e-10,15
19,777,776,sample,0.0,3.546713459903259,9.30488183025242,0.0,0
19,777,776,shrinkage,0.35,3.5674956679099106,4.728317136504547,0.0,0
19,777,776,log_mean,0.35,2.7434676358693646,4.262004901728064,0.0,0
19,777,776,affine_mean,0.35,2.7122890263780346,3.864068930890041,6.351389552025548e-10,14
19,798,797,sample,0.0,3.298532200813968,8.147844134388237,0.0,0
19,798,797,shrinkage,0.35,3.3401409034983547,4.51297606053727,0.0,0
19,798,797,log_mean,0.35,2.249753379812934,4.554906414460128,0.0,0
19,798,797,affine_mean,0.35,2.2284807978298713,4.132694417947856,3.6883649647489476e-10,17
19,819,818,sample,0.0,2.9888881301203107,9.633469583727601,0.0,0
19,819,818,shrinkage,0.35,3.118790663488336,5.0593917320072626,0.0,0
19,819,818,log_mean,0.35,2.120946736485157,5.216249557980487,0.0,0
19,819,818,affine_mean,0.35,2.086008723704055,4.637760255522396,9.478180442700024e-10,20
19,840,839,sample,0.0,2.721670413189735,10.334939383007912,0.0,0
19,840,839,shrinkage,0.35,2.9034247124389077,5.31522329482525,0.0,0
19,840,839,log_mean,0.35,1.898814705772198,6.006568742292305,0.0,0
19,840,839,affine_mean,0.35,1.8709452755776295,5.322580533349127,3.897924567933006e-10,16
19,861,860,sample,0.0,2.550649784775286,12.092548522890896,0.0,0
19,861,860,shrinkage,0.35,2.793287845548211,6.486532555437237,0.0,0
19,861,860,log_mean,0.35,1.6488127733296554,7.069855001418443,0.0,0
19,861,860,affine_mean,0.35,1.6134727622861196,6.317600555300833,6.386110882912393e-10,16
19,882,881,sample,0.0,2.3320266866964685,14.20262815463454,0.0,0
19,882,881,shrinkage,0.35,2.567717458217227,7.155256912653022,0.0,0
19,882,881,log_mean,0.35,1.5591636883348416,7.957875680486087,0.0,0
19,882,881,affine_mean,0.35,1.5193376493780166,7.043790622863143,7.347096452781888e-10,16
19,903,902,sample,0.0,1.7513966612504193,22.161423568081368,0.0,0
19,903,902,shrinkage,0.35,2.051102009412355,9.764507501502377,0.0,0
19,903,902,log_mean,0.35,1.3757663271233047,9.90331802861772,0.0,0
19,903,902,affine_mean,0.35,1.3267562903176662,8.814394859137197,4.990576431564309e-10,14
19,924,923,sample,0.0,1.5388142364456985,29.3930921747883,0.0,0
19,924,923,shrinkage,0.35,1.723273108013646,11.22995204498577,0.0,0
19,924,923,log_mean,0.35,1.1949020676795035,11.109372982121988,0.0,0
19,924,923,affine_mean,0.35,1.147491377386097,10.154359060351231,5.889213704485968e-10,13
19,945,944,sample,0.0,1.5492589235404002,28.9249402162903,0.0,0
19,945,944,shrinkage,0.35,1.734018293273388,11.684006381661588,0.0,0
19,945,944,log_mean,0.35,1.2128963431254944,12.385529021243295,0.0,0
19,945,944,affine_mean,0.35,1.1703822442349514,11.18536210057722,9.588803228934473e-10,14
19,966,965,sample,0.0,1.628491999192453,29.916557211187072,0.0,0
19,966,965,shrinkage,0.35,1.8233635745218117,11.366778050045427,0.0,0
19,966,965,log_mean,0.35,1.2576595376009603,12.066403805521542,0.0,0
19,966,965,affine_mean,0.35,1.2171104058148414,11.036755850075524,8.28876942048853e-10,14
19,987,986,sample,0.0,1.628645737291184,29.05309906111355,0.0,0
19,987,986,shrinkage,0.35,1.8049683836222215,11.547264674114567,0.0,0
19,987,986,log_mean,0.35,1.2413937059320965,12.163723615817222,0.0,0
19,987,986,affine_mean,0.35,1.196577432582138,11.018483213003865,3.4996270460931965e-10,14
