case,intervals,a_real,a_imag,b_real,b_imag,exact_length,integrated_length,relative_error
0,16,-0.4681119404803729,-0.012915358418824829,-0.24860213959253838,0.08214521649839718,0.5539199174691191,0.5539199259529014,1.53159005042959e-08
1,16,-0.14555893603897102,-0.06207425576251886,0.07355698091980083,0.40621796631914825,1.0943508076080188,1.0943512926841126,4.4325465871149e-07
2,16,-0.35116194026246245,-0.47755049622842105,-0.7076244744747661,0.003613757992813424,1.835740143699594,1.8357632204452,1.2570812751019167e-05
3,16,0.5061564235959839,-0.5049501100740283,-0.052857144540530115,0.3217350737202434,2.4004352527370525,2.4007017965040927,0.00011103976528266693
4,16,-0.09891726258451429,-0.32611101673745635,-0.08318710790894485,0.7279503073979993,2.547887423939578,2.54836724492232,0.0001883211080025757
5,16,0.1310553943757343,-0.16641839250564358,0.37042263954098514,0.34657271417684093,1.259372767094146,1.2593740286933404,1.001767885895653e-06
6,16,0.5309000680068642,-0.14623951426837184,0.4671918737903891,0.46053327570883845,1.7177356556847447,1.7177489083284172,7.715182268359495e-06
7,16,0.2968078528644317,0.48438932668122103,-0.3495168485186101,-0.26161748671131135,2.196994142742354,2.197108652486682,5.212109677502099e-05
8,16,-0.6384513102432371,-0.05790241594194403,0.6809735995625664,0.11889598832699227,3.2192036362178387,3.2245740724096295,0.0016682499147833885
9,16,0.10005176771456499,-0.6147842138085091,0.013794550538237863,0.40935568390778837,2.3221094698187588,2.3223029013990493,8.329994033640515e-05
10,16,-0.23364236040441203,0.27083086942544127,0.09438281141871234,-0.3558647888324439,1.4881950251652192,1.488199294593211,2.8688632333896276e-06
11,16,-0.30682019398785426,-0.18330333731854512,0.048913612281970144,-0.388590662565293,0.9228021946131449,0.922802357592014,1.7661300549404905e-07
12,16,0.1824673001387124,0.028618789799578884,-0.25707053085465464,0.0006854286999155733,0.8970561581222005,0.8970562949735315,1.5255603531062813e-07
13,16,-0.4391925699179757,-0.524351711829,-0.5843972422145975,-0.1729230723616136,1.2349163478038092,1.2349174478857503,8.908149471444565e-07
14,16,0.2662656134014964,0.12053505189335799,0.2976127788783426,-0.4580621259044539,1.3434038240756374,1.3434058227068801,1.487736752649948e-06
15,16,0.4799310646671185,-0.21500246142933352,-0.40466196614625105,0.15682607448861363,2.0979799658364855,2.0980547789446713,3.5659591323109624e-05
16,16,-0.7024018250145267,-0.10862729530217646,-0.058066562049433036,0.03530843392310068,1.6776651260454631,1.677676059951306,6.517335118433318e-06
17,16,0.2697548675558376,-0.47809596150648953,-0.710680100847495,0.004861086691627759,2.757149857879781,2.7582167629337104,0.00038695939971496743
18,16,-0.7324058883040659,0.019612022238111388,0.13463973707465515,-0.6721490706390477,3.0909208119621274,3.09442113580694,0.0011324534201154648
19,16,-0.10852770088328186,-0.30965853738782356,0.12052968644681016,0.4838049004960898,1.7748470264361205,1.774864396568013,9.786833250358246e-06
20,16,0.575590843745858,-0.17609193179715707,0.12529919064183473,-0.3628541377267524,1.241038398707475,1.2410395373271843,9.174733921145375e-07
21,16,0.549812921313479,0.02548389806339858,0.4866520496609057,-0.2691077141914432,0.8431889676316217,0.8431890615081031,1.113350447895194e-07
22,16,0.3347495511765043,0.4959463120378787,-0.46087355306240024,0.0880926581365896,2.1121201211142053,2.112199670335121,3.7663208697539985e-05
23,16,-0.508802988728167,0.3946964561024231,-0.18260291530403916,-0.33355008438901546,1.9377182615265554,1.937755042749805,1.8981718849361818e-05
24,16,0.06689630430220349,0.1856326875125818,0.16905213425213936,0.008735451826697164,0.41975815276150974,0.41975815467411737,4.556451411954856e-09
25,16,-0.7409683009061172,-0.07695344019948326,-0.12407821915544705,0.13932635304831814,1.7590805653437347,1.7590966919311457,9.16762297800879e-06
26,16,0.21237712183218274,0.23766742515124958,0.7056879594694507,-0.03446690528721508,1.5270686864096683,1.5270738877173564,3.4060731743091274e-06
27,16,0.43437782961643984,-0.3104878091635192,-0.14170596897300528,0.4867018653433252,2.2165258072633023,2.216650206259414,5.612341426572944e-05
28,16,-0.27424273155097323,0.17478582089916986,0.14714478101321032,-0.19428575636745826,1.1560900242056331,1.1560907241395213,6.054319936398015e-07
29,16,-0.26755663904416993,0.24493115886552103,0.3116835208775095,0.1557339174748009,1.25740203499182,1.257403282808128,9.923765616196256e-07
30,16,0.3765455508533384,0.22858170099823355,-0.0609027553389716,-0.2998470025700974,1.4694298377788333,1.4694337155887183,2.638989481008167e-06
31,16,0.18319247481573758,0.1993848347442624,0.6893298565806704,-0.15492128708634728,1.6279655676525853,1.6279741551932905,5.2750137200934905e-06
32,16,0.048856340979546414,-0.14297327096661822,0.5163487033727664,0.4575764762576645,1.8512263877615556,1.8512511761062083,1.3390228670339107e-05
33,16,-0.18409675264942263,-0.23573972704167367,-0.2687439298717751,-0.1078865686187982,0.3342126392976223,0.33421263987867517,1.7385724061926615e-09
34,16,-0.17661137349552755,0.6696177862470112,-0.5302276290407767,0.19430184077964222,1.7557561977752851,1.7557720731231479,9.041886272623023e-06
35,16,0.22932276621122136,0.24490112378736634,0.08586517734230735,-0.0026667144447131076,0.6006526577914991,0.6006526710535313,2.2079369777369964e-08
36,16,-0.3158085790108989,0.051276541123111474,0.31445688608652334,0.3487201422701062,1.5166990917582759,1.5167040274239196,3.2542154673701466e-06
37,16,-0.6195762744805587,0.007664849117872856,-0.013517624828834784,-0.24652057340776995,1.563824690987606,1.5638309458117405,3.9996964945492824e-06
38,16,-0.5371807195346296,0.4188651939853589,0.334420299802035,-0.23742321380223314,2.5337701881728023,2.5342241509872587,0.00017916495212369317
39,16,-0.6635244356382104,-0.2141172662722287,0.5352558715058299,-0.2498677064092748,2.9519822717601603,2.9541448548094222,0.0007325867333114128
40,16,0.2704481510518758,-0.12235362269085237,0.4403652252470703,-0.013859109661914174,0.4661120239609778,0.46611202729730156,7.157772383675099e-09
41,16,-0.08697284268831772,-0.07423781609130642,0.10768454761980266,0.1630104468326782,0.6199838080552312,0.6199838238774803,2.5520423051240076e-08
42,16,-0.2446462846922445,0.4704882417186809,0.09694196317987062,0.4954857540509629,0.9048367467770313,0.9048368910993263,1.595009215947348e-07
43,16,0.3257831893842752,0.40516505121724455,-0.4097850575656238,0.44891890660500544,1.8822231179501896,1.88225169935489,1.5184918529439272e-05
44,16,0.46463091190090955,-0.07325306974282661,-0.0038512922969335243,-0.03182482278125764,1.0214551536463463,1.0214554631662274,3.0301857105899476e-07
45,16,0.5871215930295294,-0.23558369464688644,0.7164244241029493,0.15062603657545012,1.421296152565655,1.4212991737791005,2.125674821667703e-06
46,16,-0.4294161042270695,0.11659683654153265,0.13194553664452427,-0.7338974579596582,2.60948230159023,2.6100919742371023,0.00023363739485826224
47,16,-0.42386684751063014,0.5311026738977903,-0.15286803042501418,0.16665375852288922,1.1980436454146424,1.1980445376458573,7.44740158946267e-07
48,16,-0.49965694410546424,-0.2477720066361893,-0.11477934620462274,-0.5846257193225204,1.4137680579325835,1.4137709623643702,2.054390584322244e-06
49,16,-0.06893420183367165,-0.2711514009299223,-0.3262327273499826,-0.35665853800212516,0.634504982100447,0.6345050001138598,2.838971051383783e-08
50,16,0.02456190858666951,-0.3385754238628288,0.5477220329513062,-0.39820851140581,1.4034804368659228,1.4034831884986243,1.960577881380686e-06
51,16,-0.19184988620891816,0.5171584733926724,-0.6271848822287552,0.1568684507783034,1.5998625446321189,1.5998700242591244,4.675168520340234e-06
52,16,-0.009483926121500005,0.2952821588830221,-0.454128679643064,-0.08456588969937803,1.2891979536440499,1.289199441749777,1.1542879996678572e-06
53,16,-0.5008478256135085,0.46858274366931785,0.3115436659535637,0.3679615952076183,2.137271774857899,2.137360457845844,4.1493547516236204e-05
54,16,0.4752302349577382,0.36883831905330666,-0.18163490053099343,0.005937315505249419,1.6988932963184655,1.6989054062002917,7.128100306504172e-06
55,16,-0.11782824136308591,-0.12737920011694442,0.32437541236664863,0.016474283584355216,0.9610693673804496,0.9610695774512954,2.1858031580204546e-07
56,16,0.4526794624291417,0.19732635952011568,0.35174005296736477,-0.40514752536153276,1.515639291597701,1.5156442008419937,3.239058475096678e-06
57,16,-0.6391791584911084,-0.07589647116546264,0.2365853736196919,0.6165409131333045,2.8353926027337133,2.8368157460438486,0.0005019210774420298
58,16,-0.20599170117072513,-0.7185799445526629,-0.7044041606146393,0.007831214696786512,2.7665870312604772,2.7676920045911717,0.0003993994471198858
59,16,0.10874909576345614,0.23772442427297155,-0.15066680578857275,0.5963124254883223,1.1058497041488198,1.1058502239812709,4.7007513691454674e-07
60,16,0.043226896495328807,0.7274923399227705,-0.6737612717404251,-0.21646039964201788,3.2570995562520606,3.2631753719700964,0.0018654068176618061
61,16,-0.5387336737987335,0.45148662777117254,-0.11130685195305065,-0.398849361875837,2.355985238955378,2.3562075998317527,9.438126890518985e-05
62,16,0.44532479956293924,0.43671889414872933,0.3040775078057293,-0.5884312750636354,2.6687447529830237,2.669509834148741,0.00028668203089185794
63,16,-0.1391394885650241,0.25885603692611836,0.7029520803050282,-0.18930068788669216,2.3398494068609015,2.3400575130328343,8.893998533520087e-05
64,16,0.7020495857174333,-0.17207076583970446,-0.5677131509387263,-0.3222168778042225,3.251317443791568,3.2572804609911405,0.0018340310666861614
65,16,-0.3973864418418704,0.02809444707601903,0.5767091979161221,0.04062349400951749,2.15895571017384,2.159053056249141,4.508942672717381e-05
66,16,0.33581925492860265,-0.12370399574415783,0.233782100359021,-0.2208760799035422,0.31739778551827774,0.3173977859631783,1.4017128698928446e-09
67,16,-0.48999065571190165,-0.2988182029797008,-0.45568781486587073,-0.38385679981242254,0.27795064885547766,0.2779506490802705,8.087509488674409e-10
68,16,-0.026508109931123132,-0.4742755534496556,0.5370141030112056,0.33658208268685774,2.334180599913774,2.3343839062465075,8.709965833015034e-05
69,16,0.6107485166196747,-0.18265542367229398,0.06217755172699328,0.025442541729017738,1.4073919150528222,1.4073947238770836,1.9957655229934617e-06
70,16,-0.6074382520124139,0.24993863621739398,0.4798105194485195,0.4411259611940054,2.824157288457148,2.8255232473197402,0.0004836695421233094
71,16,-0.34533855795399704,0.29014447716571,-0.33551902052050825,-0.0690198809317623,0.8327276685312602,0.832727755613952,1.0457523511606004e-07
72,16,0.10949554305271147,0.48287454011789777,-0.07140440119008291,0.48004883193457215,0.4719480734602466,0.4719480770261544,7.555720622239423e-09
73,16,-0.24465472375358996,-0.2473157592221854,-0.33072313425435285,-0.37873329625478086,0.38530267406723523,0.3853026752861934,3.163637936294037e-09
74,16,-0.0861721633386899,0.6623936586170296,0.4961042220945462,-0.4928251172303361,3.2432118762022384,3.249019969566898,0.0017908461076125563
75,16,0.10544050458607862,-0.022398907176633228,-0.49703919698355264,0.05545852645553802,1.3145583396266072,1.3145600493002163,1.3005688356250117e-06
76,16,0.05630129224045396,-0.5685292336834976,0.1405433292336502,-0.21633458229823246,0.8842761120316882,0.8842762373561569,1.4172549386602932e-07
77,16,0.392759958831263,-0.11682283602704567,0.15729857646698597,0.16668218483778777,0.8079580234591099,0.8079580961555949,8.997557154227763e-08
78,16,-0.47743326662208835,0.3642693866332723,0.3622466285966543,-0.14779021999071248,2.201038750500481,2.20115524494236,5.2927029046050846e-05
79,16,0.21859230519791711,-0.010553303708555397,0.5002122158885046,-0.4333795340592009,1.296351067394695,1.2963526151406881,1.1939250347186548e-06
80,16,0.26917902376507935,-0.3341887361785272,0.14418356942429675,0.694879945651171,2.5285089053568095,2.5289535704336523,0.00017586059353034864
81,16,-0.04561054103180237,-0.3985214015075596,0.11138806497344834,0.7346511809622325,2.764204605967949,2.765299851382734,0.0003962244373734626
82,16,0.30727401649566194,-0.6105472665872477,-0.11661754082274249,0.25426021521336667,2.2458984839355693,2.2460392880994777,6.269391288854917e-05
83,16,0.03544942588862345,0.5544110443129519,0.3528816731564957,-0.5458778686281789,2.712831758312555,2.7137356794723853,0.0003332020708842446
84,16,-0.47149732176527803,0.41762035577216766,-0.7157181159742092,0.15224656322104482,1.2744545797436975,1.2744559515660077,1.0763995296466792e-06
85,16,-0.08914704346943729,0.12783018968672435,-0.19179243974467036,-0.20022028504192496,0.7094017618329699,0.7094017957929405,4.787128033858933e-08
86,16,-0.12706882568557407,0.715812099326507,-0.12987140315159576,-0.3313783518892018,2.531622859633111,2.532073005852411,0.00017780935165252025
87,16,-0.0887858230298287,0.09143329240274944,-0.2666568614249483,0.047352465312549746,0.3815442764723336,0.3815442776303037,3.034956045981785e-09
88,16,-0.018945136758295778,-0.32686692944735474,-0.4606713965774125,-0.5840485739042487,1.48000393343544,1.4800080275811938,2.7663073463926276e-06
89,16,-0.2565715443150866,-0.6048592196314203,0.6132750177258065,0.25258827936432077,3.0300763922175924,3.032917705349029,0.0009377034647489482
90,16,-0.4956379427448091,-0.4262280836545871,0.14375227161550874,-0.1275423316354136,1.6915378214542542,1.6915495109881142,6.910595619992345e-06
91,16,-0.5677622128802429,0.4674717031286864,-0.6802550789673566,-0.1667687442313514,2.1955035246587524,2.1956173110555035,5.1827016205208274e-05
92,16,0.3103834577883884,-0.6560949450872408,-0.05932976446603914,-0.45836664450360864,1.2844741967575677,1.284475646650711,1.1287833940018264e-06
93,16,-0.5023780515306503,0.4411101095775697,-0.45056300770600316,0.05824293797915653,1.1087156539412282,1.1087161827819296,4.769849686640853e-07
94,16,0.6576245990455297,0.19675514060192859,-0.3121761338947147,0.6216991291402572,2.9111823656943083,2.9130531518787066,0.0006426207462795312
95,16,0.4226719717791568,-0.579219119090533,0.5024239734002484,0.5268104929006586,3.156804780661139,3.1611744391488537,0.001384202949287062
96,16,0.025918584435098185,0.42005625147157905,0.37381158087176514,-0.5995088263484374,2.579281325503726,2.5798236875726577,0.00021027642993756173
97,16,-0.28211599899460693,-0.1883128568893615,0.5646409242031262,-0.045298273489149186,1.911064474349479,1.911097072885311,1.70577896609881e-05
98,16,0.4446297222434408,0.44871920550002786,0.20427938125797532,-0.40480426755949483,2.1365138334079252,2.13660222720694,4.1372912092781005e-05
99,16,-0.19136495518097632,-0.2547958042326485,0.05050568926836857,-0.046410691312459756,0.6630119917085415,0.6630120147896883,3.481256306111756e-08
100,16,-0.0811720395692175,-0.20215871786366332,-0.4343296793790957,-0.11988055054918047,0.8100271602916838,0.8100272341040373,9.112330694695578e-08
101,16,-0.054273442236173086,-0.2465914081578913,0.3486867666499614,0.2823148331981885,1.4164203347237305,1.4164232798110603,2.079246716237607e-06
102,16,-0.24776606157612888,-0.22749277017632444,-0.13487593061638317,0.1505507578163282,0.8314075440160759,0.8314076302730918,1.0374817572336535e-07
103,16,0.6842735833980047,-0.12230831150374866,-0.4333956065030571,0.31383958226076647,2.8652491378633758,2.8668352153399614,0.0005535565670803836
104,16,0.2682119400592709,0.03714864700975035,0.6235037605757799,-0.35876082180094343,1.4583175626624807,1.4583212246683976,2.511116927278298e-06
105,16,-0.42333068045357886,-0.10648870537954928,-0.3187399658784816,0.6559315308514774,2.095333597610939,2.0954075545427133,3.529601771220551e-05
106,16,-0.13630687000731137,0.44468231017968696,0.5341384617783953,0.2905911912455333,1.7326739229893486,1.7326881531259375,8.212818580604205e-06
107,16,-0.12592576969412336,0.08875077706759636,0.5495985247948524,0.06392154191071578,1.4984690574540247,1.4984735566648097,3.002538332484231e-06
108,16,-0.11034600845956309,0.064169145644051,-0.25797813962341337,-0.4572189130568229,1.2088890947622395,1.2088900440290444,7.852389512422894e-07
109,16,0.10088963454679874,-0.2877630308553409,-0.07769305638800358,-0.2732093356324491,0.3899582544130722,0.3899582557112322,3.3289717789801235e-09
110,16,-0.16586072586398612,-0.20386448728676174,-0.03822216905588027,0.37166200922588777,1.2369920480669414,1.2369931610785347,8.997726340066191e-07
111,16,0.5395165499473588,0.3035769686585867,-0.2430575166530555,0.6585658283061775,2.4295658066156225,2.429865662345567,0.00012341947237147914
112,16,-0.6256768668624229,0.26066050454564105,-0.22288349279086062,0.2605926930920175,1.1087238149492782,1.1087243438158334,4.770047761987566e-07
113,16,0.444875570348147,-0.3320527530919821,-0.71408597121887,-0.04796869430455258,2.9351703266165075,2.9372079246454583,0.0006942009499325018
114,16,0.186193682291792,-0.7095565762210865,-0.6968439271825005,-0.17929117730101649,3.044759041645065,3.047748013351711,0.00098167758622735
115,16,0.31701061780514395,-0.016499840458449266,-0.14148240668807827,-0.6879659198402621,2.0377577886259504,2.03781526127767,2.8203868016261178e-05
116,16,0.3635616609659902,0.603197256319414,0.19361942926801035,0.43442558642725176,0.7494102763917582,0.7494103230591262,6.227212189523638e-08
117,16,-0.37153864066759407,0.6333555822507512,-0.1931758372786462,-0.413424609505684,2.6596727259358794,2.6604118297226917,0.000277892757106883
118,16,0.14797231994677099,-0.7010182625254718,-0.5680628019043669,-0.08790981962983467,2.5517584914634064,2.5522456408612624,0.000190907328999076
119,16,-0.3886950151265247,0.10965846411717713,0.17974830868506544,-0.726625170687021,2.567854377062824,2.568373139179164,0.00020202162590434963
120,16,0.5078944163871056,-0.4972595010728768,0.18040350965100302,0.5748770025339522,2.884496082594947,2.8861961848888456,0.0005893931713608971
121,16,0.10208873589387293,-0.13108968489206205,-0.42054395728773747,-0.09913321532932584,1.1183679785614398,1.1183685387974487,5.009406739613982e-07
122,16,-0.33744969821704796,-0.6121382009444899,-0.06986010675463028,-0.5537549047153957,0.8931543090065689,0.8931544422425796,1.4917468272298822e-07
123,16,0.18060735236944667,-0.39754293766279253,-0.5179966655967675,-0.2675863803596032,1.7231566271541812,1.7231702269571676,7.892377728245548e-06
124,16,0.26305893132006564,0.2540606523417154,0.4571074554838376,-0.3124107967484451,1.4222197236266485,1.4222227594648125,2.134577459118539e-06
125,16,-0.2581558021964419,0.48554681260390403,-0.24782966631611889,0.4536099296352648,0.09385401160300139,0.09385401160393413,9.938200620517632e-12
126,16,-0.14315078363782993,0.27338043816612395,0.08545611274607903,0.706603560312884,1.3591948759366055,1.3591970513247624,1.6004976147700273e-06
127,16,0.4540752001723188,0.4517583148858463,-0.4317056789494494,-0.1237036394405615,2.432910677092524,2.433214599436224,0.0001249212914234289
128,16,0.6241481008827857,0.20319307044747623,-0.2487773600583541,0.3916531981969779,2.2007637265719446,2.2008800850342385,5.287185575123077e-05
129,16,-0.22702513626385853,0.04208891154130152,0.17434531644658863,0.5336597215092281,1.4468183744048064,1.446821824938766,2.3849116245082897e-06
130,16,0.14811739439053878,-0.7346219312271474,0.5327215940143956,-0.4321990012494471,1.7847009048680893,1.784719097622179,1.0193727161805134e-05
131,16,0.5035782721872634,0.04155608703921337,0.5146419325157818,-0.4127614726192686,1.3065704256880262,1.3065720624818897,1.2527406340883694e-06
132,16,0.045359539649189935,-0.5389113007078087,0.01513396765544031,0.2741490356901625,1.7711418250265225,1.7711588950314239,9.637853197391117e-06
133,16,0.19206992738424775,0.3503649416363419,0.18459383448203853,0.6736320977231915,0.9496873177667478,0.9496875126989037,2.0525930200988046e-07
134,16,-0.09439750947561058,0.08911271283673397,0.14421950893177699,-0.6074467298616681,1.692035356877146,1.6920470744045215,6.925107875478977e-06
135,16,0.47223604741885156,-0.2851500401731332,0.041664203877166246,0.1328492099840699,1.3485644634332967,1.3485665183072983,1.5237491846633164e-06
136,16,0.38881904934353934,-0.07821032442443272,-0.3903954705695375,-0.3808261348733567,1.882307361085003,1.882335953509549,1.5190093359419323e-05
137,16,0.5862681990340814,0.027964193888402992,0.1826905579594723,0.63931135217682,2.0464196525543454,2.0464793603451876,2.9176709072189605e-05
138,16,0.590745921311781,-0.39727153496562984,0.3856936970674552,-0.44554329512106305,0.7264769003158743,0.726476939272595,5.362416990991971e-08
139,16,0.6529241087463413,-0.31738795953111876,-0.4320145470011895,-0.2816523861110825,2.7416497965944115,2.7426568162698985,0.0003673042693993539
140,16,0.2515282005148948,-0.5462493871815818,0.3718746155589058,0.1508610245946139,1.715231137719842,1.71524423281313,7.634593962409969e-06
141,16,0.29492419067855136,-0.49104869777721505,0.5008774639856507,0.23404464392770508,1.905509487796788,1.9055412732764996,1.6680829938223803e-05
142,16,-0.24819509981229548,0.03209469531440008,0.636269918640724,0.2263361662786469,2.1178008464494407,2.1178823771776396,3.8497825862913756e-05
143,16,-0.35137217333440457,0.32320813720288444,0.6556464984084247,0.11124801616307811,2.464013876263401,2.4643581817333433,0.00013973357587761655
144,16,0.4155793241070227,0.5597277511627095,-0.02689912177042472,-0.43412569378250915,2.586574941931119,2.5871328898293733,0.0002157091562317896
145,16,-0.48970885355986776,-0.3421542447510061,0.2777022917477797,0.3314968220159419,2.2901104231696126,2.290279823790398,7.397050337470735e-05
146,16,0.48531097957462466,-0.2458992169740982,-0.14150408155303917,0.6741909269121041,2.730298044994102,2.731263209849597,0.00035350164692258
147,16,0.4375075423461899,-0.008565664459151374,-0.4573079485599436,-0.543301101075111,2.546866097170067,2.5473440019776286,0.0001876442613502142
148,16,0.06129778266773331,0.5776313196701865,0.04196878058875065,-0.5085516499365194,2.4463644180082142,2.4466852276352467,0.00013113730099688126
149,16,-0.11836814268168959,0.3132093732524492,0.3515895783341436,-0.5924743699966041,2.3828345382388916,2.383082679450165,0.00010413698781484161
150,16,0.40666564934669286,0.012108662528010282,0.2197897440749675,0.6739432908742841,1.8564064953555042,1.8564318825400605,1.367544480148802e-05
151,16,-0.3202564463630644,-0.26877436826608203,0.37948431173115815,0.4174316818898766,2.1650137525286963,2.1651136584685706,4.6145637531222346e-05
152,16,0.5093898489281188,-0.11568189512557037,-0.2739157619752968,0.5822359361234666,2.5056211673211672,2.50602742799612,0.00016213970421833005
153,16,-0.03270399381938285,-0.5507797557748271,0.2054785733825796,-0.48106267509470746,0.6848410630575599,0.6848410908078645,4.052079541766982e-08
154,16,0.2205672914538542,0.26081686613328864,0.2925374312544949,-0.12480458089559188,0.8542735427546567,0.8542736443369687,1.1891075507145214e-07
155,16,0.26742046165544453,-0.2656982439095168,-0.19742074375273627,0.2020249223597651,1.3737505088851225,1.3737528599548725,1.7114241157975134e-06
156,16,-0.49616633505118635,-0.5247624648996969,0.4411987137855353,-0.14226916636099665,2.552307061705887,2.5527952580737736,0.00019127650242849924
157,16,0.1850961388503708,0.37259842998616544,0.2963646241019203,-0.2176489970458125,1.3221388064039428,1.3221405880078478,1.34751653641938e-06
158,16,-0.0193781820569067,-0.6386544478541913,0.08469314830587156,0.295205917010752,2.1367428319923656,2.1368313130704326,4.140932485755617e-05
159,16,-0.5949233065168776,-0.1791651626749945,-0.12901535479636908,0.5850130212826337,2.3066337575726457,2.3068151909280403,7.865720112654367e-05
160,16,-0.31539878935629245,-0.034602181689674695,0.4711819526685471,0.35803243527435313,1.9671570159731657,1.9671990057608753,2.1345417457058525e-05
161,16,-0.4927656330220569,0.5520159869562479,-0.4821338092062402,0.4321108740178758,0.4654165605895272,0.46541656389933594,7.1114976145379505e-09
162,16,-0.5944739371882071,-0.2640029055113587,-0.35600427066758866,0.3985219845335763,1.8963654944274184,1.8963959832024295,1.607747826075674e-05
163,16,0.11823639711831078,0.42387523367148655,-0.2462063451733211,0.5283194405012928,0.9973058506588578,0.9973061162132023,2.66271720293824e-07
164,16,-0.2531834573469087,0.6041312476174037,-0.25224657350400886,-0.6357504927717434,3.099787003591323,3.1033942768945395,0.0011637165066623477
165,16,-0.6501559588501373,-0.2105406542484863,0.5657349718411071,0.14377193750749695,3.0061528635922823,3.0087678822990576,0.0008698887998830465
166,16,-0.7387571329777618,0.1028368964980232,-0.38957944618271556,-0.3713991313643276,1.8313193546139954,1.831341963653947,1.2345765851589746e-05
167,16,-0.04052995396679617,-0.6451598854298775,0.6108347869381078,-0.09999964937524407,2.296143056896838,2.2963167604846606,7.565015920967119e-05
168,16,0.18127351176936804,-0.4628857290278178,0.7227109113218937,0.17967936637274834,2.3345797463743803,2.334783387218597,8.722805230063901e-05
169,16,-0.26299022445701453,0.10667226272209712,0.4398192372461791,0.1208404469944558,1.502254158345671,1.5022587450906684,3.053241671450112e-06
170,16,0.3382322009927614,-0.25120476235359207,-0.03217332518707284,0.44821630559269643,1.7298443236111911,1.7298583635200295,8.116284596700127e-06
171,16,-0.29560549703159955,-0.3175789437313204,0.13518700527766517,-0.6157616216409697,1.3848885481007853,1.384891042412269,1.801091854648782e-06
172,16,-0.5586168510899298,0.06869229412717762,-0.4824011189054348,0.5622268323554434,1.6169022009698486,1.6169103351137555,5.030696291959015e-06
173,16,0.167354209480047,0.16496141080432644,-0.15486288658728267,0.29272188933858917,0.7389385200566785,0.7389385630525186,5.8185950445746714e-08
174,16,-0.15938047045455625,0.2951530460525844,0.026787355257174843,-0.7145350400653782,2.4540626272506505,2.4543934931720535,0.00013482374806939832
175,16,-0.6483109053774789,-0.20539849973393726,-0.5482013182253443,0.46373599904737156,2.18830912985589,2.188419485429803,5.042960905643349e-05
176,16,-0.3016494748186797,-0.24336805178550366,-0.7237501959012069,0.18319977715940947,1.732170866186737,1.7321850623271224,8.195577389371094e-06
177,16,0.14114194872228933,-0.15103720695303016,0.6317749017630968,-0.37923656540536244,1.493427666771547,1.4934320518212882,2.9362317565719814e-06
178,16,-0.5058651840254553,0.4189446241077186,-0.014616225658111772,-0.4364163425434953,2.338040350354405,2.338246913277678,8.834874181788421e-05
179,16,-0.03299702896038341,-0.10063827806624662,0.3078028020577753,0.23859121497462826,1.0069652068288055,1.006965489243265,2.8046099056711376e-07
180,16,0.16513445820893174,0.034855208235345006,0.32500434077660373,-0.05820653374161348,0.39507731113648253,0.39507731252659123,3.5185738477922874e-09
181,16,0.12254402505583928,0.27960975024672496,-0.4441240297434201,0.5645205275476229,1.701741367755829,1.7017536441932666,7.214044196209404e-06
182,16,0.43291688326999334,0.46286243676315764,-0.593208029869989,0.06279171517012769,2.6754995911544133,2.676284566053146,0.00029339376515996813
183,16,-0.32863641259007326,0.645491497997454,-0.3618920202829193,-0.21678953548829208,2.2531459651338697,2.2532911209394144,6.4423613823051e-05
184,16,-0.15118201078604568,-0.08852956476222955,-0.20347051535784072,0.13881437949609088,0.48420866909429744,0.484208673185826,8.449928350218586e-09
185,16,0.6627522199552127,-0.09513528239350127,-0.016693426157984893,0.5596891380896961,2.426226407616863,2.4265222545541847,0.00012193706918396579
186,16,-0.4098520030129671,0.6024004069534424,0.14459355331354537,0.221792772887299,1.7883676055765416,1.788386113725206,1.0349185819860857e-05
187,16,0.08539545468438624,0.6273197423159723,0.17384820123290207,-0.5033449244133872,2.6328640529621006,2.6335311289983725,0.00025336516540663215
188,16,-0.016507785639311816,0.4766073451575788,0.07155609555471819,-0.6011736288711328,2.4397646498489887,2.4400770679091477,0.0001280525398949291
189,16,-0.3935142066626034,-0.5708129712453092,-0.5606851210106449,-0.02614398778779378,1.6988051885356563,1.6988172932990624,7.125457049320339e-06
190,16,0.14614811021842378,-0.5026629075117207,-0.4753886599776301,0.48500567869996897,2.764026200359751,2.7651207205270425,0.000395987623832638
191,16,-0.3635450330905445,0.14624157325004497,-0.03751005093121815,-0.32878430197596437,1.2452169700393532,1.2452181356726422,9.360885026849178e-07
192,16,-0.2999691300103504,0.551433495823068,-0.40971726167468636,-0.3455053765274942,2.2467346827690737,2.246875982646889,6.289121670612332e-05
193,16,-0.5541576445434616,-0.04215131639683557,0.27686537860360855,0.38371754239521505,2.1262229134597916,2.1263074681099927,3.976753785589053e-05
194,16,-0.6117103993752412,0.1264035720233909,-0.5807601207416467,0.3395444551203356,0.72925313230174,0.7292531721284848,5.461305961794999e-08
195,16,0.6080473482718823,-0.05857273237674908,-0.28489667649121503,0.3525467804852789,2.2677386701902256,2.267892976649375,6.804419802764768e-05
196,16,-0.5489485876727273,0.4763817309498194,-0.5383793090600648,-0.4982384515337085,2.9646784409760047,2.96694005924074,0.0007628544915618926
197,16,0.1582137433043763,-0.4365884321294579,0.30666787100865756,0.028955344558132194,1.103088011474697,1.1030885227590086,4.6350273617024416e-07
198,16,-0.26003829823717356,0.3880432691656492,0.07668670321802683,-0.10664426538105079,1.2768796542074747,1.2768810445608567,1.0888679895548202e-06
199,16,-0.22485697969437768,0.12452966616344219,0.25000905351086644,-0.6720003318777978,2.248591655680903,2.2487340623140026,6.333147805637413e-05
200,16,0.21634629453577722,-0.30997289684855095,-0.09082687361118329,0.7438642551121805,2.6918135892571797,2.6926486213554477,0.0003102117106476137
201,16,-0.04211064081307129,0.2895514391339676,-0.06895779558643846,0.7202663508747986,1.2288362085826443,1.2288372715824911,8.65045999937332e-07
202,16,0.45254556412929714,-0.08613365163859149,0.05369468518855307,0.414850647575724,1.4564463499900355,1.4564499767793204,2.4901633245322283e-06
203,16,-0.02874564477593649,-0.0492001627365091,-0.36170364673589644,0.25565197111207333,0.9701869334135814,0.9701871563628098,2.298002794449307e-07
204,16,0.6654935936544012,0.14623489026772035,-0.034838082001235435,-0.23260028601766086,1.9264450171566303,1.926479970829033,1.8144131854997757e-05
205,16,-0.29917524393928013,-0.15610568431448615,0.32289494693907483,0.5310811132892354,2.103875170292421,2.10395192453552,3.648231804949953e-05
206,16,-0.005727719549822561,0.1279898189683473,0.2570875137421764,-0.05995212914424277,0.6633073057178639,0.6633073288573346,3.488499293378387e-08
207,16,-0.20547451343329584,0.2164013679246288,0.6147848447941068,-0.055783145751743896,1.9684141810598177,1.9684564081303408,2.1452329966660326e-05
208,16,-0.41505411170929285,0.03471002491001406,0.29287056685570056,0.15189054463723903,1.5212008863042608,1.52120593569346,3.3193441081112176e-06
209,16,0.5760083691641028,-0.07624203303864024,-0.028756685173311248,0.13894755619719013,1.4602779015873433,1.4602816008296466,2.5332454181129365e-06
210,16,-0.6362288823717529,-0.1955087696550626,-0.27588706238157074,0.3096851411360949,1.6381269620622636,1.638135986886078,5.509233425426149e-06
211,16,-0.12459111224870895,0.23120772617408317,-0.22653434825766017,-0.08874697843413289,0.7030354038541597,0.7030354360990604,4.586525865083787e-08
212,16,0.5252380049798531,-0.3767199980226712,0.06319176731127779,0.3047690964003805,1.9479934904057403,1.9480320158742022,1.977700061708729e-05
213,16,-0.15362438834241499,0.11541736532108711,-0.08927747713140188,0.015845398144029865,0.24201898708824213,0.24201898719904688,4.5783496408254953e-10
214,16,-0.1785918699150072,0.21895353062686676,-0.6094003806056237,0.15844986001079617,1.109724397304139,1.1097249293491922,4.79438907910766e-07
215,16,0.3907910157452718,0.10007385281227552,-0.18092006676237665,0.27938899741919954,1.2961661374720765,1.2961676836487535,1.1928846404904376e-06
216,16,-0.40021340224536356,0.4015880098063194,-0.28276267690601276,-0.5737712193038622,2.446044222080798,2.4463646197296356,0.00013098604103125254
217,16,0.19636769806719917,0.4530382996719804,-0.1692593579239405,-0.6000661058103064,2.539623360712717,2.5400878816534234,0.0001829093825061466
218,16,0.6116743670664813,0.2688944913258423,-0.11003594340672643,0.3087079178937682,1.802481027926098,1.802500798933868,1.0968774407900564e-05
219,16,-0.13702716047225444,-0.16050430962073123,-0.6200157230835815,0.3369229571459605,1.7642338398647885,1.7642503633453799,9.365810936151967e-06
220,16,-0.5071997888564732,-0.4732025260563778,-0.17282532283760887,0.09483159068204741,1.6669976150574646,1.6670079994813574,6.2294173662787066e-06
221,16,0.2996639558461332,0.49499035115547585,0.19810359503388122,-0.15881691385550178,1.5252650187379106,1.5252701728984122,3.3791901329862182e-06
222,16,0.6462517393731921,-0.35581429025987227,-0.45922506526818235,-0.3350508880117454,2.8789680868166907,2.880634685938592,0.0005788876679574191
223,16,-0.47476633182577455,-0.4554044931555209,0.5387932868031303,-0.06539240015152413,2.618686187308913,2.61931788050333,0.00024122523633347712
224,16,0.3155547753106707,0.5777765649524895,0.07105799231621748,-0.5516427076180032,2.7463613414021686,2.7473862246262395,0.0003731785794609407
225,16,0.34795008443521785,-0.2933007302389381,-0.385118419789856,0.6068448153063423,2.7726419177494326,2.773771977508579,0.0004075750827801264
226,16,0.27943490009137284,0.43785976855333164,0.3664925929688854,-0.6138470049065793,2.667891867840357,2.6686544709399818,0.0002858448308259808
227,16,-0.21287039663840918,0.08831905170928622,-0.25486155546246864,0.5019219827749399,0.9925664737660518,0.99256673138426,2.5954756182009985e-07
228,16,-0.47658563988288943,-0.2247728481121075,0.5684332595707683,0.3406914273874301,2.764899121290164,2.7659971942841843,0.0003971475796585452
229,16,0.2871714380162532,-0.03908142247021658,-0.5630122979884467,-0.4067070360095613,2.211416963621521,2.2115387006364746,5.504932672406869e-05
230,16,0.7243230541639277,0.12229806318036053,-0.1973031411902978,0.4910530412232528,2.62604427354926,2.626694104505637,0.00024745620739245023
231,16,0.06379483792184357,0.128889582118825,-0.4282629004284141,0.11921450429285509,1.0600613449258738,1.0600617385200743,3.712937958251692e-07
232,16,0.5584359461856434,-0.010214905458741912,-0.39681958026442543,-0.5580308779058202,2.721754886580503,2.7226896278775694,0.00034343331270390674
233,16,0.02736933499227204,0.6686011713003124,-0.6505767338236828,-0.048417315005441344,2.6538496460350203,2.6545725126878694,0.0002723841774266112
234,16,0.0763040024811152,0.4768143658149046,-0.07453246135444726,-0.6436013228903299,2.596423441368876,2.5970031016022994,0.00022325335081630195
235,16,0.1267683921216771,-0.41548017409610216,0.4863853306423603,0.3875467487261602,2.0919636380634206,2.092036518143353,3.483811984409189e-05
236,16,-0.018908635584759293,-0.48104258377935033,0.09566761563414543,-0.7329666601956037,0.9063042460410767,0.9063043918124972,1.6084159500162606e-07
237,16,-0.524290625785883,0.525900549845704,0.10595216823002908,-0.49700024916653834,2.9602429109851007,2.9624694645071634,0.0007521523027046943
238,16,-0.7029264108525626,-0.030231362498428307,0.4188619094134064,-0.4371551083361701,2.9834578120243163,2.9858736048520633,0.0008097291733138057
239,16,-0.5261468172581056,0.11962295279698652,0.22965929478003036,0.06978558128791765,1.657221439764501,1.657231343557578,5.976143464797397e-06
240,16,0.5947089217154578,0.1474617225355862,-0.4375093838153805,-0.17344977384392482,2.4445680911859546,2.4448865960129655,0.00013029083876177998
241,16,0.2659855032432921,-0.5955861824277477,0.43368119630696916,0.11999969008724622,1.8815037269804535,1.8815322144451694,1.5140796325480145e-05
242,16,0.02279206653520687,-0.20395356789856578,0.3008986461908718,-0.5195105866550915,1.0288003650128754,1.0288006891507988,3.1506396616302214e-07
243,16,-0.6877055389122877,0.14112933120574214,0.19025703137831956,0.1424603987800823,2.119092585661376,2.1191745734407395,3.8690041161096345e-05
244,16,0.24495877032705554,-0.6944525200696929,-0.6304589045548795,-0.2347154805886892,2.8650828526065895,2.8666679765909433,0.0005532558972637497
245,16,0.41352313073796587,0.18122195371966449,-0.30049598057624605,0.2817278138873518,1.5981055080356008,1.598112923064205,4.639886770276696e-06
246,16,0.08418017049664832,-0.3516908538673963,0.12960870614033645,-0.4062938650574274,0.16826033588408085,0.16826033590163658,1.0433673837360756e-10
247,16,0.477992745398088,-0.08461990370625908,0.23964078820893356,-0.530663800783796,1.3241438989991812,1.324145700092568,1.3601946044071133e-06
248,16,-0.5842546449085838,0.18442211617859183,0.2939328342298968,-0.49381755691977797,2.617340218013392,2.6179686450976507,0.00024010141285182542
249,16,0.5116259327522972,0.45444820843459244,-0.03886094344042467,0.07799165934148881,1.6444764156801785,1.6444857242923987,5.660532514416719e-06
250,16,-0.654645354371022,0.1792964155467073,0.3370036892980425,0.665712727189504,3.1076948768211006,3.11140005612379,0.0011922596810660137
251,16,0.3231394192945163,0.3614492113906791,0.47899642297805717,0.5688140905640282,0.8604435248261838,0.8604436309358984,1.233197897467056e-07
252,16,0.6319063879251438,-0.3556456601926857,0.2160855594644297,0.4128517883919695,2.3152723073850354,2.3154603485875733,8.121774788136456e-05
253,16,0.4901144451803934,-0.2562187929846613,0.5286882922719996,0.05708787227906873,0.8673323371634716,0.8673324485384936,1.2841101064790813e-07
254,16,0.3628205972468626,0.04672544723521826,-0.3464390202883396,-0.3515234240887797,1.769698369448282,1.7697153238623236,9.58039761706846e-06
255,16,-0.5977123402152852,-0.03017297844588972,-0.558275640551015,0.25459136630929363,0.880194703273377,0.8801948251030631,1.3841220091884842e-07
256,16,0.17485479556251435,0.6177232993858656,0.2942991745303024,0.05219479876513199,1.4496648317076617,1.4496683334995322,2.4155872405002336e-06
257,16,-0.5545267180905077,-0.12909016162951695,-0.2466892217346008,-0.5428518845143857,1.4362118611487942,1.4362151267855985,2.2737848730018955e-06
258,16,-0.15479892292799666,0.710609212484982,-0.13614413898313923,-0.5836868455795153,3.184793655753217,3.1895890308120243,0.00150570981267328
259,16,0.4350467569122185,0.1026736607753823,0.5603791915609571,0.3080760766105508,0.6862157790483343,0.6862158071181695,4.0905260547761144e-08
260,16,0.2026355842314019,-0.6585911456273085,0.4674423504437579,-0.01900445414923616,1.8746915404920403,1.8747191527689349,1.4728970765649404e-05
261,16,-0.42532592407527564,-0.2289387087804929,0.7105014444104981,-0.16600613471739703,2.7958534613499926,2.79708468284354,0.00044037411494118916
262,16,0.10699637936540048,0.08727754143607196,0.36849936334811717,0.6217770313969774,1.5718190608689964,1.5718255699084327,4.141086972652168e-06
263,16,-0.03054383800715233,-0.6345062164278505,0.5510358686885571,-0.05983769815116954,2.122400864179375,2.122484033603194,3.918648226294748e-05
264,16,0.4628604341370813,-0.4542133001118599,0.10082017693732004,0.20489593984550641,1.7834575325697921,1.783475619531993,1.014151549478483e-05
265,16,0.23797704852423204,-0.6437816589747053,-0.03930743888988411,0.265570515466096,2.2254995398630144,2.2256287484540604,5.805824208527599e-05
266,16,0.5526317072109104,0.5021251387088423,-0.7090238832647782,-0.14110469450844063,3.687731661566465,3.7101591698198644,0.006081654065868948
267,16,-0.07026293430861229,-0.1408457682038169,0.06674259548223037,-0.06544319355169428,0.31678306701582576,0.3167830674562953,1.3904453728294523e-09
268,16,0.02282208794314597,-0.03517680251561167,-0.1195836132335242,0.3402012172869537,0.8369976287668603,0.8369977185682052,1.0728984374429369e-07
269,16,0.3704381958829047,-0.3039475141690708,0.37158406777015174,0.16716199660902736,1.116576165872425,1.1165767201550267,4.964127112490327e-07
270,16,0.565807738934723,-0.21811604006621566,0.4134762739239651,-0.5124658435888153,1.0576495715918521,1.0576499593834108,3.6665410648149576e-07
271,16,-0.1855982025907468,0.3942132206137075,0.02987779045103799,0.6038855166537799,0.8159084458015138,0.8159085228683652,9.445526866721439e-08
272,16,-0.05595421657798375,-0.5502647273245116,0.7224045257800125,0.17201399883451818,2.7988668176079714,2.8001117727276514,0.000444806845344655
273,16,-0.2392756348457536,0.05817759934146446,0.0919467922750018,0.6737355652189277,1.7394917802133718,1.7395064787393693,8.449896782866376e-06
274,16,0.4399473897460851,0.08246736493816063,0.305657205264067,-0.29137360467339185,0.9445929230764666,0.9445931115553409,1.9953449753971753e-07
275,16,0.6586512303745984,-0.17545977744389152,-0.30199095454223346,-0.3492558043866659,2.3940867390451137,2.3943465015535863,0.00010850171141927834
276,16,0.42257252184437144,0.5073456005313235,-0.5932584304166206,0.38869525124395365,2.825378776381629,2.8267508472669527,0.00048562369647333747
277,16,0.6334314026224519,0.1390384360879346,-0.4387347612433463,-0.313770230652325,2.7161384469332654,2.7170536770001164,0.0003369600205336623
278,16,0.6229386188724055,-0.4081674810220613,0.4328043318007612,0.42803066695173025,2.5186943661264403,2.519122163095727,0.00016984870218479957
279,16,0.4488365861695413,-0.38338367828986386,0.045852082999420736,-0.44826358389489707,1.0796607146202808,1.07966115837171,4.1101007302449225e-07
280,16,0.6508248325811055,0.32475628684183433,-0.012662221931760462,-0.2578001994680789,2.195281449059321,2.195395128060914,5.178333814176431e-05
281,16,0.044310083868752174,-0.6321160011271588,-0.3971858530357986,0.311495067169514,2.4551590686951617,2.455491390826701,0.00013535666009455776
282,16,0.6874468091703704,0.02717781446770304,0.6036737359083735,0.18964599054072792,0.6395986949788258,0.6395987138201136,2.9457983420098076e-08
283,16,-0.34405714068355575,0.3496535488117143,-0.1608928712507049,0.5277020883862324,0.6891930357805853,0.6891930645533627,4.174850279835207e-08
284,16,0.2917350824975937,-0.3772566525983497,-0.192048754830049,0.43062129269387167,2.0508886201021554,2.0509495130349635,2.9690999409346037e-05
285,16,0.4646042707989269,-0.3656939662777336,0.29165461029526046,-0.6804400271305272,1.243186877907243,1.2431880303435279,9.270016482042002e-07
286,16,-0.2872415675053051,0.28636963095465434,0.10708738339623444,0.5137210798329814,1.1118329461425238,1.1118334849427391,4.84605369180835e-07
287,16,0.4106213790127091,-0.5978224066035792,-0.5096101445076306,0.2524440669595672,3.069605385374719,3.0728603724600223,0.001060392681356341
288,16,0.6008457624387231,0.16467907573285445,0.14792516560167607,0.09235956078501675,1.1298911886590708,1.1298917885960245,5.309687868115188e-07
289,16,0.20916774913110855,-0.6390209740213301,0.31532403767250866,0.01026052633640144,1.6717218878293756,1.6717325123099294,6.355411525761191e-06
290,16,0.495908851495046,0.1364233092792046,-0.015173287670942386,-0.26906763725536603,1.4496251038295458,1.4496286049011473,2.4151565754969363e-06
291,16,-0.11732038252009683,-0.21803201329898553,0.49593869820062497,-0.1390652190099523,1.3775668018494789,1.3775692011143335,1.741668608264807e-06
292,16,-0.4865456381370014,0.02927043832083492,0.16200504649685712,0.353184752971899,1.6192929785562122,1.6193012087282472,5.082571309815395e-06
293,16,-0.4814372814334291,-0.0010447877689247374,0.19250583799515822,-0.2857776487101456,1.6016072355027837,1.6016147797973532,4.71045235203221e-06
294,16,-0.3613415563503092,-0.5354924171223686,-0.46687660952170695,0.019244106702908256,1.5221830071388107,1.5221880816621727,3.3337143682198046e-06
295,16,0.07909232220061152,0.5815002038457315,-0.4523388314172842,-0.30578348318108584,2.4167404020930134,2.4170251351588106,0.00011781698421168216
296,16,-0.27830780258850174,0.08956341059167958,-0.5141825552781218,-0.29347002159381,1.1095473687776616,1.1095479002590936,4.790074285527682e-07
297,16,-0.042349916004731133,0.4491965476174651,0.10260576804846736,0.5490410710659344,0.4711858374146257,0.47118584094981847,7.502756808324216e-09
298,16,0.04735050415105387,-0.05926911117807901,0.6576970466834641,-0.08363673384561918,1.493785091883425,1.4937894849368414,2.9408871732913866e-06
299,16,-0.27439236824775576,0.6733071871878484,0.37974525527070024,0.24738597458162612,2.126794313670881,2.126879077281386,3.985510491538682e-05
300,16,-0.6424317980696196,0.23777756347006748,-0.6373103189050406,-0.18117845652803816,1.4147236704755681,1.414726589494854,2.063314092185629e-06
301,16,0.030660998947553003,-0.11682401895105367,-0.14143655689874424,0.6812880999664942,1.9607703669260483,1.9608111706433486,2.0810043842246286e-05
302,16,-0.30154466232580857,0.6809182879381738,0.06337533450481662,-0.523479431107869,3.075177952990475,3.0784955089519457,0.0010788175553367492
303,16,-0.4258432849269323,0.5781387956907182,-0.22365400186985607,-0.6927468222119377,3.4358422905378494,3.4465156591137682,0.0031064780258723726
304,16,-0.2442481878284012,-0.5935084862984701,0.4664432417050363,0.4372558164094442,2.9948983326963288,2.997412737692477,0.0008395627219454102
305,16,0.09077956009766534,0.37173263540275414,-0.059859227174206574,-0.6014887341646885,2.2028786200379535,2.202996028038025,5.329753487253217e-05
306,16,0.3161643740674994,0.13678630385627952,0.46251362621941955,-0.1119568717858748,0.6855600918742257,0.6855601197912625,4.072150220569111e-08
307,16,0.2002587138393695,0.5278574284912033,-0.5862989643607498,0.0009308402316274833,2.2944051039881863,2.294577557451777,7.516260458581431e-05
308,16,-0.3218708572792857,-0.6748123370652942,-0.19794882973686403,0.6506867244847899,3.4619358732625685,3.473494666766694,0.0033388236891957026
309,16,-0.4340321309040607,-0.5828270525939683,0.08759399484143013,0.2453569765632153,2.362434707992159,2.362663020193574,9.664275615425614e-05
310,16,0.5418703885551835,-0.42646370196069044,-0.1265561797975705,-0.46488859478956435,1.8394731697366746,1.8394966485352287,1.2763871167190201e-05
311,16,0.15053313576489624,-0.49308740951267216,0.3783604606900739,-0.42565698215533754,0.6624977241116397,0.6624977470915218,3.468673366255512e-08
312,16,0.2730766841105554,-0.13694692192330807,0.2692780722238322,-0.18311512387706583,0.1028637173929843,0.10286371739446158,1.4361493749153548e-11
313,16,-0.32697007341399775,-0.1391941056220544,-0.017422702816285815,-0.4697920741306501,1.049151441894567,1.0491518098522932,3.507193636428461e-07
314,16,-0.07894865721206606,0.02784802162260537,0.10201789391741287,-0.5921629757367455,1.4822681061565732,1.4822722480683552,2.7943067551632158e-06
315,16,0.6411147306713528,-0.11722384937832615,0.4415959796289848,0.42389438183664596,1.7079490668916413,1.707961713871201,7.404775590201812e-06
316,16,-0.6328567908086394,0.21951283893281145,-0.419571672161418,-0.2976677236851392,1.585790575845312,1.5857975526078913,4.3995485190198726e-06
317,16,0.16256669707383606,0.1683461555425827,-0.2308521547535732,-0.22068730144879467,1.1385743635044956,1.1385749950354092,5.546681304330592e-07
318,16,-0.4809375592433862,-0.24925851371761618,-0.090090912609527,-0.3928651217873999,1.0356563551880582,1.0356566935302471,3.2669348982176127e-07
319,16,0.17072410217179895,0.40026857683260153,-0.2681170963562989,-0.10175857647849627,1.4229864871243572,1.4229895351543025,2.1419950034023874e-06
320,16,0.12164536828094062,0.32038026536821046,0.3505877122224951,-0.5491334975867951,2.109638395417938,2.1097170933724656,3.7304001813145006e-05
321,16,0.1898686696535004,0.3741340876016582,-0.4809501004500104,0.5252424949737929,1.8724168776101695,1.8724442033627209,1.459384012082493e-05
322,16,0.2730277069718406,-0.02555295511749136,-0.5727810970172257,0.4031545816685251,2.254453475011203,2.2545994293086173,6.474043444766066e-05
323,16,-0.11732959624040182,-0.24089109804261516,-0.1167749784768937,-0.3896238801900805,0.3363907154960994,0.3363907160970445,1.7864498017065606e-09
324,16,-0.44003330595381734,0.08189448546406955,-0.26724906378516433,0.33204189643152116,0.7349930079381842,0.7349930496174902,5.670707823933474e-08
325,16,0.39789144826376904,-0.39514751687637567,0.04409444916731399,0.00470099317275301,1.214834711448455,1.2148356933858928,8.082889207489701e-07
326,16,0.13078560935973285,0.6765325835067771,0.1978691836081953,-0.6577850863001431,3.3215126199969105,3.3289826373154248,0.00224898056191074
327,16,-0.42505498984716,0.11216328109149523,-0.4944380544526981,0.5257148740798216,1.2632216408876045,1.2632229298108089,1.020346044328641e-06
328,16,0.03480926201735889,0.1935527226708431,0.6824595301373391,0.2386979249189637,1.7033888359500624,1.7034012097153177,7.2642047394963005e-06
329,16,0.30671282143147627,0.10771626658739462,0.6272873663919329,-0.16011371936327443,1.1024653073953719,1.1024658167700239,4.6203236382732817e-07
330,16,0.6028177460871005,-0.13279084567194283,0.6565378333262162,0.209912663496339,1.1523330828136242,1.1523337675297192,5.941998065891598e-07
331,16,0.4602983160433341,0.27507076314665485,0.1569589069009904,-0.3839056449869117,1.6831892624240794,1.6832004915323981,6.6713283939160364e-06
332,16,-0.3664680441082276,-0.08551742654122724,0.2572823422355408,0.6967349243486746,2.511396468927265,2.5118121148375887,0.00016550390010752351
333,16,-0.300046923782795,0.10570782688436861,0.34911695018736494,0.3688407891654456,1.5541779105653197,1.5541838710347389,3.835126840127121e-06
334,16,0.21528388566842938,-0.3713544376723954,-0.5322893112324858,-0.24437911046837357,1.8129597275969223,1.8129804884482208,1.1451358230697557e-05
335,16,0.2555431784400231,-0.29607531735080284,0.3763882545588245,-0.5318533485964443,0.7418380169011575,0.7418380608874573,5.9293671694608236e-08
336,16,0.21392216053391072,0.7060251632564446,-0.7093528745675858,0.11881177209740613,3.1665812664356596,3.1710955399069505,0.0014255984898098545
337,16,-0.1119226948784415,0.5382083255264738,0.7155279716909092,-0.06212549618612786,2.660494029914127,2.6612354510809193,0.0002786780043314519
338,16,-0.21185066638365055,0.33919018026062514,-0.11154611006636886,-0.3812894489628356,1.564992891448275,1.5649991828297587,4.020070326299338e-06
339,16,0.45462592637584576,0.4643805232513023,0.16069965264001512,-0.5075967726892753,2.4749094393093176,2.4752690480793746,0.0001453017893686594
340,16,0.05164697837313673,-0.11410107927511359,0.33605610461984387,-0.4973041113956509,1.1399933738016417,1.1399940106377258,5.586313909575085e-07
341,16,-0.4260823372828815,0.5046769496414647,0.40390671411767054,-0.441601127228021,2.9684877151221647,2.9707798530790703,0.0007721567939220215
342,16,-0.43471043426042577,0.6110534804763277,-0.32776336516697485,0.009517629552177817,1.7308901268293027,1.730904236763898,8.15183724066441e-06
343,16,-0.5152221421151906,0.4845053349582643,0.5862535353685296,0.23222175635879208,2.9397912314307515,2.9418625006513683,0.0007045633711917665
344,16,-0.399119248177809,-0.6135249890643993,-0.01296315936901421,-0.37808090971045694,1.3331408279112962,1.33314271891154,1.4184549779998139e-06
345,16,-0.4770211103931049,0.02406723777207571,0.6188977132109732,0.03703308078427101,2.487311091850082,2.48768889731052,0.00015189312735190743
346,16,0.41970971754719233,0.40150584980777565,0.16300949435162063,-0.6136303168404168,2.565821197475888,2.566335862775018,0.00020058502113717502
347,16,-0.49281971845074823,0.3711709048125573,0.43008161341734663,0.06205762773053365,2.2445341351801567,2.244674134062072,6.237324695623581e-05
348,16,0.16862035756700924,-0.20722107590700203,0.2824953580407436,-0.4419487368490257,0.6257140471139756,0.6257140637718994,2.6622262829068804e-08
349,16,0.4848355982801349,0.5060356308113669,0.06765393370698014,0.39423733782562853,1.2401981656230727,1.2401992988809876,9.137716425127097e-07
350,16,0.17041249846272788,-0.6780732232579686,0.5278586244460651,-0.2537367598702928,1.7018526198226334,1.7018649028097375,7.217421156818729e-06
351,16,-0.12165162271138608,-0.7241179306082745,0.49078848273662307,-0.23725931246516585,2.2463763149019087,2.246517402130992,6.280658683378138e-05
352,16,-0.6462368064196033,0.09382352512129376,0.16612184876293112,-0.28250508151735015,2.0967434232993747,2.0968178351887183,3.548926803192655e-05
353,16,-0.4031536768264603,0.02386580443481816,-0.23116553187337968,0.6050744881746074,1.5722673428389158,1.5722738664167217,4.1491530277358285e-06
354,16,0.010661118933697018,0.251906917769241,0.3708404084865526,0.20646573702362564,0.8066092558051253,0.8066093277822471,8.923418780563562e-08
355,16,0.49269671704948503,-0.13412456237545284,-0.6027755519229521,-0.10282365383783726,2.5094659552273417,2.5098784414903226,0.00016437212950493299
356,16,-0.7221110346393207,0.057211321140701335,-0.07286567004776726,-0.14141233702274372,1.7592548806997734,1.7592710205641395,9.17426152581422e-06
357,16,-0.6772701108589853,0.29724876505011427,-0.1833402568842327,0.46242321106892204,1.6059005721552917,1.6059082778286886,4.798350240685484e-06
358,16,-0.7189051268353505,0.05246349400847065,0.17965132370385595,0.37656238207327186,2.4076780489270875,2.4079525329019043,0.0001140036039864594
359,16,0.4269707163775969,0.3752185695303781,0.09321456266501686,0.13846151670478823,0.9703600659503712,0.9703602891508535,2.3001820679855351e-07
360,16,0.4282531632177979,-0.4388392150834565,-0.07924380607151524,-0.5747307317957754,1.4910756614051293,1.4910799941266564,2.9057690627373227e-06
361,16,0.3350562719389197,0.6591767660512731,0.5007450983753973,0.32327092361768606,1.2936386632370689,1.2936401881125548,1.1787491586447262e-06
362,16,-0.49689324598789864,0.40388004878899925,-0.0002190099174020712,-0.4551214871644049,2.3343098545787395,2.3345132691787076,8.714121630814827e-05
363,16,-0.3615348991540569,-0.5660702812140653,0.42364332835328455,-0.5180764782320235,2.309439783748469,2.309623339067732,7.94804525991625e-05
364,16,0.13494826690599648,0.6555039112575225,0.19511061067300936,0.19165213025779385,1.2298954454566644,1.2298965148327623,8.694853711716895e-07
365,16,-0.6674216428300845,0.3388276407849014,-0.5475479918901633,0.3305555407218628,0.46717238028909425,0.46717238366618613,7.228791825891318e-09
366,16,0.26029164943080235,-0.18185440362846889,-0.4204362599973865,-0.20133876841171014,1.4836630184633715,1.483667190061742,2.8116885833264087e-06
367,16,-0.2533372576401949,-0.6697252992417035,0.10168358879150914,0.3627740768972347,2.589964601047331,2.5905299343766512,0.00021827840005668906
368,16,0.3486165088608765,0.550168006453084,0.16411419921119766,-0.6259412775958002,2.9384127791250267,2.940473950573942,0.0007014574206722359
369,16,-0.3516975322027929,0.5437148818462139,0.29848224106776994,0.11997677790689133,1.867677754390469,1.8677044921975738,1.431607087570222e-05
370,16,-0.28609628318010943,-0.6106868108972376,0.042258552906869494,-0.6939295760011379,1.2026606131257094,1.202661529241088,7.617405680955631e-07
371,16,-0.4550459192305367,-0.5386197364556247,-0.1303188995168117,0.6017615115824939,2.9938710385116303,2.996376439506068,0.0008368433249828251
372,16,-0.3782131228173337,-0.17092484048658146,-0.40207075886215116,-0.6101519390215687,1.3187641857567691,1.3187659349999425,1.326426052749817e-06
373,16,0.012060271125626795,-0.20412634184689704,0.3104239409849431,0.03167127057185278,0.7966037854858254,0.7966038523191021,8.389776436964718e-08
374,16,0.2913505988968027,-0.6588431826505176,-0.24915404464338678,0.0891134976942537,2.2522569741801495,2.2524015894426297,6.420904192465012e-05
375,16,-0.40941147001902284,0.16404271238224621,-0.22813004451762048,-0.2886754555992039,1.1107396267687912,1.1107401620566462,4.819201926624995e-07
376,16,-0.12782055195741313,-0.031428876386445814,0.12898637241922353,0.4375048126474699,1.1480244304026466,1.1480250980389972,5.815523894508348e-07
377,16,-0.3290473232427723,0.077863462703344,0.2840756023334928,0.32196075625120696,1.428339037212986,1.4283421716301161,2.1944489707320585e-06
378,16,0.2923767235216471,0.07289488483928933,0.4314544924565098,-0.6050152965630844,1.8798316671872466,1.8798599374374205,1.5038713661119574e-05
379,16,0.08492397346733385,-0.13923518977824278,0.10649673963311679,-0.09788784598797023,0.09550783264924552,0.09550783265026369,1.0660608976806955e-11
380,16,-0.3462071931637189,-0.3868033907008458,0.09389235160078727,-0.23581741866087724,1.073337744657132,1.0733381716274784,3.9779682447349274e-07
381,16,-0.3229705562043135,-0.3770641676676877,-0.2449495352698257,0.28965579392545465,1.5207221945148413,1.520727231695812,3.3123610538126276e-06
382,16,-0.4572161479161137,0.21907448597750034,0.5454805810923745,-0.09132357417901205,2.3466031713021507,2.3468171355976035,9.118043394363484e-05
383,16,0.08180197641538389,0.13733478608238758,-0.12539596933099906,-0.31949402624252743,1.0351936091081553,1.0351939464742081,3.25896576160522e-07
384,16,-0.28290054036223905,0.6587258835795647,-0.2934952048466212,-0.6682556934983377,3.495991143018851,3.508804458615978,0.0036651453258724604
385,16,0.5398686841342635,0.3574411797290477,0.10046581672351935,0.30092314596841424,1.1598705071903308,1.159871222749067,6.169298484856835e-07
386,16,-0.4253115603531824,0.26485710776224647,-0.4316052576024635,-0.5719224182872071,2.2597654981156956,2.259914739356995,6.604280020372944e-05
387,16,0.36263747832813087,0.12499881389827838,-0.2803450832878554,-0.5210116218738758,2.062754812796094,2.0628189616344006,3.1098624959540274e-05
388,16,0.5062666142349387,0.3099446800006922,-0.0012490223777273978,0.4255554323101122,1.329422411687519,1.329424265036678,1.3941010342066926e-06
389,16,0.6886586595180167,0.016049354009750803,-0.11570172488625104,-0.4457935870420253,2.3237215354657623,2.323916259078025,8.379817000041344e-05
390,16,0.5331044533342716,0.16297521407646245,-0.4518453391019043,0.45970929539452027,2.519800414387956,2.5202300818025,0.0001705164472911049
391,16,-0.4925563594914927,-0.13117021098736473,-0.6490260167233338,0.15784826574837038,0.9861612551780747,0.9861615024099124,2.5070122798964057e-07
392,16,-0.3157133314720666,-0.18794060261549897,0.28038744729466386,-0.3219452087452549,1.3484132244230211,1.3484152776280798,1.5226823806308721e-06
393,16,0.3669504794556443,-0.2866432935052598,0.2626407058141864,0.4767506466059416,1.8157609760465618,1.8157820093401604,1.1583734795528592e-05
394,16,0.058704627601029465,0.7193779328206339,-0.17620760673167654,-0.5037457399961804,2.9987590707103253,3.0013075812858254,0.0008498550618461063
395,16,-0.23715982604269825,-0.2795437394673312,-0.4599174835984149,0.39886232081107587,1.7162603177970424,1.7162734774173602,7.667613229433866e-06
396,16,-0.37267827171453205,-0.053047859265854765,0.10901604009033528,0.7095557971197446,2.2742580681721387,2.274416636609909,6.972315059104628e-05
397,16,0.6539313215068588,-0.29833859615492936,-0.362867372737432,-0.3803909670778504,2.626687547102283,2.6273389866933057,0.0002480080250661363
398,16,0.4673812497291738,-0.5179303614675624,0.04001485841534214,-0.6795059278044964,1.5735639129153716,1.5735704787144267,4.172565855904261e-06
399,16,-0.6724357363019414,-0.11031235797215257,-0.7003523301552953,-0.021930926899990637,0.3531608101484245,0.3531608109220626,2.190611403635608e-09
400,16,-0.5386124310968206,-0.18342145167931373,0.005448225354097917,-0.21847038699638477,1.2713993123647043,1.2714006611650335,1.0608786052394986e-06
401,16,0.5708260171934335,-0.11187300544760485,-0.6211956244160993,0.13790116668456354,2.833799154846099,2.835214054953744,0.0004992944207867588
402,16,0.3240377808619249,-0.5627071360959695,0.07347397875720656,0.31897203405326774,2.1268664502051817,2.1269512402306567,3.986617282285516e-05
403,16,-0.40955916474354676,0.394452574963777,-0.4539195131693858,0.25251443655287703,0.42002165691828536,0.4200216588372428,4.568710698101253e-09
404,16,-0.26586223940513376,-0.11051705082447588,0.11636712903841052,-0.07570087417293489,0.7887940614588238,0.7887941245044265,7.992656869373454e-08
405,16,0.2876912598655506,0.16979312203344465,0.1741981901312567,-0.06559184326480011,0.5571189005969248,0.5571189093527028,1.5716174737834445e-08
406,16,-0.6369253009147582,0.3786203541861161,0.31377133918333966,0.509506875058891,2.6848805060129943,2.685693911330342,0.00030295773518633484
407,16,0.2213274797704036,0.39777425035109937,0.5405829148008643,-0.10015260503934177,1.4579520249779105,1.457955680079328,2.5070107622970068e-06
408,16,-0.15791672439855284,0.3235024155463864,0.40951684774346486,-0.010621868931391033,1.4240298475663964,1.4240329122594197,2.152126957588293e-06
409,16,-0.1797670116510886,0.0776130036672629,-0.1273526057552495,-0.21156789646818663,0.6090848739130785,0.60908488824453,2.3529481823992565e-08
410,16,0.16713293459609038,0.0028441752630381668,-0.08133903881926163,-0.2294940598771642,0.6972608106796192,0.697260841434328,4.410789809008658e-08
411,16,-0.546758458505992,0.10953772924296229,0.3796489909803685,-0.5058244721217944,2.631526606937509,2.632190267592939,0.0002521960650825889
412,16,0.11526044833893588,-0.25205114940539325,-0.0757313681363802,0.37576677752853666,1.369398151859459,1.369400449063295,1.6775280680233857e-06
413,16,-0.28553933689887,0.042103628109116,0.01344554213480665,0.1293757416780001,0.6449506132618866,0.6449506330080043,3.0616480120897153e-08
414,16,0.3020133553867191,-0.6644414689764708,-0.25915931499410316,0.2694735866905538,2.620289357084174,2.6209249612469256,0.00024257021883226704
415,16,-0.30781721114370963,-0.6244757990882902,-0.3170055027806583,0.08598082385950284,1.829758825794442,1.8297812718866897,1.2267240868767863e-05
416,16,0.2934264778518051,0.6502191600173575,-0.18694262503123035,-0.2122958959625269,2.3546162190145874,2.3548373355892798,9.390769200804549e-05
417,16,0.5379544624344198,-0.08719324382921852,-0.4760508579883702,0.04360018438749868,2.262328368009623,2.262479219999579,6.667997099321693e-05
418,16,0.5127249405530746,-0.44237995056637647,0.3280600961525096,-0.3195361363800432,0.6657807224662671,0.6657807460992412,3.5496633254369416e-08
419,16,-0.4671071108424809,0.15477090135072627,-0.5252797806701333,0.11384986134497373,0.193465190298865,0.1934651903344106,1.8373121382135242e-10
420,16,-0.6211996717295608,0.3437026083177632,-0.1585837602287689,-0.19986726197856564,1.830113266625992,1.8301357496305695,1.2285034477052557e-05
421,16,0.4354198966501948,0.3325472225810227,0.11209727905971628,0.23576904560500653,0.8132601396301596,0.8132602152162215,9.294204667199905e-08
422,16,0.1191151922826861,0.25966971983711556,-0.5912502934822531,-0.08410661821286254,1.8002420813332178,1.8002616467096555,1.0868191917371646e-05
423,16,0.612574326502966,0.30143985245642824,0.22210995643060927,-0.13793932226712408,1.5171699102437568,1.5171748576898159,3.2609703274836666e-06
424,16,-0.2739152815948241,-0.5945188813591398,0.04664050297680945,-0.04184236271750716,1.5375914277742917,1.5375969122994786,3.566958743281385e-06
425,16,0.08054289451117538,0.48860694614715994,-0.4359230233712028,0.585410875316778,1.595063216248516,1.595070520663798,4.579389210128452e-06
426,16,-0.6202897125902644,-0.23969387137751189,-0.1450387873149183,0.389552872457203,1.9813735830859298,1.9814183313316764,2.2584456625758864e-05
427,16,0.21427302350998936,-0.1764277442288274,0.49228165478420866,0.48155011075035903,1.7984354137712697,1.7984548146934305,1.0787666886580997e-05
428,16,0.6754284984616689,-0.2851944102635519,0.3175904616343114,0.16024531523445013,1.616247208824143,1.6162553168440634,5.016571645774775e-06
429,16,0.36764604948243057,-0.6487988182482187,-0.2533102766935771,0.19164983600169685,2.5545924277293217,2.5550850085832244,0.00019282169967932108
430,16,0.39297669568589516,0.23574380926510724,-0.5348725549703293,-0.12565093488083603,2.2061931236209906,2.206312194514868,5.3971201615280246e-05
431,16,-0.059309545360242674,0.14407166815375383,0.35651530120311675,-0.0425438321516727,0.9523590262881796,0.9523592246831889,2.0831955579094296e-07
432,16,0.1594327247895082,0.4960885971746562,-0.39265581459779836,-0.3064686117533012,2.176582276488559,2.1766872487984905,4.822804589813683e-05
433,16,0.1636473231476625,-0.0842150482470807,-0.2029014911429771,0.011518292056510933,0.7682529195360914,0.7682529735032714,7.024663177289179e-08
434,16,0.08165778296543895,0.1658562827279753,-0.4155930356956981,0.4407554416054363,1.3487346692094964,1.3487367259632475,1.524950605959496e-06
435,16,0.30550083967954417,-0.4514294840204356,0.09262303808988775,-0.534051989831764,0.6373759729464512,0.6373759914225536,2.898776108608009e-08
436,16,0.45261734443688834,-0.5275912064037784,0.3894208991798098,0.5234994858696969,2.8263962629976893,2.8277734445076277,0.00048725705166257515
437,16,-0.1894487628447277,0.13838134216963643,-0.5850724718580843,0.20259271844404456,1.0070150923866832,1.0070153748906638,2.805359947322669e-07
438,16,0.2637106089927397,-0.08416483820162092,-0.33607547380498876,-0.506552202087395,1.7077325539262798,1.7077451878064185,7.398043745009725e-06
439,16,0.0646190671332257,0.7055695851382061,0.06342783669850235,0.6685305869001719,0.1416232167159792,0.14162321672334507,5.2010439036631336e-11
440,16,-0.0622575550932297,-0.40251370224458694,0.04095683827761561,0.6843645118881921,2.5421559320792726,2.5426250924353657,0.0001845521551895478
441,16,-0.1602541553829348,0.6442095426433094,0.08201642979585216,-0.29948558861627195,2.2414356799721125,2.241573866193276,6.165076357011116e-05
442,16,-0.19398791346165123,0.4296974251927096,0.5660752621492492,0.4525958935317634,2.0970051832859506,2.0970796799377105,3.552525876121752e-05
443,16,0.014174452835665227,-0.2727325827563189,-0.15629822617461092,-0.12813791441874306,0.47018964181271333,0.4701896453080973,7.4339876326905425e-09
444,16,-0.5468105538603983,-0.2396963504609217,0.44562117328757084,0.04381594248276297,2.320796794924028,2.3209891804111824,8.289630853298697e-05
445,16,-0.16620646729971994,-0.28333951571787575,-0.6684303609299129,0.2714559829544925,1.9594999366094712,1.9595405082086772,2.070507809059109e-05
446,16,0.21735458352532236,-0.12465632678704269,0.4353205298200878,-0.5277443012683084,1.2207335565691237,1.2207345719386882,8.317700115342245e-07
447,16,0.47957842452339455,0.36882139053656154,0.058441666833363666,0.07143567181444903,1.2229032097962798,1.2229042377235275,8.405630466344001e-07
448,16,0.3670123690862167,-0.5724040934009627,-0.38209932668027485,-0.3133338542214474,2.086948041931406,2.0870193467642335,3.4167037892130995e-05
449,16,-0.22941191832127736,0.6782387813031016,-0.6266758544012343,0.3187756794097144,1.8725937907588084,1.8726211386946632,1.4604307666593072e-05
450,16,-0.31278814982995234,0.3727287946840413,0.622686533951574,-0.18282097893111657,2.536756740513754,2.537216062078578,0.0001810664607641044
451,16,0.22479019984271875,0.6349459919097099,0.20933719028154185,0.041463696651397076,1.4997557496860663,1.4997602784759516,3.0196849628850808e-06
452,16,-0.35425707048229543,-0.5140336494449618,0.13221023471317972,-0.09516978275995037,1.516264608435643,1.5162695332533325,3.2479935639429363e-06
453,16,0.3766788531822917,-0.3400280288560891,0.6920332432295625,0.09441758296837481,1.5736048724095155,1.5736114395465404,4.173307505583114e-06
454,16,0.2742488052154617,0.30299370354493094,-0.6027208618294343,0.3304287531347293,2.185490790497188,2.1855998289529164,4.989197675992519e-05
455,16,-0.6013066511518909,0.15378759997451288,0.43242188367586154,0.01866632915344975,2.3615477630073447,2.361775247948861,9.632874891625405e-05
456,16,0.24215114293348033,0.022394894457889742,0.49903910436089255,-0.43299808388930794,1.3348487638630089,1.334850672393652,1.4297729411358307e-06
457,16,-0.35495795486490306,-0.3520569079586859,-0.4322391382108123,0.11018046033080639,1.1455566429079875,1.1455573009381916,5.744196135367911e-07
458,16,-0.5967910325208469,0.3905866581559434,-0.39560060418998044,-0.5142532539016754,2.639774556950119,2.640459543651419,0.000259486818484723
459,16,0.14410782194493404,0.619683315752016,-0.5244716521869204,-0.31936912406234835,2.789551341646704,2.7907542947953954,0.00043123534983267794
460,16,0.4283165434698549,-0.06092062557107651,-0.28035826042713063,0.22134512948236698,1.6264350287346425,1.6264435521644114,5.24055964012337e-06
461,16,-0.06103743771368827,0.2596920287894105,-0.522292867627341,0.4836377075615639,1.3982523482145648,1.3982550250971524,1.9144488410918665e-06
462,16,-0.16381552705521654,0.6601092738427147,-0.08281957532685987,-0.14116356689053625,1.9189206702364323,1.9189544523139805,1.7604728570705058e-05
463,16,-0.06797824363992483,0.6403123925142744,0.16957796623062507,-0.12145207943340534,1.8550898062414467,1.855115039927849,1.3602406911780801e-05
464,16,0.18220110304675805,-0.18575271040178692,0.42009763547815326,0.284288202689828,1.1940035015526296,1.1940043733540484,7.301498008171099e-07
465,16,-0.20908563106462796,-0.5046477882885582,-0.32554850366662047,-0.5854380348535755,0.4519617381497829,0.451961740980196,6.262505941706376e-09
466,16,-0.3479777439123253,0.11976108310888321,-0.6288411659778057,0.03127755864087705,0.7942380183031487,0.7942380839684962,8.267716475364803e-08
467,16,-0.08532102280897917,0.5236970203301443,-0.6875892343064682,0.04112188837636066,2.102632521760509,2.102708862907072,3.6307412623411835e-05
468,16,-0.14187073943046602,0.44037785981519323,-0.25196782159269016,0.05497182534575762,0.9047338910282233,0.9047340352494336,1.5940732599686607e-07
469,16,-0.5934519558646564,-0.017987234670133422,-0.26138269211332427,0.619481879729839,2.04057214748109,2.040630337519889,2.851653094984347e-05
470,16,0.6967949536843088,0.206335618425802,0.011353172462646683,-0.31357833610680197,2.179942797469266,2.180049286480016,4.8849451863554365e-05
471,16,0.00589533014369637,0.37831820701616264,-0.03645238634848143,-0.564327283651529,2.0776257166957044,2.077694178954081,3.29521616075914e-05
472,16,0.047303914154349806,-0.7051275048120885,-0.2630509558242502,-0.136830453336308,1.7031796929468137,1.703192054316288,7.257818728955032e-06
473,16,-0.33928362223617226,0.29799544988906107,-0.2566047045426277,0.31370454796756253,0.20598797115998424,0.20598797120882337,2.3709698635248507e-10
474,16,0.42774245770802505,0.5190798205183612,0.36906170332211485,-0.3042083582962966,2.1201320096636977,2.1202143669789337,3.884537135451538e-05
475,16,0.2722200333025511,-0.5649698579999964,-0.3203253785892134,-0.4999016610451419,1.6927172524688683,1.6927290084653395,6.945044397721549e-06
476,16,-0.2672041039060426,-0.2881388622078179,0.5309126820743172,-0.37880439532355126,1.9701867139272857,1.9702292777115327,2.160393425965999e-05
477,16,0.4701554927565751,0.17145514083105,0.48973679805217996,-0.17452713880573217,0.90584940079376,0.90584954611465,1.604249998519176e-07
478,16,0.39139843580105455,0.4677012703878852,0.47068256661114993,0.1807731522966775,0.8445819822474462,0.8445820770630174,1.122633126980583e-07
479,16,-0.19378199589858575,0.19965067452654833,-0.6913718929314452,-0.10241075507665014,1.5384295214587274,1.5384350291516273,3.5800748901080446e-06
480,16,0.6014024670014185,0.16019363204245582,-0.3813551042072696,-0.09591122276711632,2.288930258402928,2.289098829099333,7.364606054985889e-05
481,16,0.5308829360627532,-0.5259920130145542,-0.5715492120808314,0.19559792461063544,3.2857676712610995,3.2924318877375978,0.0020282068433464485
482,16,-0.615968907997492,-0.23771271474432487,0.5128294472374594,-0.02651392955503604,2.6832651446667923,2.6840735867960905,0.00030129043747504714
483,16,0.08229010551159599,0.37843612870065385,-0.5575867094580051,0.4488359578006377,1.762567340839943,1.7625837349724442,9.301280082442602e-06
484,16,-0.39606303010783384,0.003990068946973217,0.3419849391092546,-0.6430033226418851,2.455005822850889,2.455337941090905,0.00013528205795866637
485,16,0.6417800499297164,-0.11123472807368735,-0.265213947706522,0.6205788258672296,2.958885676992195,2.9611016016344975,0.000748905123145859
486,16,0.35429672077176944,0.3217380081277813,-0.5524416514176215,-0.1505930571556205,2.299420487759842,2.2995965721633254,7.65777309634376e-05
487,16,-0.1844738816258194,0.7018677393443553,0.33490355370447744,0.5739428460917435,1.8192959113939104,1.8193172933114836,1.1752853089626672e-05
488,16,0.5746640690735908,0.04197264759187892,-0.10081805841126693,-0.03511766331421545,1.5220083607104316,1.5220134307557391,3.3311547022122573e-06
489,16,0.16594305194930745,0.603113890005054,-0.024038875286837437,-0.6092712307003547,2.8733516884236643,2.8749848756595884,0.0005683909987433766
490,16,0.3678723771821276,0.14079126440713255,0.5062957283362143,-0.14763292338253245,0.7979803897340246,0.7979804572552665,8.461516434316553e-08
491,16,0.48946745567846606,0.06931293739978996,0.7106332455736432,0.23051954325031476,0.9150307957350821,0.9150309503948515,1.6902138174649542e-07
492,16,-0.09514515834221322,-0.08494284672555734,-0.47768340104531953,-0.24157405217781353,0.9506197644302709,0.9506199605647883,2.0632278513862565e-07
493,16,0.4331870343088691,-0.6101607434611104,-0.21610669786506828,-0.1903570482763655,2.0537710966230835,2.053832765753413,3.0027265663079706e-05
494,16,-0.159409641195286,0.21553678146242355,-0.18976028539022946,0.07915803141736064,0.2953052922109632,0.295305292517739,1.0388429704962533e-09
495,16,-0.09318941862526971,0.5231881160979654,0.28347725200221496,0.4013202194632692,1.027379713755029,1.0273800350179407,3.127012413497691e-07
496,16,0.34237317118823907,-0.44683477521383386,0.5197430253931876,0.2680568508868576,1.8988332421815453,1.8988640758847277,1.6238236458847825e-05
497,16,-0.5086189325117344,0.19334037875894688,-0.6083841360544889,0.32701877051814315,0.5431531522219734,0.5431531598422347,1.4029673361324054e-08
498,16,0.14151078383395385,-0.48516426898836523,-0.059985707901832185,0.407952635328342,1.9862959156712547,1.9863416583663234,2.3029144201391878e-05
499,16,0.1118269179748196,0.0927497139112863,-0.10833124768942498,-0.10847925281615005,0.6010539399437405,0.6010539532550737,2.2146653358810937e-08
500,16,-0.27207103236781693,-0.6638397618929863,-0.37881083280651384,-0.23872148599534776,1.311342130363109,1.3113438103389479,1.28111177090083e-06
501,16,0.3825393842199002,-0.007539112124874658,-0.3828524431257814,-0.3627657948202817,1.8668158764021126,1.8668425085774532,1.4266096446495632e-05
502,16,0.33658340621920785,0.43505278666995684,0.23827366129514865,0.009482463696452377,1.0308337249722506,1.030834053265598,3.184736194041879e-07
503,16,0.11511978948294199,-0.3416452854230388,-0.14810392433747832,0.34162861689221474,1.5361221749698135,1.5361276191002575,3.5440738586545213e-06
504,16,0.27733020017906074,-0.07062300843501584,0.5364982099419933,0.4969961839851016,1.6981437856058335,1.6981558520116231,7.105644346454479e-06
505,16,0.49158703652456237,0.0875590633918318,-0.132853982357569,0.529676122516104,1.8382698647676932,1.8382932132504202,1.2701335736662491e-05
506,16,0.6442594561402191,0.18438383144866133,-0.08029435089929708,-0.7393504490434332,3.1925220582507055,3.1974414697155,0.0015409169850778954
507,16,-0.3695055398351612,0.5978940242164977,0.12358753115362142,-0.004003135126583898,1.9038015585886054,1.9038330979704368,1.6566528002369935e-05
508,16,-0.32885256962380405,0.40069680235767324,-0.057548879305008446,0.37515686517301433,0.675919941487577,0.6759199672396584,3.809930716142465e-08
509,16,0.31532058045125405,-0.5712943854230337,-0.6386881952961271,-0.3692784603427364,2.8019040995126816,2.803163041287179,0.00044931651112414583
510,16,-0.43433357650541493,0.4620654193957826,-0.5392328455763524,0.3727320034810119,0.46765948752903336,0.4676594909249924,7.261606275649004e-09
511,16,-0.37328739982750997,0.5578251197129304,-0.019431293110384825,0.7240816555922317,1.410216905071859,1.4102197558880452,2.021544470198458e-06
512,16,-0.282208406811735,0.45654502740100017,-0.38975659921035527,0.16086466496501428,0.8009000803444632,0.8009001493454647,8.615431957309754e-08
513,16,-0.31966697751336415,0.08819435051333321,-0.23182932358400876,0.42329204337189824,0.8157056622263807,0.8157057391789501,9.433864797099746e-08
514,16,-0.34866251333541604,0.10069904878157573,-0.4737713900216559,-0.452453385144088,1.4739927979663658,1.473996767785109,2.693241614574351e-06
515,16,-0.27439799158209494,-0.373462516083635,-0.07057969942873321,-0.6751787628467717,1.0677454004635358,1.0677458130741635,3.864316600995036e-07
516,16,0.1598387981056568,-0.5096019775828732,0.27307683432365404,-0.5981566195668038,0.4476212886769651,0.4476212913656985,6.006714762241186e-09
517,16,0.44182200255648896,0.07898684324605657,-0.7386005805847841,-0.08943397785980808,2.884531661754539,2.8862319816863184,0.0005894613514989442
518,16,-0.37849179031359453,-0.502760992511971,-0.3194336245098502,0.17463004915926902,1.6757260343039628,1.6757368663328418,6.464081035460063e-06
519,16,0.0930082862402377,0.062453146697847,0.09982474373990854,0.14252016605993165,0.16405283009886903,0.164052830114319,9.417682476842959e-11
520,16,-0.005044480064328973,-0.6665969667144283,0.11512711837393785,0.1265189899253797,1.8902547687397988,1.8902844190412464,1.5685875754940784e-05
521,16,-0.37393045152580034,0.23667936822645214,-0.499409534733658,0.08313788589155217,0.5073701553046037,0.5073701605672333,1.0372367194517984e-08
522,16,-0.31302335397248987,-0.08766789518432483,-0.363418671767246,-0.05609994884450163,0.1351349313608519,0.13513493136666946,4.305007291934844e-11
523,16,0.22310673622501506,-0.5442856373535947,0.14802090979691285,-0.7149628093089577,0.6626807410721315,0.6626807640880076,3.473146972196978e-08
524,16,0.429082803671291,-0.19151084559459242,-0.43271055396033775,0.18187202185754708,2.0382886999894096,2.038346307327458,2.8262599919516027e-05
525,16,-0.2148928346267595,-0.65014012034311,0.420434810567673,-0.19005762634246928,2.0487732204827065,2.048833549674558,2.9446495711853722e-05
526,16,0.6640158640989662,-0.2618101169534312,-0.6680161104720994,0.11668320448169656,3.4312904640386104,3.441815777557457,0.0030674504619053852
527,16,0.24471090557743846,0.5652244412272052,0.4471338554953495,0.1047334419228151,1.3359722460811179,1.3359741662253117,1.4372635356012246e-06
528,16,-0.4170051361454882,0.3385163971679116,0.40627534855225417,-0.27844948968461736,2.2776456148080246,2.277806441503929,7.061093914642754e-05
529,16,-0.508100589255618,0.4052802010302165,-0.3023166600672041,-0.03422360528686357,1.2563876095918183,1.2563888503677152,9.875741271587718e-07
530,16,0.36423433331683286,0.327140414931321,0.42671786628011016,0.25526460347379387,0.2511186111715975,0.2511186113053498,5.326259427754155e-10
531,16,0.21365833223450195,-0.3427099855078149,0.13688773893347086,0.6711487485386077,2.417634760505715,2.41792052436778,0.00011819976562764573
532,16,0.01799784377176596,0.45334480232548935,0.2134053480261983,-0.045107996662891725,1.1643154387018175,1.1643161730394798,6.307033625290666e-07
533,16,0.5581835088378257,0.467484350597076,-0.5436264366647249,-0.017531946136586613,2.9687902857636717,2.9710848641077323,0.0007729001118953805
534,16,0.6302633619529417,0.20059478262056082,0.271360841210256,-0.21737176381580814,1.439322899832396,1.4393262187206484,2.305867747141691e-06
535,16,0.33616876696282716,0.1397537334273062,0.3966279311605712,0.6007715547170732,1.3367330939377626,1.3367350219840979,1.4423570000602605e-06
536,16,0.6638997081832959,-0.11028232418790863,-0.29241477823619005,-0.4803717474440705,2.577822248360576,2.578361541915641,0.00020920509760049053
537,16,-0.39700533806455635,-0.03661655603990577,-0.21923636793961263,0.10878672161411147,0.5109807634837397,0.5109807689520763,1.0701648796098248e-08
538,16,-0.6320457357941779,0.1998778206929732,-0.34415785017877476,0.2791670211678851,0.862785683490211,0.8627857913647956,1.2503056861351065e-07
539,16,0.3894569073743816,0.5091095157492359,-0.1521648257390521,0.099523173248864,1.617291187182956,1.6172993368787971,5.0391023618076215e-06
540,16,0.7086191464979175,0.014401924787422903,0.3002990774212979,0.6153172077863718,2.2910629731584673,2.291233046452789,7.423335644373005e-05
541,16,-0.28619105081107143,0.1976738750079095,-0.3710625861064086,-0.35617611843525326,1.3002123592977182,1.3002139401490604,1.2158408824304231e-06
542,16,0.004340384160332771,0.6580740792703889,-0.5208323622212474,0.4668869556174527,1.8168575944391785,1.8168787353048164,1.1635950832126421e-05
543,16,-0.1411139695508361,-0.6216693368606289,0.30430215655667275,-0.45990676091163923,1.3659216826492224,1.3659239376536918,1.6509031945391383e-06
544,16,-0.3404367836358517,-0.008122894767096158,-0.10340425105290214,0.6356932127328019,1.6967113535894187,1.6967233373147812,7.062913404294569e-06
545,16,0.6882406650027982,-0.15204475205068946,-0.5785585776539316,-0.23462752176667,3.133313208143928,3.137352506713784,0.0012891461215423221
546,16,0.5616657614141833,0.09107017765054749,0.1543815519419772,-0.6982477813131654,2.4391285803964404,2.439440200712102,0.00012775887182249536
547,16,-0.5658242535284619,0.35425819919800405,0.2675639457985547,0.1854344994961661,2.041989067112041,2.042047621529052,2.8675186343624032e-05
548,16,-0.4452363156724927,0.3866989414495617,-0.6093337636751724,-0.08886252890255349,1.4506126426201988,1.4506161616370277,2.4258831926814036e-06
549,16,0.6374084528723158,0.2957193497072098,-0.5796816291931287,0.2876148262332775,3.095193404581315,3.098744899025192,0.001147422464334574
550,16,-0.16381343957263708,-0.16478867195805877,0.4626299900948545,0.19088307319586065,1.5508195048318272,1.5508253659121778,3.7793439741696637e-06
551,16,0.1152113596414286,0.37957318691679187,0.030199194167115997,0.03170897974750062,0.7623638608183093,0.7623639124037626,6.76651345815136e-08
552,16,-0.31654784279072046,-0.0054549745508682785,0.37152812768414817,-0.5186630574752908,1.9999842100850223,2.0000328293984717,2.4309848649951942e-05
553,16,-0.016245394662784265,0.14837230575385343,-0.25288966594994083,-0.35346695341400686,1.1769662804118757,1.1769670706939974,6.714568929422429e-07
554,16,-0.524641952070484,-0.12313857418168744,-0.07595974695010857,0.08694448690440114,1.1240727168973486,1.1240732964780975,5.156078785981333e-07
555,16,-0.4453873546988672,0.37810574988211776,0.0034854310752349543,0.7077107898736312,1.7217862525473564,1.72179976379013,7.847224214678162e-06
556,16,-0.07420786685049205,0.37324430423347704,-0.24011764173780512,-0.001136422528712853,0.8833191345664488,0.8833192590635915,1.4094242707334949e-07
557,16,-0.004797830505758282,0.6632651621387023,-0.023591177553904722,0.1947630476757294,1.203874460447458,1.2038753829389455,7.662688409203032e-07
558,16,-0.04662373038623721,0.7468981876318701,0.5269513108298921,0.1611557201473122,2.3684729518219196,2.368706971829424,9.88062824717379e-05
559,16,0.042967055337547994,0.6133303621334655,-0.36833897436603197,-0.4046711799911665,2.5641238549450587,2.564635123396734,0.00019939304050756897
560,16,0.06667531519271087,-0.7167886358231664,-0.10568584861556898,-0.3185837795828971,1.245253527071748,1.2452546929439539,9.36252883884495e-07
561,16,0.0714373387590834,-0.16545746013367085,0.6695468868089053,-0.2141778402045798,1.5543272080432262,1.5543331729674676,3.837624542994356e-06
562,16,-0.10634652274773138,-0.315366576751746,0.07803243004125483,0.26667246654133614,1.2624641199485702,1.2624654034511964,1.016664636959167e-06
563,16,-0.24297595526262558,-0.604208567341095,0.17324706636321802,-0.6216588984804396,1.3357257073254436,1.335727624915543,1.4356166755342579e-06
564,16,0.3906824848339116,0.11480728925568334,0.3921856856427457,-0.5431159886812111,1.720361425517994,1.720374845258677,7.800535680389237e-06
565,16,0.13652128295187782,0.28163626262435215,0.44216083332290174,-0.45682114220598885,1.8874340674274865,1.8874633380962493,1.5508180798436075e-05
566,16,0.5422010979600249,0.1736969613209539,0.36632067903877635,0.1777325045571678,0.46440970789848157,0.4644097111702161,7.0449314351175675e-09
567,16,0.06644808571902751,-0.29108271059329477,0.30751373573264085,0.0707144311146316,0.9266040306922368,0.9266041978845495,1.804355551273107e-07
568,16,-0.4497180353909517,-0.5874463005209339,-0.5309459384858706,0.33430210312795416,2.667848334677573,2.6686108114926044,0.00028580215941081147
569,16,0.067080648539343,0.24403766957117912,-0.3855764638213856,0.17983831386434404,1.0019433154135204,1.0019435889457668,2.730017179622584e-07
570,16,-0.11982288482745905,-0.3400720801031825,0.3442459048900661,-0.44531335070614303,1.1670775458490483,1.167078292082174,6.39403207088494e-07
571,16,-0.1770495403505389,-0.44337587061938155,0.5743108487757022,-0.2868115840522477,1.952904137240373,1.9529435236937223,2.0168144763561307e-05
572,16,0.030485864703336283,0.36924680914459884,0.24910529665824402,-0.5284509962338387,2.0645777418051794,2.064642405206185,3.132040014594462e-05
573,16,-0.48048176647080487,-0.11359485973780414,-0.02424579517194052,-0.3564143289911822,1.1994137748662763,1.1994146741249916,7.497485305855675e-07
574,16,-0.400324201699662,0.2791154626572987,0.5174044721489647,-0.44620874577499314,2.7349750626503395,2.7359572716708844,0.00035912905896593323
575,16,0.285905042766723,0.550075499003619,0.08904790324490512,-0.10291652479177184,1.5838967016307801,1.5839036131933264,4.363644762420125e-06
576,16,-0.27548999548067016,-0.004327472936714907,-0.7389580209363299,0.12682479062666913,1.3978346551006264,1.3978373260934258,1.910807397451724e-06
577,16,-0.407045739276309,0.20478639544833077,-0.18387912700657894,0.4890131872805287,0.9194760329696264,0.919476192340258,1.7332766256651545e-07
578,16,0.08915858198273306,-0.3511654819105282,-0.49037782336930325,0.48493303295076684,2.3975820019019882,2.3978454775364084,0.00010989223067706645
579,16,0.4453337061871924,-0.03796330005861079,0.03898310721159513,0.5936813846434402,1.8251008202272767,1.8251227865174762,1.203565849952581e-05
580,16,-0.11739948026270308,0.409769241966064,0.0936795599961427,0.09882868103207285,0.8158925341524376,0.8158926112103163,9.444611332865986e-08
581,16,0.06986510728292726,-0.5833114024170317,-0.009430665072989224,-0.5651220543190342,0.2431310367679804,0.24313103688140444,4.665140635250434e-10
582,16,-0.18578180011513035,-0.07534988671370908,-0.4533201730166096,-0.5582473327955646,1.4823532551182703,1.48235739883652,2.7953648938476754e-06
583,16,-0.36841736143554477,-0.3542772531015492,0.5585930370117306,-0.08628619188358404,2.2301388123444488,2.230270575868749,5.908310441080348e-05
584,16,-0.33220722220565774,0.5324090173377587,0.4008311967987757,-0.23062952436175765,2.4255996192670795,2.4258947194240568,0.00012166070386607343
585,16,-0.604681687306811,0.03690557298271919,0.3356464764860935,0.16381793147831716,2.1393378168484904,2.139427292680366,4.182407807266921e-05
586,16,-0.26456160710839155,-0.6728942825131339,0.027132337172041086,0.6609533024822928,3.3928377054853307,3.402184103316379,0.002754743563459497
587,16,0.4598734392037793,-0.22916311323474517,0.17312724762953682,0.04775944748115725,0.9126730701959714,0.9126732224078941,1.6677595471171306e-07
588,16,-0.46690889737315167,-0.48324762609402255,0.378323802197324,0.24555368564646857,2.5899269338828166,2.59049218464135,0.00021824969312396637
589,16,-0.027684375481163023,0.08554173712494832,-0.33282765026008637,-0.22942286114100133,0.9290409324494034,0.9290411023933566,1.829240749211503e-07
590,16,-0.21608464580687523,-0.6239613587616875,-0.19580741711303346,0.4458264760079967,2.5308219118019313,2.531270642173416,0.00017730618238765585
591,16,-0.6330684693190118,0.354008376776391,0.3345754468558897,-0.3550014836828128,2.8838672145561763,2.8855634743158265,0.0005881892727544344
592,16,0.41341757962895304,-0.07965931526873808,0.5056501775519561,0.31613111592240245,1.0652082244736019,1.0652086307150788,3.8137283168568686e-07
593,16,-0.702932425667827,0.07082747568802351,-0.4788406147723271,-0.16203327309185545,1.0144244934178264,1.0144247895059506,2.918779329186733e-07
594,16,0.30929772790625615,-0.37962883518580726,-0.06626421359102222,-0.3540412938323059,0.895387684442641,0.8953878197374752,1.5110196003868882e-07
595,16,-0.09676098468732439,-0.48827073818359645,-0.11003022224132306,0.12756429520852255,1.3387808380049018,1.3387827874691105,1.4561488732041179e-06
596,16,0.1431623796417781,-0.291356520150528,-0.2872826330332428,-0.4126759125021568,1.045704373418173,1.045704733596155,3.4443576123402314e-07
597,16,-0.2767083924225894,0.49712523342685055,-0.1218234111415919,-0.46390131154463865,2.215916393717611,2.2160404723082876,5.599425638459279e-05
598,16,0.15725482025937923,0.04633127951454599,-0.19698438203297605,-0.4978544055444663,1.4329181998534142,1.4329214099821357,2.2402735353892195e-06
599,16,0.3995633212735581,0.10220716541536828,0.5309459611716932,0.13855891533586104,0.3561011810307991,0.35610118183854284,2.268298460647041e-09
600,16,0.20652094397939721,-0.1864278624912063,0.6228556041429295,0.20075014215154774,1.4383737176300442,1.438377020185943,2.296034652382121e-06
601,16,0.5049171774198866,0.5170868091359986,-0.16430174117747384,-0.020670928605590194,2.107085348741123,2.107163179971035,3.693786298603124e-05
602,16,-0.04189904129766189,0.08117193658579845,0.2620635478075452,-0.4829496517854288,1.418418955010547,1.4184219310834993,2.0981621415772795e-06
603,16,-0.4007829197968744,-0.22871456913092697,-0.009158934453366269,0.44871206912856315,1.7442843956096068,1.7442994320589038,8.620411519394032e-06
604,16,-0.04495123918025567,-0.6560565883699032,0.17356224930866104,0.06141938770156963,1.7808698827724705,1.7808877514260049,1.0033665966966483e-05
605,16,0.12540932314508743,0.049797057803728846,0.48888274349627214,-0.31026085806691217,1.1943490525978169,1.1943499261296446,7.313873828265132e-07
606,16,0.09705062925497224,-0.5659565159822251,-0.3611880860424196,0.17908482093561726,1.9899367850442913,1.9899832767242789,2.3363395428950183e-05
607,16,0.039937879523509384,-0.6395814473135303,0.3663198507993421,0.35737996759767554,2.4879347602916675,2.4883135033368835,0.00015223190385089166
608,16,0.3204811835181626,0.4554430402430185,-0.3656116095488971,-0.547884296726485,2.8374479930557253,2.838881835105898,0.0005053280460758593
609,16,0.5018083102830129,-0.3379237854562213,0.6129484499868691,0.09029159522248886,1.3181539492074783,1.318155692657281,1.3226450550767021e-06
610,16,-0.11333843868954162,0.08349199804232409,-0.6080890446463558,0.11790182861496766,1.2024052597211266,1.2024061745003458,7.607910992300215e-07
611,16,-0.06211858213255294,0.21251413866234334,-0.7418486621774115,-0.04901288930121661,1.9231112586267787,1.92314568854099,1.7903235736873786e-05
612,16,-0.1631102334696371,-0.1922802362421803,-0.3688761990480698,0.5517847101476694,1.8553473242039624,1.8553725878422884,1.3616662495708254e-05
613,16,0.1670892156603611,0.45618231004866455,-0.4519362288699482,0.44966060413041353,1.6462961722584852,1.6463055637403279,5.704612572695723e-06
614,16,0.5606928650388249,-0.08973578932688223,0.15228908206356834,-0.6606647846960487,1.9803975935031481,1.9804421470195042,2.2497258379922084e-05
615,16,0.6601583252852032,0.2683919472042442,0.30149455652066504,0.234592117440463,1.0608688504353772,1.0608692459899227,3.728590441694748e-07
616,16,0.3035647958237262,-0.3903210514484579,0.7350534168024828,-0.13543326190237845,1.5695921312529333,1.5695985685198963,4.101235496061301e-06
617,16,0.3470628249635577,-0.6394209130239068,0.4240803321075976,0.5910176893244642,3.3809282741392965,3.3899344674238843,0.002663822641100098
618,16,-0.14968633663390635,-0.25441158433855393,-0.3648922070859127,0.5350952596098947,1.9329187318283199,1.9329547241894407,1.8620731709085095e-05
619,16,-0.41929560085121426,-0.4662773526813651,0.06808892800161608,0.7170434157417562,3.1943941369724556,3.19934403080253,0.0015495563846625454
620,16,-0.5600522688318758,-0.43002545690415234,-0.2370788772516132,0.675680448708777,3.1647158951715024,3.169202243148945,0.0014176147641838423
621,16,-0.3886905026715936,-0.31887375637244975,0.4691562060802485,0.5313076280372955,2.8699154064704704,2.8715284584004834,0.0005620555666471141
622,16,0.1507059526938974,0.2869646296564035,-0.04586195628214401,-0.38644669200613657,1.4731458388483658,1.4731497914360439,2.6830932646400904e-06
623,16,-0.09835889990074535,-0.6552671418027387,-0.02237895036573877,-0.42803489595509714,0.6941392483845836,0.6941392783588701,4.318195026008235e-08
624,16,-0.17161811622291978,0.28937057755720574,-0.4759701569242108,-0.3090572794290468,1.5665738486431962,1.566580189818141,4.047798289499583e-06
625,16,-0.6432795188599211,0.3449299250471187,-0.22162971538710965,0.6716650209407662,1.9059770860628826,1.9060089392357422,1.6712253831647167e-05
626,16,0.22957584037035805,-0.3117109336319769,0.21878477026604773,-0.2904816512863611,0.055446524182870535,0.05544652418293735,1.2050279144705013e-12
627,16,0.7392567475404023,-0.022150925894162,0.06410746488312041,0.22122568990025795,1.8949707224612955,1.8950010179014614,1.5987286667158786e-05
628,16,-0.6280112646717667,0.1618059913521506,-0.29022449028473796,-0.2352008475707826,1.3674219878228766,1.3674242609497682,1.6623448444211026e-06
629,16,-0.3849619781427631,-0.22748437897311574,0.6761107992022667,0.32272805369825125,2.9028239158524602,2.9046396089418027,0.0006254919836600829
630,16,-0.31609020086129563,0.25537738496985757,0.0805561150800561,0.30296439030134664,0.8910792795767114,0.8910794109248955,1.4740347701652005e-07
631,16,0.2999933111815969,-0.6081235341074408,0.32965132629850125,-0.27755851216855015,0.963175115063214,0.9631753280475924,2.2112736836341989e-07
632,16,-0.6446223889612598,-0.3278514137168685,0.22410814094057763,0.4260637994475158,2.7961665524875143,2.797399194335988,0.0004408327706292201
633,16,0.44470535200581657,0.2747758272010864,0.0721707851197983,0.6758619242243398,1.581006112912742,1.5810129260639296,4.309376878445964e-06
634,16,-0.7431413181163334,-0.0843925298305183,0.5923938151570679,0.11965516065977949,3.3346806651543797,3.342469078304333,0.002335579904648208
635,16,0.40076518261699473,0.5915751539165632,0.4484334798978583,-0.4664199685900103,2.8742149000825763,2.875853181873461,0.0005699927972809503
636,16,-0.6086072190625765,0.18422616155421176,-0.29466611894023637,-0.5818733305128945,2.2935557032636837,2.293727548843252,7.49254004703401e-05
637,16,-0.45225733163812903,0.39027076994123794,0.07706320456323068,0.31217392556270274,1.312846198218658,1.3128478920227622,1.29017710269963e-06
638,16,0.0015504945535879564,-0.2971709642124068,0.42406082692020236,-0.1660214418083746,0.9988144393589911,0.9988147074852746,2.684445407909958e-07
639,16,0.13454705072677448,-0.5291892949755954,0.5969107104508738,0.3957060546390831,2.6700292178093727,2.670798045204979,0.0002879471844270363
640,16,-0.054948041016600065,0.3323041558561462,-0.10831057034069226,-0.03358436496971182,0.7712512658444327,0.7712513210607881,7.15932119948069e-08
641,16,0.6315675808648464,-0.1258451535704328,0.5228983312304482,-0.38944089720976083,0.9472224335961853,0.9472226253816755,2.0247144002651348e-07
642,16,0.04571702227663861,0.2493912713607894,-0.07422011979993595,-0.5499631001600317,1.7690685791673058,1.7690854833802057,9.555431088975043e-06
643,16,0.5435161818438637,0.373225855543359,-0.08706499249667375,-0.13033985202800355,1.8827963781973507,1.8828250346696862,1.5220165423813086e-05
644,16,0.01832251083707638,-0.5740926151142647,-0.48125281470055553,0.5191200917359159,2.95665888838458,2.958857475773374,0.000743605357192627
645,16,0.1547375057565758,-0.5750885207282561,0.42054443660256824,-0.5430174422002383,0.8876632497432104,0.8876633780353235,1.445279086198704e-07
646,16,-0.17563666977249512,0.38671748117495447,-0.19949623382701992,-0.4704053427718027,1.9031431398843297,1.903174584876232,1.6522662559286432e-05
647,16,0.48263106573312975,0.38593797336225194,-0.5599034211102194,0.3361785490884339,2.6547816510353455,2.655507093880794,0.0002732589496260384
648,16,0.10033542016536,-0.3489863960398095,-0.07430937252624668,0.21009339653705283,1.2137996398236148,1.213800616000162,8.042320290138719e-07
649,16,-0.1286549238447393,0.3375578499889709,0.16934926539306125,0.40679984174750494,0.71562233631348,0.715622372025145,4.990294900868345e-08
650,16,0.37317245364009244,0.37202732450233805,0.4736431982119889,-0.10959036111157008,1.2432191776875905,1.2432203303327645,9.271455867645199e-07
651,16,-0.4880023423200303,0.4424328480203707,-0.36111444696375705,-0.19611602173538298,1.6898613111602798,1.689872906829752,6.861906001157896e-06
652,16,0.20770852569608933,0.5196969633372472,0.019753872252095357,0.055316125808857884,1.147181692614027,1.1471823569556083,5.791075516455894e-07
653,16,-0.04873017721424259,0.17082699437263596,-0.5737308667423678,-0.2279699950972299,1.544933932717872,1.544939623359151,3.6834204742185715e-06
654,16,-0.23757116717530266,-0.31965305733250904,-0.06234351892861023,-0.46064598933263096,0.5470186096916007,0.5470186176128852,1.4480831870921711e-08
655,16,-0.0866238732033285,-0.2902992693056108,-0.046194645859478266,-0.44405254540978345,0.3707329893508017,0.37073299034720825,2.6876663177729178e-09
656,16,0.5754141474826097,-0.23105454587531787,0.0743758981965906,-0.18666988263044326,1.2299616321579643,1.22996270193365,8.697634607810076e-07
657,16,-0.09407526088012681,0.13658801819627528,0.06599101429267436,0.19641801772191664,0.3524263158213863,0.3524263165866924,2.1715350469486157e-09
658,16,0.2653439620828928,-0.6121352824463574,-0.297580190683323,-0.5461126547869077,1.7223765997835312,1.7223901491104723,7.866645972077064e-06
659,16,0.2362709827506052,0.5021676878676943,0.13800175876342902,0.12085027132034704,0.9292714695643425,0.9292716397706907,1.8316106090896025e-07
660,16,0.0589676837093208,0.6160254299390331,0.3413684948940294,-0.4450358637278957,2.589832320871589,2.590397364277297,0.00021817760213822734
661,16,0.26485803659689117,0.29929330331800413,-0.39157413184738205,0.28182472911847994,1.493070823355902,1.4930752004286043,2.9315908085661705e-06
662,16,-0.08963052173051482,0.4091552005610344,-0.08932578825730625,0.3329435605506079,0.1785818834035573,0.17858188342726986,1.327825602555269e-10
663,16,0.08989353497597898,0.11998358384467939,0.42318602602748107,0.22898377973184328,0.7885798378929088,0.7885799008373265,7.981996846036323e-08
664,16,-0.1214207400203748,0.34387836634034824,0.3946231117082895,-0.3842313002794623,1.964927909499328,1.9649694816569483,2.1157090506665816e-05
665,16,-0.4266733852573611,-0.47603201917137894,0.6161842411334297,0.09404679178223377,2.8661346656546356,2.8677258297726964,0.0005551602781013744
666,16,-0.23671924281345097,0.4489093441832583,-0.2217473602394222,-0.2075176990544659,1.4650225079362926,1.4650262987708007,2.5875605921012338e-06
667,16,-0.36844864748879863,0.10906411273308593,0.19106710592433554,0.03491048681245103,1.1772509550401058,1.177251746624859,6.724010287800997e-07
668,16,0.24598754527336902,-0.12270127615498819,0.3902617260860873,0.6176848207669926,1.9659058917291365,1.9659476466281556,2.123952076989037e-05
669,16,-0.46063029621664414,0.027368922332815744,-0.46255027759242884,-0.23547484242860753,0.6800732892416076,0.6800733159079503,3.9210983744545e-08
670,16,0.255028169239704,0.13731013829227814,0.6796681590990193,0.19451680730884222,1.193761347736374,1.1937622183270395,7.292836773522565e-07
671,16,0.0970400125823258,-0.4573110564222333,-0.014284096731138634,0.5640815643073831,2.2850081335124903,2.285173973578503,7.257745107357492e-05
672,16,-0.10245990758318019,-0.2942452502338433,0.189643127671206,-0.46309409185954414,0.7988150599518831,0.7988151278932786,8.505272235813608e-08
673,16,-0.26118160326237955,0.2510192553290508,-0.5633055835179841,0.4683018315169243,1.114475558351777,1.1144761057284376,4.911517857547626e-07
674,16,-0.5704663206119326,-0.11467492732784414,0.1970304337182287,-0.3522292417481946,1.873276140897266,1.87330357455334,1.4644747496115717e-05
675,16,-0.4251058342513963,0.4754256842963724,0.07507934026551012,-0.2913697897780072,2.0906550975042237,2.0907275634633606,3.4661843181790616e-05
676,16,-0.1173792072638142,-0.28347222435265396,0.33156101694805074,-0.024655584015267892,1.0985312707292882,1.0985317681886426,4.528404130415065e-07
677,16,0.719179343890861,0.12245651102130825,0.7365855611946662,0.13304766796205636,0.08981826412394572,0.08981826412469401,8.331159880408553e-12
678,16,0.16704583978731388,-0.7291704233231626,0.16350072216985623,0.40721700274351885,2.8012660625670907,2.8025220541261606,0.0004483656785956895
679,16,0.028451146447667056,0.7464949596174244,0.5067413640414099,0.18638121943105057,2.1766956639693795,2.1768006871193766,4.824889015744812e-05
680,16,-0.11269398954353922,0.4050570160495388,0.4305560994709047,-0.21894424524730538,1.820693382515161,1.8207149037556807,1.1820354116932075e-05
681,16,0.48333496987354035,-0.3406162575579188,0.28139105069316867,0.1826961443567464,1.3675842640396199,1.36758653913476,1.6635868076883737e-06
682,16,-0.12768043885099178,-0.6777340872989059,0.6410915284854459,-0.3177487222273749,2.579255391592305,2.579797698978279,0.00021025734316252966
683,16,-0.511997971881777,-0.4704231668652165,0.40507515756905843,0.5177436602369396,3.286415172756711,3.29309325602699,0.002032026667122939
684,16,-0.22261876605940675,-0.6894028696536239,-0.5242686066684196,0.11698636414454368,2.368098824184392,2.368332486661671,9.867091478305966e-05
685,16,-0.34446851123813976,-0.5123199577672808,-0.48152020909752147,-0.32170619847725546,0.7166762818929396,0.7166763179090333,5.02543401713608e-08
686,16,0.319791505824077,-0.4483512876849735,0.009060463316996406,-0.4202090502875212,0.802208922127921,0.8022089918014709,8.685212529629611e-08
687,16,0.3991396202934063,-0.13202792678486505,0.4603735071010862,-0.012111779986810364,0.33282370418087415,0.33282370474952616,1.7085682516665813e-09
688,16,-0.06960505599716221,0.09370211834730663,-0.2609122011179885,-0.4302885569776854,1.2223617592546339,1.2223627840347278,8.383607276125784e-07
689,16,0.45800849866526366,-0.15124837439977148,-0.25129922838584356,0.14360279561342676,1.6415858945032773,1.641595072898012,5.591175439202479e-06
690,16,0.6809054976433905,-0.1085835229317046,0.19505246856789946,-0.0975849370809259,1.2848490392291347,1.284850492121093,1.130788064541483e-06
691,16,0.4161574276102815,-0.3881686539707656,0.2881945806170334,0.035037192999295474,1.071742894986012,1.0717433178156621,3.945252654904042e-07
692,16,0.2695250226285616,0.6528263690677956,0.4961941279514375,-0.039836779333111395,2.01524887973437,2.015300908769947,2.5817672497143273e-05
693,16,0.42233295564663076,0.5920267838494386,0.1531810910798351,-0.4015773063749583,2.5617313718352293,2.562237887976211,0.00019772414334714514
694,16,0.13589107420010937,-0.14182848384516591,-0.01682737406628223,0.06283137094844059,0.516220614877404,0.5162206206562833,1.11945921907423e-08
695,16,0.1869066807404888,-0.10128373966359323,0.13722881625900635,0.3129786514737992,0.8800168433906007,0.8800169650699795,1.3826937485221339e-07
696,16,-0.6712566332244886,-0.12527295605041372,-0.08728713704711977,0.5215335725884886,2.282196645696669,2.2823605541496867,7.182047757668172e-05
697,16,0.6340425735921815,-0.35762755437626365,0.6181358411061555,-0.014550403779768399,1.2011769659703875,1.2011778743474197,7.562391371088167e-07
698,16,0.11079568538117772,0.230253462303057,-0.7405373167551285,-0.0448688980487294,2.252767979170381,2.252912904911887,6.433229824191236e-05
699,16,0.3372804623468882,-0.5894367661977841,0.22485762263130094,0.615266800596581,3.0440275770700707,3.0470090289705722,0.0009794431308573377
700,16,-0.5779726053788219,0.04210929424677488,-0.5910273225948938,-0.03318359084779117,0.2321569151012348,0.23215691519088577,3.86165456429215e-10
701,16,0.15060849700872825,0.07027211938854482,0.15081827723370533,-0.6941910011158976,1.9027009660470402,1.9027323477997014,1.6493265742304128e-05
702,16,0.4886434848998723,-0.02848262917549789,-0.395502582570106,0.49763126722500856,2.420763568721738,2.4210529664386993,0.00011954811312446342
703,16,-0.28252407141976754,-0.5341606395830931,-0.22973765413304573,0.09870218381004003,1.5013425089117822,1.5013470744294601,3.0409567775588334e-06
704,16,-0.0802374078503144,-0.03027017773016927,-0.1620920987992063,-0.4266388407392625,0.8840321141579717,0.8840322392710371,1.4152547566955238e-07
705,16,0.042013569931095694,-0.2486341828788284,0.39521676481262763,0.004574627529501675,0.9425406358137084,0.9425408217473858,1.9726860613711874e-07
706,16,0.1482787157726797,-0.7281509141975253,0.47901977574724036,0.49157981481375373,3.365199873315958,3.373773886267104,0.0025478465689759123
707,16,-0.13561576470984302,-0.3290370108820417,0.08362282817414814,0.16783023714002185,1.1232652640910497,1.1232658408972283,5.135084267606069e-07
708,16,-0.5550353559067526,0.010563496444790854,0.11476609084280477,0.39277739511174115,1.7854774742518689,1.7854957333763959,1.0226465911966217e-05
709,16,0.19742183461111887,0.022104590443911908,-0.1417297619008032,-0.3608667229671126,1.0793387985447982,1.0793392414276075,4.103278876958255e-07
710,16,0.6817123928247214,-0.0017942864078110041,-0.7288081394645364,-0.03224965848065127,3.5195112078230926,3.5332607668917757,0.0039066672207552335
711,16,-0.4594868707387226,-0.34235230120006904,-0.4533082415332402,0.1234158302914338,1.2121201677472844,1.2121211346424636,7.976892101813275e-07
712,16,0.4924939392957477,-0.07361276862901042,0.22294809747004574,0.445384036409211,1.4303292313891993,1.4303323985051215,2.214256587003285e-06
713,16,0.19238334327655227,0.34361827103145126,0.10199560674595001,-0.36844619781898047,1.5349582973831395,1.5349637097127913,3.526043450832148e-06
714,16,0.3749628705666125,-0.015965198900294204,0.34058406680618986,0.31496707014143094,0.7896966642246378,0.7896967276981394,8.03770668427501e-08
715,16,0.3680660178794719,-0.5697344582354109,0.048835501850028724,0.09350239894213445,1.7731118651691065,1.7731290941350242,9.71679579622675e-06
716,16,0.14422901404598565,0.502443772978568,0.42270536000174075,0.1647597014032066,1.0965078312916707,1.096508322721781,4.481774741017254e-07
717,16,-0.38606155000860637,-0.4760007883833179,-0.47332207148847366,-0.49132379086149464,0.305512703570127,0.30551270393553503,1.1960485861692159e-09
718,16,-0.05376199112757915,-0.06107337693010967,0.7005008129690222,-0.11371626380130358,1.8692456600067329,1.8692725909935828,1.44074090560246e-05
719,16,0.08030411179713773,-0.6689691198237198,-0.29753449426245077,0.5707102803986013,3.133806029919828,3.137852017826319,0.001291077963301661
720,16,-0.20987928774760028,-0.6781862008163719,0.37951035676576833,0.6008640266450261,3.534761516900056,3.5491503698840634,0.004070671505054215
721,16,0.03781349180428518,-0.11306837406671306,-0.46006624374550203,-0.5623320365701574,1.7386041554329752,1.7386187921653438,8.41866869052888e-06
722,16,0.15607895736748542,0.15395665462607533,-0.26581710660716146,-0.5786205617305219,1.9324143413753316,1.9324502517702529,1.8583175539711986e-05
723,16,-0.3080489483660438,-0.30751243088607566,-0.2716989686049192,-0.584246102949554,0.7900681707737299,0.7900682344240915,8.056312593210673e-08
724,16,-0.19399871769424748,-0.2902980416854186,-0.37323829455546825,-0.4333811627969824,0.5882220077598749,0.5882220195698808,2.0077463640205207e-08
725,16,0.2278651944824565,0.3247154855796981,-0.16346025868988923,-0.394478196456706,1.7434390550753804,1.7434540313926477,8.590100826073818e-06
726,16,-0.6722380156613825,0.1702895575408405,0.5619021960566097,0.15413994536735112,2.981700618252194,2.984101584499971,0.000805233843089342
727,16,0.06634018780489714,0.053168947789559766,-0.43177572350875976,-0.25464662133434357,1.2710377323110118,1.2710390784105068,1.0590554951767643e-06
728,16,0.3498500647738316,-0.08311314661164393,-0.26370289855543044,-0.2589337083577657,1.364005525571343,1.3640077576254344,1.6363966637147459e-06
729,16,-0.43604905768961494,-0.3553913870723718,0.03922681699044224,0.03226471370473232,1.3747273299723406,1.3747296932916973,1.7191186245675396e-06
730,16,-0.26854090510405354,-0.26761125092923227,-0.5864056801833485,0.2818082121487358,1.6225783109636827,1.6225866748348803,5.154679525241402e-06
731,16,0.16585974215552793,-0.5217775530902837,-0.0329678527936764,-0.41741857736178895,0.5827116132653819,0.5827116244764469,1.923947405551458e-08
732,16,-0.6701110078197023,-0.1341356744170138,0.09955801317538535,-0.5313893442979462,2.2879148001012215,2.288082659775929,7.336797449810834e-05
733,16,-0.43715700289755516,-0.2820103532441572,-0.05568341460786147,0.5922519260615865,2.263703353960271,2.263855076880662,6.702420620858356e-05
734,16,0.5600798692991594,-0.27399770479147284,-0.33182539803286204,0.5495178520951172,2.909566962235721,2.9114269817625114,0.0006392770989401503
735,16,-0.11082112778560839,0.17871249905795467,-0.10813716894327546,0.5063805189206801,0.7647947084058568,0.7647947609630399,6.872064159496378e-08
736,16,0.667717620844813,0.16801586229278867,0.4630600110914532,-0.32872667861202215,1.6177755472343422,1.6177837163343167,5.049587990398847e-06
737,16,-0.3755688715183716,0.3387199784578074,0.2545353638531842,-0.25932863210343693,1.8748754735831608,1.8749031091527009,1.4739949361699201e-05
738,16,-0.19306327394233472,-0.71477140655952,-0.6633977514729443,0.17784233220255116,2.944793683560083,2.9469019828753047,0.0007159412650847945
739,16,-0.36094726864504006,0.54690909937277,0.28244333314212133,0.004452037382541886,1.9820102088271734,1.9820550845265128,2.264150766709423e-05
740,16,-0.308505330974722,-0.4307986323554484,-0.4779244891567269,-0.3269670516764779,0.5671425581389706,0.5671425677954294,1.7026510539820986e-08
741,16,0.13910533156863117,-0.26753272870318595,0.2558178220962687,-0.3254243774477835,0.29909394658533567,0.29909394691290186,1.0951950052131194e-09
742,16,-0.5639620189896485,0.24864969912923346,-0.6464775340626039,-0.06196396793238134,1.0276092154835852,1.02760953720938,3.130818506163135e-07
743,16,-0.289480401401886,-0.2921570689848374,0.6362073273104107,0.06805436987640642,2.2967821867572256,2.2969563522260725,7.583020708326958e-05
744,16,-0.5490118015229445,0.009707471545698731,0.4991207466384424,0.4680194792398464,2.7743679809507755,2.775505288571471,0.00040993394838192
745,16,-0.2762735890786101,-0.48068376260131784,0.032591015596562765,0.45957187148698914,2.205053708297443,2.2051722050466727,5.3738713385492104e-05
746,16,-0.19505295783232174,0.42727255810189596,0.6186865044646913,-0.3492463393281061,2.710980609918761,2.71187825718746,0.0003311153408528755
747,16,-0.21190079667319406,-0.11160484649507676,0.3059370328407914,0.5700632001153535,1.975414875184292,1.9754584469923255,2.205704157691916e-05
748,16,-0.569600946218386,-0.1881148328448352,0.3383326644893456,0.6120050818396549,2.988619110902766,2.9910789421312907,0.0008230661510364334
749,16,-0.21557916237315525,-0.6522671563307122,-0.5781557342802458,-0.46582593013476076,1.5234091949348811,1.5234143010030223,3.3517377722077596e-06
750,16,-0.34315340521171145,-0.3317356034135658,0.5847437804729906,-0.27109683018877484,2.2573036027672906,2.2574513120441284,6.543615872350774e-05
751,16,0.3187692124904173,-0.13967865620679173,-0.3736308993149933,0.4682416228993608,2.0668659840458274,2.0669312988889983,3.160090865833383e-05
752,16,0.3811644858623722,-0.23086117958682797,0.06196676557590446,-0.3963802659411613,0.8510452713836887,0.8510453706660183,1.1665928114301851e-07
753,16,0.6286461462177548,0.052269082204322505,0.555296640861406,-0.3741782889597271,1.3876337398997327,1.3876362707415744,1.8238543564351528e-06
754,16,-0.08940038730178841,-0.042102630027275656,0.44017654313526267,-0.29023479874879904,1.2916250077002196,1.291626515799475,1.167598371420003e-06
755,16,-0.1536368340156249,-0.6936211973754236,0.3600862147897486,-0.1104528564969302,2.0218055212828503,2.0218590833745402,2.6492207646141397e-05
756,16,0.7311201483951315,0.07992772413146473,0.06452610504534864,-0.4777914408933484,2.349448538943463,2.3496650175777867,9.214018980857276e-05
757,16,-0.2995239946173197,-0.4063650374731547,0.5385324308468152,-0.2666829922301498,2.0718332074427344,2.071899957865039,3.221804827958623e-05
758,16,-0.4795005337534613,-0.15172860864179846,0.6427285335455376,0.16912379141369743,2.707974674866726,2.708862220937666,0.0003277527220535549
759,16,0.2939894831595781,0.5683575505729839,-0.06363947908018901,0.3412587696251334,1.1167372363310581,1.116737791146458,4.96818214522421e-07
760,16,0.08631238557052799,-0.1845815774286157,0.25237299155867066,-0.5301050139436613,0.9332044931410183,0.933204667880033,1.8724622093714416e-07
761,16,0.6302320201178482,-0.09141323271674136,0.1380122461149563,0.4863979931785222,1.9553925507619976,1.955432380434318,2.036914393736571e-05
762,16,-0.4760698166991642,-0.08957337487676242,-0.6335961485503855,-0.029741183185076292,0.4932823588444145,0.4932823633654584,9.165225132312704e-09
763,16,0.033804851134150916,-0.5020364133222266,-0.2922485700041229,0.0870637352807282,1.4934709647529594,1.4934753507715277,2.936795339079078e-06
764,16,-0.5114416521792494,-0.39713245696908345,0.06749343238788783,-0.2087403212365549,1.494674630074925,1.494679043106783,2.952503353669957e-06
765,16,-0.22133292962805334,0.5205980615503523,-0.07822224321785189,-0.1617444771697117,1.556853266594139,1.556859307367498,3.88011734212886e-06
766,16,-0.32973274835299865,0.14266187373749623,-0.33525932929056956,0.5830661339880623,1.2018480875870297,1.2018489994570059,7.587231577871877e-07
767,16,-0.40821693033861645,0.5767920834266018,0.3125401228288202,0.028407902507467137,2.2148102662975027,2.2149337653238006,5.576054444807521e-05
768,16,-0.4347372524708071,0.2753092971477605,-0.42816581188460523,0.40743359817606545,0.38023308740388223,0.3802330885411778,2.9910484613560333e-09
769,16,0.19004246006935896,-0.44650986782143065,-0.715948886342011,-0.1325058711577076,2.4978119340553473,2.498205820674087,0.0001576926642752189
770,16,-0.6905869386308586,0.041945046176729714,-0.24105084213714958,-0.6596637942304232,2.5203339710571178,2.5207645435173798,0.00017083944636171202
771,16,0.2979564732684444,0.04681212282414873,-0.30921972795627356,-0.5839528695855405,2.0617516383288903,2.0618155056554186,3.0977216334391256e-05
772,16,0.5859857168578839,0.38671185173949174,0.035648599359525315,0.1675265166958713,1.5338733866275083,1.533878769470867,3.5093140058062893e-06
773,16,-0.015188441109207501,-0.5790113460543167,-0.560845002091617,0.3200415121124536,2.5910883354444247,2.591656137335658,0.00021913644682275472
774,16,-0.2542575420203727,0.5421956565432783,0.19375676907116035,-0.4279137364657891,2.402135393920609,2.4024037818488915,0.00011172889295157409
775,16,0.6021058563912266,-0.1321411547407122,0.3990984354979306,-0.5956600242496937,1.6501521981972629,1.6501617675785871,5.799090129196112e-06
776,16,-0.032939207743215994,-0.41481631956258114,-0.6075927856943906,0.07292632765152232,1.8299185869514123,1.8299410496744761,1.2275258158481304e-05
777,16,-0.07945992864858738,-0.46059997116019225,-0.4331649492119677,0.027082353095501208,1.3965533490143585,1.3965560020149448,1.8996772219266041e-06
778,16,-0.6164168452354408,-0.23471963997670606,0.5856800444039616,0.3534034109042441,3.25010379524656,3.2560433792448094,0.0018275059420983395
779,16,0.6493092081887063,0.013585634798574856,-0.17900594877069462,0.2517302814370133,2.02131518118449,2.0213686271620506,2.6441189408768258e-05
780,16,-0.28297817496528854,0.2712859847487013,-0.32792654314151704,0.5294348305431678,0.7128941877188885,0.712894222652893,4.900307111462444e-08
781,16,0.13415270280533834,-0.16987239621654734,0.4498872341444741,0.0625360217861214,0.8734642170148127,0.873464333270133,1.3309683212519352e-07
782,16,0.4047981284755848,0.3057968076684765,-0.6250773472965166,0.3021572118778092,2.5612649617981615,2.5617705563256843,0.000197400321740937
783,16,-0.3771053129642994,-0.5405083427147577,-0.6124672839795561,-0.0151010506232259,1.7179006408121675,1.7179139038969968,7.720519169854596e-06
784,16,-0.40939600515332925,0.20597105818358039,-0.2749889500088786,-0.3476622232061549,1.3299569046473827,1.3299587633654786,1.397577687958689e-06
785,16,0.6631831335202895,-0.20322339032689962,-0.6490908034603672,0.10260316201764565,3.280783792207926,3.2873421452856966,0.0019990202016198547
786,16,-0.3073500968405009,-0.04411280948384089,0.47369112906168287,0.4676202388101242,2.1766436738521775,2.1767486736882344,4.8239331645456665e-05
787,16,-0.3740307630081622,-0.5800804671614599,-0.0493941395848975,0.496959931578403,2.6953989114376156,2.696245336928078,0.000314026056355085
788,16,0.36284274266782285,0.5520532991094349,0.08200750614000848,0.15670215145797584,1.2330276596426644,1.2330287480801652,8.827356728649739e-07
789,16,-0.5119899130157183,-0.1963365164264418,0.13705054902681393,0.5775664874334465,2.3904641833229703,2.3907201495760955,0.00010707805409130483
790,16,0.5419282579133629,-0.22727141726170952,-0.11433774560519329,0.595906918053184,2.5367681981295256,2.5372275403665734,0.0001810737919950642
791,16,0.10768514355681755,0.20225614010194626,-0.32754496816387796,0.27822296927495976,0.9672046918655881,0.9672049105265841,2.2607520188377748e-07
792,16,0.46646837517655604,-0.2440157683632462,0.6528169267987484,-0.22902727433335912,0.6000082493718937,0.6000082625550801,2.1971675298128968e-08
793,16,-0.2936278140764521,-0.23571571221122534,-0.31438170800593646,0.44090838907785596,1.571580610290702,1.571587111609274,4.136802483670322e-06
794,16,-0.7066754652223892,-0.12152577057325811,-0.12653089144605636,-0.5072484309206083,1.9964722540869984,1.9965201194412423,2.3974965915986126e-05
795,16,0.5060713841566983,-0.46471908852356414,-0.2945606641117975,-0.39159129420840877,2.1192223268604367,2.119304360679467,3.870939730598676e-05
796,16,0.24318197374240277,-0.628743059424089,0.4643374319633425,0.42121190838173683,2.7628287964128693,2.7639184604986062,0.00039440159562247697
797,16,0.1535294698486645,-0.3145932223488412,0.21619459333590024,-0.5444305798051192,0.617717104071546,0.6177171195732826,2.5095203708764033e-08
798,16,0.4558407695150096,-0.15820193069513924,0.6655894708934491,0.03556775090327834,0.8489368780280587,0.8489369758332552,1.1520903264852237e-07
799,16,-0.016268502592258597,0.6311872679535104,-0.6482524068417864,-0.10648884672261145,2.562226364825422,2.5627338607828305,0.00019806835351288978
800,16,0.06310229499786096,0.09845835815465041,-0.3025852315091541,0.665841938885534,1.757980531778904,1.7579965748184296,9.125834578784085e-06
801,16,-0.21720877923759588,-0.6373029326984273,0.6815800162867534,0.150025466395383,3.1055462748465903,3.1092246147586784,0.0011844421517337742
802,16,-0.13005089560601812,-0.6049381996280969,-0.37023730238436847,0.4342833331815505,2.5539235729201604,2.554414866762858,0.0001923682634464196
803,16,-0.4862768605095886,0.5458712702491287,-0.07526232149030916,-0.6783489663637278,3.3599587275450524,3.368392938487805,0.002510212662318882
804,16,-0.2607391868897544,-0.14429095325387042,-0.6384686648262946,-0.35969891694869915,1.2549717751062055,1.2549730061170223,9.809071735766123e-07
805,16,0.04008448056134344,-0.7200667240202917,0.26292475239709756,-0.13243842975597944,1.690090958084677,1.6901025665694833,6.868556245906435e-06
806,16,0.06270716864282276,-0.06478776744644812,0.006892319603022745,0.5692819339117127,1.4298728186530636,1.4298759782421595,2.2096993905303005e-06
807,16,-0.01848871720405049,0.5261760651529301,0.3012457770753466,0.6076530284928892,1.0124633093663618,1.0124636018027624,2.8883654147793684e-07
808,16,0.08885315073441996,-0.5410005202363709,0.19165678640525088,0.25183718894714974,1.7736792917067892,1.7736965667166402,9.739646807526382e-06
809,16,-0.07160778770070485,-0.46154846026914553,-0.3041562961095598,-0.5479657740733357,0.7053932443222068,0.7053932771933279,4.6599710603854255e-08
810,16,0.46397435965450423,-0.2709544373505239,-0.7130077145783846,0.07204905590981248,2.961302914552791,2.963537801947154,0.0007546973271055782
811,16,-0.2608492645532359,-0.4341246513287355,0.3911770777341677,0.0946311792262005,1.8511528376496065,1.8511776175885928,1.3386219917838231e-05
812,16,0.4884277961577215,-0.2626798619974291,-0.6234452604223576,0.2744729242952844,2.9112375999852245,2.913108755322861,0.00064273535682762
813,16,0.3215033842521093,-0.05814549215752677,-0.6848193280378924,-0.005552481338133623,2.348329380228645,2.3485448665977358,9.176156075245844e-05
814,16,0.04090176873079028,0.6302508176412625,0.18815047994529988,0.47038566121197295,0.6393498814245027,0.6393499002246058,2.9405031090391668e-08
815,16,0.07777127086772408,-0.3909125772852795,-0.4171686212129243,0.36110329370376054,2.0023040335926403,2.0023531570879314,2.4533484659135504e-05
816,16,0.5459709643132206,0.35552754298443173,-0.18669146314345716,0.32444356166523436,1.8221179102696996,1.822139574413714,1.1889540129317284e-05
817,16,-0.32774034634631993,0.5622357490926533,0.35617572192391345,-0.5385843180657971,3.0883859645300187,3.0918562500282447,0.0011236566731237982
818,16,0.4935734416449601,-0.07182632233785054,0.2691701901007958,-0.18423283890280198,0.6034547979725157,0.6034548115820974,2.2552777324106376e-08
819,16,0.0904942413601612,0.24100258312376652,0.5803481879804752,0.37859872919345045,1.3546331098811222,1.3546352327718445,1.5671333491241928e-06
820,16,0.19368137307567213,-0.5586494985012339,-0.26727359748409146,-0.3581745677417923,1.2999778929571746,1.2999794717797553,1.214499561281643e-06
821,16,-0.22776190499086424,0.3018385054361022,-0.4006468510105726,-0.17590361344452624,1.1553396719207136,1.1553403687907455,6.031732907981815e-07
822,16,0.06925909745434893,0.43321385486571623,-0.2517970313453904,0.009675511303094656,1.1567200126004158,1.156720715116197,6.073343362705929e-07
823,16,-0.02110082168160127,0.14919267615895904,0.16538958703326265,-0.28066887778001626,0.9648061839845324,0.9648063992505307,2.2311838566377816e-07
824,16,0.1540308628664677,0.10570124047398877,-0.08251172582546612,0.3283432940234027,0.689112036210192,0.6891120649636453,4.172536797230279e-08
825,16,-0.6299464749644412,0.11531764998517816,-0.459524017159045,-0.39855443617127717,1.6000118321455636,1.6000193172855142,4.678177873527087e-06
826,16,-0.0027106556910311106,-0.706018317481319,0.2910328318799568,-0.07715326636588168,1.801762266537549,1.8017819713106251,1.093638902427406e-05
827,16,-0.13156194645588962,-0.4464247433353528,-0.7325036290278222,0.06044161403991251,2.168958013926713,2.169059620646486,4.6845867518221345e-05
828,16,0.2730205133009517,0.5429960908761909,-0.5007348556424785,0.5294056395883323,2.302555736131156,2.302734126889628,7.74751097977749e-05
829,16,0.20402880973401996,-0.5245074856741111,0.4304528651582872,0.4532188312183034,2.450244189134258,2.450570030444034,0.00013298319866269457
830,16,-0.4410963356124775,-0.12005014229096067,-0.3456299401760421,0.3666491862102246,1.2150630258859374,1.2150640090983025,8.091863089678278e-07
831,16,0.38095663362980525,0.1492427702104577,-0.3802979588053443,0.4677260410383178,1.9453198890392516,1.9453579532684657,1.956707965030421e-05
832,16,-0.5238739092699689,0.2597394049975707,-0.5773550304950285,0.03308186230820975,0.6899936472037325,0.6899936761681146,4.197775187112521e-08
833,16,-0.2582575382679193,0.22043911398195504,-0.20730400452592396,-0.344304487891354,1.236445166496405,1.2364462760879351,8.974045596837757e-07
834,16,-0.5268644908781954,-0.4486512194139818,-0.11003252675187306,0.6666702140317142,3.0900510562472006,3.0935410466032387,0.0011294280555599165
835,16,-0.2501520727934805,0.6133230191301077,-0.5505543654924492,0.18787266174858036,1.5496094030327867,1.5496152286838178,3.759431905699072e-06
836,16,0.5869811001972619,-0.2208130283409515,-0.2668421461647736,0.13620406774100918,2.0893770439975055,2.0894491076361814,3.4490490303310996e-05
837,16,0.5361082021795209,-0.4218251666690758,0.6699810550822856,-0.21732284879260066,0.9100859128046547,0.9100860623703363,1.643423763769502e-07
838,16,-0.5103543881438098,-0.4111406462980029,-0.05022124650687106,0.00533319286378044,1.5006284990286416,1.5006330479851868,3.0313675557738434e-06
839,16,0.04547878304281211,0.5170615071315555,-0.09868110095465406,0.4168060683088467,0.45086474597417814,0.4508647487682091,6.197049061821541e-09
840,16,0.5119870750354767,-0.2899479906140898,0.10547166444935085,-0.12436966848034786,1.0513509939612564,1.0513513669623753,3.5478267583629455e-07
841,16,-0.3516976788936028,-0.43143124753126894,-0.1440802478099947,0.42302664368551113,2.0102951804879834,2.0103460789240546,2.53188867810176e-05
842,16,-0.32165543039793404,0.028714399056035296,0.44597400963803524,0.22041553182782225,1.7109491551635012,1.7109619849773416,7.498652897844548e-06
843,16,-0.13600293468437413,0.17030935014393406,0.15900307524062102,-0.5619551381405251,1.7577946104012339,1.7578106393604147,9.118789582127775e-06
844,16,-0.1750341958462598,-0.6901188212494557,0.2435441175905681,0.2767183179968876,2.5127679315991402,2.51318583596813,0.00016631236165276465
845,16,0.5853699600717251,-0.08282653955845458,0.27425806015625565,0.2806085354495363,1.2138717407567636,1.213872717333594,8.045140170103911e-07
846,16,-0.5186931117977307,0.18609295895492903,0.5547264271324385,0.06560527645972065,2.4558447267705983,2.456177962604705,0.00013569092152866967
847,16,0.6315111342591452,-0.3614095476593016,-0.4835787394479766,0.014677901681664707,2.8513544231746772,2.852862634729394,0.0005289456626151255
848,16,-0.29822783333102404,0.47437744263908965,-0.012687227684616064,0.16786083613183184,0.9857774268232543,0.9857776734448317,2.501797775761183e-07
849,16,-0.3754783441841301,-0.27974086739181314,-0.18389112548539913,-0.43092959045570395,0.6155246132144502,0.6155246284114705,2.4689541218293808e-08
850,16,0.4147622521323001,-0.5047651639784777,0.26814135966329716,-0.402405274057066,0.5333252563087039,0.5333252632068419,1.293420474497388e-08
851,16,-0.09820981272056688,0.4123174634303642,0.2984879548238598,-0.5959004782198817,2.5027676290509713,2.5031693264103714,0.0001605012605794409
852,16,0.27239428819240835,-0.12052909143774419,0.3550321740062417,0.2544617344881749,0.8669214041338863,0.8669215151884465,1.2810222435964866e-07
853,16,0.1320675890783228,0.4774237750913228,0.23206599365424743,0.23846345589697288,0.6223373815348621,0.6223373976958942,2.596828128708102e-08
854,16,0.13648966459922982,0.013089476456239856,-0.12311194229508084,-0.2082636503179049,0.6957943289662347,0.6957943593521447,4.367082159969869e-08
855,16,-0.17236415337505262,0.20430584449038489,0.1469004860909546,0.13331017311835386,0.6794458541890541,0.6794458807155103,3.904130988395209e-08
856,16,-0.3484782891255,0.051030288658912404,0.028824823421693076,-0.5122577330513991,1.533218488256757,1.533223853373883,3.499251520244537e-06
857,16,-0.24426847833153353,0.291809703594702,-0.6944448854089934,-0.2026932918849995,1.8289947121866001,1.8290170788970415,1.2228963972549118e-05
858,16,-0.5173686111168623,-0.3073476815415575,0.16549084156392443,0.6052847189948086,2.732655157760341,2.7336288777318587,0.00035632742344104626
859,16,0.2505073220217699,0.18204166577703917,-0.36644652388088417,0.09559462374414743,1.3182776569495498,1.318279401572352,1.323410734474121e-06
860,16,-0.05445285769461487,0.2848156688022385,0.3982305199975256,-0.5425688444241927,2.196109977110864,2.196224057275648,5.1946471703649414e-05
861,16,-0.44808612285357924,0.012973584735691364,-0.23904277771361013,0.5242120159081542,1.3958211843690689,1.395823827139249,1.893344369338096e-06
862,16,-0.398410913364818,0.13470816779470665,0.01983807171111376,-0.025400133918107855,0.9514657847099329,0.9514659819411116,2.0729192987482858e-07
863,16,0.08801028424419619,-0.18126033729237487,0.5986932877969338,-0.346349026949967,1.4001655403083835,1.4001682443232646,1.931210848483548e-06
864,16,0.20622793503299514,-0.34179587341889434,-0.4856932836028203,0.20601958522293778,1.944820200599304,1.9448581792062185,1.9528081260547346e-05
865,16,0.3563651651144702,-0.6589699658727044,-0.2954428529033594,0.6732418959538069,3.8204169031699604,3.85280740409492,0.008478263431952647
866,16,-0.0856679979946749,0.013802266552359362,0.5102240568459504,-0.01970697364040696,1.300035728746345,1.3000373080691363,1.2148302975757112e-06
867,16,0.596261994570981,-0.061210212982323216,-0.23588832934293402,0.6390730666032736,2.754618691398779,2.755675595791748,0.0003836844628511677
868,16,-0.37911835604994376,-0.47979864990099624,-0.5818672070131035,-0.031425653964067914,1.410628308891159,1.4106311658711903,2.0253244693948703e-06
869,16,-0.24657392963442656,0.3209130474040287,0.15355424611844562,0.30242332923970217,0.9005221232481746,0.9005222633839041,1.5561608743110206e-07
870,16,0.7084994072230485,0.1045826421483306,-0.4012903363746959,-0.015357829347302624,2.648230101651669,2.6489376155075712,0.0002671647963901613
871,16,-0.38284893937458764,-0.32060443897023116,0.04678860945534454,0.450501695539249,1.9576371889102888,1.957677422429752,2.0552081709040086e-05
872,16,0.33345092596252934,-0.386644420058899,-0.13237062564317656,-0.14453343670528612,1.1762795196768654,1.1762803068245482,6.691842114438526e-07
873,16,-0.3741696641984016,0.5948590622910851,0.16380831212050562,-0.0059780146815077845,1.9660205784360343,1.9660623548146636,2.124920719933486e-05
874,16,-0.39192013751854343,-0.2979172035816353,0.5509543568854264,-0.11171758221514495,2.1993324954575275,2.1994481486997803,5.258561063035759e-05
875,16,0.22493219516229168,0.037058962221342674,0.09788159983683949,-0.3067094049928339,0.775563832456983,0.7755638895144182,7.356897373648751e-08
876,16,0.0467566735692606,-0.6728487250983763,0.24613617076385183,0.5106283018109898,2.8631763748371535,2.8647506048269586,0.0005498194256002483
877,16,0.09596719512255905,-0.6107516560403305,0.4663964074409415,0.2620605856199918,2.3081258398371074,2.308308398628196,7.909395057139614e-05
878,16,0.3240795558563146,-0.42352441349164366,-0.06105720223694517,-0.5818928574300697,1.1496589816242664,1.1496596556936778,5.863211806052405e-07
879,16,-0.03661258232385262,-0.34375148324399724,-0.32905121527340125,0.16962674977799638,1.2687767334339208,1.2687780627577017,1.0477208052452604e-06
880,16,0.38272969054450984,0.018625153836719175,-0.5716313382757338,0.21617694241491267,2.1968716671539235,2.1969861173012317,5.209687439618927e-05
881,16,0.25731507374873885,-0.33357483238730123,-0.3714449148860288,-0.5133398435113783,1.6649976491528207,1.6650079334988688,6.176793134416124e-06
882,16,0.14046114310756236,-0.19810930167083202,-0.45818513530692845,0.2502405150279779,1.6236441283164174,1.6236525359989298,5.17827913505996e-06
883,16,0.012772136564669712,-0.27060435248736686,-0.14723183221490138,0.28190958568935615,1.189243887059137,1.1892447353437514,7.132974350850368e-07
884,16,0.5473253956639785,0.20925190227734772,-0.06844559398264917,0.43949935759986797,1.6263688681592068,1.6263773888278317,5.239075090347488e-06
885,16,-0.3553819277985881,-0.17087885426781751,-0.4335174233999849,0.2797450268340076,1.1048806165127971,1.104881133330971,4.677592909934563e-07
886,16,-0.003629785936574741,-0.46813503034552495,-0.6719587040431112,0.1638878518471461,2.3235355469644325,2.3237301210965633,8.374054461312364e-05
887,16,0.031082870881360202,0.643562743886204,0.046828049185551064,-0.6608315716738573,3.1222549673562785,3.1261468002343875,0.0012464814433154265
888,16,0.1559091619057507,0.0955718675612112,-0.4982253947555621,-0.43557082060124824,1.9582175973133091,1.9582579358869283,2.0599637994534248e-05
889,16,-0.02180060841880896,-0.7360509587772305,0.4308546635054122,-0.5917474690935098,1.8057821092716704,1.8058021871896084,1.11186825004644e-05
890,16,0.04802960486939687,-0.006350626922618831,0.414973302313787,0.4870805091078759,1.4670863879958165,1.4670902193300028,2.6115259590056782e-06
891,16,0.30452484643573413,0.3254044098520206,-0.5204230735007679,0.5323866201757465,2.3026584172232725,2.302836883996602,7.750466677751648e-05
892,16,0.12100792147408333,0.11893823512456389,-0.623204456858319,-0.3870126575572032,2.209617287268274,2.209738099459034,5.467561801584058e-05
893,16,0.18416215482537934,0.5756844296259024,0.26962769391269664,-0.4488931771712888,2.405941400106836,2.4062139601422996,0.00011328623193046442
894,16,0.711203076868742,0.1181564142586006,0.4820157298373817,-0.2739832443956173,1.4458570880457609,1.44586052142804,2.3746346077609333e-06
895,16,0.5443905324415814,-0.3466454691604839,0.3485031615439446,0.31044439359676806,1.7838321375143202,1.7838502562883152,1.0157219176565966e-05
896,16,-0.3050219696353007,0.4810392547695407,0.43493848060484513,0.359030011059017,1.907308400952307,1.907340447604752,1.6802029723693104e-05
897,16,-0.012598897553485503,0.7033672271669638,0.1749079220350353,0.0979804882019303,1.6328606530000422,1.6328694486444937,5.386647314504377e-06
898,16,0.0839555037108797,-0.33437702062213664,0.49583203378638047,0.242151905036847,1.6252792720340055,1.6252877473503142,5.21468307299462e-06
899,16,0.10697935789795833,0.45224381663705626,-0.4264888279502523,0.11957354184975619,1.4527378672013351,1.4527414251286892,2.4491186155449033e-06
900,16,0.02474221237089503,0.49647717409698916,-0.08685087517482883,-0.7240753130205019,2.944138803950542,2.9462422210650963,0.0007144422374828197
901,16,-0.1377301535802161,0.20199437768066952,-0.27882897467833745,0.3217797897564552,0.4188466418262258,0.4188466437170019,4.514244494162191e-09
902,16,0.1469342676650087,-0.3646037987038287,-0.45287725715125027,-0.2750047453008432,1.4303123484519662,1.4303155152891698,2.214087857809947e-06
903,16,-0.029047126351140116,-0.6234926919174111,0.20143068101954656,0.3297785519282062,2.2302119048955467,2.2303437090530234,5.909938745613709e-05
904,16,0.367766888347902,-0.00013451349406004714,0.3534406144297365,0.30711749430905366,0.7322083400008155,0.7322083807722034,5.5682769104232723e-08
905,16,0.44103652758986217,-0.4345072548348575,-0.5136806149765241,0.014460783933716283,2.461715912503824,2.4620570696230177,0.00013858508914897888
906,16,0.25070013310653183,-0.03695950592477101,-0.17293948162048833,0.052790143544354164,0.8814949293467305,0.8814950522802413,1.394602586161192e-07
907,16,-0.37179017490724764,-0.3974841527145925,-0.35963778587817674,-0.4548310019049966,0.17132235258135628,0.17132235260058504,1.122372952825565e-10
908,16,0.24239506096125746,-0.467205798033704,-0.19434402692697383,0.3097850218776547,1.93583773343948,1.935874203643955,1.8839494573772233e-05
909,16,0.04441542809427703,-0.428246869013494,0.06439453523775533,-0.19536326100756032,0.5232694057949367,0.5232694120148982,1.1886728644770362e-08
910,16,-0.5309571426563207,-0.11180952147581684,0.1626800166071709,-0.3255814302656409,1.6586650122454212,1.6586749856663303,6.012920532781838e-06
911,16,-0.32209856699030276,0.4903994361973941,-0.06521220661088947,0.6045744247411344,0.8488489522817702,0.8488490500257911,1.151488974869122e-07
912,16,0.21727201233333615,-0.019583204946132252,0.0796219058209288,-0.38479701594333493,0.8444989599164728,0.8444990546758433,1.1220780007924641e-07
913,16,-0.12567319227169782,-0.43455616472233344,-0.26281525204952916,0.2075218565678343,1.4359997180329398,1.4360029800676923,2.271612390708861e-06
914,16,0.09377387003276293,0.3699382886177638,0.47879240397092443,-0.5543246579573241,2.4885531376710532,2.488932812506795,0.00015256850657284458
915,16,-0.7291474857408238,0.05891188861575235,0.08098935559385234,0.12274539544036776,2.0383242109417976,2.0383818272992387,2.8266532444530967e-05
916,16,-0.6900142007161695,0.21959334962268304,-0.1807079962501947,-0.2799175369460335,1.8967048773815203,1.896735413376063,1.6099497031335925e-05
917,16,-0.4086041436349021,-0.25661257583158076,-0.21919734193434084,-0.15835870704240979,0.5008190155362054,0.5008190204421977,9.795938506526323e-09
918,16,-0.18470009431412424,0.44185597992365955,-0.11355384566489068,-0.1212376697698759,1.2318990585010292,1.2319001400345673,8.779400638368528e-07
919,16,0.29749994445063405,-0.2305483968073118,0.38500023952178164,-0.4647471513605754,0.6645700370504781,0.664570060440771,3.5196129257593053e-08
920,16,-0.4731985985660846,0.08894481741945888,-0.7277863619878298,0.1787609357706232,0.8997806371766924,0.8997807766039378,1.5495693022836671e-07
921,16,-0.015764681907120794,0.2094139387217599,-0.3970329545464143,-0.15390612715732935,1.1296502294945927,1.1296508285757583,5.303244755965886e-07
922,16,0.6483698940629519,0.040507075343837094,-0.5476227869929857,0.3560206545872924,3.0164269086196054,3.0191369975919486,0.0008984434413441389
923,16,-0.034141508019286636,0.6358796708425881,-0.6327280238425157,-0.0356570240687067,2.3986998410067533,2.3989645146779375,0.00011034047139183815
924,16,-0.10313106142491167,-0.47357574530059976,0.7199877924913862,0.16968853210183002,2.676292117472262,2.6770794578672152,0.00029419075362261494
925,16,0.3294339414185333,-0.28088050349397886,-0.3224851540609266,-0.037642841476413044,1.490406355437327,1.4904106733750275,2.897154648295401e-06
926,16,0.26168300265024375,0.2626140770472969,0.06621330019542784,0.22908726792226422,0.43630059132653987,0.4363005936732806,5.378724651823032e-09
927,16,-0.03528066266410848,0.4916765093176951,-0.41233732510185545,0.4736603078163908,1.0640940461577544,1.06409444963056,3.7917025009867805e-07
928,16,0.48013341339946475,-0.2756285869449228,-0.1151311980950456,0.7256957986161178,2.9422350288550234,2.9443243123273675,0.0007101008083494604
929,16,-0.21525753557500824,0.4048949064408809,0.4639982032362761,0.3189826244838412,1.6653348268923434,1.665345128046771,6.185635621940384e-06
930,16,-0.4361592685045799,0.0988941514559567,-0.5211166703615536,0.5306910633534947,1.36395444166123,1.363956673106454,1.6360115528761616e-06
931,16,0.5070094927003217,-0.05024549400014334,0.6085588769709793,0.15443296103198353,0.6697255649060355,0.6697255893448745,3.649082584440824e-08
932,16,-0.6484474875848949,-0.2602656769691007,0.4315074310272316,0.03696441234357472,2.638964402747327,2.639647266644378,0.00025876207209925755
933,16,0.5326891160034285,-0.026865687007122035,0.3518405639125697,-0.23120314652865448,0.6970881958918074,0.6970882266029057,4.4056259325683176e-08
934,16,-0.12003755178488501,0.3783494748871768,-0.30932649899210063,0.5397355786537859,0.6791630139249103,0.679163040388515,3.8965026377200064e-08
935,16,-0.699244532335957,0.13607127636168903,0.6823738236922127,-0.17312237424217486,3.5335201824451854,3.5478560229677103,0.004057098808645984
936,16,-0.0014249240628509113,-0.5223646725988476,0.031900431532627824,0.5906643755446236,2.5186395711073026,2.51906727561156,0.0001698156850879993
937,16,0.3304945412228784,0.5685754974040595,0.6438569553288535,-0.03724976494131001,2.012320737495489,2.0123720953899165,2.5521723982912427e-05
938,16,-0.3927631011656529,-0.07014179436814579,0.5507146927017694,0.0658346073231788,2.09433420810908,2.0944078441299165,3.5159632379263754e-05
939,16,-0.102032209317191,0.06897735701753628,0.2729732072672028,-0.13890082021646838,0.8791529241479897,0.8791530450996209,1.3757746557269981e-07
940,16,-0.1857225428817474,0.7114159786470765,0.45239637600065397,-0.22421611729268368,2.8290831282244313,2.830473890376137,0.0004915946575873106
941,16,0.3426286434026882,-0.5578847709465209,0.28678439110474035,0.3274316581383082,2.1611770622315656,2.1612753396580606,4.5474028117605126e-05
942,16,0.05475380744284353,0.6037560517163152,-0.08261920519363226,-0.4998125889279331,2.5210302373818223,2.521461993577792,0.00017126180779889578
943,16,0.5772786485130091,0.20469845913108536,-0.534066580194623,-0.35938225501122134,2.940562052859962,2.942638988582876,0.0007063056944824548
944,16,-0.6611623785768259,0.050498496954080645,-0.5163093423139768,-0.1863718064463585,0.8606914030546264,0.8606915093499047,1.2349987215948693e-07
945,16,0.13440315296461328,-0.48489567074563555,-0.20983468821755386,-0.13242452230273516,1.1179077762196228,1.1179083349210446,4.997741617673577e-07
946,16,-0.6842045538797733,-0.10167447121102395,0.575245475879298,-0.13385365112603193,3.027559910161167,3.0303765994575325,0.0009303496478837737
947,16,-0.4220680637223115,0.40702354298542015,-0.37388836038607465,-0.4280901807038874,2.1015385025162843,2.101614481719069,3.615408553967953e-05
948,16,0.11870100244460212,0.5436184525495498,0.08272461143932903,-0.6992974763206438,2.98154525887826,2.9839449183013205,0.0008048374969036892
949,16,0.41102871930406404,0.6240293361153217,-0.07778713487578,-0.3671816523583222,2.695245285542255,2.6960912198808695,0.0003138617264826304
950,16,-0.6522024613304028,0.34781989093969046,0.05126827576386716,-0.4184240330176271,2.604775719457606,2.6053744113246053,0.00022984392188821987
951,16,-0.4728295765237671,0.28150864131250847,-0.12161971591681692,-0.02218911233718881,1.069094768654001,1.069095184688761,3.8914675496873834e-07
952,16,-0.1539247025173276,0.2592192949172073,0.3299342419716861,0.3400945190604295,1.1105674289656395,1.1105679637022035,4.814985114550779e-07
953,16,0.5493386628573763,0.4938101415953758,0.4309449914874443,0.17083237834700526,1.0961715086240038,1.096171999058441,4.4740666348755235e-07
954,16,-0.7175796698247234,-0.1645557002345237,-0.3543921079441863,0.07973130006291528,1.2957821739450992,1.2957837168681596,1.1907271850556318e-06
955,16,-0.6265355472965546,-0.19418023770525988,0.06665300710433429,-0.13986449710368573,1.6655547104909123,1.6655650226205188,6.1914085088262074e-06
956,16,-0.17995416950565926,-0.40766480382441983,-0.0044819738949101965,0.4585501159869167,1.9153786635138899,1.9154119070368243,1.7356110082925666e-05
957,16,0.21973394391454434,0.5993121581378037,0.4647201757658191,0.07837149438739355,1.5393041485686816,1.5393096805370163,3.593811099575526e-06
958,16,0.37020648991059646,-0.32637076048633057,0.2584396161088093,-0.3559692576311174,0.29498722848154646,0.29498722878662714,1.0342165812023863e-09
959,16,0.35613049570361965,-0.6055947437417253,-0.014286077057908615,0.5530692546869772,2.9333088559270966,2.9353330333771854,0.0006900662526548412
960,16,-0.5738493131795378,-0.16218484289451443,-0.03151245442112415,-0.7319774372704762,2.321811662342348,2.3220048561247455,8.320820570031464e-05
961,16,-0.1254796192035727,0.5128576263956778,-0.010433980685745919,0.6883171928078257,0.6686906594111808,0.6686906836363468,3.622776188567944e-08
962,16,0.5490779375702878,-0.2136833391406525,-0.3138247614622423,-0.25193889525071506,1.9903179827693223,1.99036455353596,2.339865641615863e-05
963,16,-0.5991113032457615,-0.3794045680613828,0.1673048083850916,-0.2005358478786928,1.9754605089308273,1.9755040896360618,2.2061035914186675e-05
964,16,-0.2818833698908811,-0.5927082215552928,0.5357395646346228,-0.3024943253702831,2.343241040388085,2.34345206922919,9.005852896392283e-05
965,16,-0.3244719100544089,0.3248551640777762,-0.10052191573384495,-0.6299358034296106,2.3145812683821583,2.31476877273926,8.101005553927213e-05
966,16,-0.4640155906342599,-0.19661398706999134,0.0336364880089758,0.49861224288521616,1.9576818872551456,1.95772212885581,2.0555740402147784e-05
967,16,-0.5803273839284205,0.19162673082493833,-0.2666369408444418,0.3717779678308276,0.9873376018183515,0.9873378509289669,2.5230540688326687e-07
968,16,0.4610716698243341,0.14918847939890237,0.04529964608438955,0.6233488208933655,1.652519376337311,1.6525290564959985,5.857818568502869e-06
969,16,0.11212596298010694,-0.7390735270261282,0.6355628271070136,-0.35261014221149456,2.306243080731499,2.3064242204948115,7.854322244947888e-05
970,16,-0.24900230283162095,0.06194371726143155,-0.10297347534058991,-0.10124015702262547,0.4540263782024883,0.45402638110244825,6.387205849872334e-09
971,16,-0.6166480205222525,-0.40542084608675644,0.6305581372433116,-0.11437978786940216,3.273750462607086,3.2801620132522906,0.001958472619839993
972,16,0.1920391529901351,0.04156311805243086,-0.6149539364231682,-0.14339031704497646,1.8857627257333984,1.8857917736347145,1.540379440090188e-05
973,16,0.49396400025919857,0.5193342003273259,-0.1469512636913231,-0.34240927795850734,2.560273308405481,2.560776948679066,0.00019671348052236783
974,16,0.2868795240113814,-0.04801461819185098,0.22916555197193467,0.16652236493320408,0.4796336314939967,0.47963363538228543,8.106789205799881e-09
975,16,-0.5723023106854312,0.2274004055448645,0.22438097687334785,-0.37290787895663996,2.2832273620410257,2.283391976158661,7.209712023076413e-05
976,16,0.3134579097743033,-0.2965961456434612,0.15975676916288037,0.03880627233887766,0.8071619740286099,0.8071620462997622,8.953736004708999e-08
977,16,0.5874713365613419,-0.4580272654332737,0.02238051909497731,-0.13957780559654828,1.7373513923994053,1.7373659423354966,8.374780228653637e-06
978,16,0.5755861256144696,0.011377459736663017,0.3598815990432176,0.28719478204560034,0.9308420084534643,0.9308421804570416,1.8478278344557086e-07
979,16,-0.044925803820122394,0.2166007328874611,0.10510905852604707,0.6183379075903598,1.0764528638732078,1.076453299037645,4.04257772686525e-07
980,16,0.35891402940653594,-0.6116058809588226,-0.23052133161382912,-0.09097380576993479,1.968878860884651,1.9689211759818452,2.1491975984342286e-05
981,16,-0.6155451034732283,0.21680410567746178,-0.0951475862749679,0.121525152591864,1.3162972749534643,1.3162990008857631,1.3112025161020106e-06
982,16,-0.5145200828876604,-0.38918932074870655,0.17390895787705543,-0.5530793477143399,1.9496676511857771,1.9497064681629854,1.9909535445542768e-05
983,16,-0.4349368270904239,0.3918333625260839,-0.6582929877097237,0.3062837373661646,0.8337004090807799,0.8337004967763318,1.0518832781673207e-07
984,16,0.14090776016524154,0.47501584688331855,-0.12085552059638131,0.25655277667802245,0.7973525614635936,0.797352628670307,8.428732365678117e-08
985,16,-0.6412108515086776,-0.05091754305155138,0.3818635267116749,0.22507663590474208,2.4377418504665087,2.438051738220639,0.0001271208245741933
986,16,0.4850845997504126,0.035939255741989376,0.2829160450867237,-0.46218822631478856,1.3575240019142834,1.3575261579354583,1.5882011455309922e-06
987,16,0.5664158386373503,-0.010922442956370034,0.17138690913738633,-0.4532111893766998,1.500525996198332,1.5005305427819913,3.0299932629333135e-06
988,16,0.27065542345805343,-0.16092187281979578,0.6588841245014586,0.06714912400539882,1.1941161790986428,1.1941170514639685,7.305531413310486e-07
989,16,-0.40583172166058834,-0.5492271206285589,0.03440881525923826,0.1035696134085885,1.879503670421203,1.8795318982461406,1.5018765529409728e-05
990,16,0.442161851217384,0.4397546588203709,0.2635188136139554,0.10937996697373617,0.9647163786127511,0.9647165937525569,2.23008347975346e-07
991,16,-0.6410958356922836,-0.06664204223525429,-0.24945828816717303,0.03928578652634044,1.0481893964166638,1.048189762187973,3.4895536101709697e-07
992,16,-0.31893327705526475,-0.1425162379224558,0.3242348495482803,-0.6229946249393908,2.0365549015152817,2.036612070110437,2.8071227106427576e-05
993,16,0.6929691700601784,0.15822262750754837,-0.13485913386764703,-0.17858394054531282,2.161351170415108,2.1614495211956726,4.5504303933005726e-05
994,16,-0.6712647754682922,0.2551410997904809,0.2990233634734269,-0.3240121357642877,2.7096701183960237,2.7105633487490906,0.00032964542325750694
995,16,0.31984538886685726,0.03336662252297119,-0.6299630553941656,0.041924836778819904,2.149013161993107,2.14910644087405,4.340544887886701e-05
996,16,-0.1718840628543049,-0.34943852384862095,-0.12166427460528274,-0.6510456813626492,0.8594597267525155,0.8594598321285787,1.2260733101103037e-07
997,16,0.00020775921341945975,0.1673155884001247,-0.6716853191352747,-0.12124250836478234,1.7836513721422018,1.7836694755588418,1.0149638501524682e-05
998,16,0.4537928830394614,-0.02510061347830996,0.06509325810626536,0.6881290324310977,2.109948397405514,2.1100272012215977,3.734869354180294e-05
999,16,-0.023103917719432227,-0.6832940752540432,0.3318429385876156,-0.6396454164744566,1.3164116446016194,1.3164133716082524,1.3119047071001984e-06
0,32,-0.4681119404803729,-0.012915358418824829,-0.24860213959253838,0.08214521649839718,0.5539199174691191,0.5539199179999024,9.58231125938635e-10
1,32,-0.14555893603897102,-0.06207425576251886,0.07355698091980083,0.40621796631914825,1.0943508076080188,1.0943508381339593,2.7894108753648395e-08
2,32,-0.35116194026246245,-0.47755049622842105,-0.7076244744747661,0.003613757992813424,1.835740143699594,1.8357416509180808,8.210413070062392e-07
3,32,0.5061564235959839,-0.5049501100740283,-0.052857144540530115,0.3217350737202434,2.4004352527370525,2.400454277246855,7.92544176350135e-06
4,32,-0.09891726258451429,-0.32611101673745635,-0.08318710790894485,0.7279503073979993,2.547887423939578,2.5479229722601793,1.3952076637047741e-05
5,32,0.1310553943757343,-0.16641839250564358,0.37042263954098514,0.34657271417684093,1.259372767094146,1.2593728468084757,6.329685053268563e-08
6,32,0.5309000680068642,-0.14623951426837184,0.4671918737903891,0.46053327570883845,1.7177356556847447,1.7177365125164974,4.988146749033448e-07
7,32,0.2968078528644317,0.48438932668122103,-0.3495168485186101,-0.26161748671131135,2.196994142742354,2.1970019875703137,3.570709546766356e-06
8,32,-0.6384513102432371,-0.05790241594194403,0.6809735995625664,0.11889598832699227,3.2192036362178387,3.2197172065619717,0.0001595333511540138
9,32,0.10005176771456499,-0.6147842138085091,0.013794550538237863,0.40935568390778837,2.3221094698187588,2.3221230411050127,5.844378325091932e-06
10,32,-0.23364236040441203,0.27083086942544127,0.09438281141871234,-0.3558647888324439,1.4881950251652192,1.4881952973083836,1.8286794394969233e-07
11,32,-0.30682019398785426,-0.18330333731854512,0.048913612281970144,-0.388590662565293,0.9228021946131449,0.922802204840761,1.1083216042485355e-08
12,32,0.1824673001387124,0.028618789799578884,-0.25707053085465464,0.0006854286999155733,0.8970561581222005,0.8970561667074152,9.570431653102167e-09
13,32,-0.4391925699179757,-0.524351711829,-0.5843972422145975,-0.1729230723616136,1.2349163478038092,1.2349164172639158,5.6246811113097285e-08
14,32,0.2662656134014964,0.12053505189335799,0.2976127788783426,-0.4580621259044539,1.3434038240756374,1.3434039507043243,9.425958494397859e-08
15,32,0.4799310646671185,-0.21500246142933352,-0.40466196614625105,0.15682607448861363,2.0979799658364855,2.097985009874379,2.4042354911504855e-06
16,32,-0.7024018250145267,-0.10862729530217646,-0.058066562049433036,0.03530843392310068,1.6776651260454631,1.6776658308699977,4.2012230186583667e-07
17,32,0.2697548675558376,-0.47809596150648953,-0.710680100847495,0.004861086691627759,2.757149857879781,2.7572341817492667,3.058370920414589e-05
18,32,-0.7324058883040659,0.019612022238111388,0.13463973707465515,-0.6721490706390477,3.0909208119621274,3.091236361485746,0.00010208916462611106
19,32,-0.10852770088328186,-0.30965853738782356,0.12052968644681016,0.4838049004960898,1.7748470264361205,1.7748481546962778,6.356943108314158e-07
20,32,0.575590843745858,-0.17609193179715707,0.12529919064183473,-0.3628541377267524,1.241038398707475,1.2410384706132478,5.7940006502941975e-08
21,32,0.549812921313479,0.02548389806339858,0.4866520496609057,-0.2691077141914432,0.8431889676316217,0.8431889735172543,6.980205948909737e-09
22,32,0.3347495511765043,0.4959463120378787,-0.46087355306240024,0.0880926581365896,2.1121201211142053,2.112125495935157,2.5447515499398314e-06
23,32,-0.508802988728167,0.3946964561024231,-0.18260291530403916,-0.33355008438901546,1.9377182615265554,1.9377206896814803,1.2531000884473653e-06
24,32,0.06689630430220349,0.1856326875125818,0.16905213425213936,0.008735451826697164,0.41975815276150974,0.4197581528811118,2.849308576827592e-10
25,32,-0.7409683009061172,-0.07695344019948326,-0.12407821915544705,0.13932635304831814,1.7590805653437347,1.7590816114386225,5.946827612298439e-07
26,32,0.21237712183218274,0.23766742515124958,0.7056879594694507,-0.03446690528721508,1.5270686864096683,1.5270690186055431,2.1753826646081288e-07
27,32,0.43437782961643984,-0.3104878091635192,-0.14170596897300528,0.4867018653433252,2.2165258072633023,2.216534358989623,3.858166818016315e-06
28,32,-0.27424273155097323,0.17478582089916986,0.14714478101321032,-0.19428575636745826,1.1560900242056331,1.1560900683113566,3.8150769052936804e-08
29,32,-0.26755663904416993,0.24493115886552103,0.3116835208775095,0.1557339174748009,1.25740203499182,1.2574021138307052,6.26998231305621e-08
30,32,0.3765455508533384,0.22858170099823355,-0.0609027553389716,-0.2998470025700974,1.4694298377788333,1.4694300847385673,1.6806500565506554e-07
31,32,0.18319247481573758,0.1993848347442624,0.6893298565806704,-0.15492128708634728,1.6279655676525853,1.6279661193626884,3.388954374224087e-07
32,32,0.048856340979546414,-0.14297327096661822,0.5163487033727664,0.4575764762576645,1.8512263877615556,1.851228009205779,8.758757081529021e-07
33,32,-0.18409675264942263,-0.23573972704167367,-0.2687439298717751,-0.1078865686187982,0.3342126392976223,0.3342126393339499,1.0869609140188552e-10
34,32,-0.17661137349552755,0.6696177862470112,-0.5302276290407767,0.19430184077964222,1.7557561977752851,1.7557572272892503,5.863649899080298e-07
35,32,0.22932276621122136,0.24490112378736634,0.08586517734230735,-0.0026667144447131076,0.6006526577914991,0.6006526586214219,1.381701697955493e-09
36,32,-0.3158085790108989,0.051276541123111474,0.31445688608652334,0.3487201422701062,1.5166990917582759,1.5166994068179775,2.0772723038672867e-07
37,32,-0.6195762744805587,0.007664849117872856,-0.013517624828834784,-0.24652057340776995,1.563824690987606,1.5638250912728864,2.559655713228483e-07
38,32,-0.5371807195346296,0.4188651939853589,0.334420299802035,-0.23742321380223314,2.5337701881728023,2.533803691141122,1.3222575778969919e-05
39,32,-0.6635244356382104,-0.2141172662722287,0.5352558715058299,-0.2498677064092748,2.9519822717601603,2.9521660843414206,6.226750852088358e-05
40,32,0.2704481510518758,-0.12235362269085237,0.4403652252470703,-0.013859109661914174,0.4661120239609778,0.4661120241696403,4.4766605659411375e-10
41,32,-0.08697284268831772,-0.07423781609130642,0.10768454761980266,0.1630104468326782,0.6199838080552312,0.6199838090454736,1.5972067652591417e-09
42,32,-0.2446462846922445,0.4704882417186809,0.09694196317987062,0.4954857540509629,0.9048367467770313,0.9048367558317961,1.0007070180420723e-08
43,32,0.3257831893842752,0.40516505121724455,-0.4097850575656238,0.44891890660500544,1.8822231179501896,1.8822249933786053,9.963900654449243e-07
44,32,0.46463091190090955,-0.07325306974282661,-0.0038512922969335243,-0.03182482278125764,1.0214551536463463,1.0214551730984665,1.9043538100949876e-08
45,32,0.5871215930295294,-0.23558369464688644,0.7164244241029493,0.15062603657545012,1.421296152565655,1.4212963445620719,1.350854405963261e-07
46,32,-0.4294161042270695,0.11659683654153265,0.13194553664452427,-0.7338974579596582,2.60948230159023,2.609528271384264,1.76164421602038e-05
47,32,-0.42386684751063014,0.5311026738977903,-0.15286803042501418,0.16665375852288922,1.1980436454146424,1.1980437016953773,4.6977199183636536e-08
48,32,-0.49965694410546424,-0.2477720066361893,-0.11477934620462274,-0.5846257193225204,1.4137680579325835,1.4137682424495008,1.3051427797198412e-07
49,32,-0.06893420183367165,-0.2711514009299223,-0.3262327273499826,-0.35665853800212516,0.634504982100447,0.6345049832279182,1.7769302815187954e-09
50,32,0.02456190858666951,-0.3385754238628288,0.5477220329513062,-0.39820851140581,1.4034804368659228,1.4034806116018437,1.2450185713590312e-07
51,32,-0.19184988620891816,0.5171584733926724,-0.6271848822287552,0.1568684507783034,1.5998625446321189,1.5998630243168355,2.998287060496913e-07
52,32,-0.009483926121500005,0.2952821588830221,-0.454128679643064,-0.08456588969937803,1.2891979536440499,1.2891980477558072,7.300023786891843e-08
53,32,-0.5008478256135085,0.46858274366931785,0.3115436659535637,0.3679615952076183,2.137271774857899,2.1372777903274227,2.8145552636769997e-06
54,32,0.4752302349577382,0.36883831905330666,-0.18163490053099343,0.005937315505249419,1.6988932963184655,1.69889407815366,4.6020264842860886e-07
55,32,-0.11782824136308591,-0.12737920011694442,0.32437541236664863,0.016474283584355216,0.9610693673804496,0.961069380570201,1.372403683840019e-08
56,32,0.4526794624291417,0.19732635952011568,0.35174005296736477,-0.40514752536153276,1.515639291597701,1.515639604953747,2.067484313300573e-07
57,32,-0.6391791584911084,-0.07589647116546264,0.2365853736196919,0.6165409131333045,2.8353926027337133,2.8355082498772872,4.078699488121224e-05
58,32,-0.20599170117072513,-0.7185799445526629,-0.7044041606146393,0.007831214696786512,2.7665870312604772,2.7666746478825406,3.166957015027974e-05
59,32,0.10874909576345614,0.23772442427297155,-0.15066680578857275,0.5963124254883223,1.1058497041488198,1.1058497368696247,2.9588835473449772e-08
60,32,0.043226896495328807,0.7274923399227705,-0.6737612717404251,-0.21646039964201788,3.2570995562520606,3.2576912620885827,0.0001816664877149172
61,32,-0.5387336737987335,0.45148662777117254,-0.11130685195305065,-0.398849361875837,2.355985238955378,2.3560009527042616,6.669714488701701e-06
62,32,0.44532479956293924,0.43671889414872933,0.3040775078057293,-0.5884312750636354,2.6687447529830237,2.668803491839141,2.2009919102092728e-05
63,32,-0.1391394885650241,0.25885603692611836,0.7029520803050282,-0.18930068788669216,2.3398494068609015,2.3398640622963174,6.263409676249869e-06
64,32,0.7020495857174333,-0.17207076583970446,-0.5677131509387263,-0.3222168778042225,3.251317443791568,3.2518965402262245,0.00017811131784814172
65,32,-0.3973864418418704,0.02809444707601903,0.5767091979161221,0.04062349400951749,2.15895571017384,2.1589623364298185,3.0691949572451826e-06
66,32,0.33581925492860265,-0.12370399574415783,0.233782100359021,-0.2208760799035422,0.31739778551827774,0.31739778554609205,8.763232663458474e-11
67,32,-0.48999065571190165,-0.2988182029797008,-0.45568781486587073,-0.38385679981242254,0.27795064885547766,0.27795064886953025,5.0557868747226525e-11
68,32,-0.026508109931123132,-0.4742755534496556,0.5370141030112056,0.33658208268685774,2.334180599913774,2.334194900133688,6.126441079377836e-06
69,32,0.6107485166196747,-0.18265542367229398,0.06217755172699328,0.025442541729017738,1.4073919150528222,1.4073920934489834,1.2675656245337187e-07
70,32,-0.6074382520124139,0.24993863621739398,0.4798105194485195,0.4411259611940054,2.824157288457148,2.824267833718191,3.914274233047671e-05
71,32,-0.34533855795399704,0.29014447716571,-0.33551902052050825,-0.0690198809317623,0.8327276685312602,0.8327276739903574,6.555681263645509e-09
72,32,0.10949554305271147,0.48287454011789777,-0.07140440119008291,0.48004883193457215,0.4719480734602466,0.47194807368327246,4.725644368249176e-10
73,32,-0.24465472375358996,-0.2473157592221854,-0.33072313425435285,-0.37873329625478086,0.38530267406723523,0.3853026741434538,1.9781484045464027e-10
74,32,-0.0861721633386899,0.6623936586170296,0.4961042220945462,-0.4928251172303361,3.2432118762022384,3.2437737241803863,0.0001732381354023262
75,32,0.10544050458607862,-0.022398907176633228,-0.49703919698355264,0.05545852645553802,1.3145583396266072,1.314558447839935,8.231915206196383e-08
76,32,0.05630129224045396,-0.5685292336834976,0.1405433292336502,-0.21633458229823246,0.8842761120316882,0.8842761198925734,8.889627411693938e-09
77,32,0.392759958831263,-0.11682283602704567,0.15729857646698597,0.16668218483778777,0.8079580234591099,0.8079580280152338,5.639060049252162e-09
78,32,-0.47743326662208835,0.3642693866332723,0.3622466285966543,-0.14779021999071248,2.201038750500481,2.2010467369256363,3.6284800318078278e-06
79,32,0.21859230519791711,-0.010553303708555397,0.5002122158885046,-0.4333795340592009,1.296351067394695,1.2963511653005264,7.552416463763521e-08
80,32,0.26917902376507935,-0.3341887361785272,0.14418356942429675,0.694879945651171,2.5285089053568095,2.528541675477195,1.296025508009526e-05
81,32,-0.04561054103180237,-0.3985214015075596,0.11138806497344834,0.7346511809622325,2.764204605967949,2.7642913798532303,3.1391990699196383e-05
82,32,0.30727401649566194,-0.6105472665872477,-0.11661754082274249,0.25426021521336667,2.2458984839355693,2.2459082155339076,4.333053523072691e-06
83,32,0.03544942588862345,0.5544110443129519,0.3528816731564957,-0.5458778686281789,2.712831758312555,2.712902146447061,2.5946369246895828e-05
84,32,-0.47149732176527803,0.41762035577216766,-0.7157181159742092,0.15224656322104482,1.2744545797436975,1.2744546664617105,6.804323541297784e-08
85,32,-0.08914704346943729,0.12783018968672435,-0.19179243974467036,-0.20022028504192496,0.7094017618329699,0.7094017639595891,2.9977642127153557e-09
86,32,-0.12706882568557407,0.715812099326507,-0.12987140315159576,-0.3313783518892018,2.531622859633111,2.531656061609251,1.3114898221766172e-05
87,32,-0.0887858230298287,0.09143329240274944,-0.2666568614249483,0.047352465312549746,0.3815442764723336,0.38154427654473794,1.8976660049664145e-10
88,32,-0.018945136758295778,-0.32686692944735474,-0.4606713965774125,-0.5840485739042487,1.48000393343544,1.4800041943028033,1.7626126348254725e-07
89,32,-0.2565715443150866,-0.6048592196314203,0.6132750177258065,0.25258827936432077,3.0300763922175924,3.0303258459973783,8.232590453052829e-05
90,32,-0.4956379427448091,-0.4262280836545871,0.14375227161550874,-0.1275423316354136,1.6915378214542542,1.6915385757425465,4.459186680331894e-07
91,32,-0.5677622128802429,0.4674717031286864,-0.6802550789673566,-0.1667687442313514,2.1955035246587524,2.195511317914398,3.5496438781241746e-06
92,32,0.3103834577883884,-0.6560949450872408,-0.05932976446603914,-0.45836664450360864,1.2844741967575677,1.2844742884390714,7.137668000931373e-08
93,32,-0.5023780515306503,0.4411101095775697,-0.45056300770600316,0.05824293797915653,1.1087156539412282,1.1087156872310278,3.002555205681086e-08
94,32,0.6576245990455297,0.19675514060192859,-0.3121761338947147,0.6216991291402572,2.9111823656943083,2.9113388210884046,5.374290389360107e-05
95,32,0.4226719717791568,-0.579219119090533,0.5024239734002484,0.5268104929006586,3.156804780661139,3.1572106076845894,0.00012855626231197753
96,32,0.025918584435098185,0.42005625147157905,0.37381158087176514,-0.5995088263484374,2.579281325503726,2.5793218629015966,1.571654765598286e-05
97,32,-0.28211599899460693,-0.1883128568893615,0.5646409242031262,-0.045298273489149186,1.911064474349479,1.911066619963984,1.122732662333791e-06
98,32,0.4446297222434408,0.44871920550002786,0.20427938125797532,-0.40480426755949483,2.1365138334079252,2.1365198285402647,2.8060348806124194e-06
99,32,-0.19136495518097632,-0.2547958042326485,0.05050568926836857,-0.046410691312459756,0.6630119917085415,0.6630119931534569,2.1793201746164474e-09
100,32,-0.0811720395692175,-0.20215871786366332,-0.4343296793790957,-0.11988055054918047,0.8100271602916838,0.8100271649178348,5.711106052482365e-09
101,32,-0.054273442236173086,-0.2465914081578913,0.3486867666499614,0.2823148331981885,1.4164203347237305,1.416420521844114,1.3210794763602852e-07
102,32,-0.24776606157612888,-0.22749277017632444,-0.13487593061638317,0.1505507578163282,0.8314075440160759,0.8314075494233393,6.503745911040525e-09
103,32,0.6842735833980047,-0.12230831150374866,-0.4333956065030571,0.31383958226076647,2.8652491378633758,2.8653794648817192,4.548540530777867e-05
104,32,0.2682119400592709,0.03714864700975035,0.6235037605757799,-0.35876082180094343,1.4583175626624807,1.4583177957590985,1.5983940929841665e-07
105,32,-0.42333068045357886,-0.10648870537954928,-0.3187399658784816,0.6559315308514774,2.095333597610939,2.095338581957603,2.378784299327328e-06
106,32,-0.13630687000731137,0.44468231017968696,0.5341384617783953,0.2905911912455333,1.7326739229893486,1.7326748440916557,5.31607416071191e-07
107,32,-0.12592576969412336,0.08875077706759636,0.5495985247948524,0.06392154191071578,1.4984690574540247,1.4984693443887487,1.9148525126598773e-07
108,32,-0.11034600845956309,0.064169145644051,-0.25797813962341337,-0.4572189130568229,1.2088890947622395,1.2088891546575447,4.9545740316087803e-08
109,32,0.10088963454679874,-0.2877630308553409,-0.07769305638800358,-0.2732093356324491,0.3899582544130722,0.389958254494244,2.081550796578016e-10
110,32,-0.16586072586398612,-0.20386448728676174,-0.03822216905588027,0.37166200922588777,1.2369920480669414,1.2369921183475139,5.6815702722303774e-08
111,32,0.5395165499473588,0.3035769686585867,-0.2430575166530555,0.6585658283061775,2.4295658066156225,2.429587355684879,8.869514543659271e-06
112,32,-0.6256768668624229,0.26066050454564105,-0.22288349279086062,0.2605926930920175,1.1087238149492782,1.1087238482407111,3.002680423640967e-08
113,32,0.444875570348147,-0.3320527530919821,-0.71408597121887,-0.04796869430455258,2.9351703266165075,2.9353423530319076,5.8608665343947e-05
114,32,0.186193682291792,-0.7095565762210865,-0.6968439271825005,-0.17929117730101649,3.044759041645065,3.045023114478584,8.673028962454008e-05
115,32,0.31701061780514395,-0.016499840458449266,-0.14148240668807827,-0.6879659198402621,2.0377577886259504,2.0377616304526933,1.8853206030667778e-06
116,32,0.3635616609659902,0.603197256319414,0.19361942926801035,0.43442558642725176,0.7494102763917582,0.7494102793150348,3.900769328711068e-09
117,32,-0.37153864066759407,0.6333555822507512,-0.1931758372786462,-0.413424609505684,2.6596727259358794,2.659729309626332,2.1274681618124058e-05
118,32,0.14797231994677099,-0.7010182625254718,-0.5680628019043669,-0.08790981962983467,2.5517584914634064,2.5517946213484923,1.4158818401824825e-05
119,32,-0.3886950151265247,0.10965846411717713,0.17974830868506544,-0.726625170687021,2.567854377062824,2.567893024997617,1.5050672319323256e-05
120,32,0.5078944163871056,-0.4972595010728768,0.18040350965100302,0.5748770025339522,2.884496082594947,2.884636803553388,4.8785283256263295e-05
121,32,0.10208873589387293,-0.13108968489206205,-0.42054395728773747,-0.09913321532932584,1.1183679785614398,1.1183680138346712,3.153991541512174e-08
122,32,-0.33744969821704796,-0.6121382009444899,-0.06986010675463028,-0.5537549047153957,0.8931543090065689,0.8931543173645853,9.357863815709496e-09
123,32,0.18060735236944667,-0.39754293766279253,-0.5179966655967675,-0.2675863803596032,1.7231566271541812,1.7231575067993627,5.104847509055269e-07
124,32,0.26305893132006564,0.2540606523417154,0.4571074554838376,-0.3124107967484451,1.4222197236266485,1.4222199165599767,1.3565648471706822e-07
125,32,-0.2581558021964419,0.48554681260390403,-0.24782966631611889,0.4536099296352648,0.09385401160300139,0.09385401160305966,6.208880154372578e-13
126,32,-0.14315078363782993,0.27338043816612395,0.08545611274607903,0.706603560312884,1.3591948759366055,1.359195013843041,1.0146185660785185e-07
127,32,0.4540752001723188,0.4517583148858463,-0.4317056789494494,-0.1237036394405615,2.432910677092524,2.4329325359286815,8.984643934275455e-06
128,32,0.6241481008827857,0.20319307044747623,-0.2487773600583541,0.3916531981969779,2.2007637265719446,2.200771703291294,3.6245232748881138e-06
129,32,-0.22702513626385853,0.04208891154130152,0.17434531644658863,0.5336597215092281,1.4468183744048064,1.4468185939268903,1.5172746470989012e-07
130,32,0.14811739439053878,-0.7346219312271474,0.5327215940143956,-0.4321990012494471,1.7847009048680893,1.7847020875671353,6.62687536497416e-07
131,32,0.5035782721872634,0.04155608703921337,0.5146419325157818,-0.4127614726192686,1.3065704256880262,1.3065705292610728,7.927092527688611e-08
132,32,0.045359539649189935,-0.5389113007078087,0.01513396765544031,0.2741490356901625,1.7711418250265225,1.7711429334418607,6.258196393524734e-07
133,32,0.19206992738424775,0.3503649416363419,0.18459383448203853,0.6736320977231915,0.9496873177667478,0.9496873300040093,1.2885569079942654e-08
134,32,-0.09439750947561058,0.08911271283673397,0.14421950893177699,-0.6074467298616681,1.692035356877146,1.6920361129992785,4.468713548970811e-07
135,32,0.47223604741885156,-0.2851500401731332,0.041664203877166246,0.1328492099840699,1.3485644634332967,1.3485645936494441,9.65590826031809e-08
136,32,0.38881904934353934,-0.07821032442443272,-0.3903954705695375,-0.3808261348733567,1.882307361085003,1.882309237252951,9.967383578791112e-07
137,32,0.5862681990340814,0.027964193888402992,0.1826905579594723,0.63931135217682,2.0464196525543454,2.04642364851473,1.952659308844225e-06
138,32,0.590745921311781,-0.39727153496562984,0.3856936970674552,-0.44554329512106305,0.7264769003158743,0.7264769027557079,3.358446161673774e-09
139,32,0.6529241087463413,-0.31738795953111876,-0.4320145470011895,-0.2816523861110825,2.7416497965944115,2.7417289689844666,2.8877645187727996e-05
140,32,0.2515282005148948,-0.5462493871815818,0.3718746155589058,0.1508610245946139,1.715231137719842,1.7152319842028245,4.935095707989722e-07
141,32,0.29492419067855136,-0.49104869777721505,0.5008774639856507,0.23404464392770508,1.905509487796788,1.9055115786311576,1.0972573912799425e-06
142,32,-0.24819509981229548,0.03209469531440008,0.636269918640724,0.2263361662786469,2.1178008464494407,2.117806359954922,2.6034107459849674e-06
143,32,-0.35137217333440457,0.32320813720288444,0.6556464984084247,0.11124801616307811,2.464013876263401,2.464038828932783,1.0126838011030275e-05
144,32,0.4155793241070227,0.5597277511627095,-0.02689912177042472,-0.43412569378250915,2.586574941931119,2.5866167315713073,1.6156361646767403e-05
145,32,-0.48970885355986776,-0.3421542447510061,0.2777022917477797,0.3314968220159419,2.2901104231696126,2.2901222313766207,5.156173645045175e-06
146,32,0.48531097957462466,-0.2458992169740982,-0.14150408155303917,0.6741909269121041,2.730298044994102,2.7303736380877215,2.7686755209004384e-05
147,32,0.4375075423461899,-0.008565664459151374,-0.4573079485599436,-0.543301101075111,2.546866097170067,2.54690149356452,1.3898019409875953e-05
148,32,0.06129778266773331,0.5776313196701865,0.04196878058875065,-0.5085516499365194,2.4463644180082142,2.4463875667460875,9.462505954890658e-06
149,32,-0.11836814268168959,0.3132093732524492,0.3515895783341436,-0.5924743699966041,2.3828345382388916,2.3828521783676275,7.40300195119266e-06
150,32,0.40666564934669286,0.012108662528010282,0.2197897440749675,0.6739432908742841,1.8564064953555042,1.8564081568216446,8.949904800497577e-07
151,32,-0.3202564463630644,-0.26877436826608203,0.37948431173115815,0.4174316818898766,2.1650137525286963,2.165020559829721,3.144229923110841e-06
152,32,0.5093898489281188,-0.11568189512557037,-0.2739157619752968,0.5822359361234666,2.5056211673211672,2.505650925413677,1.1876533012182444e-05
153,32,-0.03270399381938285,-0.5507797557748271,0.2054785733825796,-0.48106267509470746,0.6848410630575599,0.6848410647950213,2.537028648984216e-09
154,32,0.2205672914538542,0.26081686613328864,0.2925374312544949,-0.12480458089559188,0.8542735427546567,0.8542735491241668,7.456054427233007e-09
155,32,0.26742046165544453,-0.2656982439095168,-0.19742074375273627,0.2020249223597651,1.3737505088851225,1.3737506580099463,1.0855306175195641e-07
156,32,-0.49616633505118635,-0.5247624648996969,0.4411987137855353,-0.14226916636099665,2.552307061705887,2.5523432747432366,1.4188354486423876e-05
157,32,0.1850961388503708,0.37259842998616544,0.2963646241019203,-0.2176489970458125,1.3221388064039428,1.3221389191988615,8.53124635569013e-08
158,32,-0.0193781820569067,-0.6386544478541913,0.08469314830587156,0.295205917010752,2.1367428319923656,2.136748833262236,2.8086065297739873e-06
159,32,-0.5949233065168776,-0.1791651626749945,-0.12901535479636908,0.5850130212826337,2.3066337575726457,2.3066464466219245,5.501111408437064e-06
160,32,-0.31539878935629245,-0.034602181689674695,0.4711819526685471,0.35803243527435313,1.9671570159731657,1.967159797587395,1.4140275568184347e-06
161,32,-0.4927656330220569,0.5520159869562479,-0.4821338092062402,0.4321108740178758,0.4654165605895272,0.46541656079653076,4.44770552816087e-10
162,32,-0.5944739371882071,-0.2640029055113587,-0.35600427066758866,0.3985219845335763,1.8963654944274184,1.8963674979944163,1.0565299799818897e-06
163,32,0.11823639711831078,0.42387523367148655,-0.2462063451733211,0.5283194405012928,0.9973058506588578,0.9973058673413662,1.6727574959778087e-08
164,32,-0.2531834573469087,0.6041312476174037,-0.25224657350400886,-0.6357504927717434,3.099787003591323,3.1001134783432214,0.00010532167259242806
165,32,-0.6501559588501373,-0.2105406542484863,0.5657349718411071,0.14377193750749695,3.0061528635922823,3.006380139616116,7.560361503445877e-05
166,32,-0.7387571329777618,0.1028368964980232,-0.38957944618271556,-0.3713991313643276,1.8313193546139954,1.8313208306628652,8.060029869058386e-07
167,32,-0.04052995396679617,-0.6451598854298775,0.6108347869381078,-0.09999964937524407,2.296143056896838,2.2961551796356496,5.279609550043993e-06
168,32,0.18127351176936804,-0.4628857290278178,0.7227109113218937,0.17967936637274834,2.3345797463743803,2.334594071331124,6.135989471408326e-06
169,32,-0.26299022445701453,0.10667226272209712,0.4398192372461791,0.1208404469944558,1.502254158345671,1.5022544509179998,1.9475554597931325e-07
170,32,0.3382322009927614,-0.25120476235359207,-0.03217332518707284,0.44821630559269643,1.7298443236111911,1.7298452321974842,5.252416536504106e-07
171,32,-0.29560549703159955,-0.3175789437313204,0.13518700527766517,-0.6157616216409697,1.3848885481007853,1.3848887063790754,1.1428955077076209e-07
172,32,-0.5586168510899298,0.06869229412717762,-0.4824011189054348,0.5622268323554434,1.6169022009698486,1.6169027231823063,3.229709610189473e-07
173,32,0.167354209480047,0.16496141080432644,-0.15486288658728267,0.29272188933858917,0.7389385200566785,0.7389385227497408,3.6445012076096017e-09
174,32,-0.15938047045455625,0.2951530460525844,0.026787355257174843,-0.7145350400653782,2.4540626272506505,2.45408654678068,9.746911005428097e-06
175,32,-0.6483109053774789,-0.20539849973393726,-0.5482013182253443,0.46373599904737156,2.18830912985589,2.1883166787589565,3.4496511318501336e-06
176,32,-0.3016494748186797,-0.24336805178550366,-0.7237501959012069,0.18319977715940947,1.732170866186737,1.7321717850519711,5.304703202553063e-07
177,32,0.14114194872228933,-0.15103720695303016,0.6317749017630968,-0.37923656540536244,1.493427666771547,1.4934279463561362,1.8720999716190292e-07
178,32,-0.5058651840254553,0.4189446241077186,-0.014616225658111772,-0.4364163425434953,2.338040350354405,2.3380548915170905,6.219380552310218e-06
179,32,-0.03299702896038341,-0.10063827806624662,0.3078028020577753,0.23859121497462826,1.0069652068288055,1.0069652245732255,1.7621681278630632e-08
180,32,0.16513445820893174,0.034855208235345006,0.32500434077660373,-0.05820653374161348,0.39507731113648253,0.39507731122340495,2.200136815277484e-10
181,32,0.12254402505583928,0.27960975024672496,-0.4441240297434201,0.5645205275476229,1.701741367755829,1.701742160511962,4.6584995110432416e-07
182,32,0.43291688326999334,0.46286243676315764,-0.593208029869989,0.06279171517012769,2.6754995911544133,2.67555998582322,2.2573230437631676e-05
183,32,-0.32863641259007326,0.645491497997454,-0.3618920202829193,-0.21678953548829208,2.2531459651338697,2.253156011148975,4.458661471818258e-06
184,32,-0.15118201078604568,-0.08852956476222955,-0.20347051535784072,0.13881437949609088,0.48420866909429744,0.4842086693502088,5.285145929899091e-10
185,32,0.6627522199552127,-0.09513528239350127,-0.016693426157984893,0.5596891380896961,2.426226407616863,2.4262476516529965,8.7559990554289e-06
186,32,-0.4098520030129671,0.6024004069534424,0.14459355331354537,0.221792772887299,1.7883676055765416,1.788368809165138,6.730096164739518e-07
187,32,0.08539545468438624,0.6273197423159723,0.17384820123290207,-0.5033449244133872,2.6328640529621006,2.632914703844118,1.92379405083659e-05
188,32,-0.016507785639311816,0.4766073451575788,0.07155609555471819,-0.6011736288711328,2.4397646498489887,2.439787156905289,9.225093208011815e-06
189,32,-0.3935142066626034,-0.5708129712453092,-0.5606851210106449,-0.02614398778779378,1.6988051885356563,1.6988059700352924,4.6002899060436294e-07
190,32,0.14614811021842378,-0.5026629075117207,-0.4753886599776301,0.48500567869996897,2.764026200359751,2.764112911452163,3.137129901330502e-05
191,32,-0.3635450330905445,0.14624157325004497,-0.03751005093121815,-0.32878430197596437,1.2452169700393532,1.24521704365982,5.912260160699116e-08
192,32,-0.2999691300103504,0.551433495823068,-0.40971726167468636,-0.3455053765274942,2.2467346827690737,2.2467444501541185,4.347369148514466e-06
193,32,-0.5541576445434616,-0.04215131639683557,0.27686537860360855,0.38371754239521505,2.1262229134597916,2.1262286389308573,2.6927896550517073e-06
194,32,-0.6117103993752412,0.1264035720233909,-0.5807601207416467,0.3395444551203356,0.72925313230174,0.7292531347961159,3.4204526611153298e-09
195,32,0.6080473482718823,-0.05857273237674908,-0.28489667649121503,0.3525467804852789,2.2677386701902256,2.2677493792587917,4.722355669514636e-06
196,32,-0.5489485876727273,0.4763817309498194,-0.5383793090600648,-0.4982384515337085,2.9646784409760047,2.964871662596915,6.517456269111909e-05
197,32,0.1582137433043763,-0.4365884321294579,0.30666787100865756,0.028955344558132194,1.103088011474697,1.1030880436556163,2.9173482920634973e-08
198,32,-0.26003829823717356,0.3880432691656492,0.07668670321802683,-0.10664426538105079,1.2768796542074747,1.2768797421034268,6.883652017058221e-08
199,32,-0.22485697969437768,0.12452966616344219,0.25000905351086644,-0.6720003318777978,2.248591655680903,2.2486015029928965,4.379324262146188e-06
200,32,0.21634629453577722,-0.30997289684855095,-0.09082687361118329,0.7438642551121805,2.6918135892571797,2.6918781704250048,2.3991693957849868e-05
201,32,-0.04211064081307129,0.2895514391339676,-0.06895779558643846,0.7202663508747986,1.2288362085826443,1.228836275690057,5.4610543105054785e-08
202,32,0.45254556412929714,-0.08613365163859149,0.05369468518855307,0.414850647575724,1.4564463499900355,1.456446580825357,1.584921555989376e-07
203,32,-0.02874564477593649,-0.0492001627365091,-0.36170364673589644,0.25565197111207333,0.9701869334135814,0.9701869474137874,1.4430421099626461e-08
204,32,0.6654935936544012,0.14623489026772035,-0.034838082001235435,-0.23260028601766086,1.9264450171566303,1.9264473217128473,1.1962740677495947e-06
205,32,-0.29917524393928013,-0.15610568431448615,0.32289494693907483,0.5310811132892354,2.103875170292421,2.103880349784662,2.4618819186696727e-06
206,32,-0.005727719549822561,0.1279898189683473,0.2570875137421764,-0.05995212914424277,0.6633073057178639,0.663307307166433,2.1838582826241988e-09
207,32,-0.20547451343329584,0.2164013679246288,0.6147848447941068,-0.055783145751743896,1.9684141810598177,1.9684169788172214,1.421325567896138e-06
208,32,-0.41505411170929285,0.03471002491001406,0.29287056685570056,0.15189054463723903,1.5212008863042608,1.5212012086984374,2.1193399214457928e-07
209,32,0.5760083691641028,-0.07624203303864024,-0.028756685173311248,0.13894755619719013,1.4602779015873433,1.460278137075255,1.6126239489012102e-07
210,32,-0.6362288823717529,-0.1955087696550626,-0.27588706238157074,0.3096851411360949,1.6381269620622636,1.6381275422500565,3.5417754933336836e-07
211,32,-0.12459111224870895,0.23120772617408317,-0.22653434825766017,-0.08874697843413289,0.7030354038541597,0.703035405873286,2.8720121184528846e-09
212,32,0.5252380049798531,-0.3767199980226712,0.06319176731127779,0.3047690964003805,1.9479934904057403,1.9479960367327356,1.307153749639071e-06
213,32,-0.15362438834241499,0.11541736532108711,-0.08927747713140188,0.015845398144029865,0.24201898708824213,0.24201898709516853,2.8619258258257114e-11
214,32,-0.1785918699150072,0.21895353062686676,-0.6094003806056237,0.15844986001079617,1.109724397304139,1.1097244307963494,3.018065604378893e-08
215,32,0.3907910157452718,0.10007385281227552,-0.18092006676237665,0.27938899741919954,1.2961661374720765,1.2961662352780572,7.545790452336871e-08
216,32,-0.40021340224536356,0.4015880098063194,-0.28276267690601276,-0.5737712193038622,2.446044222080798,2.446067339283424,9.450852285191992e-06
217,32,0.19636769806719917,0.4530382996719804,-0.1692593579239405,-0.6000661058103064,2.539623360712717,2.5396576975464984,1.3520443350915885e-05
218,32,0.6116743670664813,0.2688944913258423,-0.11003594340672643,0.3087079178937682,1.802481027926098,1.802482315253205,7.141973130195822e-07
219,32,-0.13702716047225444,-0.16050430962073123,-0.6200157230835815,0.3369229571459605,1.7642338398647885,1.7642349121665937,6.07800270518265e-07
220,32,-0.5071997888564732,-0.4732025260563778,-0.17282532283760887,0.09483159068204741,1.6669976150574646,1.6669982839584696,4.0126092502342973e-07
221,32,0.2996639558461332,0.49499035115547585,0.19810359503388122,-0.15881691385550178,1.5252650187379106,1.5252653478914027,2.1580085294971775e-07
222,32,0.6462517393731921,-0.35581429025987227,-0.45922506526818235,-0.3350508880117454,2.8789680868166907,2.8791057437988594,4.7814695410858204e-05
223,32,-0.47476633182577455,-0.4554044931555209,0.5387932868031303,-0.06539240015152413,2.618686187308913,2.6187339477149236,1.823830829443205e-05
224,32,0.3155547753106707,0.5777765649524895,0.07105799231621748,-0.5516427076180032,2.7463613414021686,2.7464420467710116,2.938628927895041e-05
225,32,0.34795008443521785,-0.2933007302389381,-0.385118419789856,0.6068448153063423,2.7726419177494326,2.772731711734494,3.2385712877826535e-05
226,32,0.27943490009137284,0.43785976855333164,0.3664925929688854,-0.6138470049065793,2.667891867840357,2.6679504007638752,2.1939766084185215e-05
227,32,-0.21287039663840918,0.08831905170928622,-0.25486155546246864,0.5019219827749399,0.9925664737660518,0.9925664899487981,1.6303942146832843e-08
228,32,-0.47658563988288943,-0.2247728481121075,0.5684332595707683,0.3406914273874301,2.764899121290164,2.764986140038521,3.14726666471124e-05
229,32,0.2871714380162532,-0.03908142247021658,-0.5630122979884467,-0.4067070360095613,2.211416963621521,2.211425324734776,3.7808850129247935e-06
230,32,0.7243230541639277,0.12229806318036053,-0.1973031411902978,0.4910530412232528,2.62604427354926,2.626093513632256,1.8750667493257033e-05
231,32,0.06379483792184357,0.128889582118825,-0.4282629004284141,0.11921450429285509,1.0600613449258738,1.0600613696785257,2.3350207086241993e-08
232,32,0.5584359461856434,-0.010214905458741912,-0.39681958026442543,-0.5580308779058202,2.721754886580503,2.721827889160147,2.6821878782685312e-05
233,32,0.02736933499227204,0.6686011713003124,-0.6505767338236828,-0.048417315005441344,2.6538496460350203,2.653904886737928,2.081530993666284e-05
234,32,0.0763040024811152,0.4768143658149046,-0.07453246135444726,-0.6436013228903299,2.596423441368876,2.5964669812030823,1.6769157723945105e-05
235,32,0.1267683921216771,-0.41548017409610216,0.4863853306423603,0.3875467487261602,2.0919636380634206,2.091968547380779,2.3467508082307686e-06
236,32,-0.018908635584759293,-0.48104258377935033,0.09566761563414543,-0.7329666601956037,0.9063042460410767,0.9063042551869268,1.0091368452951074e-08
237,32,-0.524290625785883,0.525900549845704,0.10595216823002908,-0.49700024916653834,2.9602429109851007,2.960432794260743,6.41444912975026e-05
238,32,-0.7029264108525626,-0.030231362498428307,0.4188619094134064,-0.4371551083361701,2.9834578120243163,2.9836658002258534,6.971380681129518e-05
239,32,-0.5261468172581056,0.11962295279698652,0.22965929478003036,0.06978558128791765,1.657221439764501,1.657222077275841,3.8468687686721095e-07
240,32,0.5947089217154578,0.1474617225355862,-0.4375093838153805,-0.17344977384392482,2.4445680911859546,2.444591063543552,9.397307311809165e-06
241,32,0.2659855032432921,-0.5955861824277477,0.43368119630696916,0.11999969008724622,1.8815037269804535,1.8815055961050093,9.93420597044193e-07
242,32,0.02279206653520687,-0.20395356789856578,0.3008986461908718,-0.5195105866550915,1.0288003650128754,1.0288003853862115,1.9803002430892942e-08
243,32,-0.6877055389122877,0.14112933120574214,0.19025703137831956,0.1424603987800823,2.119092585661376,2.119098131179529,2.6169305629449076e-06
244,32,0.24495877032705554,-0.6944525200696929,-0.6304589045548795,-0.2347154805886892,2.8650828526065895,2.8652130931194493,4.545785220183909e-05
245,32,0.41352313073796587,0.18122195371966449,-0.30049598057624605,0.2817278138873518,1.5981055080356008,1.5981059835265785,2.975341586095872e-07
246,32,0.08418017049664832,-0.3516908538673963,0.12960870614033645,-0.4062938650574274,0.16826033588408085,0.1682603358851782,6.5217059729126854e-12
247,32,0.477992745398088,-0.08461990370625908,0.23964078820893356,-0.530663800783796,1.3241438989991812,1.3241440130357762,8.612099873889348e-08
248,32,-0.5842546449085838,0.18442211617859183,0.2939328342298968,-0.49381755691977797,2.617340218013392,2.6173877124280014,1.8146060753865157e-05
249,32,0.5116259327522972,0.45444820843459244,-0.03886094344042467,0.07799165934148881,1.6444764156801785,1.6444770143640153,3.640574173148983e-07
250,32,-0.654645354371022,0.1792964155467073,0.3370036892980425,0.665712727189504,3.1076948768211006,3.1080313991460913,0.00010828679723375533
251,32,0.3231394192945163,0.3614492113906791,0.47899642297805717,0.5688140905640282,0.8604435248261838,0.860443531480026,7.733037616010188e-09
252,32,0.6319063879251438,-0.3556456601926857,0.2160855594644297,0.4128517883919695,2.3152723073850354,2.3152854818384476,5.690239273444744e-06
253,32,0.4901144451803934,-0.2562187929846613,0.5286882922719996,0.05708787227906873,0.8673323371634716,0.867332344148024,8.05291360835083e-09
254,32,0.3628205972468626,0.04672544723521826,-0.3464390202883396,-0.3515234240887797,1.769698369448282,1.769699470223011,6.220126255125621e-07
255,32,-0.5977123402152852,-0.03017297844588972,-0.558275640551015,0.25459136630929363,0.880194703273377,0.8801947109146891,8.681388458914791e-09
256,32,0.17485479556251435,0.6177232993858656,0.2942991745303024,0.05219479876513199,1.4496648317076617,1.4496650545190732,1.536985699520407e-07
257,32,-0.5545267180905077,-0.12909016162951695,-0.2466892217346008,-0.5428518845143857,1.4362118611487942,1.4362120688108053,1.445900961828246e-07
258,32,-0.15479892292799666,0.710609212484982,-0.13614413898313923,-0.5836868455795153,3.184793655753217,3.1852448454462277,0.00014166999240140837
259,32,0.4350467569122185,0.1026736607753823,0.5603791915609571,0.3080760766105508,0.6862157790483343,0.6862157808058179,2.5611238574701225e-09
260,32,0.2026355842314019,-0.6585911456273085,0.4674423504437579,-0.01900445414923616,1.8746915404920403,1.874693350919568,9.657202204026253e-07
261,32,-0.42532592407527564,-0.2289387087804929,0.7105014444104981,-0.16600613471739703,2.7958534613499926,2.7959520942561014,3.5278281738400225e-05
262,32,0.10699637936540048,0.08727754143607196,0.36849936334811717,0.6217770313969774,1.5718190608689964,1.571819477613685,2.6513528109637497e-07
263,32,-0.03054383800715233,-0.6345062164278505,0.5510358686885571,-0.05983769815116954,2.122400864179375,2.122406492503219,2.6518665436239785e-06
264,32,0.4628604341370813,-0.4542133001118599,0.10082017693732004,0.20489593984550641,1.7834575325697921,1.7834587082640854,6.59221916857119e-07
265,32,0.23797704852423204,-0.6437816589747053,-0.03930743888988411,0.265570515466096,2.2254995398630144,2.225508436587668,3.9976304169339214e-06
266,32,0.5526317072109104,0.5021251387088423,-0.7090238832647782,-0.14110469450844063,3.687731661566465,3.6904689723475443,0.0007422749354589855
267,32,-0.07026293430861229,-0.1408457682038169,0.06674259548223037,-0.06544319355169428,0.31678306701582576,0.31678306704336306,8.692795997082732e-11
268,32,0.02282208794314597,-0.03517680251561167,-0.1195836132335242,0.3402012172869537,0.8369976287668603,0.8369976343966345,6.7261531083070764e-09
269,32,0.3704381958829047,-0.3039475141690708,0.37158406777015174,0.16716199660902736,1.116576165872425,1.1165762007694973,3.1253642527535675e-08
270,32,0.565807738934723,-0.21811604006621566,0.4134762739239651,-0.5124658435888153,1.0576495715918521,1.0576495959785026,2.3057401176901095e-08
271,32,-0.1855982025907468,0.3942132206137075,0.02987779045103799,0.6038855166537799,0.8159084458015138,0.8159084506319155,5.920274229437854e-09
272,32,-0.05595421657798375,-0.5502647273245116,0.7224045257800125,0.17201399883451818,2.7988668176079714,2.7989666575532186,3.5671559868122516e-05
273,32,-0.2392756348457536,0.05817759934146446,0.0919467922750018,0.6737355652189277,1.7394917802133718,1.7394927321504232,5.472501004235602e-07
274,32,0.4399473897460851,0.08246736493816063,0.305657205264067,-0.29137360467339185,0.9445929230764666,0.9445929349077735,1.2525297030205135e-08
275,32,0.6586512303745984,-0.17545977744389152,-0.30199095454223346,-0.3492558043866659,2.3940867390451137,2.394105252542189,7.73301015934067e-06
276,32,0.42257252184437144,0.5073456005313235,-0.5932584304166206,0.38869525124395365,2.825378776381629,2.8254898656610536,3.931836692246364e-05
277,32,0.6334314026224519,0.1390384360879346,-0.4387347612433463,-0.313770230652325,2.7161384469332654,2.716209793230178,2.6267547956986095e-05
278,32,0.6229386188724055,-0.4081674810220613,0.4328043318007612,0.42803066695173025,2.5186943661264403,2.51872581028276,1.2484308037729172e-05
279,32,0.4488365861695413,-0.38338367828986386,0.045852082999420736,-0.44826358389489707,1.0796607146202808,1.079660742537582,2.5857476112123638e-08
280,32,0.6508248325811055,0.32475628684183433,-0.012662221931760462,-0.2578001994680789,2.195281449059321,2.1952892346596236,3.546515780933221e-06
281,32,0.044310083868752174,-0.6321160011271588,-0.3971858530357986,0.311495067169514,2.4551590686951617,2.455183100002303,9.788085606339853e-06
282,32,0.6874468091703704,0.02717781446770304,0.6036737359083735,0.18964599054072792,0.6395986949788258,0.6395986961581493,1.8438491775870075e-09
283,32,-0.34405714068355575,0.3496535488117143,-0.1608928712507049,0.5277020883862324,0.6891930357805853,0.6891930375821177,2.613973551965051e-09
284,32,0.2917350824975937,-0.3772566525983497,-0.192048754830049,0.43062129269387167,2.0508886201021554,2.0508926978926425,1.988304214615421e-06
285,32,0.4646042707989269,-0.3656939662777336,0.29165461029526046,-0.6804400271305272,1.243186877907243,1.2431869506899886,5.8545297494372564e-08
286,32,-0.2872415675053051,0.28636963095465434,0.10708738339623444,0.5137210798329814,1.1118329461425238,1.1118329800614613,3.05072246277823e-08
287,32,0.4106213790127091,-0.5978224066035792,-0.5096101445076306,0.2524440669595672,3.069605385374719,3.0698960771938615,9.470006161950203e-05
288,32,0.6008457624387231,0.16467907573285445,0.14792516560167607,0.09235956078501675,1.1298911886590708,1.129891226441293,3.343881483362298e-08
289,32,0.20916774913110855,-0.6390209740213301,0.31532403767250866,0.01026052633640144,1.6717218878293756,1.6717225724197586,4.0951212521222463e-07
290,32,0.495908851495046,0.1364233092792046,-0.015173287670942386,-0.26906763725536603,1.4496251038295458,1.4496253265947328,1.536708948920822e-07
291,32,-0.11732038252009683,-0.21803201329898553,0.49593869820062497,-0.1390652190099523,1.3775668018494789,1.3775669540534292,1.1048752781190999e-07
292,32,-0.4865456381370014,0.02927043832083492,0.16200504649685712,0.353184752971899,1.6192929785562122,1.6192935070136427,3.2635072064179657e-07
293,32,-0.4814372814334291,-0.0010447877689247374,0.19250583799515822,-0.2857776487101456,1.6016072355027837,1.6016077193863847,3.0212376058218606e-07
294,32,-0.3613415563503092,-0.5354924171223686,-0.46687660952170695,0.019244106702908256,1.5221830071388107,1.5221833311543254,2.1286239113269166e-07
295,32,0.07909232220061152,0.5815002038457315,-0.4523388314172842,-0.30578348318108584,2.4167404020930134,2.416760802194872,8.441163908533423e-06
296,32,-0.27830780258850174,0.08956341059167958,-0.5141825552781218,-0.29347002159381,1.1095473687776616,1.1095474022342686,3.015338324600538e-08
297,32,-0.042349916004731133,0.4491965476174651,0.10260576804846736,0.5490410710659344,0.4711858374146257,0.47118583763573,4.69250737134872e-10
298,32,0.04735050415105387,-0.05926911117807901,0.6576970466834641,-0.08363673384561918,1.493785091883425,1.4937853719832344,1.8751011164093365e-07
299,32,-0.27439236824775576,0.6733071871878484,0.37974525527070024,0.24738597458162612,2.126794313670881,2.1268000538035285,2.6989599372763692e-06
300,32,-0.6424317980696196,0.23777756347006748,-0.6373103189050406,-0.18117845652803816,1.4147236704755681,1.414723855926579,1.310863843168929e-07
301,32,0.030660998947553003,-0.11682401895105367,-0.14143655689874424,0.6812880999664942,1.9607703669260483,1.9607730679002227,1.377506626925061e-06
302,32,-0.30154466232580857,0.6809182879381738,0.06337533450481662,-0.523479431107869,3.075177952990475,3.0754749568415307,9.658102899926983e-05
303,32,-0.4258432849269323,0.5781387956907182,-0.22365400186985607,-0.6927468222119377,3.4358422905378494,3.4369796963575645,0.00033104133529279626
304,32,-0.2442481878284012,-0.5935084862984701,0.4664432417050363,0.4372558164094442,2.9948983326963288,2.995115839454373,7.262575683104508e-05
305,32,0.09077956009766534,0.37173263540275414,-0.059859227174206574,-0.6014887341646885,2.2028786200379535,2.2028866716868394,3.6550578922519767e-06
306,32,0.3161643740674994,0.13678630385627952,0.46251362621941955,-0.1119568717858748,0.6855600918742257,0.6855600936221345,2.549607012429244e-09
307,32,0.2002587138393695,0.5278574284912033,-0.5862989643607498,0.0009308402316274833,2.2944051039881863,2.294417135293781,5.24375820729874e-06
308,32,-0.3218708572792857,-0.6748123370652942,-0.19794882973686403,0.6506867244847899,3.4619358732625685,3.4631845621071395,0.00036069092273344124
309,32,-0.4340321309040607,-0.5828270525939683,0.08759399484143013,0.2453569765632153,2.362434707992159,2.3624508650510583,6.8391557424109315e-06
310,32,0.5418703885551835,-0.42646370196069044,-0.1265561797975705,-0.46488859478956435,1.8394731697366746,1.8394747037644519,8.339495255969414e-07
311,32,0.15053313576489624,-0.49308740951267216,0.3783604606900739,-0.42565698215533754,0.6624977241116397,0.6624977255502108,2.1714356121300742e-09
312,32,0.2730766841105554,-0.13694692192330807,0.2692780722238322,-0.18311512387706583,0.1028637173929843,0.10286371739307665,8.977198414909272e-13
313,32,-0.32697007341399775,-0.1391941056220544,-0.017422702816285815,-0.4697920741306501,1.049151441894567,1.0491514650303841,2.2051932748778667e-08
314,32,-0.07894865721206606,0.02784802162260537,0.10201789391741287,-0.5921629757367455,1.4822681061565732,1.4822683700960477,1.7806459803207978e-07
315,32,0.6411147306713528,-0.11722384937832615,0.4415959796289848,0.42389438183664596,1.7079490668916413,1.7079498839559235,4.7838913821915e-07
316,32,-0.6328567908086394,0.21951283893281145,-0.419571672161418,-0.2976677236851392,1.585790575845312,1.5857910229014938,2.819137587655132e-07
317,32,0.16256669707383606,0.1683461555425827,-0.2308521547535732,-0.22068730144879467,1.1385743635044956,1.1385744032840215,3.493801298412451e-08
318,32,-0.4809375592433862,-0.24925851371761618,-0.090090912609527,-0.3928651217873999,1.0356563551880582,1.0356563764566962,2.053638531292767e-08
319,32,0.17072410217179895,0.40026857683260153,-0.2681170963562989,-0.10175857647849627,1.4229864871243572,1.4229866808387748,1.361322959638981e-07
320,32,0.12164536828094062,0.32038026536821046,0.3505877122224951,-0.5491334975867951,2.109638395417938,2.109643710711424,2.5195282271054986e-06
321,32,0.1898686696535004,0.3741340876016582,-0.4809501004500104,0.5252424949737929,1.8724168776101695,1.8724186688340085,9.566373068148325e-07
322,32,0.2730277069718406,-0.02555295511749136,-0.5727810970172257,0.4031545816685251,2.254453475011203,2.254463578783102,4.481694570826767e-06
323,32,-0.11732959624040182,-0.24089109804261516,-0.1167749784768937,-0.3896238801900805,0.3363907154960994,0.3363907155336708,1.1168973670345836e-10
324,32,-0.44003330595381734,0.08189448546406955,-0.26724906378516433,0.33204189643152116,0.7349930079381842,0.7349930105487035,3.551760652171994e-09
325,32,0.39789144826376904,-0.39514751687637567,0.04409444916731399,0.00470099317275301,1.214834711448455,1.2148347734149,5.1008128515184626e-08
326,32,0.13078560935973285,0.6765325835067771,0.1978691836081953,-0.6577850863001431,3.3215126199969105,3.3222635383827375,0.00022607723400059495
327,32,-0.42505498984716,0.11216328109149523,-0.4944380544526981,0.5257148740798216,1.2632216408876045,1.2632217223376887,6.447806275353178e-08
328,32,0.03480926201735889,0.1935527226708431,0.6824595301373391,0.2386979249189637,1.7033888359500624,1.7033896350894626,4.691467874765371e-07
329,32,0.30671282143147627,0.10771626658739462,0.6272873663919329,-0.16011371936327443,1.1024653073953719,1.1024653394556865,2.9080565538221127e-08
330,32,0.6028177460871005,-0.13279084567194283,0.6565378333262162,0.209912663496339,1.1523330828136242,1.1523331259566663,3.743973220177977e-08
331,32,0.4602983160433341,0.27507076314665485,0.1569589069009904,-0.3839056449869117,1.6831892624240794,1.6831899865641387,4.302190344338303e-07
332,32,-0.3664680441082276,-0.08551742654122724,0.2572823422355408,0.6967349243486746,2.511396468927265,2.5114269608263293,1.2141411936192166e-05
333,32,-0.300046923782795,0.10570782688436861,0.34911695018736494,0.3688407891654456,1.5541779105653197,1.554178291806252,2.4530070192557806e-07
334,32,0.21528388566842938,-0.3713544376723954,-0.5322893112324858,-0.24437911046837357,1.8129597275969223,1.8129610806635288,7.463302057618375e-07
335,32,0.2555431784400231,-0.29607531735080284,0.3763882545588245,-0.5318533485964443,0.7418380169011575,0.7418380196563213,3.71396964303954e-09
336,32,0.21392216053391072,0.7060251632564446,-0.7093528745675858,0.11881177209740613,3.1665812664356596,3.1670024221154485,0.0001330001172724995
337,32,-0.1119226948784415,0.5382083255264738,0.7155279716909092,-0.06212549618612786,2.660494029914127,2.6605508055356992,2.134025520589819e-05
338,32,-0.21185066638365055,0.33919018026062514,-0.11154611006636886,-0.3812894489628356,1.564992891448275,1.564993294099816,2.572864983595269e-07
339,32,0.45462592637584576,0.4643805232513023,0.16069965264001512,-0.5075967726892753,2.4749094393093176,2.4749355725161677,1.0559257819700044e-05
340,32,0.05164697837313673,-0.11410107927511359,0.33605610461984387,-0.4973041113956509,1.1399933738016417,1.1399934139166048,3.518876868141909e-08
341,32,-0.4260823372828815,0.5046769496414647,0.40390671411767054,-0.441601127228021,2.9684877151221647,2.968683848504323,6.60718187107076e-05
342,32,-0.43471043426042577,0.6110534804763277,-0.32776336516697485,0.009517629552177817,1.7308901268293027,1.7308910400224622,5.275858619680339e-07
343,32,-0.5152221421151906,0.4845053349582643,0.5862535353685296,0.23222175635879208,2.9397912314307515,2.9399664231894085,5.959326525772594e-05
344,32,-0.399119248177809,-0.6135249890643993,-0.01296315936901421,-0.37808090971045694,1.3331408279112962,1.333140947677472,8.983760256841367e-08
345,32,-0.4770211103931049,0.02406723777207571,0.6188977132109732,0.03703308078427101,2.487311091850082,2.487338634370328,1.1073210880829411e-05
346,32,0.41970971754719233,0.40150584980777565,0.16300949435162063,-0.6136303168404168,2.565821197475888,2.5658595182426054,1.4935088522484795e-05
347,32,-0.49281971845074823,0.3711709048125573,0.43008161341734663,0.06205762773053365,2.2445341351801567,2.244543808659838,4.309793970010653e-06
348,32,0.16862035756700924,-0.20722107590700203,0.2824953580407436,-0.4419487368490257,0.6257140471139756,0.6257140481565528,1.6662199795030969e-09
349,32,0.4848355982801349,0.5060356308113669,0.06765393370698014,0.39423733782562853,1.2401981656230727,1.2401982371885405,5.7704865043191354e-08
350,32,0.17041249846272788,-0.6780732232579686,0.5278586244460651,-0.2537367598702928,1.7018526198226334,1.7018534130082916,4.660718848545988e-07
351,32,-0.12165162271138608,-0.7241179306082745,0.49078848273662307,-0.23725931246516585,2.2463763149019087,2.2463860669344164,4.3412283342980714e-06
352,32,-0.6462368064196033,0.09382352512129376,0.16612184876293112,-0.28250508151735015,2.0967434232993747,2.0967484393608324,2.392310571724127e-06
353,32,-0.4031536768264603,0.02386580443481816,-0.23116553187337968,0.6050744881746074,1.5722673428389158,1.5722677605252373,2.6565858753751104e-07
354,32,0.010661118933697018,0.251906917769241,0.3708404084865526,0.20646573702362564,0.8066092558051253,0.8066092603161059,5.5925227197707185e-09
355,32,0.49269671704948503,-0.13412456237545284,-0.6027755519229521,-0.10282365383783726,2.5094659552273417,2.5094961999155645,1.2052240900008216e-05
356,32,-0.7221110346393207,0.057211321140701335,-0.07286567004776726,-0.14141233702274372,1.7592548806997734,1.7592559276710762,5.951220111713073e-07
357,32,-0.6772701108589853,0.29724876505011427,-0.1833402568842327,0.46242321106892204,1.6059005721552917,1.605901066520108,3.0784272997132845e-07
358,32,-0.7189051268353505,0.05246349400847065,0.17965132370385595,0.37656238207327186,2.4076780489270875,2.4076976730564126,8.150645113804554e-06
359,32,0.4269707163775969,0.3752185695303781,0.09321456266501686,0.13846151670478823,0.9703600659503712,0.9703600799663902,1.4444142441443095e-08
360,32,0.4282531632177979,-0.4388392150834565,-0.07924380607151524,-0.5747307317957754,1.4910756614051293,1.4910759376215246,1.852463979269432e-07
361,32,0.3350562719389197,0.6591767660512731,0.5007450983753973,0.32327092361768606,1.2936386632370689,1.2936387596878196,7.45577211476996e-08
362,32,-0.49689324598789864,0.40388004878899925,-0.0002190099174020712,-0.4551214871644049,2.3343098545787395,2.3343241628046094,6.129531536625802e-06
363,32,-0.3615348991540569,-0.5660702812140653,0.42364332835328455,-0.5180764782320235,2.309439783748469,2.309452628546313,5.561867399364029e-06
364,32,0.13494826690599648,0.6555039112575225,0.19511061067300936,0.19165213025779385,1.2298954454566644,1.2298955129685798,5.489240214755166e-08
365,32,-0.6674216428300845,0.3388276407849014,-0.5475479918901633,0.3305555407218628,0.46717238028909425,0.46717238050030724,4.52109329345048e-10
366,32,0.26029164943080235,-0.18185440362846889,-0.4204362599973865,-0.20133876841171014,1.4836630184633715,1.483663284312409,1.791842447660986e-07
367,32,-0.2533372576401949,-0.6697252992417035,0.10168358879150914,0.3627740768972347,2.589964601047331,2.5900069852733187,1.6364789684935872e-05
368,32,0.3486165088608765,0.550168006453084,0.16411419921119766,-0.6259412775958002,2.9384127791250267,2.9385870208460205,5.9297904716323815e-05
369,32,-0.3516975322027929,0.5437148818462139,0.29848224106776994,0.11997677790689133,1.867677754390469,1.8676795062286706,9.379766919080936e-07
370,32,-0.28609628318010943,-0.6106868108972376,0.042258552906869494,-0.6939295760011379,1.2026606131257094,1.202660670919894,4.805527338174178e-08
371,32,-0.4550459192305367,-0.5386197364556247,-0.1303188995168117,0.6017615115824939,2.9938710385116303,2.994087673821463,7.235959967749094e-05
372,32,-0.3782131228173337,-0.17092484048658146,-0.40207075886215116,-0.6101519390215687,1.3187641857567691,1.3187642964902613,8.396762161839422e-08
373,32,0.012060271125626795,-0.20412634184689704,0.3104239409849431,0.03167127057185278,0.7966037854858254,0.796603789674033,5.257579282011224e-09
374,32,0.2913505988968027,-0.6588431826505176,-0.24915404464338678,0.0891134976942537,2.2522569741801495,2.2522669811076774,4.443066507361058e-06
375,32,-0.40941147001902284,0.16404271238224621,-0.22813004451762048,-0.2886754555992039,1.1107396267687912,1.1107396604658473,3.033749334434508e-08
376,32,-0.12782055195741313,-0.031428876386445814,0.12898637241922353,0.4375048126474699,1.1480244304026466,1.1480244724653685,3.663922200453996e-08
377,32,-0.3290473232427723,0.077863462703344,0.2840756023334928,0.32196075625120696,1.428339037212986,1.4283392364630254,1.3949772019491627e-07
378,32,0.2923767235216471,0.07289488483928933,0.4314544924565098,-0.6050152965630844,1.8798316671872466,1.8798335217381672,9.865515902204113e-07
379,32,0.08492397346733385,-0.13923518977824278,0.10649673963311679,-0.09788784598797023,0.09550783264924552,0.09550783264930918,6.665151004758748e-13
380,32,-0.3462071931637189,-0.3868033907008458,0.09389235160078727,-0.23581741866087724,1.073337744657132,1.0733377715154446,2.502316984444364e-08
381,32,-0.3229705562043135,-0.3770641676676877,-0.2449495352698257,0.28965579392545465,1.5207221945148413,1.5207225161215419,2.1148287423173718e-07
382,32,-0.4572161479161137,0.21907448597750034,0.5454805810923745,-0.09132357417901205,2.3466031713021507,2.346618261055909,6.4304667883621285e-06
383,32,0.08180197641538389,0.13733478608238758,-0.12539596933099906,-0.31949402624252743,1.0351936091081553,1.0351936303152618,2.0486125811373677e-08
384,32,-0.28290054036223905,0.6587258835795647,-0.2934952048466212,-0.6682556934983377,3.495991143018851,3.497400468266998,0.0004031260922846262
385,32,0.5398686841342635,0.3574411797290477,0.10046581672351935,0.30092314596841424,1.1598705071903308,1.1598705522846144,3.887872254788132e-08
386,32,-0.4253115603531824,0.26485710776224647,-0.4316052576024635,-0.5719224182872071,2.2597654981156956,2.259775839846021,4.57646173200693e-06
387,32,0.36263747832813087,0.12499881389827838,-0.2803450832878554,-0.5210116218738758,2.062754812796094,2.062759115757875,2.086026780506237e-06
388,32,0.5062666142349387,0.3099446800006922,-0.0012490223777273978,0.4255554323101122,1.329422411687519,1.329422529053948,8.828377495980211e-08
389,32,0.6886586595180167,0.016049354009750803,-0.11570172488625104,-0.4457935870420253,2.3237215354657623,2.323735201983389,5.881306093643311e-06
390,32,0.5331044533342716,0.16297521407646245,-0.4518453391019043,0.45970929539452027,2.519800414387956,2.5198320053457306,1.253708730033719e-05
391,32,-0.4925563594914927,-0.13117021098736473,-0.6490260167233338,0.15784826574837038,0.9861612551780747,0.9861612707068454,1.5746685070235678e-08
392,32,-0.3157133314720666,-0.18794060261549897,0.28038744729466386,-0.3219452087452549,1.3484132244230211,1.3484133545327006,9.649095478907986e-08
393,32,0.3669504794556443,-0.2866432935052598,0.2626407058141864,0.4767506466059416,1.8157609760465618,1.815762347222883,7.551524342909841e-07
394,32,0.058704627601029465,0.7193779328206339,-0.17620760673167654,-0.5037457399961804,2.9987590707103253,2.998979882571318,7.363441203046036e-05
395,32,-0.23715982604269825,-0.2795437394673312,-0.4599174835984149,0.39886232081107587,1.7162603177970424,1.7162611685181641,4.956830341810043e-07
396,32,-0.37267827171453205,-0.053047859265854765,0.10901604009033528,0.7095557971197446,2.2742580681721387,2.2742690869201136,4.844985768826789e-06
397,32,0.6539313215068588,-0.29833859615492936,-0.362867372737432,-0.3803909670778504,2.626687547102283,2.6267369186239944,1.879611519300302e-05
398,32,0.4673812497291738,-0.5179303614675624,0.04001485841534214,-0.6795059278044964,1.5735639129153716,1.5735643333365108,2.671776696102858e-07
399,32,-0.6724357363019414,-0.11031235797215257,-0.7003523301552953,-0.021930926899990637,0.3531608101484245,0.3531608101967945,1.3696318734540911e-10
400,32,-0.5386124310968206,-0.18342145167931373,0.005448225354097917,-0.21847038699638477,1.2713993123647043,1.2713993976194917,6.705587034914213e-08
401,32,0.5708260171934335,-0.11187300544760485,-0.6211956244160993,0.13790116668456354,2.833799154846099,2.8339140648981562,4.0549822262705896e-05
402,32,0.3240377808619249,-0.5627071360959695,0.07347397875720656,0.31897203405326774,2.1268664502051817,2.1268721921913514,2.699739877459422e-06
403,32,-0.40955916474354676,0.394452574963777,-0.4539195131693858,0.25251443655287703,0.42002165691828536,0.4200216570382846,2.856977272390337e-10
404,32,-0.26586223940513376,-0.11051705082447588,0.11636712903841052,-0.07570087417293489,0.7887940614588238,0.788794065409387,5.008358205171624e-09
405,32,0.2876912598655506,0.16979312203344465,0.1741981901312567,-0.06559184326480011,0.5571189005969248,0.5571189011447336,9.832888414601477e-10
406,32,-0.6369253009147582,0.3786203541861161,0.31377133918333966,0.509506875058891,2.6848805060129943,2.6849432749537137,2.337867200374496e-05
407,32,0.2213274797704036,0.39777425035109937,0.5405829148008643,-0.10015260503934177,1.4579520249779105,1.4579522576311603,1.5957538093890937e-07
408,32,-0.15791672439855284,0.3235024155463864,0.40951684774346486,-0.010621868931391033,1.4240298475663964,1.424030042348426,1.3678226615089617e-07
409,32,-0.1797670116510886,0.0776130036672629,-0.1273526057552495,-0.21156789646818663,0.6090848739130785,0.6090848748099648,1.4725143742071665e-09
410,32,0.16713293459609038,0.0028441752630381668,-0.08133903881926163,-0.2294940598771642,0.6972608106796192,0.6972608126053531,2.7618559313482404e-09
411,32,-0.546758458505992,0.10953772924296229,0.3796489909803685,-0.5058244721217944,2.631526606937509,2.631576978108779,1.9141425793398168e-05
412,32,0.11526044833893588,-0.25205114940539325,-0.0757313681363802,0.37576677752853666,1.369398151859459,1.3693982975436436,1.0638555669000534e-07
413,32,-0.28553933689887,0.042103628109116,0.01344554213480665,0.1293757416780001,0.6449506132618866,0.6449506144978854,1.916423866230394e-09
414,32,0.3020133553867191,-0.6644414689764708,-0.25915931499410316,0.2694735866905538,2.620289357084174,2.6203374361832505,1.8348774705619457e-05
415,32,-0.30781721114370963,-0.6244757990882902,-0.3170055027806583,0.08598082385950284,1.829758825794442,1.8297602909883277,8.00757927831522e-07
416,32,0.2934264778518051,0.6502191600173575,-0.18694262503123035,-0.2122958959625269,2.3546162190145874,2.3546318401841675,6.634274177653845e-06
417,32,0.5379544624344198,-0.08719324382921852,-0.4760508579883702,0.04360018438749868,2.262328368009623,2.2623388264703235,4.6228747552597895e-06
418,32,0.5127249405530746,-0.44237995056637647,0.3280600961525096,-0.3195361363800432,0.6657807224662671,0.6657807239457538,2.222183228509028e-09
419,32,-0.4671071108424809,0.15477090135072627,-0.5252797806701333,0.11384986134497373,0.193465190298865,0.19346519030108678,1.1484124422836276e-11
420,32,-0.6211996717295608,0.3437026083177632,-0.1585837602287689,-0.19986726197856564,1.830113266625992,1.8301147342786415,8.019463473523176e-07
421,32,0.4354198966501948,0.3325472225810227,0.11209727905971628,0.23576904560500653,0.8132601396301596,0.8132601443676254,5.825277204878825e-09
422,32,0.1191151922826861,0.25966971983711556,-0.5912502934822531,-0.08410661821286254,1.8002420813332178,1.8002433550149037,7.075057844192789e-07
423,32,0.612574326502966,0.30143985245642824,0.22210995643060927,-0.13793932226712408,1.5171699102437568,1.5171702260631064,2.081634676701514e-07
424,32,-0.2739152815948241,-0.5945188813591398,0.04664050297680945,-0.04184236271750716,1.5375914277742917,1.5375917782548487,2.2794127925664007e-07
425,32,0.08054289451117538,0.48860694614715994,-0.4359230233712028,0.585410875316778,1.595063216248516,1.595063684559986,2.9360057021881533e-07
426,32,-0.6202897125902644,-0.23969387137751189,-0.1450387873149183,0.389552872457203,1.9813735830859298,1.9813765525800238,1.4987047971674551e-06
427,32,0.21427302350998936,-0.1764277442288274,0.49228165478420866,0.48155011075035903,1.7984354137712697,1.7984366765428446,7.021500828953511e-07
428,32,0.6754284984616689,-0.2851944102635519,0.3175904616343114,0.16024531523445013,1.616247208824143,1.6162477293379254,3.220508468361243e-07
429,32,0.36764604948243057,-0.6487988182482187,-0.2533102766935771,0.19164983600169685,2.5545924277293217,2.554628989172548,1.4312045565240155e-05
430,32,0.39297669568589516,0.23574380926510724,-0.5348725549703293,-0.12565093488083603,2.2061931236209906,2.206201294067167,3.7034138530466285e-06
431,32,-0.059309545360242674,0.14407166815375383,0.35651530120311675,-0.0425438321516727,0.9523590262881796,0.9523590387432951,1.3078172360132907e-08
432,32,0.1594327247895082,0.4960885971746562,-0.39265581459779836,-0.3064686117533012,2.176582276488559,2.1765894428398167,3.292478917594308e-06
433,32,0.1636473231476625,-0.0842150482470807,-0.2029014911429771,0.011518292056510933,0.7682529195360914,0.7682529229171675,4.400993474668439e-09
434,32,0.08165778296543895,0.1658562827279753,-0.4155930356956981,0.4407554416054363,1.3487346692094964,1.348734799545561,9.663580805263365e-08
435,32,0.30550083967954417,-0.4514294840204356,0.09262303808988775,-0.534051989831764,0.6373759729464512,0.6373759741029018,1.8143931541704976e-09
436,32,0.45261734443688834,-0.5275912064037784,0.3894208991798098,0.5234994858696969,2.8263962629976893,2.8265078074006538,3.946523862374274e-05
437,32,-0.1894487628447277,0.13838134216963643,-0.5850724718580843,0.20259271844404456,1.0070150923866832,1.0070151101367424,1.7626408317446577e-08
438,32,0.2637106089927397,-0.08416483820162092,-0.33607547380498876,-0.506552202087395,1.7077325539262798,1.70773337013094,4.779464199044211e-07
439,32,0.0646190671332257,0.7055695851382061,0.06342783669850235,0.6685305869001719,0.1416232167159792,0.1416232167164396,3.250946412517863e-12
440,32,-0.0622575550932297,-0.40251370224458694,0.04095683827761561,0.6843645118881921,2.5421559320792726,2.542190635884373,1.3651328253457765e-05
441,32,-0.1602541553829348,0.6442095426433094,0.08201642979585216,-0.29948558861627195,2.2414356799721125,2.2414452227036947,4.257419326164643e-06
442,32,-0.19398791346165123,0.4296974251927096,0.5660752621492492,0.4525958935317634,2.0970051832859506,2.097010205257171,2.3948301416880693e-06
443,32,0.014174452835665227,-0.2727325827563189,-0.15629822617461092,-0.12813791441874306,0.47018964181271333,0.4701896420313269,4.649476556882727e-10
444,32,-0.5468105538603983,-0.2396963504609217,0.44562117328757084,0.04381594248276297,2.320796794924028,2.320810289138285,5.814474703958979e-06
445,32,-0.16620646729971994,-0.28333951571787575,-0.6684303609299129,0.2714559829544925,1.9594999366094712,1.959502621812409,1.3703511225553686e-06
446,32,0.21735458352532236,-0.12465632678704269,0.4353205298200878,-0.5277443012683084,1.2207335565691237,1.2207336206554793,5.2498233714303853e-08
447,32,0.47957842452339455,0.36882139053656154,0.058441666833363666,0.07143567181444903,1.2229032097962798,1.2229032746790383,5.3056331833539294e-08
448,32,0.3670123690862167,-0.5724040934009627,-0.38209932668027485,-0.3133338542214474,2.086948041931406,2.0869528415892202,2.299845380846602e-06
449,32,-0.22941191832127736,0.6782387813031016,-0.6266758544012343,0.3187756794097144,1.8725937907588084,1.8725955834692076,9.573407794508684e-07
450,32,-0.31278814982995234,0.3727287946840413,0.622686533951574,-0.18282097893111657,2.536756740513754,2.5367906664873474,1.3373759119945618e-05
451,32,0.22479019984271875,0.6349459919097099,0.20933719028154185,0.041463696651397076,1.4997557496860663,1.4997560385256452,1.9259107956865732e-07
452,32,-0.35425707048229543,-0.5140336494449618,0.13221023471317972,-0.09516978275995037,1.516264608435643,1.51626492279585,2.073254267280874e-07
453,32,0.3766788531822917,-0.3400280288560891,0.6920332432295625,0.09441758296837481,1.5736048724095155,1.5736052929173263,2.672257935694529e-07
454,32,0.2742488052154617,0.30299370354493094,-0.6027208618294343,0.3304287531347293,2.185490790497188,2.1854982457039136,3.411227701417659e-06
455,32,-0.6013066511518909,0.15378759997451288,0.43242188367586154,0.01866632915344975,2.3615477630073447,2.361563858393451,6.8156089655556755e-06
456,32,0.24215114293348033,0.022394894457889742,0.49903910436089255,-0.43299808388930794,1.3348487638630089,1.3348488847466653,9.055981448289674e-08
457,32,-0.35495795486490306,-0.3520569079586859,-0.4322391382108123,0.11018046033080639,1.1455566429079875,1.1455566843631766,3.6187812550288294e-08
458,32,-0.5967910325208469,0.3905866581559434,-0.39560060418998044,-0.5142532539016754,2.639774556950119,2.6398266770903303,1.9744163407459014e-05
459,32,0.14410782194493404,0.619683315752016,-0.5244716521869204,-0.31936912406234835,2.789551341646704,2.7896474953262733,3.4469227410744056e-05
460,32,0.4283165434698549,-0.06092062557107651,-0.28035826042713063,0.22134512948236698,1.6264350287346425,1.6264355762718996,3.3664871170140725e-07
461,32,-0.06103743771368827,0.2596920287894105,-0.522292867627341,0.4836377075615639,1.3982523482145648,1.3982525181678096,1.2154690462543604e-07
462,32,-0.16381552705521654,0.6601092738427147,-0.08281957532685987,-0.14116356689053625,1.9189206702364323,1.918922895676583,1.1597353580702203e-06
463,32,-0.06797824363992483,0.6403123925142744,0.16957796623062507,-0.12145207943340534,1.8550898062414467,1.8550914574461348,8.900942059709114e-07
464,32,0.18220110304675805,-0.18575271040178692,0.42009763547815326,0.284288202689828,1.1940035015526296,1.1940035565390186,4.6052117038257535e-08
465,32,-0.20908563106462796,-0.5046477882885582,-0.32554850366662047,-0.5854380348535755,0.4519617381497829,0.45196173832679604,3.9165511466438173e-10
466,32,-0.3479777439123253,0.11976108310888321,-0.6288411659778057,0.03127755864087705,0.7942380183031487,0.794238022418076,5.180974963390635e-09
467,32,-0.08532102280897917,0.5236970203301443,-0.6875892343064682,0.04112188837636066,2.102632521760509,2.102637672412409,2.4496205812446013e-06
468,32,-0.14187073943046602,0.44037785981519323,-0.25196782159269016,0.05497182534575762,0.9047338910282233,0.9047339000766347,1.0001185368699798e-08
469,32,-0.5934519558646564,-0.017987234670133422,-0.26138269211332427,0.619481879729839,2.04057214748109,2.0405760387503005,1.9069500753566919e-06
470,32,0.6967949536843088,0.206335618425802,0.011353172462646683,-0.31357833610680197,2.179942797469266,2.179950071494583,3.3367964176119157e-06
471,32,0.00589533014369637,0.37831820701616264,-0.03645238634848143,-0.564327283651529,2.0776257166957044,2.077630318760583,2.215059643096294e-06
472,32,0.047303914154349806,-0.7051275048120885,-0.2630509558242502,-0.136830453336308,1.7031796929468137,1.7031804912731705,4.6872702868934745e-07
473,32,-0.33928362223617226,0.29799544988906107,-0.2566047045426277,0.31370454796756253,0.20598797115998424,0.20598797116303702,1.4820186992573448e-11
474,32,0.42774245770802505,0.5190798205183612,0.36906170332211485,-0.3042083582962966,2.1201320096636977,2.1201375810713112,2.6278588258116396e-06
475,32,0.2722200333025511,-0.5649698579999964,-0.3203253785892134,-0.4999016610451419,1.6927172524688683,1.6927180111112488,4.4818021401107794e-07
476,32,-0.2672041039060426,-0.2881388622078179,0.5309126820743172,-0.37880439532355126,1.9701867139272857,1.9701895345984513,1.4316770819674897e-06
477,32,0.4701554927565751,0.17145514083105,0.48973679805217996,-0.17452713880573217,0.90584940079376,0.9058494099112915,1.0065173636560098e-08
478,32,0.39139843580105455,0.4677012703878852,0.47068256661114993,0.1807731522966775,0.8445819822474462,0.844581988192043,7.03850773489281e-09
479,32,-0.19378199589858575,0.19965067452654833,-0.6913718929314452,-0.10241075507665014,1.5384295214587274,1.5384298734356647,2.2878977064879443e-07
480,32,0.6014024670014185,0.16019363204245582,-0.3813551042072696,-0.09591122276711632,2.288930258402928,2.288942006005371,5.132354906706937e-06
481,32,0.5308829360627532,-0.5259920130145542,-0.5715492120808314,0.19559792461063544,3.2857676712610995,3.2864258291215145,0.00020030565951804018
482,32,-0.615968907997492,-0.23771271474432487,0.5128294472374594,-0.02651392955503604,2.6832651446667923,2.683327498458645,2.3238028480495374e-05
483,32,0.08229010551159599,0.37843612870065385,-0.5575867094580051,0.4488359578006377,1.762567340839943,1.7625684045990857,6.035282273329112e-07
484,32,-0.39606303010783384,0.003990068946973217,0.3419849391092546,-0.6430033226418851,2.455005822850889,2.4550298385050877,9.782320667060473e-06
485,32,0.6417800499297164,-0.11123472807368735,-0.265213947706522,0.6205788258672296,2.958885676992195,2.9590745498406137,6.383242512110308e-05
486,32,0.35429672077176944,0.3217380081277813,-0.5524416514176215,-0.1505930571556205,2.299420487759842,2.2994327847501856,5.347864998695496e-06
487,32,-0.1844738816258194,0.7018677393443553,0.33490355370447744,0.5739428460917435,1.8192959113939104,1.8192973057536352,7.664282187745211e-07
488,32,0.5746640690735908,0.04197264759187892,-0.10081805841126693,-0.03511766331421545,1.5220083607104316,1.522008684437069,2.1269701655619293e-07
489,32,0.16594305194930745,0.603113890005054,-0.024038875286837437,-0.6092712307003547,2.8733516884236643,2.8734862980113696,4.684758508594839e-05
490,32,0.3678723771821276,0.14079126440713255,0.5062957283362143,-0.14763292338253245,0.7979803897340246,0.7979803939653992,5.302604723735144e-09
491,32,0.48946745567846606,0.06931293739978996,0.7106332455736432,0.23051954325031476,0.9150307957350821,0.915030805439666,1.0605745685808816e-08
492,32,-0.09514515834221322,-0.08494284672555734,-0.47768340104531953,-0.24157405217781353,0.9506197644302709,0.9506197767431733,1.2952499975388098e-08
493,32,0.4331870343088691,-0.6101607434611104,-0.21610669786506828,-0.1903570482763655,2.0537710966230835,2.0537752280458084,2.011627650039005e-06
494,32,-0.159409641195286,0.21553678146242355,-0.18976028539022946,0.07915803141736064,0.2953052922109632,0.2953052922301414,6.494368735619933e-11
495,32,-0.09318941862526971,0.5231881160979654,0.28347725200221496,0.4013202194632692,1.027379713755029,1.0273797339471706,1.9654020286841118e-08
496,32,0.34237317118823907,-0.44683477521383386,0.5197430253931876,0.2680568508868576,1.8988332421815453,1.898835268949994,1.0673756935705878e-06
497,32,-0.5086189325117344,0.19334037875894688,-0.6083841360544889,0.32701877051814315,0.5431531522219734,0.543153152698708,8.777168093475794e-10
498,32,0.14151078383395385,-0.48516426898836523,-0.059985707901832185,0.407952635328342,1.9862959156712547,1.9862989530100528,1.529147179967015e-06
499,32,0.1118269179748196,0.0927497139112863,-0.10833124768942498,-0.10847925281615005,0.6010539399437405,0.6010539407767501,1.385914983483234e-09
500,32,-0.27207103236781693,-0.6638397618929863,-0.37881083280651384,-0.23872148599534776,1.311342130363109,1.31134223668535,8.107894846780303e-08
501,32,0.3825393842199002,-0.007539112124874658,-0.3828524431257814,-0.3627657948202817,1.8668158764021126,1.8668176211670826,9.346208118928949e-07
502,32,0.33658340621920785,0.43505278666995684,0.23827366129514865,0.009482463696452377,1.0308337249722506,1.030833745607489,2.0018008634178025e-08
503,32,0.11511978948294199,-0.3416452854230388,-0.14810392433747832,0.34162861689221474,1.5361221749698135,1.5361225228415483,2.2646098104692003e-07
504,32,0.27733020017906074,-0.07062300843501584,0.5364982099419933,0.4969961839851016,1.6981437856058335,1.698144564590887,4.5872738231963663e-07
505,32,0.49158703652456237,0.0875590633918318,-0.132853982357569,0.529676122516104,1.8382698647676932,1.8382713901043697,8.297675470597872e-07
506,32,0.6442594561402191,0.18438383144866133,-0.08029435089929708,-0.7393504490434332,3.1925220582507055,3.1929865981326415,0.0001455087462075684
507,32,-0.3695055398351612,0.5978940242164977,0.12358753115362142,-0.004003135126583898,1.9038015585886054,1.9038036328513475,1.0895372643518348e-06
508,32,-0.32885256962380405,0.40069680235767324,-0.057548879305008446,0.37515686517301433,0.675919941487577,0.6759199430998318,2.3852749211754704e-09
509,32,0.31532058045125405,-0.5712943854230337,-0.6386881952961271,-0.3692784603427364,2.8019040995126816,2.802005170437433,3.6072228442397665e-05
510,32,-0.43433357650541493,0.4620654193957826,-0.5392328455763524,0.3727320034810119,0.46765948752903336,0.4676594877414267,4.541623356598245e-10
511,32,-0.37328739982750997,0.5578251197129304,-0.019431293110384825,0.7240816555922317,1.410216905071859,1.4102170861560346,1.2840873982091866e-07
512,32,-0.282208406811735,0.45654502740100017,-0.38975659921035527,0.16086466496501428,0.8009000803444632,0.8009000846686888,5.399207266084166e-09
513,32,-0.31966697751336415,0.08819435051333321,-0.23182932358400876,0.42329204337189824,0.8157056622263807,0.8157056670496097,5.912952613568618e-09
514,32,-0.34866251333541604,0.10069904878157573,-0.4737713900216559,-0.452453385144088,1.4739927979663658,1.4739930508398444,1.7155679386631282e-07
515,32,-0.27439799158209494,-0.373462516083635,-0.07057969942873321,-0.6751787628467717,1.0677454004635358,1.0677454264158153,2.4305681321890205e-08
516,32,0.1598387981056568,-0.5096019775828732,0.27307683432365404,-0.5981566195668038,0.4476212886769651,0.4476212888451154,3.7565298107589364e-10
517,32,0.44182200255648896,0.07898684324605657,-0.7386005805847841,-0.08943397785980808,2.884531661754539,2.8846724026434942,4.879159096125072e-05
518,32,-0.37849179031359453,-0.502760992511971,-0.3194336245098502,0.17463004915926902,1.6757260343039628,1.6757267324651244,4.16632043220442e-07
519,32,0.0930082862402377,0.062453146697847,0.09982474373990854,0.14252016605993165,0.16405283009886903,0.16405283009983473,5.886516811764738e-12
520,32,-0.005044480064328973,-0.6665969667144283,0.11512711837393785,0.1265189899253797,1.8902547687397988,1.8902567159439077,1.030127864796368e-06
521,32,-0.37393045152580034,0.23667936822645214,-0.499409534733658,0.08313788589155217,0.5073701553046037,0.5073701556337924,6.488136380830191e-10
522,32,-0.31302335397248987,-0.08766789518432483,-0.363418671767246,-0.05609994884450163,0.1351349313608519,0.1351349313612155,2.6906295574592776e-12
523,32,0.22310673622501506,-0.5442856373535947,0.14802090979691285,-0.7149628093089577,0.6626807410721315,0.6626807425129576,2.1742387182482257e-09
524,32,0.429082803671291,-0.19151084559459242,-0.43271055396033775,0.18187202185754708,2.0382886999894096,2.0382925510967262,1.8893826554693752e-06
525,32,-0.2148928346267595,-0.65014012034311,0.420434810567673,-0.19005762634246928,2.0487732204827065,2.04877725933989,1.9713539512256244e-06
526,32,0.6640158640989662,-0.2618101169534312,-0.6680161104720994,0.11668320448169656,3.4312904640386104,3.432409438099812,0.00032610881326683173
527,32,0.24471090557743846,0.5652244412272052,0.4471338554953495,0.1047334419228151,1.3359722460811179,1.335972367705138,9.103783446491153e-08
528,32,-0.4170051361454882,0.3385163971679116,0.40627534855225417,-0.27844948968461736,2.2776456148080246,2.277656797859899,4.909917417179464e-06
529,32,-0.508100589255618,0.4052802010302165,-0.3023166600672041,-0.03422360528686357,1.2563876095918183,1.2563876879835487,6.239454276837276e-08
530,32,0.36423433331683286,0.327140414931321,0.42671786628011016,0.25526460347379387,0.2511186111715975,0.2511186111799585,3.329493794642032e-11
531,32,0.21365833223450195,-0.3427099855078149,0.13688773893347086,0.6711487485386077,2.417634760505715,2.417655238773229,8.47037271663166e-06
532,32,0.01799784377176596,0.45334480232548935,0.2134053480261983,-0.045107996662891725,1.1643154387018175,1.1643154849843864,3.975088481185508e-08
533,32,0.5581835088378257,0.467484350597076,-0.5436264366647249,-0.017531946136586613,2.9687902857636717,2.9689866522181414,6.61435923619748e-05
534,32,0.6302633619529417,0.20059478262056082,0.271360841210256,-0.21737176381580814,1.439322899832396,1.4393231109093387,1.4665016643435069e-07
535,32,0.33616876696282716,0.1397537334273062,0.3966279311605712,0.6007715547170732,1.3367330939377626,1.336733216065568,9.13628950895753e-08
536,32,0.6638997081832959,-0.11028232418790863,-0.29241477823619005,-0.4803717474440705,2.577822248360576,2.577862539628898,1.5629963760221262e-05
537,32,-0.39700533806455635,-0.03661655603990577,-0.21923636793961263,0.10878672161411147,0.5109807634837397,0.5109807638258007,6.694205938841087e-10
538,32,-0.6320457357941779,0.1998778206929732,-0.34415785017877476,0.2791670211678851,0.862785683490211,0.8627856902548993,7.840519822531958e-09
539,32,0.3894569073743816,0.5091095157492359,-0.1521648257390521,0.099523173248864,1.617291187182956,1.617291710406705,3.2351858041420145e-07
540,32,0.7086191464979175,0.014401924787422903,0.3002990774212979,0.6153172077863718,2.2910629731584673,2.2910748305012185,5.175476575780773e-06
541,32,-0.28619105081107143,0.1976738750079095,-0.3710625861064086,-0.35617611843525326,1.3002123592977182,1.3002124593101263,7.69200564952129e-08
542,32,0.004340384160332771,0.6580740792703889,-0.5208323622212474,0.4668869556174527,1.8168575944391785,1.8168589727678468,7.586332976947325e-07
543,32,-0.1411139695508361,-0.6216693368606289,0.30430215655667275,-0.45990676091163923,1.3659216826492224,1.3659218256385468,1.0468339890733646e-07
544,32,-0.3404367836358517,-0.008122894767096158,-0.10340425105290214,0.6356932127328019,1.6967113535894187,1.6967121271548595,4.559204717869425e-07
545,32,0.6882406650027982,-0.15204475205068946,-0.5785585776539316,-0.23462752176667,3.133313208143928,3.1336843418684452,0.00011844769413811136
546,32,0.5616657614141833,0.09107017765054749,0.1543815519419772,-0.6982477813131654,2.4391285803964404,2.439151026523756,9.202519086489701e-06
547,32,-0.5658242535284619,0.35425819919800405,0.2675639457985547,0.1854344994961661,2.041989067112041,2.0419929835044637,1.917930162255017e-06
548,32,-0.4452363156724927,0.3866989414495617,-0.6093337636751724,-0.08886252890255349,1.4506126426201988,1.4506128665371107,1.5436023740748725e-07
549,32,0.6374084528723158,0.2957193497072098,-0.5796816291931287,0.2876148262332775,3.095193404581315,3.0955141747176502,0.00010363492499701
550,32,-0.16381343957263708,-0.16478867195805877,0.4626299900948545,0.19088307319586065,1.5508195048318272,1.5508198796458597,2.416877214337004e-07
551,32,0.1152113596414286,0.37957318691679187,0.030199194167115997,0.03170897974750062,0.7623638608183093,0.7623638640500059,4.239047445850688e-09
552,32,-0.31654784279072046,-0.0054549745508682785,0.37152812768414817,-0.5186630574752908,1.9999842100850223,1.9999874440026357,1.6169715726601158e-06
553,32,-0.016245394662784265,0.14837230575385343,-0.25288966594994083,-0.35346695341400686,1.1769662804118757,1.1769663302355517,4.233228844612378e-08
554,32,-0.524641952070484,-0.12313857418168744,-0.07595974695010857,0.08694448690440114,1.1240727168973486,1.1240727533929988,3.246733928421289e-08
555,32,-0.4453873546988672,0.37810574988211776,0.0034854310752349543,0.7077107898736312,1.7217862525473564,1.7217871263715274,5.075102497355544e-07
556,32,-0.07420786685049205,0.37324430423347704,-0.24011764173780512,-0.001136422528712853,0.8833191345664488,0.8833191423753529,8.840410870023375e-09
557,32,-0.004797830505758282,0.6632651621387023,-0.023591177553904722,0.1947630476757294,1.203874460447458,1.2038745186457174,4.834246529427915e-08
558,32,-0.04662373038623721,0.7468981876318701,0.5269513108298921,0.1611557201473122,2.3684729518219196,2.368489534844197,7.0015670919217524e-06
559,32,0.042967055337547994,0.6133303621334655,-0.36833897436603197,-0.4046711799911665,2.5641238549450587,2.5641619046314683,1.4839254483068285e-05
560,32,0.06667531519271087,-0.7167886358231664,-0.10568584861556898,-0.3185837795828971,1.245253527071748,1.2452536007073813,5.9133045414256e-08
561,32,0.0714373387590834,-0.16545746013367085,0.6695468868089053,-0.2141778402045798,1.5543272080432262,1.5543275895722661,2.4546249846391273e-07
562,32,-0.10634652274773138,-0.315366576751746,0.07803243004125483,0.26667246654133614,1.2624641199485702,1.2624642010542892,6.424397949072362e-08
563,32,-0.24297595526262558,-0.604208567341095,0.17324706636321802,-0.6216588984804396,1.3357257073254436,1.3357258287866365,9.093273582677437e-08
564,32,0.3906824848339116,0.11480728925568334,0.3921856856427457,-0.5431159886812111,1.720361425517994,1.7203622933287284,5.044351271261084e-07
565,32,0.13652128295187782,0.28163626262435215,0.44216083332290174,-0.45682114220598885,1.8874340674274865,1.887435989129635,1.0181559089590086e-06
566,32,0.5422010979600249,0.1736969613209539,0.36632067903877635,0.1777325045571678,0.46440970789848157,0.46440970810310334,4.4060612966776293e-10
567,32,0.06644808571902751,-0.29108271059329477,0.30751373573264085,0.0707144311146316,0.9266040306922368,0.9266040411847872,1.1323661495689356e-08
568,32,-0.4497180353909517,-0.5874463005209339,-0.5309459384858706,0.33430210312795416,2.667848334677573,2.6679068571085054,2.193619111390715e-05
569,32,0.067080648539343,0.24403766957117912,-0.3855764638213856,0.17983831386434404,1.0019433154135204,1.0019433325984755,1.7151623999286126e-08
570,32,-0.11982288482745905,-0.3400720801031825,0.3442459048900661,-0.44531335070614303,1.1670775458490483,1.1670775928844277,4.0301845868264105e-08
571,32,-0.1770495403505389,-0.44337587061938155,0.5743108487757022,-0.2868115840522477,1.952904137240373,1.9529067419718895,1.3337733618386326e-06
572,32,0.030485864703336283,0.36924680914459884,0.24910529665824402,-0.5284509962338387,2.0645777418051794,2.0645820804008324,2.1014445545511562e-06
573,32,-0.48048176647080487,-0.11359485973780414,-0.02424579517194052,-0.3564143289911822,1.1994137748662763,1.1994138315922898,4.72947823601677e-08
574,32,-0.400324201699662,0.2791154626572987,0.5174044721489647,-0.44620874577499314,2.7349750626503395,2.7350521111729442,2.8171563118400622e-05
575,32,0.285905042766723,0.550075499003619,0.08904790324490512,-0.10291652479177184,1.5838967016307801,1.583897144459413,2.7958176339277035e-07
576,32,-0.27548999548067016,-0.004327472936714907,-0.7389580209363299,0.12682479062666913,1.3978346551006264,1.3978348246770924,1.2131367995606223e-07
577,32,-0.407045739276309,0.20478639544833077,-0.18387912700657894,0.4890131872805287,0.9194760329696264,0.9194760429703784,1.0876577143618198e-08
578,32,0.08915858198273306,-0.3511654819105282,-0.49037782336930325,0.48493303295076684,2.3975820019019882,2.397600795082695,7.838389131982044e-06
579,32,0.4453337061871924,-0.03796330005861079,0.03898310721159513,0.5936813846434402,1.8251008202272767,1.8251022534719574,7.852961682066323e-07
580,32,-0.11739948026270308,0.409769241966064,0.0936795599961427,0.09882868103207285,0.8158925341524376,0.815892538982276,5.919699244599675e-09
581,32,0.06986510728292726,-0.5833114024170317,-0.009430665072989224,-0.5651220543190342,0.2431310367679804,0.24313103677507056,2.916189510506031e-11
582,32,-0.18578180011513035,-0.07534988671370908,-0.4533201730166096,-0.5582473327955646,1.4823532551182703,1.482353519173939,1.7813275462661227e-07
583,32,-0.36841736143554477,-0.3542772531015492,0.5585930370117306,-0.08628619188358404,2.2301388123444488,2.2301478926491765,4.0716320784249495e-06
584,32,-0.33220722220565774,0.5324090173377587,0.4008311967987757,-0.23062952436175765,2.4255996192670795,2.4256208065162728,8.734850147986364e-06
585,32,-0.604681687306811,0.03690557298271919,0.3356464764860935,0.16381793147831716,2.1393378168484904,2.1393438880921773,2.8379078979887654e-06
586,32,-0.26456160710839155,-0.6728942825131339,0.027132337172041086,0.6609533024822928,3.3928377054853307,3.3938117977115922,0.0002871025114719442
587,32,0.4598734392037793,-0.22916311323474517,0.17312724762953682,0.04775944748115725,0.9126730701959714,0.9126730797466713,1.0464535669446672e-08
588,32,-0.46690889737315167,-0.48324762609402255,0.378323802197324,0.24555368564646857,2.5899269338828166,2.5899693114569566,1.6362459336456546e-05
589,32,-0.027684375481163023,0.08554173712494832,-0.33282765026008637,-0.22942286114100133,0.9290409324494034,0.9290409431149828,1.1480203870568153e-08
590,32,-0.21608464580687523,-0.6239613587616875,-0.19580741711303346,0.4458264760079967,2.5308219118019313,2.5308550021779723,1.3074952404487785e-05
591,32,-0.6330684693190118,0.354008376776391,0.3345754468558897,-0.3550014836828128,2.8838672145561763,2.884007583685571,4.8673922532261194e-05
592,32,0.41341757962895304,-0.07965931526873808,0.5056501775519561,0.31613111592240245,1.0652082244736019,1.065208250024063,2.398635355340148e-08
593,32,-0.702932425667827,0.07082747568802351,-0.4788406147723271,-0.16203327309185545,1.0144244934178264,1.0144245120236406,1.8341250968764978e-08
594,32,0.30929772790625615,-0.37962883518580726,-0.06626421359102222,-0.3540412938323059,0.895387684442641,0.8953876929300385,9.479019645887608e-09
595,32,-0.09676098468732439,-0.48827073818359645,-0.11003022224132306,0.12756429520852255,1.3387808380049018,1.3387809614982629,9.224314957836974e-08
596,32,0.1431623796417781,-0.291356520150528,-0.2872826330332428,-0.4126759125021568,1.045704373418173,1.0457043960634342,2.1655509718996368e-08
597,32,-0.2767083924225894,0.49712523342685055,-0.1218234111415919,-0.46390131154463865,2.215916393717611,2.2159249224883664,3.848868476983913e-06
598,32,0.15725482025937923,0.04633127951454599,-0.19698438203297605,-0.4978544055444663,1.4329181998534142,1.4329184039565093,1.4243876245869953e-07
599,32,0.3995633212735581,0.10220716541536828,0.5309459611716932,0.13855891533586104,0.3561011810307991,0.35610118108130173,1.4182108990829106e-10
600,32,0.20652094397939721,-0.1864278624912063,0.6228556041429295,0.20075014215154774,1.4383737176300442,1.4383739276595466,1.4601872926500577e-07
601,32,0.5049171774198866,0.5170868091359986,-0.16430174117747384,-0.020670928605590194,2.107085348741123,2.1070906034586723,2.4938323225612215e-06
602,32,-0.04189904129766189,0.08117193658579845,0.2620635478075452,-0.4829496517854288,1.418418955010547,1.418419144115446,1.3332090507049768e-07
603,32,-0.4007829197968744,-0.22871456913092697,-0.009158934453366269,0.44871206912856315,1.7442843956096068,1.744285369807563,5.58508669089173e-07
604,32,-0.04495123918025567,-0.6560565883699032,0.17356224930866104,0.06141938770156963,1.7808698827724705,1.780871044015454,6.52065035622726e-07
605,32,0.12540932314508743,0.049797057803728846,0.48888274349627214,-0.31026085806691217,1.1943490525978169,1.1943491076938295,4.613057842784595e-08
606,32,0.09705062925497224,-0.5659565159822251,-0.3611880860424196,0.17908482093561726,1.9899367850442913,1.9899398735199494,1.5520471209539924e-06
607,32,0.039937879523509384,-0.6395814473135303,0.3663198507993421,0.35737996759767554,2.4879347602916675,2.487962375587808,1.1099686608038083e-05
608,32,0.3204811835181626,0.4554430402430185,-0.3656116095488971,-0.547884296726485,2.8374479930557253,2.837564597680877,4.109489422795575e-05
609,32,0.5018083102830129,-0.3379237854562213,0.6129484499868691,0.09029159522248886,1.3181539492074783,1.3181540595719607,8.372654992855218e-08
610,32,-0.11333843868954162,0.08349199804232409,-0.6080890446463558,0.11790182861496766,1.2024052597211266,1.2024053174306368,4.7995058084656244e-08
611,32,-0.06211858213255294,0.21251413866234334,-0.7418486621774115,-0.04901288930121661,1.9231112586267787,1.9231135278026674,1.1799503947408285e-06
612,32,-0.1631102334696371,-0.1922802362421803,-0.3688761990480698,0.5517847101476694,1.8553473242039624,1.8553489774108047,8.910497893006176e-07
613,32,0.1670892156603611,0.45618231004866455,-0.4519362288699482,0.44966060413041353,1.6462961722584852,1.6462967763455183,3.669370331061766e-07
614,32,0.5606928650388249,-0.08973578932688223,0.15228908206356834,-0.6606647846960487,1.9803975935031481,1.9804005497190362,1.4927385782439305e-06
615,32,0.6601583252852032,0.2683919472042442,0.30149455652066504,0.234592117440463,1.0608688504353772,1.0608688753116833,2.3448992885333846e-08
616,32,0.3035647958237262,-0.3903210514484579,0.7350534168024828,-0.13543326190237845,1.5695921312529333,1.569592543349532,2.6255011758642143e-07
617,32,0.3470628249635577,-0.6394209130239068,0.4240803321075976,0.5910176893244642,3.3809282741392965,3.381861202384819,0.00027593849081577484
618,32,-0.14968633663390635,-0.25441158433855393,-0.3648922070859127,0.5350952596098947,1.9329187318283199,1.932921106604253,1.2285958504771163e-06
619,32,-0.41929560085121426,-0.4662773526813651,0.06808892800161608,0.7170434157417562,3.1943941369724556,3.194861966690029,0.00014645334843267128
620,32,-0.5600522688318758,-0.43002545690415234,-0.2370788772516132,0.675680448708777,3.1647158951715024,3.1651340842720206,0.000132141119256931
621,32,-0.3886905026715936,-0.31887375637244975,0.4691562060802485,0.5313076280372955,2.8699154064704704,2.8700481835922282,4.626516916090871e-05
622,32,0.1507059526938974,0.2869646296564035,-0.04586195628214401,-0.38644669200613657,1.4731458388483658,1.4731460906141998,1.7090353671656236e-07
623,32,-0.09835889990074535,-0.6552671418027387,-0.02237895036573877,-0.42803489595509714,0.6941392483845836,0.6941392502614097,2.7038177603302012e-09
624,32,-0.17161811622291978,0.28937057755720574,-0.4759701569242108,-0.3090572794290468,1.5665738486431962,1.5665742545181047,2.590844401766711e-07
625,32,-0.6432795188599211,0.3449299250471187,-0.22162971538710965,0.6716650209407662,1.9059770860628826,1.9059791814563087,1.099380176932322e-06
626,32,0.22957584037035805,-0.3117109336319769,0.21878477026604773,-0.2904816512863611,0.055446524182870535,0.05544652418287471,7.5337709472556e-14
627,32,0.7392567475404023,-0.022150925894162,0.06410746488312041,0.22122568990025795,1.8949707224612955,1.8949727130275373,1.0504469637678647e-06
628,32,-0.6280112646717667,0.1618059913521506,-0.29022449028473796,-0.2352008475707826,1.3674219878228766,1.3674221319694393,1.054148346083221e-07
629,32,-0.3849619781427631,-0.22748437897311574,0.6761107992022667,0.32272805369825125,2.9028239158524602,2.9029752700861207,5.214034266214498e-05
630,32,-0.31609020086129563,0.25537738496985757,0.0805561150800561,0.30296439030134664,0.8910792795767114,0.8910792878160967,9.24652326005387e-09
631,32,0.2999933111815969,-0.6081235341074408,0.32965132629850125,-0.27755851216855015,0.963175115063214,0.9631751284363038,1.388438057480117e-08
632,32,-0.6446223889612598,-0.3278514137168685,0.22410814094057763,0.4260637994475158,2.7961665524875143,2.796265310150567,3.531894871026792e-05
633,32,0.44470535200581657,0.2747758272010864,0.0721707851197983,0.6758619242243398,1.581006112912742,1.5810065493617331,2.7605775057127337e-07
634,32,-0.7431413181163334,-0.0843925298305183,0.5923938151570679,0.11965516065977949,3.3346806651543797,3.335468767490477,0.00023633517425900196
635,32,0.40076518261699473,0.5915751539165632,0.4484334798978583,-0.4664199685900103,2.8742149000825763,2.8743499737935707,4.699499365567094e-05
636,32,-0.6086072190625765,0.18422616155421176,-0.29466611894023637,-0.5818733305128945,2.2935557032636837,2.293567690124861,5.226322238596373e-06
637,32,-0.45225733163812903,0.39027076994123794,0.07706320456323068,0.31217392556270274,1.312846198218658,1.3128463054214141,8.165675185191008e-08
638,32,0.0015504945535879564,-0.2971709642124068,0.42406082692020236,-0.1660214418083746,0.9988144393589911,0.9988144562034735,1.6864476334893717e-08
639,32,0.13454705072677448,-0.5291892949755954,0.5969107104508738,0.3957060546390831,2.6700292178093727,2.6700882681220457,2.2115979959723395e-05
640,32,-0.054948041016600065,0.3323041558561462,-0.10831057034069226,-0.03358436496971182,0.7712512658444327,0.7712512693038599,4.485473596427348e-09
641,32,0.6315675808648464,-0.1258451535704328,0.5228983312304482,-0.38944089720976083,0.9472224335961853,0.9472224456354947,1.2710118564827573e-08
642,32,0.04571702227663861,0.2493912713607894,-0.07422011979993595,-0.5499631001600317,1.7690685791673058,1.769069676624138,6.203585577311193e-07
643,32,0.5435161818438637,0.373225855543359,-0.08706499249667375,-0.13033985202800355,1.8827963781973507,1.8827982586636784,9.98762452243646e-07
644,32,0.01832251083707638,-0.5740926151142647,-0.48125281470055553,0.5191200917359159,2.95665888838458,2.956846114582099,6.332357048505148e-05
645,32,0.1547375057565758,-0.5750885207282561,0.42054443660256824,-0.5430174422002383,0.8876632497432104,0.887663257790562,9.065770792278404e-09
646,32,-0.17563666977249512,0.38671748117495447,-0.19949623382701992,-0.4704053427718027,1.9031431398843297,1.903145207792248,1.0865750846049149e-06
647,32,0.48263106573312975,0.38593797336225194,-0.5599034211102194,0.3361785490884339,2.6547816510353455,2.6548371046048227,2.0888184704606404e-05
648,32,0.10033542016536,-0.3489863960398095,-0.07430937252624668,0.21009339653705283,1.2137996398236148,1.2137997014248156,5.0750716004460215e-08
649,32,-0.1286549238447393,0.3375578499889709,0.16934926539306125,0.40679984174750494,0.71562233631348,0.715622338549895,3.125132948820287e-09
650,32,0.37317245364009244,0.37202732450233805,0.4736431982119889,-0.10959036111157008,1.2432191776875905,1.243219250483596,5.8554442171052995e-08
651,32,-0.4880023423200303,0.4424328480203707,-0.36111444696375705,-0.19611602173538298,1.6898613111602798,1.689862059300274,4.4272271886270623e-07
652,32,0.20770852569608933,0.5196969633372472,0.019753872252095357,0.055316125808857884,1.147181692614027,1.1471817344683686,3.648449222786976e-08
653,32,-0.04873017721424259,0.17082699437263596,-0.5737308667423678,-0.2279699950972299,1.544933932717872,1.5449342965147306,2.3547729189807987e-07
654,32,-0.23757116717530266,-0.31965305733250904,-0.06234351892861023,-0.46064598933263096,0.5470186096916007,0.5470186101871761,9.059572394247126e-10
655,32,-0.0866238732033285,-0.2902992693056108,-0.046194645859478266,-0.44405254540978345,0.3707329893508017,0.37073298941310234,1.6804726424885398e-10
656,32,0.5754141474826097,-0.23105454587531787,0.0743758981965906,-0.18666988263044326,1.2299616321579643,1.22996169969523,5.491005899217404e-08
657,32,-0.09407526088012681,0.13658801819627528,0.06599101429267436,0.19641801772191664,0.3524263158213863,0.3524263158692353,1.3577023164810702e-10
658,32,0.2653439620828928,-0.6121352824463574,-0.297580190683323,-0.5461126547869077,1.7223765997835312,1.7223774761108424,5.087896057524815e-07
659,32,0.2362709827506052,0.5021676878676943,0.13800175876342902,0.12085027132034704,0.9292714695643425,0.9292714802464221,1.1495112047576799e-08
660,32,0.0589676837093208,0.6160254299390331,0.3413684948940294,-0.4450358637278957,2.589832320871589,2.5898746817419447,1.6356607342523696e-05
661,32,0.26485803659689117,0.29929330331800413,-0.39157413184738205,0.28182472911847994,1.493070823355902,1.4930711024269987,1.869108231910699e-07
662,32,-0.08963052173051482,0.4091552005610344,-0.08932578825730625,0.3329435605506079,0.1785818834035573,0.17858188340503944,8.299541418348934e-12
663,32,0.08989353497597898,0.11998358384467939,0.42318602602748107,0.22898377973184328,0.7885798378929088,0.788579841837124,5.0016689473687586e-09
664,32,-0.1214207400203748,0.34387836634034824,0.3946231117082895,-0.3842313002794623,1.964927909499328,1.9649306627091967,1.4011760204765071e-06
665,32,-0.4266733852573611,-0.47603201917137894,0.6161842411334297,0.09404679178223377,2.8661346656546356,2.866265454274495,4.563240570195898e-05
666,32,-0.23671924281345097,0.4489093441832583,-0.2217473602394222,-0.2075176990544659,1.4650225079362926,1.465022749307524,1.6475598848403767e-07
667,32,-0.36844864748879863,0.10906411273308593,0.19106710592433554,0.03491048681245103,1.1772509550401058,1.1772510049462535,4.239210632636387e-08
668,32,0.24598754527336902,-0.12270127615498819,0.3902617260860873,0.6176848207669926,1.9659058917291365,1.9659086573665017,1.4068004866134563e-06
669,32,-0.46063029621664414,0.027368922332815744,-0.46255027759242884,-0.23547484242860753,0.6800732892416076,0.6800732909111474,2.4549410572678406e-09
670,32,0.255028169239704,0.13731013829227814,0.6796681590990193,0.19451680730884222,1.193761347736374,1.193761402646061,4.599720632906167e-08
671,32,0.0970400125823258,-0.4573110564222333,-0.014284096731138634,0.5640815643073831,2.2850081335124903,2.2850196818509763,5.053959465860569e-06
672,32,-0.10245990758318019,-0.2942452502338433,0.189643127671206,-0.46309409185954414,0.7988150599518831,0.7988150642096205,5.33006649266146e-09
673,32,-0.26118160326237955,0.2510192553290508,-0.5633055835179841,0.4683018315169243,1.114475558351777,1.1144755928125327,3.0921051203180515e-08
674,32,-0.5704663206119326,-0.11467492732784414,0.1970304337182287,-0.3522292417481946,1.873276140897266,1.8732779393523582,9.600587190108723e-07
675,32,-0.4251058342513963,0.4754256842963724,0.07507934026551012,-0.2913697897780072,2.0906550975042237,2.0906599779818906,2.3344250673949656e-06
676,32,-0.1173792072638142,-0.28347222435265396,0.33156101694805074,-0.024655584015267892,1.0985312707292882,1.098531302037144,2.8499740241874113e-08
677,32,0.719179343890861,0.12245651102130825,0.7365855611946662,0.13304766796205636,0.08981826412394572,0.08981826412399252,5.210065118089325e-13
678,32,0.16704583978731388,-0.7291704233231626,0.16350072216985623,0.40721700274351885,2.8012660625670907,2.8013668736980737,3.598770296408492e-05
679,32,0.028451146447667056,0.7464949596174244,0.5067413640414099,0.18638121943105057,2.1766956639693795,2.1767028339285104,3.293964907241275e-06
680,32,-0.11269398954353922,0.4050570160495388,0.4305560994709047,-0.21894424524730538,1.820693382515161,1.8206947861428695,7.709303070944334e-07
681,32,0.48333496987354035,-0.3406162575579188,0.28139105069316867,0.1826961443567464,1.3675842640396199,1.367584408311874,1.0549423383771415e-07
682,32,-0.12768043885099178,-0.6777340872989059,0.6410915284854459,-0.3177487222273749,2.579255391592305,2.5792959246027944,1.5715004656564e-05
683,32,-0.511997971881777,-0.4704231668652165,0.40507515756905843,0.5177436602369396,3.286415172756711,3.2870749100624104,0.00020074679278757936
684,32,-0.22261876605940675,-0.6894028696536239,-0.5242686066684196,0.11698636414454368,2.368098824184392,2.3681153805022497,6.991396511197854e-06
685,32,-0.34446851123813976,-0.5123199577672808,-0.48152020909752147,-0.32170619847725546,0.7166762818929396,0.7166762841484369,3.147163217778425e-09
686,32,0.319791505824077,-0.4483512876849735,0.009060463316996406,-0.4202090502875212,0.802208922127921,0.8022089264943483,5.44300505685063e-09
687,32,0.3991396202934063,-0.13202792678486505,0.4603735071010862,-0.012111779986810364,0.33282370418087415,0.33282370421642615,1.068193320883051e-10
688,32,-0.06960505599716221,0.09370211834730663,-0.2609122011179885,-0.4302885569776854,1.2223617592546339,1.2223618239377945,5.2916544644627447e-08
689,32,0.45800849866526366,-0.15124837439977148,-0.25129922838584356,0.14360279561342676,1.6415858945032773,1.6415864846987205,3.5952760386184795e-07
690,32,0.6809054976433905,-0.1085835229317046,0.19505246856789946,-0.0975849370809259,1.2848490392291347,1.2848491311013388,7.150427891646318e-08
691,32,0.4161574276102815,-0.3881686539707656,0.2881945806170334,0.035037192999295474,1.071742894986012,1.0717429215830505,2.4816622247725815e-08
692,32,0.2695250226285616,0.6528263690677956,0.4961941279514375,-0.039836779333111395,2.01524887973437,2.0152523472718458,1.7206497473790454e-06
693,32,0.42233295564663076,0.5920267838494386,0.1531810910798351,-0.4015773063749583,2.5617313718352293,2.56176904255925,1.4705181204703564e-05
694,32,0.13589107420010937,-0.14182848384516591,-0.01682737406628223,0.06283137094844059,0.516220614877404,0.5162206152388981,7.002704783431053e-10
695,32,0.1869066807404888,-0.10128373966359323,0.13722881625900635,0.3129786514737992,0.8800168433906007,0.8800168510224697,8.672412446371463e-09
696,32,-0.6712566332244886,-0.12527295605041372,-0.08728713704711977,0.5215335725884886,2.282196645696669,2.282208053207148,4.998478330257085e-06
697,32,0.6340425735921815,-0.35762755437626365,0.6181358411061555,-0.014550403779768399,1.2011769659703875,1.201177023274193,4.7706380576680544e-08
698,32,0.11079568538117772,0.230253462303057,-0.7405373167551285,-0.0448688980487294,2.252767979170381,2.252778008548065,4.452024254890263e-06
699,32,0.3372804623468882,-0.5894367661977841,0.22485762263130094,0.615266800596581,3.0440275770700707,3.0442909026493408,8.65056483895485e-05
700,32,-0.5779726053788219,0.04210929424677488,-0.5910273225948938,-0.03318359084779117,0.2321569151012348,0.2321569151068389,2.4139278877531103e-11
701,32,0.15060849700872825,0.07027211938854482,0.15081827723370533,-0.6941910011158976,1.9027009660470402,1.9027030296977234,1.0845901274299849e-06
702,32,0.4886434848998723,-0.02848262917549789,-0.395502582570106,0.49763126722500856,2.420763568721738,2.420784322722825,8.573328413889685e-06
703,32,-0.28252407141976754,-0.5341606395830931,-0.22973765413304573,0.09870218381004003,1.5013425089117822,1.5013428001168314,1.9396310132890607e-07
704,32,-0.0802374078503144,-0.03027017773016927,-0.1620920987992063,-0.4266388407392625,0.8840321141579717,0.8840321220055746,8.877056359338667e-09
705,32,0.042013569931095694,-0.2486341828788284,0.39521676481262763,0.004574627529501675,0.9425406358137084,0.9425406474849171,1.2382711389531127e-08
706,32,0.1482787157726797,-0.7281509141975253,0.47901977574724036,0.49157981481375373,3.365199873315958,3.366080944093902,0.0002618182607608099
707,32,-0.13561576470984302,-0.3290370108820417,0.08362282817414814,0.16783023714002185,1.1232652640910497,1.1232653004113575,3.233457762246691e-08
708,32,-0.5550353559067526,0.010563496444790854,0.11476609084280477,0.39277739511174115,1.7854774742518689,1.7854786613460296,6.648609001610406e-07
709,32,0.19742183461111887,0.022104590443911908,-0.1417297619008032,-0.3608667229671126,1.0793387985447982,1.0793388264072792,2.5814397691101877e-08
710,32,0.6817123928247214,-0.0017942864078110041,-0.7288081394645364,-0.03224965848065127,3.5195112078230926,3.52104256118472,0.0004351039877991025
711,32,-0.4594868707387226,-0.34235230120006904,-0.4533082415332402,0.1234158302914338,1.2121201677472844,1.212120228760072,5.033559323113214e-08
712,32,0.4924939392957477,-0.07361276862901042,0.22294809747004574,0.445384036409211,1.4303292313891993,1.430329432735034,1.4076887352440426e-07
713,32,0.19238334327655227,0.34361827103145126,0.10199560674595001,-0.36844619781898047,1.5349582973831395,1.5349586432012898,2.252948180595702e-07
714,32,0.3749628705666125,-0.015965198900294204,0.34058406680618986,0.31496707014143094,0.7896966642246378,0.7896966682020468,5.036628794234696e-09
715,32,0.3680660178794719,-0.5697344582354109,0.048835501850028724,0.09350239894213445,1.7731118651691065,1.773112984094043,6.310515193446057e-07
716,32,0.14422901404598565,0.502443772978568,0.42270536000174075,0.1647597014032066,1.0965078312916707,1.09650786221881,2.8205123950229734e-08
717,32,-0.38606155000860637,-0.4760007883833179,-0.47332207148847366,-0.49132379086149464,0.305512703570127,0.30551270359297106,7.47728644669798e-11
718,32,-0.05376199112757915,-0.06107337693010967,0.7005008129690222,-0.11371626380130358,1.8692456600067329,1.8692474247827693,9.441113461837046e-07
719,32,0.08030411179713773,-0.6689691198237198,-0.29753449426245077,0.5707102803986013,3.133806029919828,3.1341778615680487,0.00011865177508461415
720,32,-0.20987928774760028,-0.6781862008163719,0.37951035676576833,0.6008640266450261,3.534761516900056,3.536377200782379,0.0004570842685137784
721,32,0.03781349180428518,-0.11306837406671306,-0.46006624374550203,-0.5623320365701574,1.7386041554329752,1.7386051033006797,5.451889100726271e-07
722,32,0.15607895736748542,0.15395665462607533,-0.26581710660716146,-0.5786205617305219,1.9324143413753316,1.9324167106073507,1.2260476277209543e-06
723,32,-0.3080489483660438,-0.30751243088607566,-0.2716989686049192,-0.584246102949554,0.7900681707737299,0.790068174762235,5.04830498089613e-09
724,32,-0.19399871769424748,-0.2902980416854186,-0.37323829455546825,-0.4333811627969824,0.5882220077598749,0.5882220084988838,1.256343617519784e-09
725,32,0.2278651944824565,0.3247154855796981,-0.16346025868988923,-0.394478196456706,1.7434390550753804,1.7434400253111946,5.565068714679409e-07
726,32,-0.6722380156613825,0.1702895575408405,0.5619021960566097,0.15413994536735112,2.981700618252194,2.981907180226085,6.927656406094465e-05
727,32,0.06634018780489714,0.053168947789559766,-0.43177572350875976,-0.25464662133434357,1.2710377323110118,1.271037817394154,6.693990266727078e-08
728,32,0.3498500647738316,-0.08311314661164393,-0.26370289855543044,-0.2589337083577657,1.364005525571343,1.3640056670952705,1.0375612474644839e-07
729,32,-0.43604905768961494,-0.3553913870723718,0.03922681699044224,0.03226471370473232,1.3747273299723406,1.3747274798797144,1.0904516887038597e-07
730,32,-0.26854090510405354,-0.26761125092923227,-0.5864056801833485,0.2818082121487358,1.6225783109636827,1.6225788481182237,3.310499945917911e-07
731,32,0.16585974215552793,-0.5217775530902837,-0.0329678527936764,-0.41741857736178895,0.5827116132653819,0.582711613966893,1.2038735036078444e-09
732,32,-0.6701110078197023,-0.1341356744170138,0.09955801317538535,-0.5313893442979462,2.2879148001012215,2.2879264957974037,5.11194568158036e-06
733,32,-0.43715700289755516,-0.2820103532441572,-0.05568341460786147,0.5922519260615865,2.263703353960271,2.2637138755696693,4.6479629850788495e-06
734,32,0.5600798692991594,-0.27399770479147284,-0.33182539803286204,0.5495178520951172,2.909566962235721,2.9097224190766497,5.3429545683696417e-05
735,32,-0.11082112778560839,0.17871249905795467,-0.10813716894327546,0.5063805189206801,0.7647947084058568,0.764794711698498,4.305261429681829e-09
736,32,0.667717620844813,0.16801586229278867,0.4630600110914532,-0.32872667861202215,1.6177755472343422,1.617776071719929,3.2420170253893544e-07
737,32,-0.3755688715183716,0.3387199784578074,0.2545353638531842,-0.25932863210343693,1.8748754735831608,1.8748772855721096,9.664582925192794e-07
738,32,-0.19306327394233472,-0.71477140655952,-0.6633977514729443,0.17784233220255116,2.944793683560083,2.94497236487338,6.06770227382745e-05
739,32,-0.36094726864504006,0.54690909937277,0.28244333314212133,0.004452037382541886,1.9820102088271734,1.9820131870132982,1.5026088723260859e-06
740,32,-0.308505330974722,-0.4307986323554484,-0.4779244891567269,-0.3269670516764779,0.5671425581389706,0.5671425587431593,1.0653206859561404e-09
741,32,0.13910533156863117,-0.26753272870318595,0.2558178220962687,-0.3254243774477835,0.29909394658533567,0.2990939466058138,6.846718040988353e-11
742,32,-0.5639620189896485,0.24864969912923346,-0.6464775340626039,-0.06196396793238134,1.0276092154835852,1.0276092357048996,1.967801971413678e-08
743,32,-0.289480401401886,-0.2921570689848374,0.6362073273104107,0.06805436987640642,2.2967821867572256,2.2967943432887235,5.292853439903318e-06
744,32,-0.5490118015229445,0.009707471545698731,0.4991207466384424,0.4680194792398464,2.7743679809507755,2.7744584051037364,3.259270348481719e-05
745,32,-0.2762735890786101,-0.48068376260131784,0.032591015596562765,0.45957187148698914,2.205053708297443,2.205061837715832,3.686721261497691e-06
746,32,-0.19505295783232174,0.42727255810189596,0.6186865044646913,-0.3492463393281061,2.710980609918761,2.711050467075129,2.57682242773673e-05
747,32,-0.21190079667319406,-0.11160484649507676,0.3059370328407914,0.5700632001153535,1.975414875184292,1.9754177644941544,1.462634456574789e-06
748,32,-0.569600946218386,-0.1881148328448352,0.3383326644893456,0.6120050818396549,2.988619110902766,2.988831342935909,7.101340962739551e-05
749,32,-0.21557916237315525,-0.6522671563307122,-0.5781557342802458,-0.46582593013476076,1.5234091949348811,1.5234095209854353,2.1402690439014137e-07
750,32,-0.34315340521171145,-0.3317356034135658,0.5847437804729906,-0.27109683018877484,2.2573036027672906,2.2573138335498735,4.532302420615971e-06
751,32,0.3187692124904173,-0.13967865620679173,-0.3736308993149933,0.4682416228993608,2.0668659840458274,2.0668703677728546,2.1209536859164805e-06
752,32,0.3811644858623722,-0.23086117958682797,0.06196676557590446,-0.3963802659411613,0.8510452713836887,0.8510452776087652,7.314624467879168e-09
753,32,0.6286461462177548,0.052269082204322505,0.555296640861406,-0.3741782889597271,1.3876337398997327,1.387633900513314,1.157463793978468e-07
754,32,-0.08940038730178841,-0.042102630027275656,0.44017654313526267,-0.29023479874879904,1.2916250077002196,1.291625103083742,7.384768941847666e-08
755,32,-0.1536368340156249,-0.6936211973754236,0.3600862147897486,-0.1104528564969302,2.0218055212828503,2.02180909406856,1.767126299683731e-06
756,32,0.7311201483951315,0.07992772413146473,0.06452610504534864,-0.4777914408933484,2.349448538943463,2.34946381537015,6.502132919269572e-06
757,32,-0.2995239946173197,-0.4063650374731547,0.5385324308468152,-0.2666829922301498,2.0718332074427344,2.0718376906978895,2.163907373920564e-06
758,32,-0.4795005337534613,-0.15172860864179846,0.6427285335455376,0.16912379141369743,2.707974674866726,2.7080436780122525,2.5481458954108078e-05
759,32,0.2939894831595781,0.5683575505729839,-0.06363947908018901,0.3412587696251334,1.1167372363310581,1.1167372712617942,3.127927944461535e-08
760,32,0.08631238557052799,-0.1845815774286157,0.25237299155867066,-0.5301050139436613,0.9332044931410183,0.9332045041081409,1.1752110855742812e-08
761,32,0.6302320201178482,-0.09141323271674136,0.1380122461149563,0.4863979931785222,1.9553925507619976,1.955395185577631,1.3474612207274003e-06
762,32,-0.4760698166991642,-0.08957337487676242,-0.6335961485503855,-0.029741183185076292,0.4932823588444145,0.4932823591272002,5.732734582701423e-10
763,32,0.033804851134150916,-0.5020364133222266,-0.2922485700041229,0.0870637352807282,1.4934709647529594,1.493471244399914,1.872463283879153e-07
764,32,-0.5114416521792494,-0.39713245696908345,0.06749343238788783,-0.2087403212365549,1.494674630074925,1.4946749114608633,1.8825899139909192e-07
765,32,-0.22133292962805334,0.5205980615503523,-0.07822224321785189,-0.1617444771697117,1.556853266594139,1.5568536530291253,2.482154192205755e-07
766,32,-0.32973274835299865,0.14266187373749623,-0.33525932929056956,0.5830661339880623,1.2018480875870297,1.2018481451121799,4.7863911248841993e-08
767,32,-0.40821693033861645,0.5767920834266018,0.3125401228288202,0.028407902507467137,2.2148102662975027,2.214818753553964,3.832046740227203e-06
768,32,-0.4347372524708071,0.2753092971477605,-0.42816581188460523,0.40743359817606545,0.38023308740388223,0.3802330874749937,1.8702067867713965e-10
769,32,0.19004246006935896,-0.44650986782143065,-0.715948886342011,-0.1325058711577076,2.4978119340553473,2.497840726951909,1.1527247575805663e-05
770,32,-0.6905869386308586,0.041945046176729714,-0.24105084213714958,-0.6596637942304232,2.5203339710571178,2.520365633067923,1.2562625099997271e-05
771,32,0.2979564732684444,0.04681212282414873,-0.30921972795627356,-0.5839528695855405,2.0617516383288903,2.061755921801237,2.0775889137025115e-06
772,32,0.5859857168578839,0.38671185173949174,0.035648599359525315,0.1675265166958713,1.5338733866275083,1.5338737305417034,2.2421289665792333e-07
773,32,-0.015188441109207501,-0.5790113460543167,-0.560845002091617,0.3200415121124536,2.5910883354444247,2.591130918580309,1.6434459335720924e-05
774,32,-0.2542575420203727,0.5421956565432783,0.19375676907116035,-0.4279137364657891,2.402135393920609,2.4021545575740677,7.97775741836855e-06
775,32,0.6021058563912266,-0.1321411547407122,0.3990984354979306,-0.5956600242496937,1.6501521981972629,1.6501528138867663,3.7311073733261926e-07
776,32,-0.032939207743215994,-0.41481631956258114,-0.6075927856943906,0.07292632765152232,1.8299185869514123,1.8299200532530768,8.012933881255468e-07
777,32,-0.07945992864858738,-0.46059997116019225,-0.4331649492119677,0.027082353095501208,1.3965533490143585,1.3965535174398944,1.2060086074139765e-07
778,32,-0.6164168452354408,-0.23471963997670606,0.5856800444039616,0.3534034109042441,3.25010379524656,3.250680277518626,0.00017737349585853363
779,32,0.6493092081887063,0.013585634798574856,-0.17900594877069462,0.2517302814370133,2.02131518118449,2.021318745994192,1.7636090280614375e-06
780,32,-0.28297817496528854,0.2712859847487013,-0.32792654314151704,0.5294348305431678,0.7128941877188885,0.7128941899065588,3.0687168108135683e-09
781,32,0.13415270280533834,-0.16987239621654734,0.4498872341444741,0.0625360217861214,0.8734642170148127,0.8734642243059264,8.34735249682031e-09
782,32,0.4047981284755848,0.3057968076684765,-0.6250773472965166,0.3021572118778092,2.5612649617981615,2.561302559069285,1.467918067216182e-05
783,32,-0.3771053129642994,-0.5405083427147577,-0.6124672839795561,-0.0151010506232259,1.7179006408121675,1.7179014983298544,4.99166055641724e-07
784,32,-0.40939600515332925,0.20597105818358039,-0.2749889500088786,-0.3476622232061549,1.3299569046473827,1.3299570223559813,8.850557355248542e-08
785,32,0.6631831335202895,-0.20322339032689962,-0.6490908034603672,0.10260316201764565,3.280783792207926,3.2814299120804917,0.00019694070487070027
786,32,-0.3073500968405009,-0.04411280948384089,0.47369112906168287,0.4676202388101242,2.1766436738521775,2.1766508421568185,3.2932834745039535e-06
787,32,-0.3740307630081622,-0.5800804671614599,-0.0493941395848975,0.496959931578403,2.6953989114376156,2.695464449422225,2.4314762587239512e-05
788,32,0.36284274266782285,0.5520532991094349,0.08200750614000848,0.15670215145797584,1.2330276596426644,1.2330277283639195,5.57337498420967e-08
789,32,-0.5119899130157183,-0.1963365164264418,0.13705054902681393,0.5775664874334465,2.3904641833229703,2.390482411190082,7.6252416743425524e-06
790,32,0.5419282579133629,-0.22727141726170952,-0.11433774560519329,0.595906918053184,2.5367681981295256,2.536802125735812,1.3374342327232553e-05
791,32,0.10768514355681755,0.20225614010194626,-0.32754496816387796,0.27822296927495976,0.9672046918655881,0.967204705595912,1.4195882209147356e-08
792,32,0.46646837517655604,-0.2440157683632462,0.6528169267987484,-0.22902727433335912,0.6000082493718937,0.6000082501968794,1.3749573397489247e-09
793,32,-0.2936278140764521,-0.23571571221122534,-0.31438170800593646,0.44090838907785596,1.571580610290702,1.571581026535335,2.6485732278576883e-07
794,32,-0.7066754652223892,-0.12152577057325811,-0.12653089144605636,-0.5072484309206083,1.9964722540869984,1.996475436435172,1.5939856750487897e-06
795,32,0.5060713841566983,-0.46471908852356414,-0.2945606641117975,-0.39159129420840877,2.1192223268604367,2.119227875603783,2.6182922272006514e-06
796,32,0.24318197374240277,-0.628743059424089,0.4643374319633425,0.42121190838173683,2.7628287964128693,2.7629150871880572,3.123276234126206e-05
797,32,0.1535294698486645,-0.3145932223488412,0.21619459333590024,-0.5444305798051192,0.617717104071546,0.6177171050417166,1.5705743035445785e-09
798,32,0.4558407695150096,-0.15820193069513924,0.6655894708934491,0.03556775090327834,0.8489368780280587,0.8489368841603789,7.2235290584036135e-09
799,32,-0.016268502592258597,0.6311872679535104,-0.6482524068417864,-0.10648884672261145,2.562226364825422,2.562264113655088,1.4732823837852294e-05
800,32,0.06310229499786096,0.09845835815465041,-0.3025852315091541,0.665841938885534,1.757980531778904,1.7579815723591938,5.919179826650056e-07
801,32,-0.21720877923759588,-0.6373029326984273,0.6815800162867534,0.150025466395383,3.1055462748465903,3.1058800384413536,0.00010747339283483196
802,32,-0.13005089560601812,-0.6049381996280969,-0.37023730238436847,0.4342833331815505,2.5539235729201604,2.553960032062763,1.427573753159112e-05
803,32,-0.4862768605095886,0.5458712702491287,-0.07526232149030916,-0.6783489663637278,3.3599587275450524,3.360823130012703,0.00025726579929816933
804,32,-0.2607391868897544,-0.14429095325387042,-0.6384686648262946,-0.35969891694869915,1.2549717751062055,1.2549718528777623,6.197076164806066e-08
805,32,0.04008448056134344,-0.7200667240202917,0.26292475239709756,-0.13243842975597944,1.690090958084677,1.6900917070640353,4.4315920082805667e-07
806,32,0.06270716864282276,-0.06478776744644812,0.006892319603022745,0.5692819339117127,1.4298728186530636,1.4298730195164506,1.4047640070779292e-07
807,32,-0.01848871720405049,0.5261760651529301,0.3012457770753466,0.6076530284928892,1.0124633093663618,1.012463327742115,1.8149549688711424e-08
808,32,0.08885315073441996,-0.5410005202363709,0.19165678640525088,0.25183718894714974,1.7736792917067892,1.773680413676364,6.325662029478247e-07
809,32,-0.07160778770070485,-0.46154846026914553,-0.3041562961095598,-0.5479657740733357,0.7053932443222068,0.7053932463805811,2.9180521154599892e-09
810,32,0.46397435965450423,-0.2709544373505239,-0.7130077145783846,0.07204905590981248,2.961302914552791,2.9614935905706985,6.438923116250619e-05
811,32,-0.2608492645532359,-0.4341246513287355,0.3911770777341677,0.0946311792262005,1.8511528376496065,1.8511544585322686,8.756071509190246e-07
812,32,0.4884277961577215,-0.2626798619974291,-0.6234452604223576,0.2744729242952844,2.9112375999852245,2.9113940896305532,5.375364942029003e-05
813,32,0.3215033842521093,-0.05814549215752677,-0.6848193280378924,-0.005552481338133623,2.348329380228645,2.3483445829676337,6.473852908617219e-06
814,32,0.04090176873079028,0.6302508176412625,0.18815047994529988,0.47038566121197295,0.6393498814245027,0.6393498826012468,1.8405323606965818e-09
815,32,0.07777127086772408,-0.3909125772852795,-0.4171686212129243,0.36110329370376054,2.0023040335926403,2.0023073020134903,1.632329953459829e-06
816,32,0.5459709643132206,0.35552754298443173,-0.18669146314345716,0.32444356166523436,1.8221179102696996,1.8221193234053734,7.755456800279291e-07
817,32,-0.32774034634631993,0.5622357490926533,0.35617572192391345,-0.5385843180657971,3.0883859645300187,3.0886984551401473,0.00010118249911687018
818,32,0.4935734416449601,-0.07182632233785054,0.2691701901007958,-0.18423283890280198,0.6034547979725157,0.6034547988242002,1.4113476329358252e-09
819,32,0.0904942413601612,0.24100258312376652,0.5803481879804752,0.37859872919345045,1.3546331098811222,1.354633244437034,9.933015128934531e-08
820,32,0.19368137307567213,-0.5586494985012339,-0.26727359748409146,-0.3581745677417923,1.2999778929571746,1.299977992840476,7.683461537982813e-08
821,32,-0.22776190499086424,0.3018385054361022,-0.4006468510105726,-0.17590361344452624,1.1553396719207136,1.1553397158326066,3.800777734713371e-08
822,32,0.06925909745434893,0.43321385486571623,-0.2517970313453904,0.009675511303094656,1.1567200126004158,1.1567200568694826,3.827120338067551e-08
823,32,-0.02110082168160127,0.14919267615895904,0.16538958703326265,-0.28066887778001626,0.9648061839845324,0.9648061975012028,1.400972605993406e-08
824,32,0.1540308628664677,0.10570124047398877,-0.08251172582546612,0.3283432940234027,0.689112036210192,0.6891120380105132,2.61252326302752e-09
825,32,-0.6299464749644412,0.11531764998517816,-0.459524017159045,-0.39855443617127717,1.6000118321455636,1.600012312188212,3.000244364786883e-07
826,32,-0.0027106556910311106,-0.706018317481319,0.2910328318799568,-0.07715326636588168,1.801762266537549,1.801763549468978,7.120425668350092e-07
827,32,-0.13156194645588962,-0.4464247433353528,-0.7325036290278222,0.06044161403991251,2.168958013926713,2.1689649416529933,3.1940342946752127e-06
828,32,0.2730205133009517,0.5429960908761909,-0.5007348556424785,0.5294056395883323,2.302555736131156,2.3025682020727767,5.41395868301049e-06
829,32,0.20402880973401996,-0.5245074856741111,0.4304528651582872,0.4532188312183034,2.450244189134258,2.4502677232940964,9.604822222458067e-06
830,32,-0.4410963356124775,-0.12005014229096067,-0.3456299401760421,0.3666491862102246,1.2150630258859374,1.2150630879332154,5.106506959749012e-08
831,32,0.38095663362980525,0.1492427702104577,-0.3802979588053443,0.4677260410383178,1.9453198890392516,1.945322404098033,1.2928767117589797e-06
832,32,-0.5238739092699689,0.2597394049975707,-0.5773550304950285,0.03308186230820975,0.6899936472037325,0.6899936490172713,2.6283414086177567e-09
833,32,-0.2582575382679193,0.22043911398195504,-0.20730400452592396,-0.344304487891354,1.236445166496405,1.2364452365599463,5.666530414087581e-08
834,32,-0.5268644908781954,-0.4486512194139818,-0.11003252675187306,0.6666702140317142,3.0900510562472006,3.090365552996014,0.00010177720144064984
835,32,-0.2501520727934805,0.6133230191301077,-0.5505543654924492,0.18787266174858036,1.5496094030327867,1.5496097755562406,2.403982920683082e-07
836,32,0.5869811001972619,-0.2208130283409515,-0.2668421461647736,0.13620406774100918,2.0893770439975055,2.0893818964647712,2.3224469129311686e-06
837,32,0.5361082021795209,-0.4218251666690758,0.6699810550822856,-0.21732284879260066,0.9100859128046547,0.9100859221890062,1.0311500690273715e-08
838,32,-0.5103543881438098,-0.4111406462980029,-0.05022124650687106,0.00533319286378044,1.5006284990286416,1.5006287891670296,1.9334458073363864e-07
839,32,0.04547878304281211,0.5170615071315555,-0.09868110095465406,0.4168060683088467,0.45086474597417814,0.4508647461489154,3.87560308853234e-10
840,32,0.5119870750354767,-0.2899479906140898,0.10547166444935085,-0.12436966848034786,1.0513509939612564,1.0513510174151108,2.2308300984990987e-08
841,32,-0.3516976788936028,-0.43143124753126894,-0.1440802478099947,0.42302664368551113,2.0102951804879834,2.010298570489543,1.686320293840572e-06
842,32,-0.32165543039793404,0.028714399056035296,0.44597400963803524,0.22041553182782225,1.7109491551635012,1.710949984228017,4.845640872518228e-07
843,32,-0.13600293468437413,0.17030935014393406,0.15900307524062102,-0.5619551381405251,1.7577946104012339,1.757795650052219,5.914519130550307e-07
844,32,-0.1750341958462598,-0.6901188212494557,0.2435441175905681,0.2767183179968876,2.5127679315991402,2.5127986003030034,1.2205147748613683e-05
845,32,0.5853699600717251,-0.08282653955845458,0.27425806015625565,0.2806085354495363,1.2138717407567636,1.2138718023833421,5.0768607949078725e-08
846,32,-0.5186931117977307,0.18609295895492903,0.5547264271324385,0.06560527645972065,2.4558447267705983,2.4558688282333185,9.813919608811217e-06
847,32,0.6315111342591452,-0.3614095476593016,-0.4835787394479766,0.014677901681664707,2.8513544231746772,2.8514777087706933,4.323755581348514e-05
848,32,-0.29822783333102404,0.47437744263908965,-0.012687227684616064,0.16786083613183184,0.9857774268232543,0.9857774423136031,1.5713840021042e-08
849,32,-0.3754783441841301,-0.27974086739181314,-0.18389112548539913,-0.43092959045570395,0.6155246132144502,0.6155246141655387,1.5451673594169233e-09
850,32,0.4147622521323001,-0.5047651639784777,0.26814135966329716,-0.402405274057066,0.5333252563087039,0.5333252567402429,8.0914792920534e-10
851,32,-0.09820981272056688,0.4123174634303642,0.2984879548238598,-0.5959004782198817,2.5027676290509713,2.5027970308913265,1.1747730797692456e-05
852,32,0.27239428819240835,-0.12052909143774419,0.3550321740062417,0.2544617344881749,0.8669214041338863,0.8669214110983093,8.033511463737832e-09
853,32,0.1320675890783228,0.4774237750913228,0.23206599365424743,0.23846345589697288,0.6223373815348621,0.6223373825463208,1.6252578176856107e-09
854,32,0.13648966459922982,0.013089476456239856,-0.12311194229508084,-0.2082636503179049,0.6957943289662347,0.6957943308688564,2.7344599512064753e-09
855,32,-0.17236415337505262,0.20430584449038489,0.1469004860909546,0.13331017311835386,0.6794458541890541,0.6794458558498292,2.4443082002500493e-09
856,32,-0.3484782891255,0.051030288658912404,0.028824823421693076,-0.5122577330513991,1.533218488256757,1.533218831026433,2.235621854298484e-07
857,32,-0.24426847833153353,0.291809703594702,-0.6944448854089934,-0.2026932918849995,1.8289947121866001,1.8289961720931958,7.982016491824623e-07
858,32,-0.5173686111168623,-0.3073476815415575,0.16549084156392443,0.6052847189948086,2.732655157760341,2.732731481019924,2.793007356464998e-05
859,32,0.2505073220217699,0.18204166577703917,-0.36644652388088417,0.09559462374414743,1.3182776569495498,1.3182777673887456,8.377536796308247e-08
860,32,-0.05445285769461487,0.2848156688022385,0.3982305199975256,-0.5425688444241927,2.196109977110864,2.196117791308975,3.5581998134176056e-06
861,32,-0.44808612285357924,0.012973584735691364,-0.23904277771361013,0.5242120159081542,1.3958211843690689,1.3958213521402232,1.201953059469275e-07
862,32,-0.398410913364818,0.13470816779470665,0.01983807171111376,-0.025400133918107855,0.9514657847099329,0.9514657970918284,1.301349529102594e-08
863,32,0.08801028424419619,-0.18126033729237487,0.5986932877969338,-0.346349026949967,1.4001655403083835,1.4001657119974393,1.2262054087073539e-07
864,32,0.20622793503299514,-0.34179587341889434,-0.4856932836028203,0.20601958522293778,1.944820200599304,1.9448227098551267,1.2902250922254964e-06
865,32,0.3563651651144702,-0.6589699658727044,-0.2954428529033594,0.6732418959538069,3.8204169031699604,3.8246734989894997,0.0011141705021793364
866,32,-0.0856679979946749,0.013802266552359362,0.5102240568459504,-0.01970697364040696,1.300035728746345,1.3000358286614793,7.68556832377566e-08
867,32,0.596261994570981,-0.061210212982323216,-0.23588832934293402,0.6390730666032736,2.754618691398779,2.7547021525540263,3.0298623728932998e-05
868,32,-0.37911835604994376,-0.47979864990099624,-0.5818672070131035,-0.031425653964067914,1.410628308891159,1.4106284903699378,1.286510255944146e-07
869,32,-0.24657392963442656,0.3209130474040287,0.15355424611844562,0.30242332923970217,0.9005221232481746,0.9005221320398055,9.76281497232249e-09
870,32,0.7084994072230485,0.1045826421483306,-0.4012903363746959,-0.015357829347302624,2.648230101651669,2.6482840754551766,2.0381085266648434e-05
871,32,-0.38284893937458764,-0.32060443897023116,0.04678860945534454,0.450501695539249,1.9576371889102888,1.9576398511485167,1.3599242203558719e-06
872,32,0.33345092596252934,-0.386644420058899,-0.13237062564317656,-0.14453343670528612,1.1762795196768654,1.1762795693021,4.218830112924462e-08
873,32,-0.3741696641984016,0.5948590622910851,0.16380831212050562,-0.0059780146815077845,1.9660205784360343,1.966023345534275,1.4074614839305038e-06
874,32,-0.39192013751854343,-0.2979172035816353,0.5509543568854264,-0.11171758221514495,2.1993324954575275,2.1993404218508332,3.603999541717241e-06
875,32,0.22493219516229168,0.037058962221342674,0.09788159983683949,-0.3067094049928339,0.775563832456983,0.7755638360318925,4.609432944066143e-09
876,32,0.0467566735692606,-0.6728487250983763,0.24613617076385183,0.5106283018109898,2.8631763748371535,2.863305627484037,4.5143096324631165e-05
877,32,0.09596719512255905,-0.6107516560403305,0.4663964074409415,0.2620605856199918,2.3081258398371074,2.3081386114762714,5.53333745655885e-06
878,32,0.3240795558563146,-0.42352441349164366,-0.06105720223694517,-0.5818928574300697,1.1496589816242664,1.1496590240938709,3.6941045282685835e-08
879,32,-0.03661258232385262,-0.34375148324399724,-0.32905121527340125,0.16962674977799638,1.2687767334339208,1.2687768174509808,6.621894755940139e-08
880,32,0.38272969054450984,0.018625153836719175,-0.5716313382757338,0.21617694241491267,2.1968716671539235,2.1968795077321106,3.568974148273113e-06
881,32,0.25731507374873885,-0.33357483238730123,-0.3714449148860288,-0.5133398435113783,1.6649976491528207,1.664998311515277,3.978158508364143e-07
882,32,0.14046114310756236,-0.19810930167083202,-0.45818513530692845,0.2502405150279779,1.6236441283164174,1.6236446683214532,3.3258829714019275e-07
883,32,0.012772136564669712,-0.27060435248736686,-0.14723183221490138,0.28190958568935615,1.189243887059137,1.1892439405558466,4.498380028591827e-08
884,32,0.5473253956639785,0.20925190227734772,-0.06844559398264917,0.43949935759986797,1.6263688681592068,1.62636941551676,3.3655191266769075e-07
885,32,-0.3553819277985881,-0.17087885426781751,-0.4335174233999849,0.2797450268340076,1.1048806165127971,1.1048806490432204,2.9442477999747965e-08
886,32,-0.003629785936574741,-0.46813503034552495,-0.6719587040431112,0.1638878518471461,2.3235355469644325,2.3235492024621447,5.8770341301602685e-06
887,32,0.031082870881360202,0.643562743886204,0.046828049185551064,-0.6608315716738573,3.1222549673562785,3.122610764557179,0.00011395520372942293
888,32,0.1559091619057507,0.0955718675612112,-0.4982253947555621,-0.43557082060124824,1.9582175973133091,1.9582202666867665,1.3631648806798735e-06
889,32,-0.02180060841880896,-0.7360509587772305,0.4308546635054122,-0.5917474690935098,1.8057821092716704,1.8057834169722546,7.241740725799159e-07
890,32,0.04802960486939687,-0.006350626922618831,0.414973302313787,0.4870805091078759,1.4670863879958165,1.4670866319690992,1.662978299599929e-07
891,32,0.30452484643573413,0.3254044098520206,-0.5204230735007679,0.5323866201757465,2.3026584172232725,2.3026708887358276,5.416136610554027e-06
892,32,0.12100792147408333,0.11893823512456389,-0.623204456858319,-0.3870126575572032,2.209617287268274,2.209625582215288,3.754019785011923e-06
893,32,0.18416215482537934,0.5756844296259024,0.26962769391269664,-0.4488931771712888,2.405941400106836,2.4059608788214804,8.096088559553425e-06
894,32,0.711203076868742,0.1181564142586006,0.4820157298373817,-0.2739832443956173,1.4458570880457609,1.4458573064673235,1.5106718666756e-07
895,32,0.5443905324415814,-0.3466454691604839,0.3485031615439446,0.31044439359676806,1.7838321375143202,1.7838333153148396,6.602642112825502e-07
896,32,-0.3050219696353007,0.4810392547695407,0.43493848060484513,0.359030011059017,1.907308400952307,1.9073105093781806,1.1054457017111675e-06
897,32,-0.012598897553485503,0.7033672271669638,0.1749079220350353,0.0979804882019303,1.6328606530000422,1.6328612182592945,3.4617727560259306e-07
898,32,0.0839555037108797,-0.33437702062213664,0.49583203378638047,0.242151905036847,1.6252792720340055,1.6252798164400535,3.3496154007947107e-07
899,32,0.10697935789795833,0.45224381663705626,-0.4264888279502523,0.11957354184975619,1.4527378672013351,1.4527380936157828,1.5585361457612395e-07
900,32,0.02474221237089503,0.49647717409698916,-0.08685087517482883,-0.7240753130205019,2.944138803950542,2.9443170246832344,6.0534079593474864e-05
901,32,-0.1377301535802161,0.20199437768066952,-0.27882897467833745,0.3217797897564552,0.4188466418262258,0.4188466419444623,2.8229074766125207e-10
902,32,0.1469342676650087,-0.3646037987038287,-0.45287725715125027,-0.2750047453008432,1.4303123484519662,1.4303125497799354,1.4075804449476724e-07
903,32,-0.029047126351140116,-0.6234926919174111,0.20143068101954656,0.3297785519282062,2.2302119048955467,2.2302209881216233,4.0728085329847286e-06
904,32,0.367766888347902,-0.00013451349406004714,0.3534406144297365,0.30711749430905366,0.7322083400008155,0.7322083425544136,3.487529397358414e-09
905,32,0.44103652758986217,-0.4345072548348575,-0.5136806149765241,0.014460783933716283,2.461715912503824,2.461740622842738,1.003785156063148e-05
906,32,0.25070013310653183,-0.03695950592477101,-0.17293948162048833,0.052790143544354164,0.8814949293467305,0.8814949370573929,8.747256717162917e-09
907,32,-0.37179017490724764,-0.3974841527145925,-0.35963778587817674,-0.4548310019049966,0.17132235258135628,0.17132235258255812,7.0151043435013815e-12
908,32,0.24239506096125746,-0.467205798033704,-0.19434402692697383,0.3097850218776547,1.93583773343948,1.9358401405440973,1.2434433814393382e-06
909,32,0.04441542809427703,-0.428246869013494,0.06439453523775533,-0.19536326100756032,0.5232694057949367,0.5232694061840336,7.435880285167956e-10
910,32,-0.5309571426563207,-0.11180952147581684,0.1626800166071709,-0.3255814302656409,1.6586650122454212,1.6586656543021918,3.870924905865726e-07
911,32,-0.32209856699030276,0.4903994361973941,-0.06521220661088947,0.6045744247411344,0.8488489522817702,0.8488489584102491,7.219752030169102e-09
912,32,0.21727201233333615,-0.019583204946132252,0.0796219058209288,-0.38479701594333493,0.8444989599164728,0.8444989658575408,7.03502106326288e-09
913,32,-0.12567319227169782,-0.43455616472233344,-0.26281525204952916,0.2075218565678343,1.4359997180329398,1.4359999254639824,1.4445061510803342e-07
914,32,0.09377387003276293,0.3699382886177638,0.47879240397092443,-0.5543246579573241,2.4885531376710532,2.4885808253088033,1.11259982079327e-05
915,32,-0.7291474857408238,0.05891188861575235,0.08098935559385234,0.12274539544036776,2.0383242109417976,2.03832806267063,1.889654654372825e-06
916,32,-0.6900142007161695,0.21959334962268304,-0.1807079962501947,-0.2799175369460335,1.8967048773815203,1.8967068841242025,1.0580152485389644e-06
917,32,-0.4086041436349021,-0.25661257583158076,-0.21919734193434084,-0.15835870704240979,0.5008190155362054,0.5008190158430778,6.127409220194764e-10
918,32,-0.18470009431412424,0.44185597992365955,-0.11355384566489068,-0.1212376697698759,1.2318990585010292,1.2318991267842485,5.5429232476373845e-08
919,32,0.29749994445063405,-0.2305483968073118,0.38500023952178164,-0.4647471513605754,0.6645700370504781,0.664570038514761,2.203353800962162e-09
920,32,-0.4731985985660846,0.08894481741945888,-0.7277863619878298,0.1787609357706232,0.8997806371766924,0.8997806459237959,9.72137332652502e-09
921,32,-0.015764681907120794,0.2094139387217599,-0.3970329545464143,-0.15390612715732935,1.1296502294945927,1.1296502672227218,3.339806258633547e-08
922,32,0.6483698940629519,0.040507075343837094,-0.5476227869929857,0.3560206545872924,3.0164269086196054,3.01666346780204,7.84236414808271e-05
923,32,-0.034141508019286636,0.6358796708425881,-0.6327280238425157,-0.0356570240687067,2.3986998410067533,2.398718724491776,7.872383488733512e-06
924,32,-0.10313106142491167,-0.47357574530059976,0.7199877924913862,0.16968853210183002,2.676292117472262,2.6763527093338997,2.2640227216713347e-05
925,32,0.3294339414185333,-0.28088050349397886,-0.3224851540609266,-0.037642841476413044,1.490406355437327,1.4904066307022392,1.8469118250407925e-07
926,32,0.26168300265024375,0.2626140770472969,0.06621330019542784,0.22908726792226422,0.43630059132653987,0.4363005914732971,3.3636722114763754e-10
927,32,-0.03528066266410848,0.4916765093176951,-0.41233732510185545,0.4736603078163908,1.0640940461577544,1.0640940715335538,2.3847327736998897e-08
928,32,0.48013341339946475,-0.2756285869449228,-0.1151311980950456,0.7256957986161178,2.9422350288550234,2.9424119170982217,6.0120364778308485e-05
929,32,-0.21525753557500824,0.4048949064408809,0.4639982032362761,0.3189826244838412,1.6653348268923434,1.6653354903528765,3.98394678634734e-07
930,32,-0.4361592685045799,0.0988941514559567,-0.5211166703615536,0.5306910633534947,1.36395444166123,1.363954583146283,1.0373150941500364e-07
931,32,0.5070094927003217,-0.05024549400014334,0.6085588769709793,0.15443296103198353,0.6697255649060355,0.6697255664360106,2.2844805629707017e-09
932,32,-0.6484474875848949,-0.2602656769691007,0.4315074310272316,0.03696441234357472,2.638964402747327,2.639016348537122,1.9684157065881802e-05
933,32,0.5326891160034285,-0.026865687007122035,0.3518405639125697,-0.23120314652865448,0.6970881958918074,0.6970881978148084,2.7586193425849288e-09
934,32,-0.12003755178488501,0.3783494748871768,-0.30932649899210063,0.5397355786537859,0.6791630139249103,0.6791630155817474,2.439527886503905e-09
935,32,-0.699244532335957,0.13607127636168903,0.6823738236922127,-0.17312237424217486,3.5335201824451854,3.535128843026552,0.0004552572217808479
936,32,-0.0014249240628509113,-0.5223646725988476,0.031900431532627824,0.5906643755446236,2.5186395711073026,2.518671008008026,1.2481698883842508e-05
937,32,0.3304945412228784,0.5685754974040595,0.6438569553288535,-0.03724976494131001,2.012320737495489,2.0123241589979317,1.7002768887430784e-06
938,32,-0.3927631011656529,-0.07014179436814579,0.5507146927017694,0.0658346073231788,2.09433420810908,2.094339170090877,2.369240676960829e-06
939,32,-0.102032209317191,0.06897735701753628,0.2729732072672028,-0.13890082021646838,0.8791529241479897,0.8791529317341373,8.62892835890228e-09
940,32,-0.1857225428817474,0.7114159786470765,0.45239637600065397,-0.22421611729268368,2.8290831282244313,2.8291958830905,3.985562140043667e-05
941,32,0.3426286434026882,-0.5578847709465209,0.28678439110474035,0.3274316581383082,2.1611770622315656,2.1611837543276824,3.096505248811722e-06
942,32,0.05475380744284353,0.6037560517163152,-0.08261920519363226,-0.4998125889279331,2.5210302373818223,2.521061992345328,1.2596026431957542e-05
943,32,0.5772786485130091,0.20469845913108536,-0.534066580194623,-0.35938225501122134,2.940562052859962,2.9407377780337165,5.975904286172319e-05
944,32,-0.6611623785768259,0.050498496954080645,-0.5163093423139768,-0.1863718064463585,0.8606914030546264,0.8606914097201234,7.744351702041848e-09
945,32,0.13440315296461328,-0.48489567074563555,-0.20983468821755386,-0.13242452230273516,1.1179077762196228,1.1179078113958911,3.1466163033188644e-08
946,32,-0.6842045538797733,-0.10167447121102395,0.575245475879298,-0.13385365112603193,3.027559910161167,3.0278069372375653,8.159279542884184e-05
947,32,-0.4220680637223115,0.40702354298542015,-0.37388836038607465,-0.4280901807038874,2.1015385025162843,2.101543627905299,2.438874666536262e-06
948,32,0.11870100244460212,0.5436184525495498,0.08272461143932903,-0.6992974763206438,2.98154525887826,2.9817516952056344,6.92380324463936e-05
949,32,0.41102871930406404,0.6240293361153217,-0.07778713487578,-0.3671816523583222,2.695245285542255,2.6953107822502624,2.430083390135526e-05
950,32,-0.6522024613304028,0.34781989093969046,0.05126827576386716,-0.4184240330176271,2.604775719457606,2.604820798768794,1.7306407937992868e-05
951,32,-0.4728295765237671,0.28150864131250847,-0.12161971591681692,-0.02218911233718881,1.069094768654001,1.0690947948223146,2.4477075637589333e-08
952,32,-0.1539247025173276,0.2592192949172073,0.3299342419716861,0.3400945190604295,1.1105674289656395,1.1105674626278708,3.031083961830958e-08
953,32,0.5493386628573763,0.4938101415953758,0.4309449914874443,0.17083237834700526,1.0961715086240038,1.0961715394882736,2.8156424030148742e-08
954,32,-0.7175796698247234,-0.1645557002345237,-0.3543921079441863,0.07973130006291528,1.2957821739450992,1.2957822715440677,7.532050557963233e-08
955,32,-0.6265355472965546,-0.19418023770525988,0.06665300710433429,-0.13986449710368573,1.6655547104909123,1.6655553746684653,3.987725823549374e-07
956,32,-0.17995416950565926,-0.40766480382441983,-0.0044819738949101965,0.4585501159869167,1.9153786635138899,1.91538085261824,1.1429094371451284e-06
957,32,0.21973394391454434,0.5993121581378037,0.4647201757658191,0.07837149438739355,1.5393041485686816,1.539304502113653,2.2967843739626777e-07
958,32,0.37020648991059646,-0.32637076048633057,0.2584396161088093,-0.3559692576311174,0.29498722848154646,0.2949872285006187,6.465447294940266e-11
959,32,0.35613049570361965,-0.6055947437417253,-0.014286077057908615,0.5530692546869772,2.9333088559270966,2.9334796227645383,5.82164531009808e-05
960,32,-0.5738493131795378,-0.16218484289451443,-0.03151245442112415,-0.7319774372704762,2.321811662342348,2.3218252161060744,5.8375810348014145e-06
961,32,-0.1254796192035727,0.5128576263956778,-0.010433980685745919,0.6883171928078257,0.6686906594111808,0.6686906609277686,2.267996171255956e-09
962,32,0.5490779375702878,-0.2136833391406525,-0.3138247614622423,-0.25193889525071506,1.9903179827693223,1.9903210766465325,1.5544637776412602e-06
963,32,-0.5991113032457615,-0.3794045680613828,0.1673048083850916,-0.2005358478786928,1.9754605089308273,1.9754633988467962,1.4629074870939113e-06
964,32,-0.2818833698908811,-0.5927082215552928,0.5357395646346228,-0.3024943253702831,2.343241040388085,2.343255912401793,6.346770755443171e-06
965,32,-0.3244719100544089,0.3248551640777762,-0.10052191573384495,-0.6299358034296106,2.3145812683821583,2.314594403355854,5.6748811870397006e-06
966,32,-0.4640155906342599,-0.19661398706999134,0.0336364880089758,0.49861224288521616,1.9576818872551456,1.9576845500422195,1.360173525271595e-06
967,32,-0.5803273839284205,0.19162673082493833,-0.2666369408444418,0.3717779678308276,0.9873376018183515,0.9873376174654122,1.5847730926427533e-08
968,32,0.4610716698243341,0.14918847939890237,0.04529964608438955,0.6233488208933655,1.652519376337311,1.6525199992538344,3.7694960337140096e-07
969,32,0.11212596298010694,-0.7390735270261282,0.6355628271070136,-0.35261014221149456,2.306243080731499,2.3062557482412362,5.4927036282511995e-06
970,32,-0.24900230283162095,0.06194371726143155,-0.10297347534058991,-0.10124015702262547,0.4540263782024883,0.4540263783838521,3.994565548696623e-10
971,32,-0.6166480205222525,-0.40542084608675644,0.6305581372433116,-0.11437978786940216,3.273750462607086,3.274379948198279,0.0001922827040066232
972,32,0.1920391529901351,0.04156311805243086,-0.6149539364231682,-0.14339031704497646,1.8857627257333984,1.8857646324761175,1.0111254682411516e-06
973,32,0.49396400025919857,0.5193342003273259,-0.1469512636913231,-0.34240927795850734,2.560273308405481,2.560310749964078,1.4624047547470099e-05
974,32,0.2868795240113814,-0.04801461819185098,0.22916555197193467,0.16652236493320408,0.4796336314939967,0.4796336317371921,5.070441109362822e-10
975,32,-0.5723023106854312,0.2274004055448645,0.22438097687334785,-0.37290787895663996,2.2832273620410257,2.2832388209869316,5.018749379249507e-06
976,32,0.3134579097743033,-0.2965961456434612,0.15975676916288037,0.03880627233887766,0.8071619740286099,0.8071619785580421,5.611552957658696e-09
977,32,0.5874713365613419,-0.4580272654332737,0.02238051909497731,-0.13957780559654828,1.7373513923994053,1.7373523345519502,5.42292451021219e-07
978,32,0.5755861256144696,0.011377459736663017,0.3598815990432176,0.28719478204560034,0.9308420084534643,0.9308420192485626,1.1597132662369788e-08
979,32,-0.044925803820122394,0.2166007328874611,0.10510905852604707,0.6183379075903598,1.0764528638732078,1.0764528912485936,2.5431104932500628e-08
980,32,0.35891402940653594,-0.6116058809588226,-0.23052133161382912,-0.09097380576993479,1.968878860884651,1.968881664631698,1.4240322767830066e-06
981,32,-0.6155451034732283,0.21680410567746178,-0.0951475862749679,0.121525152591864,1.3162972749534643,1.316297384202236,8.299703561318185e-08
982,32,-0.5145200828876604,-0.38918932074870655,0.17390895787705543,-0.5530793477143399,1.9496676511857771,1.949670217281782,1.316170991110286e-06
983,32,-0.4349368270904239,0.3918333625260839,-0.6582929877097237,0.3062837373661646,0.8337004090807799,0.8337004145783515,6.594181267372259e-09
984,32,0.14090776016524154,0.47501584688331855,-0.12085552059638131,0.25655277667802245,0.7973525614635936,0.7973525656752326,5.282028604499076e-09
985,32,-0.6412108515086776,-0.05091754305155138,0.3818635267116749,0.22507663590474208,2.4377418504665087,2.4377641643103662,9.15348926436376e-06
986,32,0.4850845997504126,0.035939255741989376,0.2829160450867237,-0.46218822631478856,1.3575240019142834,1.357524138584571,1.0067614831188027e-07
987,32,0.5664158386373503,-0.010922442956370034,0.17138690913738633,-0.4532111893766998,1.500525996198332,1.5005262861838926,1.9325593919063817e-07
988,32,0.27065542345805343,-0.16092187281979578,0.6588841245014586,0.06714912400539882,1.1941161790986428,1.1941162341207556,4.607768810856531e-08
989,32,-0.40583172166058834,-0.5492271206285589,0.03440881525923826,0.1035696134085885,1.879503670421203,1.8795055221260988,9.85209513023238e-07
990,32,0.442161851217384,0.4397546588203709,0.2635188136139554,0.10937996697373617,0.9647163786127511,0.96471639212148,1.4002798348550754e-08
991,32,-0.6410958356922836,-0.06664204223525429,-0.24945828816717303,0.03928578652634044,1.0481893964166638,1.0481894194146102,2.1940640226605453e-08
992,32,-0.31893327705526475,-0.1425162379224558,0.3242348495482803,-0.6229946249393908,2.0365549015152817,2.0365587223944477,1.876148373464954e-06
993,32,0.6929691700601784,0.15822262750754837,-0.13485913386764703,-0.17858394054531282,2.161351170415108,2.161357867698276,3.098655720420594e-06
994,32,-0.6712647754682922,0.2551410997904809,0.2990233634734269,-0.3240121357642877,2.7096701183960237,2.7097396019875872,2.5642823121468266e-05
995,32,0.31984538886685726,0.03336662252297119,-0.6299630553941656,0.041924836778819904,2.149013161993107,2.1490195011224498,2.949786187861847e-06
996,32,-0.1718840628543049,-0.34943852384862095,-0.12166427460528274,-0.6510456813626492,0.8594597267525155,0.8594597333602807,7.688277900866439e-09
997,32,0.00020775921341945975,0.1673155884001247,-0.6716853191352747,-0.12124250836478234,1.7836513721422018,1.7836525489259136,6.597610554331318e-07
998,32,0.4537928830394614,-0.02510061347830996,0.06509325810626536,0.6881290324310977,2.109948397405514,2.1099537200999827,2.5226657084503057e-06
999,32,-0.023103917719432227,-0.6832940752540432,0.3318429385876156,-0.6396454164744566,1.3164116446016194,1.316411753918813,8.304180076792708e-08
0,64,-0.4681119404803729,-0.012915358418824829,-0.24860213959253838,0.08214521649839718,0.5539199174691191,0.5539199175023014,5.99045903812379e-11
1,64,-0.14555893603897102,-0.06207425576251886,0.07355698091980083,0.40621796631914825,1.0943508076080188,1.094350809519202,1.7464081886744569e-09
2,64,-0.35116194026246245,-0.47755049622842105,-0.7076244744747661,0.003613757992813424,1.835740143699594,1.8357402390189341,5.1924200996436615e-08
3,64,0.5061564235959839,-0.5049501100740283,-0.052857144540530115,0.3217350737202434,2.4004352527370525,2.400436490494607,5.156388006140112e-07
4,64,-0.09891726258451429,-0.32611101673745635,-0.08318710790894485,0.7279503073979993,2.547887423939578,2.5478897686096027,9.202408249166348e-07
5,64,0.1310553943757343,-0.16641839250564358,0.37042263954098514,0.34657271417684093,1.259372767094146,1.2593727720901366,3.967046821056626e-09
6,64,0.5309000680068642,-0.14623951426837184,0.4671918737903891,0.46053327570883845,1.7177356556847447,1.7177357097177144,3.1455928317781315e-08
7,64,0.2968078528644317,0.48438932668122103,-0.3495168485186101,-0.26161748671131135,2.196994142742354,2.196994646119901,2.2912102356738013e-07
8,64,-0.6384513102432371,-0.05790241594194403,0.6809735995625664,0.11889598832699227,3.2192036362178387,3.219241869217059,1.1876539523689001e-05
9,64,0.10005176771456499,-0.6147842138085091,0.013794550538237863,0.40935568390778837,2.3221094698187588,2.32211034754806,3.779879082570794e-07
10,64,-0.23364236040441203,0.27083086942544127,0.09438281141871234,-0.3558647888324439,1.4881950251652192,1.48819504226081,1.148746665036739e-08
11,64,-0.30682019398785426,-0.18330333731854512,0.048913612281970144,-0.388590662565293,0.9228021946131449,0.9228021952530243,6.934090268167486e-10
12,64,0.1824673001387124,0.028618789799578884,-0.25707053085465464,0.0006854286999155733,0.8970561581222005,0.8970561586592808,5.987142101243738e-10
13,64,-0.4391925699179757,-0.524351711829,-0.5843972422145975,-0.1729230723616136,1.2349163478038092,1.2349163521563402,3.524555335285293e-09
14,64,0.2662656134014964,0.12053505189335799,0.2976127788783426,-0.4580621259044539,1.3434038240756374,1.3434038320175572,5.911788879969543e-09
15,64,0.4799310646671185,-0.21500246142933352,-0.40466196614625105,0.15682607448861363,2.0979799658364855,2.097980287864892,1.5349450988634595e-07
16,64,-0.7024018250145267,-0.10862729530217646,-0.058066562049433036,0.03530843392310068,1.6776651260454631,1.6776651704562466,2.6471780813514318e-08
17,64,0.2697548675558376,-0.47809596150648953,-0.710680100847495,0.004861086691627759,2.757149857879781,2.7571555670276404,2.0706701317086016e-06
18,64,-0.7324058883040659,0.019612022238111388,0.13463973707465515,-0.6721490706390477,3.0909208119621274,3.0909435580283606,7.358993522310343e-06
19,64,-0.10852770088328186,-0.30965853738782356,0.12052968644681016,0.4838049004960898,1.7748470264361205,1.7748470976779531,4.0139703081026545e-08
20,64,0.575590843745858,-0.17609193179715707,0.12529919064183473,-0.3628541377267524,1.241038398707475,1.2410384032134567,3.6308157866767545e-09
21,64,0.549812921313479,0.02548389806339858,0.4866520496609057,-0.2691077141914432,0.8431889676316217,0.8431889679997626,4.366055253228105e-10
22,64,0.3347495511765043,0.4959463120378787,-0.46087355306240024,0.0880926581365896,2.1121201211142053,2.1121204644888514,1.6257344580810348e-07
23,64,-0.508802988728167,0.3946964561024231,-0.18260291530403916,-0.33355008438901546,1.9377182615265554,1.9377184155646994,7.949460304749298e-08
24,64,0.06689630430220349,0.1856326875125818,0.16905213425213936,0.008735451826697164,0.41975815276150974,0.4197581527689859,1.7810699536126106e-11
25,64,-0.7409683009061172,-0.07695344019948326,-0.12407821915544705,0.13932635304831814,1.7590805653437347,1.7590806313727427,3.753609092149734e-08
26,64,0.21237712183218274,0.23766742515124958,0.7056879594694507,-0.03446690528721508,1.5270686864096683,1.527068707288632,1.3672576652841993e-08
27,64,0.43437782961643984,-0.3104878091635192,-0.14170596897300528,0.4867018653433252,2.2165258072633023,2.2165263566121762,2.478423089620403e-07
28,64,-0.27424273155097323,0.17478582089916986,0.14714478101321032,-0.19428575636745826,1.1560900242056331,1.1560900269679693,2.3893780586034188e-09
29,64,-0.26755663904416993,0.24493115886552103,0.3116835208775095,0.1557339174748009,1.25740203499182,1.2574020399328691,3.929569849502142e-09
30,64,0.3765455508533384,0.22858170099823355,-0.0609027553389716,-0.2998470025700974,1.4694298377788333,1.4694298532887562,1.0555061904147916e-08
31,64,0.18319247481573758,0.1993848347442624,0.6893298565806704,-0.15492128708634728,1.6279655676525853,1.6279656023836002,2.133399848435497e-08
32,64,0.048856340979546414,-0.14297327096661822,0.5163487033727664,0.4575764762576645,1.8512263877615556,1.851226490348872,5.5415867609574155e-08
33,64,-0.18409675264942263,-0.23573972704167367,-0.2687439298717751,-0.1078865686187982,0.3342126392976223,0.33421263929989303,6.794294665330413e-12
34,64,-0.17661137349552755,0.6696177862470112,-0.5302276290407767,0.19430184077964222,1.7557561977752851,1.7557562627527001,3.700822191967256e-08
35,64,0.22932276621122136,0.24490112378736634,0.08586517734230735,-0.0026667144447131076,0.6006526577914991,0.6006526578433857,8.638371186692586e-11
36,64,-0.3158085790108989,0.051276541123111474,0.31445688608652334,0.3487201422701062,1.5166990917582759,1.5166991115573456,1.3054052596616149e-08
37,64,-0.6195762744805587,0.007664849117872856,-0.013517624828834784,-0.24652057340776995,1.563824690987606,1.563824716159668,1.6096473048061453e-08
38,64,-0.5371807195346296,0.4188651939853589,0.334420299802035,-0.23742321380223314,2.5337701881728023,2.5337723947041018,8.708490255956034e-07
39,64,-0.6635244356382104,-0.2141172662722287,0.5352558715058299,-0.2498677064092748,2.9519822717601603,2.951995135239867,4.357573495547575e-06
40,64,0.2704481510518758,-0.12235362269085237,0.4403652252470703,-0.013859109661914174,0.4661120239609778,0.46611202397402146,2.7983996504895087e-11
41,64,-0.08697284268831772,-0.07423781609130642,0.10768454761980266,0.1630104468326782,0.6199838080552312,0.6199838081171424,9.985928999212936e-11
42,64,-0.2446462846922445,0.4704882417186809,0.09694196317987062,0.4954857540509629,0.9048367467770313,0.9048367473434996,6.260447740612868e-10
43,64,0.3257831893842752,0.40516505121724455,-0.4097850575656238,0.44891890660500544,1.8822231179501896,1.8822232367141132,6.309768616262197e-08
44,64,0.46463091190090955,-0.07325306974282661,-0.0038512922969335243,-0.03182482278125764,1.0214551536463463,1.021455154863799,1.1918806017522535e-09
45,64,0.5871215930295294,-0.23558369464688644,0.7164244241029493,0.15062603657545012,1.421296152565655,1.4212961646168754,8.479035452419568e-09
46,64,-0.4294161042270695,0.11659683654153265,0.13194553664452427,-0.7338974579596582,2.60948230159023,2.6094853543390633,1.1698676137470618e-06
47,64,-0.42386684751063014,0.5311026738977903,-0.15286803042501418,0.16665375852288922,1.1980436454146424,1.1980436489404263,2.94295111915586e-09
48,64,-0.49965694410546424,-0.2477720066361893,-0.11477934620462274,-0.5846257193225204,1.4137680579325835,1.4137680695133705,8.191433475283092e-09
49,64,-0.06893420183367165,-0.2711514009299223,-0.3262327273499826,-0.35665853800212516,0.634504982100447,0.6345049821709396,1.1109859455239491e-10
50,64,0.02456190858666951,-0.3385754238628288,0.5477220329513062,-0.39820851140581,1.4034804368659228,1.4034804478316085,7.81320879491342e-09
51,64,-0.19184988620891816,0.5171584733926724,-0.6271848822287552,0.1568684507783034,1.5998625446321189,1.5998625748145432,1.8865635950337613e-08
52,64,-0.009483926121500005,0.2952821588830221,-0.454128679643064,-0.08456588969937803,1.2891979536440499,1.2891979595437724,4.576273544064085e-09
53,64,-0.5008478256135085,0.46858274366931785,0.3115436659535637,0.3679615952076183,2.137271774857899,2.1372721596327118,1.8003083062565985e-07
54,64,0.4752302349577382,0.36883831905330666,-0.18163490053099343,0.005937315505249419,1.6988932963184655,1.6988933456026265,2.9009568217906334e-08
55,64,-0.11782824136308591,-0.12737920011694442,0.32437541236664863,0.016474283584355216,0.9610693673804496,0.9610693682057612,8.587430052952749e-10
56,64,0.4526794624291417,0.19732635952011568,0.35174005296736477,-0.40514752536153276,1.515639291597701,1.515639311289422,1.299235314741408e-08
57,64,-0.6391791584911084,-0.07589647116546264,0.2365853736196919,0.6165409131333045,2.8353926027337133,2.835400528531865,2.7953088908826964e-06
58,64,-0.20599170117072513,-0.7185799445526629,-0.7044041606146393,0.007831214696786512,2.7665870312604772,2.766592971619074,2.1471793691855993e-06
59,64,0.10874909576345614,0.23772442427297155,-0.15066680578857275,0.5963124254883223,1.1058497041488198,1.1058497061975425,1.8526231361453798e-09
60,64,0.043226896495328807,0.7274923399227705,-0.6737612717404251,-0.21646039964201788,3.2570995562520606,3.2571440694880125,1.3666526055812137e-05
61,64,-0.5387336737987335,0.45148662777117254,-0.11130685195305065,-0.398849361875837,2.355985238955378,2.355986257762168,4.324334351494868e-07
62,64,0.44532479956293924,0.43671889414872933,0.3040775078057293,-0.5884312750636354,2.6687447529830237,2.668748681988158,1.4722296426952315e-06
63,64,-0.1391394885650241,0.25885603692611836,0.7029520803050282,-0.18930068788669216,2.3398494068609015,2.3398503559166186,4.056054694556955e-07
64,64,0.7020495857174333,-0.17207076583970446,-0.5677131509387263,-0.3222168778042225,3.251317443791568,3.251360937704146,1.337731960340979e-05
65,64,-0.3973864418418704,0.02809444707601903,0.5767091979161221,0.04062349400951749,2.15895571017384,2.1589561344864223,1.9653602915694306e-07
66,64,0.33581925492860265,-0.12370399574415783,0.233782100359021,-0.2208760799035422,0.31739778551827774,0.3173977855200163,5.4775232365685394e-12
67,64,-0.48999065571190165,-0.2988182029797008,-0.45568781486587073,-0.38385679981242254,0.27795064885547766,0.277950648856356,3.1601039592783905e-12
68,64,-0.026508109931123132,-0.4742755534496556,0.5370141030112056,0.33658208268685774,2.334180599913774,2.334181525585331,3.9657238037785527e-07
69,64,0.6107485166196747,-0.18265542367229398,0.06217755172699328,0.025442541729017738,1.4073919150528222,1.4073919262486785,7.955038054681748e-09
70,64,-0.6074382520124139,0.24993863621739398,0.4798105194485195,0.4411259611940054,2.824157288457148,2.824164850703386,2.6777000944707554e-06
71,64,-0.34533855795399704,0.29014447716571,-0.33551902052050825,-0.0690198809317623,0.8327276685312602,0.8327276688727122,4.1004038980183466e-10
72,64,0.10949554305271147,0.48287454011789777,-0.07140440119008291,0.48004883193457215,0.4719480734602466,0.47194807347418816,2.954047469324717e-11
73,64,-0.24465472375358996,-0.2473157592221854,-0.33072313425435285,-0.37873329625478086,0.38530267406723523,0.38530267407199953,1.2365084351173137e-11
74,64,-0.0861721633386899,0.6623936586170296,0.4961042220945462,-0.4928251172303361,3.2432118762022384,3.2432539793485513,1.2981929001266502e-05
75,64,0.10544050458607862,-0.022398907176633228,-0.49703919698355264,0.05545852645553802,1.3145583396266072,1.3145583464117883,5.16156710518037e-09
76,64,0.05630129224045396,-0.5685292336834976,0.1405433292336502,-0.21633458229823246,0.8842761120316882,0.8842761125234361,5.561021698535121e-10
77,64,0.392759958831263,-0.11682283602704567,0.15729857646698597,0.16668218483778777,0.8079580234591099,0.8079580237440659,3.5268657461553074e-10
78,64,-0.47743326662208835,0.3642693866332723,0.3622466285966543,-0.14779021999071248,2.201038750500481,2.2010392630804305,2.3288092927935143e-07
79,64,0.21859230519791711,-0.010553303708555397,0.5002122158885046,-0.4333795340592009,1.296351067394695,1.2963510735326254,4.7347748156752745e-09
80,64,0.26917902376507935,-0.3341887361785272,0.14418356942429675,0.694879945651171,2.5285089053568095,2.5285110624639384,8.53114309524284e-07
81,64,-0.04561054103180237,-0.3985214015075596,0.11138806497344834,0.7346511809622325,2.764204605967949,2.764210487108386,2.1276067712832345e-06
82,64,0.30727401649566194,-0.6105472665872477,-0.11661754082274249,0.25426021521336667,2.2458984839355693,2.2458991101756207,2.788372029504457e-07
83,64,0.03544942588862345,0.5544110443129519,0.3528816731564957,-0.5458778686281789,2.712831758312555,2.712836494088689,1.7456947410769823e-06
84,64,-0.47149732176527803,0.41762035577216766,-0.7157181159742092,0.15224656322104482,1.2744545797436975,1.274454585179272,4.265020128132603e-09
85,64,-0.08914704346943729,0.12783018968672435,-0.19179243974467036,-0.20022028504192496,0.7094017618329699,0.7094017619659484,1.8745163071363033e-10
86,64,-0.12706882568557407,0.715812099326507,-0.12987140315159576,-0.3313783518892018,2.531622859633111,2.531625045860548,8.635675841460395e-07
87,64,-0.0887858230298287,0.09143329240274944,-0.2666568614249483,0.047352465312549746,0.3815442764723336,0.38154427647685935,1.1861712854343894e-11
88,64,-0.018945136758295778,-0.32686692944735474,-0.4606713965774125,-0.5840485739042487,1.48000393343544,1.4800039498209834,1.1071283661082487e-08
89,64,-0.2565715443150866,-0.6048592196314203,0.6132750177258065,0.25258827936432077,3.0300763922175924,3.0300941305887457,5.854100312065778e-06
90,64,-0.4956379427448091,-0.4262280836545871,0.14375227161550874,-0.1275423316354136,1.6915378214542542,1.6915378689948433,2.8104951847981422e-08
91,64,-0.5677622128802429,0.4674717031286864,-0.6802550789673566,-0.1667687442313514,2.1955035246587524,2.195504024685374,2.277503159642533e-07
92,64,0.3103834577883884,-0.6560949450872408,-0.05932976446603914,-0.45836664450360864,1.2844741967575677,1.2844742025047202,4.474323070219748e-09
93,64,-0.5023780515306503,0.4411101095775697,-0.45056300770600316,0.05824293797915653,1.1087156539412282,1.1087156560256088,1.8799957055322894e-09
94,64,0.6576245990455297,0.19675514060192859,-0.3121761338947147,0.6216991291402572,2.9111823656943083,2.911193230648688,3.7321448864815317e-06
95,64,0.4226719717791568,-0.579219119090533,0.5024239734002484,0.5268104929006586,3.156804780661139,3.156834504559751,9.415817789515775e-06
96,64,0.025918584435098185,0.42005625147157905,0.37381158087176514,-0.5995088263484374,2.579281325503726,2.5792840082984503,1.040132651535213e-06
97,64,-0.28211599899460693,-0.1883128568893615,0.5646409242031262,-0.045298273489149186,1.911064474349479,1.9110646103447948,7.116207627885874e-08
98,64,0.4446297222434408,0.44871920550002786,0.20427938125797532,-0.40480426755949483,2.1365138334079252,2.1365142168673703,1.7947903687294423e-07
99,64,-0.19136495518097632,-0.2547958042326485,0.05050568926836857,-0.046410691312459756,0.6630119917085415,0.6630119917988854,1.3626275941789413e-10
100,64,-0.0811720395692175,-0.20215871786366332,-0.4343296793790957,-0.11988055054918047,0.8100271602916838,0.8100271605810206,3.5719405714483854e-10
101,64,-0.054273442236173086,-0.2465914081578913,0.3486867666499614,0.2823148331981885,1.4164203347237305,1.4164203464682597,8.291697626108237e-09
102,64,-0.24776606157612888,-0.22749277017632444,-0.13487593061638317,0.1505507578163282,0.8314075440160759,0.8314075443542848,4.067907583474596e-10
103,64,0.6842735833980047,-0.12230831150374866,-0.4333956065030571,0.31383958226076647,2.8652491378633758,2.865258114752656,3.1330222428963132e-06
104,64,0.2682119400592709,0.03714864700975035,0.6235037605757799,-0.35876082180094343,1.4583175626624807,1.4583175772997603,1.0037100275932273e-08
105,64,-0.42333068045357886,-0.10648870537954928,-0.3187399658784816,0.6559315308514774,2.095333597610939,2.095333915789554,1.5185105387209166e-07
106,64,-0.13630687000731137,0.44468231017968696,0.5341384617783953,0.2905911912455333,1.7326739229893486,1.7326739810941199,3.353474098372638e-08
107,64,-0.12592576969412336,0.08875077706759636,0.5495985247948524,0.06392154191071578,1.4984690574540247,1.4984690754812189,1.2030408030245178e-08
108,64,-0.11034600845956309,0.064169145644051,-0.25797813962341337,-0.4572189130568229,1.2088890947622395,1.208889098514735,3.1040857608529943e-09
109,64,0.10088963454679874,-0.2877630308553409,-0.07769305638800358,-0.2732093356324491,0.3899582544130722,0.38995825441814597,1.301107150898692e-11
110,64,-0.16586072586398612,-0.20386448728676174,-0.03822216905588027,0.37166200922588777,1.2369920480669414,1.2369920524709503,3.5602564642129498e-09
111,64,0.5395165499473588,0.3035769686585867,-0.2430575166530555,0.6585658283061775,2.4295658066156225,2.4295672120383482,5.784666222772203e-07
112,64,-0.6256768668624229,0.26066050454564105,-0.22288349279086062,0.2605926930920175,1.1087238149492782,1.1087238170337614,1.8800743923488005e-09
113,64,0.444875570348147,-0.3320527530919821,-0.71408597121887,-0.04796869430455258,2.9351703266165075,2.9351823264968266,4.088307997111688e-06
114,64,0.186193682291792,-0.7095565762210865,-0.6968439271825005,-0.17929117730101649,3.044759041645065,3.0447778795807383,6.187003771229733e-06
115,64,0.31701061780514395,-0.016499840458449266,-0.14148240668807827,-0.6879659198402621,2.0377577886259504,2.0377580332565937,1.2004893057623477e-07
116,64,0.3635616609659902,0.603197256319414,0.19361942926801035,0.43442558642725176,0.7494102763917582,0.7494102765745664,2.439360905109736e-10
117,64,-0.37153864066759407,0.6333555822507512,-0.1931758372786462,-0.413424609505684,2.6596727259358794,2.659676506428165,1.4214125853071431e-06
118,64,0.14797231994677099,-0.7010182625254718,-0.5680628019043669,-0.08790981962983467,2.5517584914634064,2.5517608754632515,9.3425763177263e-07
119,64,-0.3886950151265247,0.10965846411717713,0.17974830868506544,-0.726625170687021,2.567854377062824,2.5678569316121616,9.948186159679379e-07
120,64,0.5078944163871056,-0.4972595010728768,0.18040350965100302,0.5748770025339522,2.884496082594947,2.8845058080078885,3.3716159298410784e-06
121,64,0.10208873589387293,-0.13108968489206205,-0.42054395728773747,-0.09913321532932584,1.1183679785614398,1.1183679807701234,1.974916774025179e-09
122,64,-0.33744969821704796,-0.6121382009444899,-0.06986010675463028,-0.5537549047153957,0.8931543090065689,0.8931543095294298,5.854093301037879e-10
123,64,0.18060735236944667,-0.39754293766279253,-0.5179966655967675,-0.2675863803596032,1.7231566271541812,1.72315668263225,3.219560423662294e-08
124,64,0.26305893132006564,0.2540606523417154,0.4571074554838376,-0.3124107967484451,1.4222197236266485,1.422219735736802,8.514966671780283e-09
125,64,-0.2581558021964419,0.48554681260390403,-0.24782966631611889,0.4536099296352648,0.09385401160300139,0.093854011603005,3.8445078355248166e-14
126,64,-0.14315078363782993,0.27338043816612395,0.08545611274607903,0.706603560312884,1.3591948759366055,1.3591948845871382,6.364453609800896e-09
127,64,0.4540752001723188,0.4517583148858463,-0.4317056789494494,-0.1237036394405615,2.432910677092524,2.43291210312786,5.861437287712781e-07
128,64,0.6241481008827857,0.20319307044747623,-0.2487773600583541,0.3916531981969779,2.2007637265719446,2.2007642385210158,2.3262336840369356e-07
129,64,-0.22702513626385853,0.04208891154130152,0.17434531644658863,0.5336597215092281,1.4468183744048064,1.4468183881877825,9.526403823457904e-09
130,64,0.14811739439053878,-0.7346219312271474,0.5327215940143956,-0.4321990012494471,1.7847009048680893,1.7847009795652642,4.185416989827174e-08
131,64,0.5035782721872634,0.04155608703921337,0.5146419325157818,-0.4127614726192686,1.3065704256880262,1.3065704321818066,4.970095966220183e-09
132,64,0.045359539649189935,-0.5389113007078087,0.01513396765544031,0.2741490356901625,1.7711418250265225,1.7711418950090734,3.951267474832787e-08
133,64,0.19206992738424775,0.3503649416363419,0.18459383448203853,0.6736320977231915,0.9496873177667478,0.9496873185324289,8.062455618787677e-10
134,64,-0.09439750947561058,0.08911271283673397,0.14421950893177699,-0.6074467298616681,1.692035356877146,1.6920354045337949,2.816527955856769e-08
135,64,0.47223604741885156,-0.2851500401731332,0.041664203877166246,0.1328492099840699,1.3485644634332967,1.3485644716006098,6.0563015484611975e-09
136,64,0.38881904934353934,-0.07821032442443272,-0.3903954705695375,-0.3808261348733567,1.882307361085003,1.882307479896059,6.311990196759185e-08
137,64,0.5862681990340814,0.027964193888402992,0.1826905579594723,0.63931135217682,2.0464196525543454,2.0464199070910483,1.2438147889580947e-07
138,64,0.590745921311781,-0.39727153496562984,0.3856936970674552,-0.44554329512106305,0.7264769003158743,0.7264769004684429,2.1001166635097568e-10
139,64,0.6529241087463413,-0.31738795953111876,-0.4320145470011895,-0.2816523861110825,2.7416497965944115,2.7416551449325826,1.9507736464558163e-06
140,64,0.2515282005148948,-0.5462493871815818,0.3718746155589058,0.1508610245946139,1.715231137719842,1.71523119109736,3.11197231728183e-08
141,64,0.29492419067855136,-0.49104869777721505,0.5008774639856507,0.23404464392770508,1.905509487796788,1.905509620296619,6.953512011119387e-08
142,64,-0.24819509981229548,0.03209469531440008,0.636269918640724,0.2263361662786469,2.1178008464494407,2.1178011987798544,1.6636616909652465e-07
143,64,-0.35137217333440457,0.32320813720288444,0.6556464984084247,0.11124801616307811,2.464013876263401,2.464015508624829,6.624806150545205e-07
144,64,0.4155793241070227,0.5597277511627095,-0.02689912177042472,-0.43412569378250915,2.586574941931119,2.586577709844993,1.070107743344807e-06
145,64,-0.48970885355986776,-0.3421542447510061,0.2777022917477797,0.3314968220159419,2.2901104231696126,2.2901111851951463,3.3274619689740423e-07
146,64,0.48531097957462466,-0.2458992169740982,-0.14150408155303917,0.6741909269121041,2.730298044994102,2.730303143315664,1.867313193576602e-06
147,64,0.4375075423461899,-0.008565664459151374,-0.4573079485599436,-0.543301101075111,2.546866097170067,2.546868431569458,9.165771978643761e-07
148,64,0.06129778266773331,0.5776313196701865,0.04196878058875065,-0.5085516499365194,2.4463644180082142,2.4463659299670857,6.180431910742479e-07
149,64,-0.11836814268168959,0.3132093732524492,0.3515895783341436,-0.5924743699966041,2.3828345382388916,2.382835684309927,4.809696254672568e-07
150,64,0.40666564934669286,0.012108662528010282,0.2197897440749675,0.6739432908742841,1.8564064953555042,1.8564066004904258,5.6633567012644124e-08
151,64,-0.3202564463630644,-0.26877436826608203,0.37948431173115815,0.4174316818898766,2.1650137525286963,2.165014188572916,2.0140482679764306e-07
152,64,0.5093898489281188,-0.11568189512557037,-0.2739157619752968,0.5822359361234666,2.5056211673211672,2.5056231216985716,7.799971639151278e-07
153,64,-0.03270399381938285,-0.5507797557748271,0.2054785733825796,-0.48106267509470746,0.6848410630575599,0.6848410631661995,1.58634840534141e-10
154,64,0.2205672914538542,0.26081686613328864,0.2925374312544949,-0.12480458089559188,0.8542735427546567,0.8542735431530751,4.663827093258011e-10
155,64,0.26742046165544453,-0.2656982439095168,-0.19742074375273627,0.2020249223597651,1.3737505088851225,1.3737505182406933,6.810240070542064e-09
156,64,-0.49616633505118635,-0.5247624648996969,0.4411987137855353,-0.14226916636099665,2.552307061705887,2.552309451330985,9.362608183379475e-07
157,64,0.1850961388503708,0.37259842998616544,0.2963646241019203,-0.2176489970458125,1.3221388064039428,1.322138813476869,5.349609443751535e-09
158,64,-0.0193781820569067,-0.6386544478541913,0.08469314830587156,0.295205917010752,2.1367428319923656,2.136743215848766,1.7964557769702693e-07
159,64,-0.5949233065168776,-0.1791651626749945,-0.12901535479636908,0.5850130212826337,2.3066337575726457,2.306634577358263,3.554034594682936e-07
160,64,-0.31539878935629245,-0.034602181689674695,0.4711819526685471,0.35803243527435313,1.9671570159731657,1.9671571926146036,8.979529162484827e-08
161,64,-0.4927656330220569,0.5520159869562479,-0.4821338092062402,0.4321108740178758,0.4654165605895272,0.46541656060246694,2.7802535341497758e-11
162,64,-0.5944739371882071,-0.2640029055113587,-0.35600427066758866,0.3985219845335763,1.8963654944274184,1.8963656213606725,6.69350156933486e-08
163,64,0.11823639711831078,0.42387523367148655,-0.2462063451733211,0.5283194405012928,0.9973058506588578,0.9973058517028641,1.0468266331182514e-09
164,64,-0.2531834573469087,0.6041312476174037,-0.25224657350400886,-0.6357504927717434,3.099787003591323,3.099810586019221,7.6077575235636754e-06
165,64,-0.6501559588501373,-0.2105406542484863,0.5657349718411071,0.14377193750749695,3.0061528635922823,3.0061689431704295,5.348889054159488e-06
166,64,-0.7387571329777618,0.1028368964980232,-0.38957944618271556,-0.3713991313643276,1.8313193546139954,1.8313194479508814,5.0967017720161154e-08
167,64,-0.04052995396679617,-0.6451598854298775,0.6108347869381078,-0.09999964937524407,2.296143056896838,2.296143839536614,3.408497450988791e-07
168,64,0.18127351176936804,-0.4628857290278178,0.7227109113218937,0.17967936637274834,2.3345797463743803,2.3345806736739334,3.9720191806858204e-07
169,64,-0.26299022445701453,0.10667226272209712,0.4398192372461791,0.1208404469944558,1.502254158345671,1.5022541767279822,1.2236485501888457e-08
170,64,0.3382322009927614,-0.25120476235359207,-0.03217332518707284,0.44821630559269643,1.7298443236111911,1.729844380922869,3.313111883288201e-08
171,64,-0.29560549703159955,-0.3175789437313204,0.13518700527766517,-0.6157616216409697,1.3848885481007853,1.38488855803173,7.170934258100815e-09
172,64,-0.5586168510899298,0.06869229412717762,-0.4824011189054348,0.5622268323554434,1.6169022009698486,1.6169022338376189,2.0327617999099368e-08
173,64,0.167354209480047,0.16496141080432644,-0.15486288658728267,0.29272188933858917,0.7389385200566785,0.7389385202250862,2.279049306984678e-10
174,64,-0.15938047045455625,0.2951530460525844,0.026787355257174843,-0.7145350400653782,2.4540626272506505,2.4540641906222262,6.370544738313609e-07
175,64,-0.6483109053774789,-0.20539849973393726,-0.5482013182253443,0.46373599904737156,2.18830912985589,2.1883096140112137,2.2124631169639786e-07
176,64,-0.3016494748186797,-0.24336805178550366,-0.7237501959012069,0.18319977715940947,1.732170866186737,1.7321709241497478,3.346264041670163e-08
177,64,0.14114194872228933,-0.15103720695303016,0.6317749017630968,-0.37923656540536244,1.493427666771547,1.4934276843357912,1.176102778328846e-08
178,64,-0.5058651840254553,0.4189446241077186,-0.014616225658111772,-0.4364163425434953,2.338040350354405,2.3380412918859257,4.0270114269228287e-07
179,64,-0.03299702896038341,-0.10063827806624662,0.3078028020577753,0.23859121497462826,1.0069652068288055,1.0069652079393105,1.1028236266183214e-09
180,64,0.16513445820893174,0.034855208235345006,0.32500434077660373,-0.05820653374161348,0.39507731113648253,0.39507731114191585,1.3752549961888524e-11
181,64,0.12254402505583928,0.27960975024672496,-0.4441240297434201,0.5645205275476229,1.701741367755829,1.701741417731334,2.936727389511564e-08
182,64,0.43291688326999334,0.46286243676315764,-0.593208029869989,0.06279171517012769,2.6754995911544133,2.6755036344243037,1.5112205226343827e-06
183,64,-0.32863641259007326,0.645491497997454,-0.3618920202829193,-0.21678953548829208,2.2531459651338697,2.253146611896758,2.8704881891491736e-07
184,64,-0.15118201078604568,-0.08852956476222955,-0.20347051535784072,0.13881437949609088,0.48420866909429744,0.48420866911029486,3.30382882990337e-11
185,64,0.6627522199552127,-0.09513528239350127,-0.016693426157984893,0.5596891380896961,2.426226407616863,2.426227792750327,5.709003329526548e-07
186,64,-0.4098520030129671,0.6024004069534424,0.14459355331354537,0.221792772887299,1.7883676055765416,1.7883676815999408,4.2509939731869334e-08
187,64,0.08539545468438624,0.6273197423159723,0.17384820123290207,-0.5033449244133872,2.6328640529621006,2.6328674258986626,1.2810902857885512e-06
188,64,-0.016507785639311816,0.4766073451575788,0.07155609555471819,-0.6011736288711328,2.4397646498489887,2.4397661190457716,6.021879130802271e-07
189,64,-0.3935142066626034,-0.5708129712453092,-0.5606851210106449,-0.02614398778779378,1.6988051885356563,1.6988052377985756,2.8998568895279046e-08
190,64,0.14614811021842378,-0.5026629075117207,-0.4753886599776301,0.48500567869996897,2.764026200359751,2.764032077088976,2.126148161788257e-06
191,64,-0.3635450330905445,0.14624157325004497,-0.03751005093121815,-0.32878430197596437,1.2452169700393532,1.2452169746529282,3.7050371048043086e-09
192,64,-0.2999691300103504,0.551433495823068,-0.40971726167468636,-0.3455053765274942,2.2467346827690737,2.2467353113443447,2.7977280796226356e-07
193,64,-0.5541576445434616,-0.04215131639683557,0.27686537860360855,0.38371754239521505,2.1262229134597916,2.1262232794850426,1.7214810765150913e-07
194,64,-0.6117103993752412,0.1264035720233909,-0.5807601207416467,0.3395444551203356,0.72925313230174,0.7292531324577203,2.1389037883303842e-10
195,64,0.6080473482718823,-0.05857273237674908,-0.28489667649121503,0.3525467804852789,2.2677386701902256,2.267739360275632,3.0430552500046684e-07
196,64,-0.5489485876727273,0.4763817309498194,-0.5383793090600648,-0.4982384515337085,2.9646784409760047,2.9646919965759664,4.572367705811529e-06
197,64,0.1582137433043763,-0.4365884321294579,0.30666787100865756,0.028955344558132194,1.103088011474697,1.103088013489587,1.8265904548306505e-09
198,64,-0.26003829823717356,0.3880432691656492,0.07668670321802683,-0.10664426538105079,1.2768796542074747,1.2768796597169898,4.314827202578216e-09
199,64,-0.22485697969437768,0.12452966616344219,0.25000905351086644,-0.6720003318777978,2.248591655680903,2.248592289472343,2.818615101472441e-07
200,64,0.21634629453577722,-0.30997289684855095,-0.09082687361118329,0.7438642551121805,2.6918135892571797,2.6918179220442564,1.609616317403705e-06
201,64,-0.04211064081307129,0.2895514391339676,-0.06895779558643846,0.7202663508747986,1.2288362085826443,1.2288362127875667,3.421873786675723e-09
202,64,0.45254556412929714,-0.08613365163859149,0.05369468518855307,0.414850647575724,1.4564463499900355,1.45644636448499,9.952274980848978e-09
203,64,-0.02874564477593649,-0.0492001627365091,-0.36170364673589644,0.25565197111207333,0.9701869334135814,0.9701869342896347,9.02973643312851e-10
204,64,0.6654935936544012,0.14623489026772035,-0.034838082001235435,-0.23260028601766086,1.9264450171566303,1.926445163298989,7.586116258576847e-08
205,64,-0.29917524393928013,-0.15610568431448615,0.32289494693907483,0.5310811132892354,2.103875170292421,2.103875501059514,1.572180220086727e-07
206,64,-0.005727719549822561,0.1279898189683473,0.2570875137421764,-0.05995212914424277,0.6633073057178639,0.6633073058084363,1.3654672224679956e-10
207,64,-0.20547451343329584,0.2164013679246288,0.6147848447941068,-0.055783145751743896,1.9684141810598177,1.9684143587343945,9.026280065370815e-08
208,64,-0.41505411170929285,0.03471002491001406,0.29287056685570056,0.15189054463723903,1.5212008863042608,1.5212009065655085,1.3319245323257216e-08
209,64,0.5760083691641028,-0.07624203303864024,-0.028756685173311248,0.13894755619719013,1.4602779015873433,1.4602779163751354,1.0126697175846559e-08
210,64,-0.6362288823717529,-0.1955087696550626,-0.27588706238157074,0.3096851411360949,1.6381269620622636,1.6381269985925961,2.2300061828364547e-08
211,64,-0.12459111224870895,0.23120772617408317,-0.22653434825766017,-0.08874697843413289,0.7030354038541597,0.7030354039804151,1.795860333979438e-10
212,64,0.5252380049798531,-0.3767199980226712,0.06319176731127779,0.3047690964003805,1.9479934904057403,1.9479936519970409,8.295269022122555e-08
213,64,-0.15362438834241499,0.11541736532108711,-0.08927747713140188,0.015845398144029865,0.24201898708824213,0.24201898708867509,1.7889473435005118e-12
214,64,-0.1785918699150072,0.21895353062686676,-0.6094003806056237,0.15844986001079617,1.109724397304139,1.1097243994012043,1.8897171164852235e-09
215,64,0.3907910157452718,0.10007385281227552,-0.18092006676237665,0.27938899741919954,1.2961661374720765,1.296166143603737,4.7306131022860396e-09
216,64,-0.40021340224536356,0.4015880098063194,-0.28276267690601276,-0.5737712193038622,2.446044222080798,2.4460457319373106,6.172646017905354e-07
217,64,0.19636769806719917,0.4530382996719804,-0.1692593579239405,-0.6000661058103064,2.539623360712717,2.539625623526668,8.910037550791621e-07
218,64,0.6116743670664813,0.2688944913258423,-0.11003594340672643,0.3087079178937682,1.802481027926098,1.8024811092676034,4.5127523701445264e-08
219,64,-0.13702716047225444,-0.16050430962073123,-0.6200157230835815,0.3369229571459605,1.7642338398647885,1.7642339075561317,3.836869108155394e-08
220,64,-0.5071997888564732,-0.4732025260563778,-0.17282532283760887,0.09483159068204741,1.6669976150574646,1.6669976571960123,2.5278109207610804e-08
221,64,0.2996639558461332,0.49499035115547585,0.19810359503388122,-0.15881691385550178,1.5252650187379106,1.5252650394251315,1.3563033683407986e-08
222,64,0.6462517393731921,-0.35581429025987227,-0.45922506526818235,-0.3350508880117454,2.8789680868166907,2.878977591216563,3.3013217187034247e-06
223,64,-0.47476633182577455,-0.4554044931555209,0.5387932868031303,-0.06539240015152413,2.618686187308913,2.6186893623875602,1.2124700785066628e-06
224,64,0.3155547753106707,0.5777765649524895,0.07105799231621748,-0.5516427076180032,2.7463613414021686,2.746366796991395,1.9864790347704653e-06
225,64,0.34795008443521785,-0.2933007302389381,-0.385118419789856,0.6068448153063423,2.7726419177494326,2.7726480112436067,2.1977212907020367e-06
226,64,0.27943490009137284,0.43785976855333164,0.3664925929688854,-0.6138470049065793,2.667891867840357,2.6678957826442464,1.4673772714309e-06
227,64,-0.21287039663840918,0.08831905170928622,-0.25486155546246864,0.5019219827749399,0.9925664737660518,0.9925664747787631,1.0202957544734765e-09
228,64,-0.47658563988288943,-0.2247728481121075,0.5684332595707683,0.3406914273874301,2.764899121290164,2.7649050196338343,2.1332943487724134e-06
229,64,0.2871714380162532,-0.03908142247021658,-0.5630122979884467,-0.4067070360095613,2.211416963621521,2.211417500567034,2.4280609300464873e-07
230,64,0.7243230541639277,0.12229806318036053,-0.1973031411902978,0.4910530412232528,2.62604427354926,2.6260475498551004,1.2476201842465246e-06
231,64,0.06379483792184357,0.128889582118825,-0.4282629004284141,0.11921450429285509,1.0600613449258738,1.0600613464753394,1.4616754721792718e-09
232,64,0.5584359461856434,-0.010214905458741912,-0.39681958026442543,-0.5580308779058202,2.721754886580503,2.7217598043086166,1.8068225532963217e-06
233,64,0.02736933499227204,0.6686011713003124,-0.6505767338236828,-0.048417315005441344,2.6538496460350203,2.6538533341047206,1.3897055945927195e-06
234,64,0.0763040024811152,0.4768143658149046,-0.07453246135444726,-0.6436013228903299,2.596423441368876,2.5964263284120355,1.1119307866545061e-06
235,64,0.1267683921216771,-0.41548017409610216,0.4863853306423603,0.3875467487261602,2.0919636380634206,2.091963951403996,1.497829931471883e-07
236,64,-0.018908635584759293,-0.48104258377935033,0.09566761563414543,-0.7329666601956037,0.9063042460410767,0.9063042466132462,6.313215737998389e-10
237,64,-0.524290625785883,0.525900549845704,0.10595216823002908,-0.49700024916653834,2.9602429109851007,2.9602562207503005,4.496173320899741e-06
238,64,-0.7029264108525626,-0.030231362498428307,0.4188619094134064,-0.4371551083361701,2.9834578120243163,2.9834724584981362,4.909227729301277e-06
239,64,-0.5261468172581056,0.11962295279698652,0.22965929478003036,0.06978558128791765,1.657221439764501,1.6572214799181684,2.422951231294581e-08
240,64,0.5947089217154578,0.1474617225355862,-0.4375093838153805,-0.17344977384392482,2.4445680911859546,2.444569591387188,6.136876444027154e-07
241,64,0.2659855032432921,-0.5955861824277477,0.43368119630696916,0.11999969008724622,1.8815037269804535,1.881503845342617,6.290828006688456e-08
242,64,0.02279206653520687,-0.20395356789856578,0.3008986461908718,-0.5195105866550915,1.0288003650128754,1.0288003662880245,1.2394524154430284e-09
243,64,-0.6877055389122877,0.14112933120574214,0.19025703137831956,0.1424603987800823,2.119092585661376,2.1190929400595637,1.672405396929013e-07
244,64,0.24495877032705554,-0.6944525200696929,-0.6304589045548795,-0.2347154805886892,2.8650828526065895,2.8650918232808107,3.131034836591239e-06
245,64,0.41352313073796587,0.18122195371966449,-0.30049598057624605,0.2817278138873518,1.5981055080356008,1.5981055379532814,1.8720716751632475e-08
246,64,0.08418017049664832,-0.3516908538673963,0.12960870614033645,-0.4062938650574274,0.16826033588408085,0.16826033588414943,4.0760662330704284e-13
247,64,0.477992745398088,-0.08461990370625908,0.23964078820893356,-0.530663800783796,1.3241438989991812,1.324143906150095,5.400405398883412e-09
248,64,-0.5842546449085838,0.18442211617859183,0.2939328342298968,-0.49381755691977797,2.617340218013392,2.617343374908439,1.2061462340374704e-06
249,64,0.5116259327522972,0.45444820843459244,-0.03886094344042467,0.07799165934148881,1.6444764156801785,1.6444764533794114,2.2924763460949102e-08
250,64,-0.654645354371022,0.1792964155467073,0.3370036892980425,0.665712727189504,3.1076948768211006,3.1077192304652,7.83656216742089e-06
251,64,0.3231394192945163,0.3614492113906791,0.47899642297805717,0.5688140905640282,0.8604435248261838,0.8604435252423949,4.837168897245091e-10
252,64,0.6319063879251438,-0.3556456601926857,0.2160855594644297,0.4128517883919695,2.3152723073850354,2.315273159039899,3.678422018888021e-07
253,64,0.4901144451803934,-0.2562187929846613,0.5286882922719996,0.05708787227906873,0.8673323371634716,0.8673323376003778,5.037356030468098e-10
254,64,0.3628205972468626,0.04672544723521826,-0.3464390202883396,-0.3515234240887797,1.769698369448282,1.7696984389460313,3.9270957431489884e-08
255,64,-0.5977123402152852,-0.03017297844588972,-0.558275640551015,0.25459136630929363,0.880194703273377,0.8801947037513838,5.430693271832873e-10
256,64,0.17485479556251435,0.6177232993858656,0.2942991745303024,0.05219479876513199,1.4496648317076617,1.449664845697633,9.650486855696819e-09
257,64,-0.5545267180905077,-0.12909016162951695,-0.2466892217346008,-0.5428518845143857,1.4362118611487942,1.4362118741855108,9.077154247083438e-09
258,64,-0.15479892292799666,0.710609212484982,-0.13614413898313923,-0.5836868455795153,3.184793655753217,3.184826939655769,1.045088195642925e-05
259,64,0.4350467569122185,0.1026736607753823,0.5603791915609571,0.3080760766105508,0.6862157790483343,0.6862157791582261,1.601417013595071e-10
260,64,0.2026355842314019,-0.6585911456273085,0.4674423504437579,-0.01900445414923616,1.8746915404920403,1.8746916551139219,6.114172868763319e-08
261,64,-0.42532592407527564,-0.2289387087804929,0.7105014444104981,-0.16600613471739703,2.7958534613499926,2.7958601784391903,2.402518333169841e-06
262,64,0.10699637936540048,0.08727754143607196,0.36849936334811717,0.6217770313969774,1.5718190608689964,1.571819087079346,1.6675169757733546e-08
263,64,-0.03054383800715233,-0.6345062164278505,0.5510358686885571,-0.05983769815116954,2.122400864179375,2.1224012239270458,1.6950034125766432e-07
264,64,0.4628604341370813,-0.4542133001118599,0.10082017693732004,0.20489593984550641,1.7834575325697921,1.7834576068222925,4.163401651820041e-08
265,64,0.23797704852423204,-0.6437816589747053,-0.03930743888988411,0.265570515466096,2.2254995398630144,2.225500111674697,2.5693632921777137e-07
266,64,0.5526317072109104,0.5021251387088423,-0.7090238832647782,-0.14110469450844063,3.687731661566465,3.687970887143696,6.487065740817897e-05
267,64,-0.07026293430861229,-0.1408457682038169,0.06674259548223037,-0.06544319355169428,0.31678306701582576,0.31678306701754705,5.433654625525963e-12
268,64,0.02282208794314597,-0.03517680251561167,-0.1195836132335242,0.3402012172869537,0.8369976287668603,0.8369976291189918,4.2070780492006497e-10
269,64,0.3704381958829047,-0.3039475141690708,0.37158406777015174,0.16716199660902736,1.116576165872425,1.1165761680575335,1.9569722203837325e-09
270,64,0.565807738934723,-0.21811604006621566,0.4134762739239651,-0.5124658435888153,1.0576495715918521,1.0576495731183893,1.4433297756995158e-09
271,64,-0.1855982025907468,0.3942132206137075,0.02987779045103799,0.6038855166537799,0.8159084458015138,0.8159084461036296,3.702814677244256e-10
272,64,-0.05595421657798375,-0.5502647273245116,0.7224045257800125,0.17201399883451818,2.7988668176079714,2.7988736200916446,2.4304420740727606e-06
273,64,-0.2392756348457536,0.05817759934146446,0.0919467922750018,0.6737355652189277,1.7394917802133718,1.739491840272337,3.4526731208315795e-08
274,64,0.4399473897460851,0.08246736493816063,0.305657205264067,-0.29137360467339185,0.9445929230764666,0.944592923816734,7.83689338388446e-10
275,64,0.6586512303745984,-0.17545977744389152,-0.30199095454223346,-0.3492558043866659,2.3940867390451137,2.3940879429370234,5.028606065451494e-07
276,64,0.42257252184437144,0.5073456005313235,-0.5932584304166206,0.38869525124395365,2.825378776381629,2.8253863773494685,2.690247376076444e-06
277,64,0.6334314026224519,0.1390384360879346,-0.4387347612433463,-0.313770230652325,2.7161384469332654,2.7161432493560667,1.7681067791780715e-06
278,64,0.6229386188724055,-0.4081674810220613,0.4328043318007612,0.42803066695173025,2.5186943661264403,2.518696433906023,8.209728065778653e-07
279,64,0.4488365861695413,-0.38338367828986386,0.045852082999420736,-0.44826358389489707,1.0796607146202808,1.0796607163680119,1.618778054356272e-09
280,64,0.6508248325811055,0.32475628684183433,-0.012662221931760462,-0.2578001994680789,2.195281449059321,2.1952819485885695,2.275467907981031e-07
281,64,0.044310083868752174,-0.6321160011271588,-0.3971858530357986,0.311495067169514,2.4551590686951617,2.45516063952657,6.398084053017138e-07
282,64,0.6874468091703704,0.02717781446770304,0.6036737359083735,0.18964599054072792,0.6395986949788258,0.6395986950525607,1.1528307929303778e-10
283,64,-0.34405714068355575,0.3496535488117143,-0.1608928712507049,0.5277020883862324,0.6891930357805853,0.689193035893232,1.6344719682528456e-10
284,64,0.2917350824975937,-0.3772566525983497,-0.192048754830049,0.43062129269387167,2.0508886201021554,2.050888879900132,1.2667580965571715e-07
285,64,0.4646042707989269,-0.3656939662777336,0.29165461029526046,-0.6804400271305272,1.243186877907243,1.243186882468252,3.6688039304031074e-09
286,64,-0.2872415675053051,0.28636963095465434,0.10708738339623444,0.5137210798329814,1.1118329461425238,1.111832948266332,1.910186460792109e-09
287,64,0.4106213790127091,-0.5978224066035792,-0.5096101445076306,0.2524440669595672,3.069605385374719,3.0696262373673364,6.793053177723405e-06
288,64,0.6008457624387231,0.16467907573285445,0.14792516560167607,0.09235956078501675,1.1298911886590708,1.129891191025009,2.0939521750762765e-09
289,64,0.20916774913110855,-0.6390209740213301,0.31532403767250866,0.01026052633640144,1.6717218878293756,1.6717219309602225,2.580025254679435e-08
290,64,0.495908851495046,0.1364233092792046,-0.015173287670942386,-0.26906763725536603,1.4496251038295458,1.4496251178166082,9.648744603167604e-09
291,64,-0.11732038252009683,-0.21803201329898553,0.49593869820062497,-0.1390652190099523,1.3775668018494789,1.3775668113985884,6.931866745268565e-09
292,64,-0.4865456381370014,0.02927043832083492,0.16200504649685712,0.353184752971899,1.6192929785562122,1.6192930118184072,2.05411839851157e-08
293,64,-0.4814372814334291,-0.0010447877689247374,0.19250583799515822,-0.2857776487101456,1.6016072355027837,1.6016072659502882,1.90105937602615e-08
294,64,-0.3613415563503092,-0.5354924171223686,-0.46687660952170695,0.019244106702908256,1.5221830071388107,1.5221830275022328,1.337777518484099e-08
295,64,0.07909232220061152,0.5815002038457315,-0.4523388314172842,-0.30578348318108584,2.4167404020930134,2.4167417311359602,5.499320264833245e-07
296,64,-0.27830780258850174,0.08956341059167958,-0.5141825552781218,-0.29347002159381,1.1095473687776616,1.1095473708724954,1.888007597404131e-09
297,64,-0.042349916004731133,0.4491965476174651,0.10260576804846736,0.5490410710659344,0.4711858374146257,0.4711858374284472,2.933343577621915e-11
298,64,0.04735050415105387,-0.05926911117807901,0.6576970466834641,-0.08363673384561918,1.493785091883425,1.4937851094801189,1.1779936736153217e-08
299,64,-0.27439236824775576,0.6733071871878484,0.37974525527070024,0.24738597458162612,2.126794313670881,2.1267946806437004,1.7254739533794917e-07
300,64,-0.6424317980696196,0.23777756347006748,-0.6373103189050406,-0.18117845652803816,1.4147236704755681,1.4147236821151028,8.227426254566642e-09
301,64,0.030660998947553003,-0.11682401895105367,-0.14143655689874424,0.6812880999664942,1.9607703669260483,1.9607705384076723,8.745625031070864e-08
302,64,-0.30154466232580857,0.6809182879381738,0.06337533450481662,-0.523479431107869,3.075177952990475,3.0751992847503313,6.9367562405805215e-06
303,64,-0.4258432849269323,0.5781387956907182,-0.22365400186985607,-0.6927468222119377,3.4358422905378494,3.435932722676851,2.6320224083236618e-05
304,64,-0.2442481878284012,-0.5935084862984701,0.4664432417050363,0.4372558164094442,2.9948983326963288,2.994913685269303,5.126241784783927e-06
305,64,0.09077956009766534,0.37173263540275414,-0.059859227174206574,-0.6014887341646885,2.2028786200379535,2.2028791368578164,2.3461113935403495e-07
306,64,0.3161643740674994,0.13678630385627952,0.46251362621941955,-0.1119568717858748,0.6855600918742257,0.6855600919835184,1.5942101547022837e-10
307,64,0.2002587138393695,0.5278574284912033,-0.5862989643607498,0.0009308402316274833,2.2944051039881863,2.294405880634234,3.3849560660557394e-07
308,64,-0.3218708572792857,-0.6748123370652942,-0.19794882973686403,0.6506867244847899,3.4619358732625685,3.462036041067046,2.8934043883151485e-05
309,64,-0.4340321309040607,-0.5828270525939683,0.08759399484143013,0.2453569765632153,2.362434707992159,2.3624357560519305,4.43635444343892e-07
310,64,0.5418703885551835,-0.42646370196069044,-0.1265561797975705,-0.46488859478956435,1.8394731697366746,1.8394732667614246,5.274594465867796e-08
311,64,0.15053313576489624,-0.49308740951267216,0.3783604606900739,-0.42565698215533754,0.6624977241116397,0.6624977242015868,1.3576976577734469e-10
312,64,0.2730766841105554,-0.13694692192330807,0.2692780722238322,-0.18311512387706583,0.1028637173929843,0.10286371739299009,5.6259268695779475e-14
313,64,-0.32697007341399775,-0.1391941056220544,-0.017422702816285815,-0.4697920741306501,1.049151441894567,1.0491514433427491,1.3803364899668552e-09
314,64,-0.07894865721206606,0.02784802162260537,0.10201789391741287,-0.5921629757367455,1.4822681061565732,1.4822681227355587,1.1184876372167294e-08
315,64,0.6411147306713528,-0.11722384937832615,0.4415959796289848,0.42389438183664596,1.7079490668916413,1.7079491184061741,3.016163295514844e-08
316,64,-0.6328567908086394,0.21951283893281145,-0.419571672161418,-0.2976677236851392,1.585790575845312,1.5857906039682537,1.7734335278255885e-08
317,64,0.16256669707383606,0.1683461555425827,-0.2308521547535732,-0.22068730144879467,1.1385743635044956,1.138574365995628,2.187940016316906e-09
318,64,-0.4809375592433862,-0.24925851371761618,-0.090090912609527,-0.3928651217873999,1.0356563551880582,1.0356563565192836,1.2853929254679666e-09
319,64,0.17072410217179895,0.40026857683260153,-0.2681170963562989,-0.10175857647849627,1.4229864871243572,1.4229864992836425,8.54490570808816e-09
320,64,0.12164536828094062,0.32038026536821046,0.3505877122224951,-0.5491334975867951,2.109638395417938,2.109638734949604,1.6094306354841874e-07
321,64,0.1898686696535004,0.3741340876016582,-0.4809501004500104,0.5252424949737929,1.8724168776101695,1.8724169910086017,6.056259882930752e-08
322,64,0.2730277069718406,-0.02555295511749136,-0.5727810970172257,0.4031545816685251,2.254453475011203,2.254454125545483,2.8855520284124813e-07
323,64,-0.11732959624040182,-0.24089109804261516,-0.1167749784768937,-0.3896238801900805,0.3363907154960994,0.3363907154984478,6.9811654860182764e-12
324,64,-0.44003330595381734,0.08189448546406955,-0.26724906378516433,0.33204189643152116,0.7349930079381842,0.734993008101429,2.2210381498480645e-10
325,64,0.39789144826376904,-0.39514751687637567,0.04409444916731399,0.00470099317275301,1.214834711448455,1.2148347153308665,3.1958351756087848e-09
326,64,0.13078560935973285,0.6765325835067771,0.1978691836081953,-0.6577850863001431,3.3215126199969105,3.321570182422611,1.733018425222962e-05
327,64,-0.42505498984716,0.11216328109149523,-0.4944380544526981,0.5257148740798216,1.2632216408876045,1.2632216459925318,4.041196892516494e-09
328,64,0.03480926201735889,0.1935527226708431,0.6824595301373391,0.2386979249189637,1.7033888359500624,1.703388886329684,2.957611352284486e-08
329,64,0.30671282143147627,0.10771626658739462,0.6272873663919329,-0.16011371936327443,1.1024653073953719,1.1024653094027042,1.8207668639681661e-09
330,64,0.6028177460871005,-0.13279084567194283,0.6565378333262162,0.209912663496339,1.1523330828136242,1.1523330855156073,2.344793464684373e-09
331,64,0.4602983160433341,0.27507076314665485,0.1569589069009904,-0.3839056449869117,1.6831892624240794,1.6831893080568945,2.7110923353008474e-08
332,64,-0.3664680441082276,-0.08551742654122724,0.2572823422355408,0.6967349243486746,2.511396468927265,2.5113984726336844,7.978455191135198e-07
333,64,-0.300046923782795,0.10570782688436861,0.34911695018736494,0.3688407891654456,1.5541779105653197,1.5541779345362734,1.5423558334929726e-08
334,64,0.21528388566842938,-0.3713544376723954,-0.5322893112324858,-0.24437911046837357,1.8129597275969223,1.8129598131153744,4.71706297695553e-08
335,64,0.2555431784400231,-0.29607531735080284,0.3763882545588245,-0.5318533485964443,0.7418380169011575,0.7418380170734498,2.3225055553841056e-10
336,64,0.21392216053391072,0.7060251632564446,-0.7093528745675858,0.11881177209740613,3.1665812664356596,3.166612189489953,9.76543839912387e-06
337,64,-0.1119226948784415,0.5382083255264738,0.7155279716909092,-0.06212549618612786,2.660494029914127,2.660497823622609,1.4259413625323686e-06
338,64,-0.21185066638365055,0.33919018026062514,-0.11154611006636886,-0.3812894489628356,1.564992891448275,1.564992916769593,1.617982950064824e-08
339,64,0.45462592637584576,0.4643805232513023,0.16069965264001512,-0.5075967726892753,2.4749094393093176,2.474911150610779,6.914602345628889e-07
340,64,0.05164697837313673,-0.11410107927511359,0.33605610461984387,-0.4973041113956509,1.1399933738016417,1.1399933763138008,2.2036611835685387e-09
341,64,-0.4260823372828815,0.5046769496414647,0.40390671411767054,-0.441601127228021,2.9684877151221647,2.968501485382109,4.638813182269025e-06
342,64,-0.43471043426042577,0.6110534804763277,-0.32776336516697485,0.009517629552177817,1.7308901268293027,1.7308901844328917,3.327974902449648e-08
343,64,-0.5152221421151906,0.4845053349582643,0.5862535353685296,0.23222175635879208,2.9397912314307515,2.9398034628667364,4.160647822257493e-06
344,64,-0.399119248177809,-0.6135249890643993,-0.01296315936901421,-0.37808090971045694,1.3331408279112962,1.3331408354221033,5.633918735466876e-09
345,64,-0.4770211103931049,0.02406723777207571,0.6188977132109732,0.03703308078427101,2.487311091850082,2.4873128975355354,7.259588314146391e-07
346,64,0.41970971754719233,0.40150584980777565,0.16300949435162063,-0.6136303168404168,2.565821197475888,2.56582372984234,9.869613884777085e-07
347,64,-0.49281971845074823,0.3711709048125573,0.43008161341734663,0.06205762773053365,2.2445341351801567,2.2445347576281156,2.773172166095957e-07
348,64,0.16862035756700924,-0.20722107590700203,0.2824953580407436,-0.4419487368490257,0.6257140471139756,0.6257140471791596,1.0417533317968017e-10
349,64,0.4848355982801349,0.5060356308113669,0.06765393370698014,0.39423733782562853,1.2401981656230727,1.2401981701077018,3.6160584951825518e-09
350,64,0.17041249846272788,-0.6780732232579686,0.5278586244460651,-0.2537367598702928,1.7018526198226334,1.70185266982533,2.938133188942597e-08
351,64,-0.12165162271138608,-0.7241179306082745,0.49078848273662307,-0.23725931246516585,2.2463763149019087,2.2463769424753464,2.7937146305289213e-07
352,64,-0.6462368064196033,0.09382352512129376,0.16612184876293112,-0.28250508151735015,2.0967434232993747,2.0967437435233536,1.5272444655397754e-07
353,64,-0.4031536768264603,0.02386580443481816,-0.23116553187337968,0.6050744881746074,1.5722673428389158,1.572267369108672,1.67081993198015e-08
354,64,0.010661118933697018,0.251906917769241,0.3708404084865526,0.20646573702362564,0.8066092558051253,0.8066092560872566,3.4977446176967624e-10
355,64,0.49269671704948503,-0.13412456237545284,-0.6027755519229521,-0.10282365383783726,2.5094659552273417,2.5094679423109323,7.918352454317211e-07
356,64,-0.7221110346393207,0.057211321140701335,-0.07286567004776726,-0.14141233702274372,1.7592548806997734,1.7592549467843677,3.756396811302455e-08
357,64,-0.6772701108589853,0.29724876505011427,-0.1833402568842327,0.46242321106892204,1.6059005721552917,1.6059006032645369,1.9371837658762137e-08
358,64,-0.7189051268353505,0.05246349400847065,0.17965132370385595,0.37656238207327186,2.4076780489270875,2.4076793264541085,5.306054194533808e-07
359,64,0.4269707163775969,0.3752185695303781,0.09321456266501686,0.13846151670478823,0.9703600659503712,0.9703600668274143,9.038326447912542e-10
360,64,0.4282531632177979,-0.4388392150834565,-0.07924380607151524,-0.5747307317957754,1.4910756614051293,1.491075678757242,1.1637311965307741e-08
361,64,0.3350562719389197,0.6591767660512731,0.5007450983753973,0.32327092361768606,1.2936386632370689,1.2936386692836408,4.674081010151842e-09
362,64,-0.49689324598789864,0.40388004878899925,-0.0002190099174020712,-0.4551214871644049,2.3343098545787395,2.3343107807771823,3.967761353588916e-07
363,64,-0.3615348991540569,-0.5660702812140653,0.42364332835328455,-0.5180764782320235,2.309439783748469,2.3094406137567547,3.593981066308493e-07
364,64,0.13494826690599648,0.6555039112575225,0.19511061067300936,0.19165213025779385,1.2298954454566644,1.229895449686965,3.4395611187314405e-09
365,64,-0.6674216428300845,0.3388276407849014,-0.5475479918901633,0.3305555407218628,0.46717238028909425,0.4671723803022973,2.8261623164512092e-11
366,64,0.26029164943080235,-0.18185440362846889,-0.4204362599973865,-0.20133876841171014,1.4836630184633715,1.483663035162601,1.1255405942525179e-08
367,64,-0.2533372576401949,-0.6697252992417035,0.10168358879150914,0.3627740768972347,2.589964601047331,2.5899674094113796,1.0843252634756787e-06
368,64,0.3486165088608765,0.550168006453084,0.16411419921119766,-0.6259412775958002,2.9384127791250267,2.9384249410331904,4.138937949789129e-06
369,64,-0.3516975322027929,0.5437148818462139,0.29848224106776994,0.11997677790689133,1.867677754390469,1.8676778652800616,5.937297928335104e-08
370,64,-0.28609628318010943,-0.6106868108972376,0.042258552906869494,-0.6939295760011379,1.2026606131257094,1.2026606167464164,3.0105808970391228e-09
371,64,-0.4550459192305367,-0.5386197364556247,-0.1303188995168117,0.6017615115824939,2.9938710385116303,2.9938863263462463,5.1063771349410165e-06
372,64,-0.3782131228173337,-0.17092484048658146,-0.40207075886215116,-0.6101519390215687,1.3187641857567691,1.3187641927002243,5.265122619475078e-09
373,64,0.012060271125626795,-0.20412634184689704,0.3104239409849431,0.03167127057185278,0.7966037854858254,0.7966037857477634,3.288183166770057e-10
374,64,0.2913505988968027,-0.6588431826505176,-0.24915404464338678,0.0891134976942537,2.2522569741801495,2.2522576183909595,2.8602899998331186e-07
375,64,-0.40941147001902284,0.16404271238224621,-0.22813004451762048,-0.2886754555992039,1.1107396267687912,1.110739628878694,1.8995475142436892e-09
376,64,-0.12782055195741313,-0.031428876386445814,0.12898637241922353,0.4375048126474699,1.1480244304026466,1.1480244330369043,2.2946007341830652e-09
377,64,-0.3290473232427723,0.077863462703344,0.2840756023334928,0.32196075625120696,1.428339037212986,1.428339049720489,8.756676606474058e-09
378,64,0.2923767235216471,0.07289488483928933,0.4314544924565098,-0.6050152965630844,1.8798316671872466,1.8798317846206463,6.247016779268238e-08
379,64,0.08492397346733385,-0.13923518977824278,0.10649673963311679,-0.09788784598797023,0.09550783264924552,0.09550783264924952,4.1847906897111823e-14
380,64,-0.3462071931637189,-0.3868033907008458,0.09389235160078727,-0.23581741866087724,1.073337744657132,1.0733377463385143,1.566498872362477e-09
381,64,-0.3229705562043135,-0.3770641676676877,-0.2449495352698257,0.28965579392545465,1.5207221945148413,1.520722214726465,1.3290806026849648e-08
382,64,-0.4572161479161137,0.21907448597750034,0.5454805810923745,-0.09132357417901205,2.3466031713021507,2.3466041489682223,4.1663033767779174e-07
383,64,0.08180197641538389,0.13733478608238758,-0.12539596933099906,-0.31949402624252743,1.0351936091081553,1.0351936104355264,1.2822442973406142e-09
384,64,-0.28290054036223905,0.6587258835795647,-0.2934952048466212,-0.6682556934983377,3.495991143018851,3.496105554272013,3.272641390714242e-05
385,64,0.5398686841342635,0.3574411797290477,0.10046581672351935,0.30092314596841424,1.1598705071903308,1.1598705100146443,2.4350247999840338e-09
386,64,-0.4253115603531824,0.26485710776224647,-0.4316052576024635,-0.5719224182872071,2.2597654981156956,2.2597661641928277,2.9475497907722513e-07
387,64,0.36263747832813087,0.12499881389827838,-0.2803450832878554,-0.5210116218738758,2.062754812796094,2.0627550870788944,1.3296917247292337e-07
388,64,0.5062666142349387,0.3099446800006922,-0.0012490223777273978,0.4255554323101122,1.329422411687519,1.329422419047585,5.536288410197919e-09
389,64,0.6886586595180167,0.016049354009750803,-0.11570172488625104,-0.4457935870420253,2.3237215354657623,2.323722419455056,3.804196330210935e-07
390,64,0.5331044533342716,0.16297521407646245,-0.4518453391019043,0.45970929539452027,2.519800414387956,2.519802492051034,8.245347790891606e-07
391,64,-0.4925563594914927,-0.13117021098736473,-0.6490260167233338,0.15784826574837038,0.9861612551780747,0.9861612561498361,9.853980096682573e-10
392,64,-0.3157133314720666,-0.18794060261549897,0.28038744729466386,-0.3219452087452549,1.3484132244230211,1.3484132325836446,6.052019783305024e-09
393,64,0.3669504794556443,-0.2866432935052598,0.2626407058141864,0.4767506466059416,1.8157609760465618,1.815761062715959,4.7731721497442155e-08
394,64,0.058704627601029465,0.7193779328206339,-0.17620760673167654,-0.5037457399961804,2.9987590707103253,2.9987746689823247,5.201575595627366e-06
395,64,-0.23715982604269825,-0.2795437394673312,-0.4599174835984149,0.39886232081107587,1.7162603177970424,1.7162603714429812,3.125746033163756e-08
396,64,-0.37267827171453205,-0.053047859265854765,0.10901604009033528,0.7095557971197446,2.2742580681721387,2.2742587785109953,3.1233872117037975e-07
397,64,0.6539313215068588,-0.29833859615492936,-0.362867372737432,-0.3803909670778504,2.626687547102283,2.6266908324060996,1.2507402413245935e-06
398,64,0.4673812497291738,-0.5179303614675624,0.04001485841534214,-0.6795059278044964,1.5735639129153716,1.573563939357663,1.6804078468310863e-08
399,64,-0.6724357363019414,-0.11031235797215257,-0.7003523301552953,-0.021930926899990637,0.3531608101484245,0.3531608101514479,8.56101459994894e-12
400,64,-0.5386124310968206,-0.18342145167931373,0.005448225354097917,-0.21847038699638477,1.2713993123647043,1.2713993177084335,4.2030298309231935e-09
401,64,0.5708260171934335,-0.11187300544760485,-0.6211956244160993,0.13790116668456354,2.833799154846099,2.8338070280632195,2.7783257352645458e-06
402,64,0.3240377808619249,-0.5627071360959695,0.07347397875720656,0.31897203405326774,2.1268664502051817,2.1268668172977967,1.7259786806874977e-07
403,64,-0.40955916474354676,0.394452574963777,-0.4539195131693858,0.25251443655287703,0.42002165691828536,0.42002165692578636,1.785860252137964e-11
404,64,-0.26586223940513376,-0.11051705082447588,0.11636712903841052,-0.07570087417293489,0.7887940614588238,0.7887940617058945,3.1322585869584e-10
405,64,0.2876912598655506,0.16979312203344465,0.1741981901312567,-0.06559184326480011,0.5571189005969248,0.5571189006311719,6.147170667503511e-11
406,64,-0.6369253009147582,0.3786203541861161,0.31377133918333966,0.509506875058891,2.6848805060129943,2.6848847133688363,1.5670551566531998e-06
407,64,0.2213274797704036,0.39777425035109937,0.5405829148008643,-0.10015260503934177,1.4579520249779105,1.4579520395872843,1.0020476298597445e-08
408,64,-0.15791672439855284,0.3235024155463864,0.40951684774346486,-0.010621868931391033,1.4240298475663964,1.4240298597928367,8.585803398380028e-09
409,64,-0.1797670116510886,0.0776130036672629,-0.1273526057552495,-0.21156789646818663,0.6090848739130785,0.6090848739691522,9.206221273824898e-11
410,64,0.16713293459609038,0.0028441752630381668,-0.08133903881926163,-0.2294940598771642,0.6972608106796192,0.6972608108000334,1.726961164244475e-10
411,64,-0.546758458505992,0.10953772924296229,0.3796489909803685,-0.5058244721217944,2.631526606937509,2.6315299607067906,1.2744576750843083e-06
412,64,0.11526044833893588,-0.25205114940539325,-0.0757313681363802,0.37576677752853666,1.369398151859459,1.3693981609987815,6.673970327485528e-09
413,64,-0.28553933689887,0.042103628109116,0.01344554213480665,0.1293757416780001,0.6449506132618866,0.6449506133391657,1.1982168935328798e-10
414,64,0.3020133553867191,-0.6644414689764708,-0.25915931499410316,0.2694735866905538,2.620289357084174,2.6202925539545627,1.220044793988946e-06
415,64,-0.30781721114370963,-0.6244757990882902,-0.3170055027806583,0.08598082385950284,1.829758825794442,1.8297589184410104,5.063321302838069e-08
416,64,0.2934264778518051,0.6502191600173575,-0.18694262503123035,-0.2122958959625269,2.3546162190145874,2.3546172317148977,4.300914527380977e-07
417,64,0.5379544624344198,-0.08719324382921852,-0.4760508579883702,0.04360018438749868,2.262328368009623,2.2623290417140325,2.977924951652888e-07
418,64,0.5127249405530746,-0.44237995056637647,0.3280600961525096,-0.3195361363800432,0.6657807224662671,0.6657807225587732,1.389438155214936e-10
419,64,-0.4671071108424809,0.15477090135072627,-0.5252797806701333,0.11384986134497373,0.193465190298865,0.1934651902990038,7.174708454752676e-13
420,64,-0.6211996717295608,0.3437026083177632,-0.1585837602287689,-0.19986726197856564,1.830113266625992,1.8301133594289214,5.070884465654417e-08
421,64,0.4354198966501948,0.3325472225810227,0.11209727905971628,0.23576904560500653,0.8132601396301596,0.8132601399264611,3.6433782181015523e-10
422,64,0.1191151922826861,0.25966971983711556,-0.5912502934822531,-0.08410661821286254,1.8002420813332178,1.8002421618079325,4.4702162839276684e-08
423,64,0.612574326502966,0.30143985245642824,0.22210995643060927,-0.13793932226712408,1.5171699102437568,1.5171699300906931,1.3081551501002717e-08
424,64,-0.2739152815948241,-0.5945188813591398,0.04664050297680945,-0.04184236271750716,1.5375914277742917,1.53759144980578,1.4328571305376986e-08
425,64,0.08054289451117538,0.48860694614715994,-0.4359230233712028,0.585410875316778,1.595063216248516,1.5950632457129925,1.8472293833955042e-08
426,64,-0.6202897125902644,-0.23969387137751189,-0.1450387873149183,0.389552872457203,1.9813735830859298,1.9813737717555975,9.52216529367887e-08
427,64,0.21427302350998936,-0.1764277442288274,0.49228165478420866,0.48155011075035903,1.7984354137712697,1.798435493553001,4.436174388613331e-08
428,64,0.6754284984616689,-0.2851944102635519,0.3175904616343114,0.16024531523445013,1.616247208824143,1.6162472415846312,2.0269478531019352e-08
429,64,0.36764604948243057,-0.6487988182482187,-0.2533102766935771,0.19164983600169685,2.5545924277293217,2.554594840929122,9.446515906953751e-07
430,64,0.39297669568589516,0.23574380926510724,-0.5348725549703293,-0.12565093488083603,2.2061931236209906,2.206193648165003,2.3775978929939582e-07
431,64,-0.059309545360242674,0.14407166815375383,0.35651530120311675,-0.0425438321516727,0.9523590262881796,0.9523590270674993,8.183045451938421e-10
432,64,0.1594327247895082,0.4960885971746562,-0.39265581459779836,-0.3064686117533012,2.176582276488559,2.176582735814988,2.1103104341782531e-07
433,64,0.1636473231476625,-0.0842150482470807,-0.2029014911429771,0.011518292056510933,0.7682529195360914,0.7682529197475366,2.7522862498760616e-10
434,64,0.08165778296543895,0.1658562827279753,-0.4155930356956981,0.4407554416054363,1.3487346692094964,1.3487346773843438,6.061123549538825e-09
435,64,0.30550083967954417,-0.4514294840204356,0.09262303808988775,-0.534051989831764,0.6373759729464512,0.6373759730187559,1.134412353738348e-10
436,64,0.45261734443688834,-0.5275912064037784,0.3894208991798098,0.5234994858696969,2.8263962629976893,2.8264038963680362,2.7007431501592395e-06
437,64,-0.1894487628447277,0.13838134216963643,-0.5850724718580843,0.20259271844404456,1.0070150923866832,1.0070150934975415,1.1031198068809968e-09
438,64,0.2637106089927397,-0.08416483820162092,-0.33607547380498876,-0.506552202087395,1.7077325539262798,1.7077326053863822,3.0133584022405606e-08
439,64,0.0646190671332257,0.7055695851382061,0.06342783669850235,0.6685305869001719,0.1416232167159792,0.141623216716008,2.0342912805603702e-13
440,64,-0.0622575550932297,-0.40251370224458694,0.04095683827761561,0.6843645118881921,2.5421559320792726,2.542158219677616,8.998654702219473e-07
441,64,-0.1602541553829348,0.6442095426433094,0.08201642979585216,-0.29948558861627195,2.2414356799721125,2.241436293890787,2.7389528954546915e-07
442,64,-0.19398791346165123,0.4296974251927096,0.5660752621492492,0.4525958935317634,2.0970051832859506,2.097005503891085,1.5288714448396117e-07
443,64,0.014174452835665227,-0.2727325827563189,-0.15629822617461092,-0.12813791441874306,0.47018964181271333,0.47018964182637896,2.9064068989533168e-11
444,64,-0.5468105538603983,-0.2396963504609217,0.44562117328757084,0.04381594248276297,2.320796794924028,2.3207976675877933,3.760190324110854e-07
445,64,-0.16620646729971994,-0.28333951571787575,-0.6684303609299129,0.2714559829544925,1.9594999366094712,1.959500107082164,8.699805989574784e-08
446,64,0.21735458352532236,-0.12465632678704269,0.4353205298200878,-0.5277443012683084,1.2207335565691237,1.220733560584519,3.289329868870022e-09
447,64,0.47957842452339455,0.36882139053656154,0.058441666833363666,0.07143567181444903,1.2229032097962798,1.2229032138616365,3.3243487181685866e-09
448,64,0.3670123690862167,-0.5724040934009627,-0.38209932668027485,-0.3133338542214474,2.086948041931406,2.0869483482028977,1.4675568608791023e-07
449,64,-0.22941191832127736,0.6782387813031016,-0.6266758544012343,0.3187756794097144,1.8725937907588084,1.8725939042519435,6.060745030352728e-08
450,64,-0.31278814982995234,0.3727287946840413,0.622686533951574,-0.18282097893111657,2.536756740513754,2.5367589755902067,8.810763827330848e-07
451,64,0.22479019984271875,0.6349459919097099,0.20933719028154185,0.041463696651397076,1.4997557496860663,1.4997557678332454,1.2100089695647546e-08
452,64,-0.35425707048229543,-0.5140336494449618,0.13221023471317972,-0.09516978275995037,1.516264608435643,1.5162646281906376,1.3028724946294333e-08
453,64,0.3766788531822917,-0.3400280288560891,0.6920332432295625,0.09441758296837481,1.5736048724095155,1.5736048988572768,1.6807117071157068e-08
454,64,0.2742488052154617,0.30299370354493094,-0.6027208618294343,0.3304287531347293,2.185490790497188,2.1854912685691694,2.1874811078432635e-07
455,64,-0.6013066511518909,0.15378759997451288,0.43242188367586154,0.01866632915344975,2.3615477630073447,2.3615488069962427,4.420782481519293e-07
456,64,0.24215114293348033,0.022394894457889742,0.49903910436089255,-0.43299808388930794,1.3348487638630089,1.3348487714440136,5.679298597794931e-09
457,64,-0.35495795486490306,-0.3520569079586859,-0.4322391382108123,0.11018046033080639,1.1455566429079875,1.1455566455041604,2.266298090402152e-09
458,64,-0.5967910325208469,0.3905866581559434,-0.39560060418998044,-0.5142532539016754,2.639774556950119,2.639778030639503,1.3159038051151977e-06
459,64,0.14410782194493404,0.619683315752016,-0.5244716521869204,-0.31936912406234835,2.789551341646704,2.78955788351402,2.3451324297888994e-06
460,64,0.4283165434698549,-0.06092062557107651,-0.28035826042713063,0.22134512948236698,1.6264350287346425,1.6264350632020437,2.119199386786457e-08
461,64,-0.06103743771368827,0.2596920287894105,-0.522292867627341,0.4836377075615639,1.3982523482145648,1.3982523588795182,7.62734522026638e-09
462,64,-0.16381552705521654,0.6601092738427147,-0.08281957532685987,-0.14116356689053625,1.9189206702364323,1.9189208113269862,7.352599619940529e-08
463,64,-0.06797824363992483,0.6403123925142744,0.16957796623062507,-0.12145207943340534,1.8550898062414467,1.8550899107231202,5.63216256073605e-08
464,64,0.18220110304675805,-0.18575271040178692,0.42009763547815326,0.284288202689828,1.1940035015526296,1.1940035049972357,2.884921318394479e-09
465,64,-0.20908563106462796,-0.5046477882885582,-0.32554850366662047,-0.5854380348535755,0.4519617381497829,0.451961738160848,2.4482367315816487e-11
466,64,-0.3479777439123253,0.11976108310888321,-0.6288411659778057,0.03127755864087705,0.7942380183031487,0.7942380185605021,3.2402562699808596e-10
467,64,-0.08532102280897917,0.5236970203301443,-0.6875892343064682,0.04112188837636066,2.102632521760509,2.1026328506667054,1.5642590566668402e-07
468,64,-0.14187073943046602,0.44037785981519323,-0.25196782159269016,0.05497182534575762,0.9047338910282233,0.9047338915942943,6.256767580957176e-10
469,64,-0.5934519558646564,-0.017987234670133422,-0.26138269211332427,0.619481879729839,2.04057214748109,2.0405723952887946,1.2144030530092217e-07
470,64,0.6967949536843088,0.206335618425802,0.011353172462646683,-0.31357833610680197,2.179942797469266,2.1799432637817566,2.1391042525731852e-07
471,64,0.00589533014369637,0.37831820701616264,-0.03645238634848143,-0.564327283651529,2.0776257166957044,2.077626010235618,1.4128623425794264e-07
472,64,0.047303914154349806,-0.7051275048120885,-0.2630509558242502,-0.136830453336308,1.7031796929468137,1.7031797432749614,2.9549523081915187e-08
473,64,-0.33928362223617226,0.29799544988906107,-0.2566047045426277,0.31370454796756253,0.20598797115998424,0.20598797116017506,9.263627447898176e-13
474,64,0.42774245770802505,0.5190798205183612,0.36906170332211485,-0.3042083582962966,2.1201320096636977,2.120132365734283,1.6794736546500975e-07
475,64,0.2722200333025511,-0.5649698579999964,-0.3203253785892134,-0.4999016610451419,1.6927172524688683,1.6927173002850218,2.8248163366569074e-08
476,64,-0.2672041039060426,-0.2881388622078179,0.5309126820743172,-0.37880439532355126,1.9701867139272857,1.9701868930684265,9.092597140359827e-08
477,64,0.4701554927565751,0.17145514083105,0.48973679805217996,-0.17452713880573217,0.90584940079376,0.9058494013641569,6.296818780180223e-10
478,64,0.39139843580105455,0.4677012703878852,0.47068256661114993,0.1807731522966775,0.8445819822474462,0.8445819826192767,4.402539648637686e-10
479,64,-0.19378199589858575,0.19965067452654833,-0.6913718929314452,-0.10241075507665014,1.5384295214587274,1.538429543584547,1.438208205984705e-08
480,64,0.6014024670014185,0.16019363204245582,-0.3813551042072696,-0.09591122276711632,2.288930258402928,2.288931016457866,3.3118306473068654e-07
481,64,0.5308829360627532,-0.5259920130145542,-0.5715492120808314,0.19559792461063544,3.2857676712610995,3.285817591662562,1.5192918811324436e-05
482,64,-0.615968907997492,-0.23771271474432487,0.5128294472374594,-0.02651392955503604,2.6832651446667923,2.6832693233113822,1.557298427331417e-06
483,64,0.08229010551159599,0.37843612870065385,-0.5575867094580051,0.4488359578006377,1.762567340839943,1.7625674079893827,3.809751731492019e-08
484,64,-0.39606303010783384,0.003990068946973217,0.3419849391092546,-0.6430033226418851,2.455005822850889,2.45500739263758,6.394227973908601e-07
485,64,0.6417800499297164,-0.11123472807368735,-0.265213947706522,0.6205788258672296,2.958885676992195,2.9588989124078964,4.473108171806845e-06
486,64,0.35429672077176944,0.3217380081277813,-0.5524416514176215,-0.1505930571556205,2.299420487759842,2.2994212818251465,3.453327953056675e-07
487,64,-0.1844738816258194,0.7018677393443553,0.33490355370447744,0.5739428460917435,1.8192959113939104,1.8192959995368867,4.844894978278451e-08
488,64,0.5746640690735908,0.04197264759187892,-0.10081805841126693,-0.03511766331421545,1.5220083607104316,1.5220083810556482,1.3367348792377086e-08
489,64,0.16594305194930745,0.603113890005054,-0.024038875286837437,-0.6092712307003547,2.8733516884236643,2.873360973302985,3.2313758729608643e-06
490,64,0.3678723771821276,0.14079126440713255,0.5062957283362143,-0.14763292338253245,0.7979803897340246,0.7979803899986632,3.316353844203956e-10
491,64,0.48946745567846606,0.06931293739978996,0.7106332455736432,0.23051954325031476,0.9150307957350821,0.9150307963422231,6.635197492461116e-10
492,64,-0.09514515834221322,-0.08494284672555734,-0.47768340104531953,-0.24157405217781353,0.9506197644302709,0.9506197652006873,8.104359136757998e-10
493,64,0.4331870343088691,-0.6101607434611104,-0.21610669786506828,-0.1903570482763655,2.0537710966230835,2.0537713598701353,1.281774060145318e-07
494,64,-0.159409641195286,0.21553678146242355,-0.18976028539022946,0.07915803141736064,0.2953052922109632,0.29530529221216184,4.059027454476654e-12
495,64,-0.09318941862526971,0.5231881160979654,0.28347725200221496,0.4013202194632692,1.027379713755029,1.0273797150188295,1.2301202785984815e-09
496,64,0.34237317118823907,-0.44683477521383386,0.5197430253931876,0.2680568508868576,1.8988332421815453,1.8988333705945342,6.762731242341473e-08
497,64,-0.5086189325117344,0.19334037875894688,-0.6083841360544889,0.32701877051814315,0.5431531522219734,0.5431531522517766,5.48708423035492e-11
498,64,0.14151078383395385,-0.48516426898836523,-0.059985707901832185,0.407952635328342,1.9862959156712547,1.9862961086866218,9.717352057154329e-08
499,64,0.1118269179748196,0.0927497139112863,-0.10833124768942498,-0.10847925281615005,0.6010539399437405,0.60105393999582,8.664707012704825e-11
500,64,-0.27207103236781693,-0.6638397618929863,-0.37881083280651384,-0.23872148599534776,1.311342130363109,1.3113421370295302,5.083662789817452e-09
501,64,0.3825393842199002,-0.007539112124874658,-0.3828524431257814,-0.3627657948202817,1.8668158764021126,1.8668159868411998,5.9159067910593623e-08
502,64,0.33658340621920785,0.43505278666995684,0.23827366129514865,0.009482463696452377,1.0308337249722506,1.0308337262638034,1.2529206538058183e-09
503,64,0.11511978948294199,-0.3416452854230388,-0.14810392433747832,0.34162861689221474,1.5361221749698135,1.5361221968368461,1.4235217084542489e-08
504,64,0.27733020017906074,-0.07062300843501584,0.5364982099419933,0.4969961839851016,1.6981437856058335,1.6981438347095779,2.8916128787294546e-08
505,64,0.49158703652456237,0.0875590633918318,-0.132853982357569,0.529676122516104,1.8382698647676932,1.8382699612395508,5.247970358569415e-08
506,64,0.6442594561402191,0.18438383144866133,-0.08029435089929708,-0.7393504490434332,3.1925220582507055,3.192556396233647,1.0755754326820955e-05
507,64,-0.3695055398351612,0.5978940242164977,0.12358753115362142,-0.004003135126583898,1.9038015585886054,1.903801690031191,6.904216717840814e-08
508,64,-0.32885256962380405,0.40069680235767324,-0.057548879305008446,0.37515686517301433,0.675919941487577,0.675919941588386,1.4914344377859173e-10
509,64,0.31532058045125405,-0.5712943854230337,-0.6386881952961271,-0.3692784603427364,2.8019040995126816,2.801910989141837,2.458909695153589e-06
510,64,-0.43433357650541493,0.4620654193957826,-0.5392328455763524,0.3727320034810119,0.46765948752903336,0.4676594875423102,2.838993848865432e-11
511,64,-0.37328739982750997,0.5578251197129304,-0.019431293110384825,0.7240816555922317,1.410216905071859,1.4102169164367577,8.058972175806488e-09
512,64,-0.282208406811735,0.45654502740100017,-0.38975659921035527,0.16086466496501428,0.8009000803444632,0.8009000806149108,3.37679518180106e-10
513,64,-0.31966697751336415,0.08819435051333321,-0.23182932358400876,0.42329204337189824,0.8157056622263807,0.8157056625280479,3.698235156202306e-10
514,64,-0.34866251333541604,0.10069904878157573,-0.4737713900216559,-0.452453385144088,1.4739927979663658,1.4739928138485947,1.0774970466142064e-08
515,64,-0.27439799158209494,-0.373462516083635,-0.07057969942873321,-0.6751787628467717,1.0677454004635358,1.067745402088155,1.5215416570333737e-09
516,64,0.1598387981056568,-0.5096019775828732,0.27307683432365404,-0.5981566195668038,0.4476212886769651,0.447621288687476,2.3481737194411297e-11
517,64,0.44182200255648896,0.07898684324605657,-0.7386005805847841,-0.08943397785980808,2.884531661754539,2.884541388606093,3.372073076176685e-06
518,64,-0.37849179031359453,-0.502760992511971,-0.3194336245098502,0.17463004915926902,1.6757260343039628,1.6757260782932217,2.6250865595947836e-08
519,64,0.0930082862402377,0.062453146697847,0.09982474373990854,0.14252016605993165,0.16405283009886903,0.16405283009892943,3.6815050678010144e-13
520,64,-0.005044480064328973,-0.6665969667144283,0.11512711837393785,0.1265189899253797,1.8902547687397988,1.8902548920790585,6.525007196604557e-08
521,64,-0.37393045152580034,0.23667936822645214,-0.499409534733658,0.08313788589155217,0.5073701553046037,0.5073701553251823,4.0559222212400526e-11
522,64,-0.31302335397248987,-0.08766789518432483,-0.363418671767246,-0.05609994884450163,0.1351349313608519,0.1351349313608746,1.6801030366425106e-13
523,64,0.22310673622501506,-0.5442856373535947,0.14802090979691285,-0.7149628093089577,0.6626807410721315,0.6626807411622198,1.3594520648259665e-10
524,64,0.429082803671291,-0.19151084559459242,-0.43271055396033775,0.18187202185754708,2.0382886999894096,2.03828894521636,1.2031021430035286e-07
525,64,-0.2148928346267595,-0.65014012034311,0.420434810567673,-0.19005762634246928,2.0487732204827065,2.0487734777772806,1.2558470186867675e-07
526,64,0.6640158640989662,-0.2618101169534312,-0.6680161104720994,0.11668320448169656,3.4312904640386104,3.431379294569156,2.5888373915446108e-05
527,64,0.24471090557743846,0.5652244412272052,0.4471338554953495,0.1047334419228151,1.3359722460811179,1.3359722537086312,5.709335137776157e-09
528,64,-0.4170051361454882,0.3385163971679116,0.40627534855225417,-0.27844948968461736,2.2776456148080246,2.2776463358975607,3.165942635649462e-07
529,64,-0.508100589255618,0.4052802010302165,-0.3023166600672041,-0.03422360528686357,1.2563876095918183,1.2563876145048052,3.910407002332361e-09
530,64,0.36423433331683286,0.327140414931321,0.42671786628011016,0.25526460347379387,0.2511186111715975,0.25111861117212014,2.0812375729696803e-12
531,64,0.21365833223450195,-0.3427099855078149,0.13688773893347086,0.6711487485386077,2.417634760505715,2.4176360947410718,5.518763126095681e-07
532,64,0.01799784377176596,0.45334480232548935,0.2134053480261983,-0.045107996662891725,1.1643154387018175,1.1643154416006334,2.4897169252144526e-09
533,64,0.5581835088378257,0.467484350597076,-0.5436264366647249,-0.017531946136586613,2.9687902857636717,2.9688040732156566,4.644131332249265e-06
534,64,0.6302633619529417,0.20059478262056082,0.271360841210256,-0.21737176381580814,1.439322899832396,1.4393229130839726,9.206812957932902e-09
535,64,0.33616876696282716,0.1397537334273062,0.3966279311605712,0.6007715547170732,1.3367330939377626,1.3367331015969228,5.729760286250686e-09
536,64,0.6638997081832959,-0.11028232418790863,-0.29241477823619005,-0.4803717474440705,2.577822248360576,2.5778249144366208,1.0342357959386685e-06
537,64,-0.39700533806455635,-0.03661655603990577,-0.21923636793961263,0.10878672161411147,0.5109807634837397,0.5109807635051231,4.184785826379409e-11
538,64,-0.6320457357941779,0.1998778206929732,-0.34415785017877476,0.2791670211678851,0.862785683490211,0.8627856839133585,4.90443368640538e-10
539,64,0.3894569073743816,0.5091095157492359,-0.1521648257390521,0.099523173248864,1.617291187182956,1.6172912201145964,2.0362220832330763e-08
540,64,0.7086191464979175,0.014401924787422903,0.3002990774212979,0.6153172077863718,2.2910629731584673,2.2910637384035333,3.340131087388755e-07
541,64,-0.28619105081107143,0.1976738750079095,-0.3710625861064086,-0.35617611843525326,1.3002123592977182,1.3002123655679172,4.8224422586212325e-09
542,64,0.004340384160332771,0.6580740792703889,-0.5208323622212474,0.4668869556174527,1.8168575944391785,1.81685768156317,4.795312073075548e-08
543,64,-0.1411139695508361,-0.6216693368606289,0.30430215655667275,-0.45990676091163923,1.3659216826492224,1.365921691619179,6.566962563993715e-09
544,64,-0.3404367836358517,-0.008122894767096158,-0.10340425105290214,0.6356932127328019,1.6967113535894187,1.6967114023501073,2.8738352280594747e-08
545,64,0.6882406650027982,-0.15204475205068946,-0.5785585776539316,-0.23462752176667,3.133313208143928,3.1333402329441813,8.624991648757725e-06
546,64,0.5616657614141833,0.09107017765054749,0.1543815519419772,-0.6982477813131654,2.4391285803964404,2.4391300455347285,6.006810382205577e-07
547,64,-0.5658242535284619,0.35425819919800405,0.2675639457985547,0.1854344994961661,2.041989067112041,2.0419893165343135,1.2214672283541715e-07
548,64,-0.4452363156724927,0.3866989414495617,-0.6093337636751724,-0.08886252890255349,1.4506126426201988,1.4506126566797413,9.692141103761859e-09
549,64,0.6374084528723158,0.2957193497072098,-0.5796816291931287,0.2876148262332775,3.095193404581315,3.0952165500110884,7.477862203686775e-06
550,64,-0.16381343957263708,-0.16478867195805877,0.4626299900948545,0.19088307319586065,1.5508195048318272,1.5508195283975021,1.5195627146519454e-08
551,64,0.1152113596414286,0.37957318691679187,0.030199194167115997,0.03170897974750062,0.7623638608183093,0.7623638610204096,2.6509695285021614e-10
552,64,-0.31654784279072046,-0.0054549745508682785,0.37152812768414817,-0.5186630574752908,1.9999842100850223,1.99998441569847,1.0280753557284207e-07
553,64,-0.016245394662784265,0.14837230575385343,-0.25288966594994083,-0.35346695341400686,1.1769662804118757,1.1769662835327248,2.651604541790657e-09
554,64,-0.524641952070484,-0.12313857418168744,-0.07595974695010857,0.08694448690440114,1.1240727168973486,1.1240727191826474,2.0330524926921324e-09
555,64,-0.4453873546988672,0.37810574988211776,0.0034854310752349543,0.7077107898736312,1.7217862525473564,1.7217863076566742,3.200706109386425e-08
556,64,-0.07420786685049205,0.37324430423347704,-0.24011764173780512,-0.001136422528712853,0.8833191345664488,0.8833191350549437,5.530219963230626e-10
557,64,-0.004797830505758282,0.6632651621387023,-0.023591177553904722,0.1947630476757294,1.203874460447458,1.2038744640935086,3.0285969944198147e-09
558,64,-0.04662373038623721,0.7468981876318701,0.5269513108298921,0.1611557201473122,2.3684729518219196,2.3684740280092775,4.5438026094740705e-07
559,64,0.042967055337547994,0.6133303621334655,-0.36833897436603197,-0.4046711799911665,2.5641238549450587,2.564126368936803,9.804486391188422e-07
560,64,0.06667531519271087,-0.7167886358231664,-0.10568584861556898,-0.3185837795828971,1.245253527071748,1.2452535316862747,3.705692584188626e-09
561,64,0.0714373387590834,-0.16545746013367085,0.6695468868089053,-0.2141778402045798,1.5543272080432262,1.5543272320323485,1.5433765889241028e-08
562,64,-0.10634652274773138,-0.315366576751746,0.07803243004125483,0.26667246654133614,1.2624641199485702,1.2624641250318842,4.026501752911174e-09
563,64,-0.24297595526262558,-0.604208567341095,0.17324706636321802,-0.6216588984804396,1.3357257073254436,1.3357257149427284,5.7027313026497525e-09
564,64,0.3906824848339116,0.11480728925568334,0.3921856856427457,-0.5431159886812111,1.720361425517994,1.7203614802463874,3.1812148633970136e-08
565,64,0.13652128295187782,0.28163626262435215,0.44216083332290174,-0.45682114220598885,1.8874340674274865,1.8874341891409376,6.448620017835362e-08
566,64,0.5422010979600249,0.1736969613209539,0.36632067903877635,0.1777325045571678,0.46440970789848157,0.4644097079112725,2.7542350558816735e-11
567,64,0.06644808571902751,-0.29108271059329477,0.30751373573264085,0.0707144311146316,0.9266040306922368,0.9266040313486998,7.084611908973336e-10
568,64,-0.4497180353909517,-0.5874463005209339,-0.5309459384858706,0.33430210312795416,2.667848334677573,2.6678522487579457,1.4671300170349776e-06
569,64,0.067080648539343,0.24403766957117912,-0.3855764638213856,0.17983831386434404,1.0019433154135204,1.0019433164889902,1.0733837900215435e-09
570,64,-0.11982288482745905,-0.3400720801031825,0.3442459048900661,-0.44531335070614303,1.1670775458490483,1.1670775487950642,2.5242674629217503e-09
571,64,-0.1770495403505389,-0.44337587061938155,0.5743108487757022,-0.2868115840522477,1.952904137240373,1.9529043025661192,8.465635514389531e-08
572,64,0.030485864703336283,0.36924680914459884,0.24910529665824402,-0.5284509962338387,2.0645777418051794,2.064578018381219,1.3396252115083497e-07
573,64,-0.48048176647080487,-0.11359485973780414,-0.02424579517194052,-0.3564143289911822,1.1994137748662763,1.1994137784199872,2.962873159862972e-09
574,64,-0.400324201699662,0.2791154626572987,0.5174044721489647,-0.44620874577499314,2.7349750626503395,2.7349802625665762,1.9012664165463723e-06
575,64,0.285905042766723,0.550075499003619,0.08904790324490512,-0.10291652479177184,1.5838967016307801,1.5838967294869344,1.7587102898479862e-08
576,64,-0.27548999548067016,-0.004327472936714907,-0.7389580209363299,0.12682479062666913,1.3978346551006264,1.397834665741889,7.612676148050354e-09
577,64,-0.407045739276309,0.20478639544833077,-0.18387912700657894,0.4890131872805287,0.9194760329696264,0.9194760335953056,6.804736096449873e-10
578,64,0.08915858198273306,-0.3511654819105282,-0.49037782336930325,0.48493303295076684,2.3975820019019882,2.3975832243258832,5.098569700756271e-07
579,64,0.4453337061871924,-0.03796330005861079,0.03898310721159513,0.5936813846434402,1.8251008202272767,1.8251009108423037,4.9649326784127915e-08
580,64,-0.11739948026270308,0.409769241966064,0.0936795599961427,0.09882868103207285,0.8158925341524376,0.8158925344545183,3.7024568941100513e-10
581,64,0.06986510728292726,-0.5833114024170317,-0.009430665072989224,-0.5651220543190342,0.2431310367679804,0.24313103676842354,1.8226612536597885e-12
582,64,-0.18578180011513035,-0.07534988671370908,-0.4533201730166096,-0.5582473327955646,1.4823532551182703,1.4823532717045727,1.1189169838107153e-08
583,64,-0.36841736143554477,-0.3542772531015492,0.5585930370117306,-0.08628619188358404,2.2301388123444488,2.2301393961159786,2.617646608146587e-07
584,64,-0.33220722220565774,0.5324090173377587,0.4008311967987757,-0.23062952436175765,2.4255996192670795,2.425601000624285,5.694910217405567e-07
585,64,-0.604681687306811,0.03690557298271919,0.3356464764860935,0.16381793147831716,2.1393378168484904,2.139338205231035,1.8154334546355141e-07
586,64,-0.26456160710839155,-0.6728942825131339,0.027132337172041086,0.6609533024822928,3.3928377054853307,3.392914060020083,2.2504623380228995e-05
587,64,0.4598734392037793,-0.22916311323474517,0.17312724762953682,0.04775944748115725,0.9126730701959714,0.9126730707934807,6.546805025814747e-10
588,64,-0.46690889737315167,-0.48324762609402255,0.378323802197324,0.24555368564646857,2.5899269338828166,2.5899297417942138,1.0841662598426642e-06
589,64,-0.027684375481163023,0.08554173712494832,-0.33282765026008637,-0.22942286114100133,0.9290409324494034,0.9290409331166973,7.18261018978156e-10
590,64,-0.21608464580687523,-0.6239613587616875,-0.19580741711303346,0.4458264760079967,2.5308219118019313,2.53082409050284,8.608669375007613e-07
591,64,-0.6330684693190118,0.354008376776391,0.3345754468558897,-0.3550014836828128,2.8838672145561763,2.8838769145756493,3.363545805444784e-06
592,64,0.41341757962895304,-0.07965931526873808,0.5056501775519561,0.31613111592240245,1.0652082244736019,1.0652082260730473,1.501533154000848e-09
593,64,-0.702932425667827,0.07082747568802351,-0.4788406147723271,-0.16203327309185545,1.0144244934178264,1.0144244945822762,1.1478921077094975e-09
594,64,0.30929772790625615,-0.37962883518580726,-0.06626421359102222,-0.3540412938323059,0.895387684442641,0.8953876849735991,5.929923590928719e-10
595,64,-0.09676098468732439,-0.48827073818359645,-0.11003022224132306,0.12756429520852255,1.3387808380049018,1.338780845749848,5.78507401662378e-09
596,64,0.1431623796417781,-0.291356520150528,-0.2872826330332428,-0.4126759125021568,1.045704373418173,1.0457043748356263,1.3555009445351176e-09
597,64,-0.2767083924225894,0.49712523342685055,-0.1218234111415919,-0.46390131154463865,2.215916393717611,2.2159169415724635,2.4723624688559695e-07
598,64,0.15725482025937923,0.04633127951454599,-0.19698438203297605,-0.4978544055444663,1.4329181998534142,1.4329182126662239,8.941759343570752e-09
599,64,0.3995633212735581,0.10220716541536828,0.5309459611716932,0.13855891533586104,0.3561011810307991,0.35610118103395577,8.864607291610431e-12
600,64,0.20652094397939721,-0.1864278624912063,0.6228556041429295,0.20075014215154774,1.4383737176300442,1.4383737308157174,9.16707046182438e-09
601,64,0.5049171774198866,0.5170868091359986,-0.16430174117747384,-0.020670928605590194,2.107085348741123,2.1070856843628047,1.5928243331863978e-07
602,64,-0.04189904129766189,0.08117193658579845,0.2620635478075452,-0.4829496517854288,1.418418955010547,1.418418966879895,8.368012784246006e-09
603,64,-0.4007829197968744,-0.22871456913092697,-0.009158934453366269,0.44871206912856315,1.7442843956096068,1.744284457079657,3.524084164017436e-08
604,64,-0.04495123918025567,-0.6560565883699032,0.17356224930866104,0.06141938770156963,1.7808698827724705,1.780869956107641,4.117940974365216e-08
605,64,0.12540932314508743,0.049797057803728846,0.48888274349627214,-0.31026085806691217,1.1943490525978169,1.1943490560492984,2.8898432476724046e-09
606,64,0.09705062925497224,-0.5659565159822251,-0.3611880860424196,0.17908482093561726,1.9899367850442913,1.9899369813359271,9.864214647908364e-08
607,64,0.039937879523509384,-0.6395814473135303,0.3663198507993421,0.35737996759767554,2.4879347602916675,2.487936570855282,7.277375771614542e-07
608,64,0.3204811835181626,0.4554430402430185,-0.3656116095488971,-0.547884296726485,2.8374479930557253,2.8374559871851077,2.817365957728537e-06
609,64,0.5018083102830129,-0.3379237854562213,0.6129484499868691,0.09029159522248886,1.3181539492074783,1.3181539561277582,5.2499785088358495e-09
610,64,-0.11333843868954162,0.08349199804232409,-0.6080890446463558,0.11790182861496766,1.2024052597211266,1.2024052633365228,3.0068033846388365e-09
611,64,-0.06211858213255294,0.21251413866234334,-0.7418486621774115,-0.04901288930121661,1.9231112586267787,1.9231114025097682,7.481781871818381e-08
612,64,-0.1631102334696371,-0.1922802362421803,-0.3688761990480698,0.5517847101476694,1.8553473242039624,1.8553474288130902,5.638250393327571e-08
613,64,0.1670892156603611,0.45618231004866455,-0.4519362288699482,0.44966060413041353,1.6462961722584852,1.646296210299223,2.310686151861138e-08
614,64,0.5606928650388249,-0.08973578932688223,0.15228908206356834,-0.6606647846960487,1.9803975935031481,1.9803977813224345,9.483918126439358e-08
615,64,0.6601583252852032,0.2683919472042442,0.30149455652066504,0.234592117440463,1.0608688504353772,1.0608688519925893,1.4678648886490213e-09
616,64,0.3035647958237262,-0.3903210514484579,0.7350534168024828,-0.13543326190237845,1.5695921312529333,1.5695921571700542,1.6512009953279048e-08
617,64,0.3470628249635577,-0.6394209130239068,0.4240803321075976,0.5910176893244642,3.3809282741392965,3.3810011221415066,2.1546745835246997e-05
618,64,-0.14968633663390635,-0.25441158433855393,-0.3648922070859127,0.5350952596098947,1.9329187318283199,1.932918882455948,7.792755363581059e-08
619,64,-0.41929560085121426,-0.4662773526813651,0.06808892800161608,0.7170434157417562,3.1943941369724556,3.194428735141622,1.0830901786998008e-05
620,64,-0.5600522688318758,-0.43002545690415234,-0.2370788772516132,0.675680448708777,3.1647158951715024,3.1647465858425563,9.697765003394034e-06
621,64,-0.3886905026715936,-0.31887375637244975,0.4691562060802485,0.5313076280372955,2.8699154064704704,2.869924559491114,3.1892998040991603e-06
622,64,0.1507059526938974,0.2869646296564035,-0.04586195628214401,-0.38644669200613657,1.4731458388483658,1.4731458546608598,1.0733827950952635e-08
623,64,-0.09835889990074535,-0.6552671418027387,-0.02237895036573877,-0.42803489595509714,0.6941392483845836,0.6941392485019393,1.69066481980244e-10
624,64,-0.17161811622291978,0.28937057755720574,-0.4759701569242108,-0.3090572794290468,1.5665738486431962,1.5665738741678403,1.6293291374774084e-08
625,64,-0.6432795188599211,0.3449299250471187,-0.22162971538710965,0.6716650209407662,1.9059770860628826,1.9059772188535895,6.967067329712097e-08
626,64,0.22957584037035805,-0.3117109336319769,0.21878477026604773,-0.2904816512863611,0.055446524182870535,0.055446524182870806,4.880682175132366e-15
627,64,0.7392567475404023,-0.022150925894162,0.06410746488312041,0.22122568990025795,1.8949707224612955,1.8949708485654642,6.654676358222884e-08
628,64,-0.6280112646717667,0.1618059913521506,-0.29022449028473796,-0.2352008475707826,1.3674219878228766,1.367421996865562,6.612944335997038e-09
629,64,-0.3849619781427631,-0.22748437897311574,0.6761107992022667,0.32272805369825125,2.9028239158524602,2.902834410539582,3.6153371426499184e-06
630,64,-0.31609020086129563,0.25537738496985757,0.0805561150800561,0.30296439030134664,0.8910792795767114,0.8910792800921478,5.784405182273074e-10
631,64,0.2999933111815969,-0.6081235341074408,0.32965132629850125,-0.27755851216855015,0.963175115063214,0.9631751159000043,8.687831429910839e-10
632,64,-0.6446223889612598,-0.3278514137168685,0.22410814094057763,0.4260637994475158,2.7961665524875143,2.7961732784003117,2.4054049253235516e-06
633,64,0.44470535200581657,0.2747758272010864,0.0721707851197983,0.6758619242243398,1.581006112912742,1.581006140366321,1.7364625437874268e-08
634,64,-0.7431413181163334,-0.0843925298305183,0.5923938151570679,0.11965516065977949,3.3346806651543797,3.3347413200867018,1.818912765948271e-05
635,64,0.40076518261699473,0.5915751539165632,0.4484334798978583,-0.4664199685900103,2.8742149000825763,2.8742242183760105,3.2420308703897012e-06
636,64,-0.6086072190625765,0.18422616155421176,-0.29466611894023637,-0.5818733305128945,2.2935557032636837,2.2935564769966317,3.373508421151619e-07
637,64,-0.45225733163812903,0.39027076994123794,0.07706320456323068,0.31217392556270274,1.312846198218658,1.3128462049403746,5.119957499886243e-09
638,64,0.0015504945535879564,-0.2971709642124068,0.42406082692020236,-0.1660214418083746,0.9988144393589911,0.99881444041314,1.055400231295149e-09
639,64,0.13454705072677448,-0.5291892949755954,0.5969107104508738,0.3957060546390831,2.6700292178093727,2.67003316829689,1.4795671488395761e-06
640,64,-0.054948041016600065,0.3323041558561462,-0.10831057034069226,-0.03358436496971182,0.7712512658444327,0.7712512660607788,2.805130594467951e-10
641,64,0.6315675808648464,-0.1258451535704328,0.5228983312304482,-0.38944089720976083,0.9472224335961853,0.9472224343494741,7.952606884941672e-10
642,64,0.04571702227663861,0.2493912713607894,-0.07422011979993595,-0.5499631001600317,1.7690685791673058,1.76906864845454,3.9165940194887685e-08
643,64,0.5435161818438637,0.373225855543359,-0.08706499249667375,-0.13033985202800355,1.8827963781973507,1.8827964972823619,6.324901224816488e-08
644,64,0.01832251083707638,-0.5740926151142647,-0.48125281470055553,0.5191200917359159,2.95665888838458,2.9566720026941806,4.435516606942057e-06
645,64,0.1547375057565758,-0.5750885207282561,0.42054443660256824,-0.5430174422002383,0.8876632497432104,0.8876632502466283,5.671270756079249e-10
646,64,-0.17563666977249512,0.38671748117495447,-0.19949623382701992,-0.4704053427718027,1.9031431398843297,1.9031432709215093,6.885303412306921e-08
647,64,0.48263106573312975,0.38593797336225194,-0.5599034211102194,0.3361785490884339,2.6547816510353455,2.6547853537478736,1.3947333584658027e-06
648,64,0.10033542016536,-0.3489863960398095,-0.07430937252624668,0.21009339653705283,1.2137996398236148,1.2137996436831153,3.1796849911184644e-09
649,64,-0.1286549238447393,0.3375578499889709,0.16934926539306125,0.40679984174750494,0.71562233631348,0.7156223364533255,1.9541797599420441e-10
650,64,0.37317245364009244,0.37202732450233805,0.4736431982119889,-0.10959036111157008,1.2432191776875905,1.243219182249432,3.6693783791569526e-09
651,64,-0.4880023423200303,0.4424328480203707,-0.36111444696375705,-0.19611602173538298,1.6898613111602798,1.6898613583117674,2.7902578331048838e-08
652,64,0.20770852569608933,0.5196969633372472,0.019753872252095357,0.055316125808857884,1.147181692614027,1.147181695235222,2.284899642031494e-09
653,64,-0.04873017721424259,0.17082699437263596,-0.5737308667423678,-0.2279699950972299,1.544933932717872,1.5449339555888761,1.480387200854854e-08
654,64,-0.23757116717530266,-0.31965305733250904,-0.06234351892861023,-0.46064598933263096,0.5470186096916007,0.5470186097225818,5.663629357425148e-11
655,64,-0.0866238732033285,-0.2902992693056108,-0.046194645859478266,-0.44405254540978345,0.3707329893508017,0.37073298935469584,1.0503955358391812e-11
656,64,0.5754141474826097,-0.23105454587531787,0.0743758981965906,-0.18666988263044326,1.2299616321579643,1.2299616363898551,3.4406689827659587e-09
657,64,-0.09407526088012681,0.13658801819627528,0.06599101429267436,0.19641801772191664,0.3524263158213863,0.35242631582437717,8.486555012834954e-12
658,64,0.2653439620828928,-0.6121352824463574,-0.297580190683323,-0.5461126547869077,1.7223765997835312,1.7223766550514163,3.208815375467385e-08
659,64,0.2362709827506052,0.5021676878676943,0.13800175876342902,0.12085027132034704,0.9292714695643425,0.9292714702326692,7.191942819536426e-10
660,64,0.0589676837093208,0.6160254299390331,0.3413684948940294,-0.4450358637278957,2.589832320871589,2.589835127646323,1.0837669726126949e-06
661,64,0.26485803659689117,0.29929330331800413,-0.39157413184738205,0.28182472911847994,1.493070823355902,1.493070840887805,1.174217777628906e-08
662,64,-0.08963052173051482,0.4091552005610344,-0.08932578825730625,0.3329435605506079,0.1785818834035573,0.17858188340364992,5.186436275848388e-13
663,64,0.08989353497597898,0.11998358384467939,0.42318602602748107,0.22898377973184328,0.7885798378929088,0.7885798381395824,3.12807492187636e-10
664,64,-0.1214207400203748,0.34387836634034824,0.3946231117082895,-0.3842313002794623,1.964927909499328,1.9649280843230945,8.897210209556824e-08
665,64,-0.4266733852573611,-0.47603201917137894,0.6161842411334297,0.09404679178223377,2.8661346656546356,2.8661436757122036,3.143626737433665e-06
666,64,-0.23671924281345097,0.4489093441832583,-0.2217473602394222,-0.2075176990544659,1.4650225079362926,1.465022523094414,1.0346681598818062e-08
667,64,-0.36844864748879863,0.10906411273308593,0.19106710592433554,0.03491048681245103,1.1772509550401058,1.1772509581661266,2.6553563300880056e-09
668,64,0.24598754527336902,-0.12270127615498819,0.3902617260860873,0.6176848207669926,1.9659058917291365,1.9659060673481459,8.933235821398837e-08
669,64,-0.46063029621664414,0.027368922332815744,-0.46255027759242884,-0.23547484242860753,0.6800732892416076,0.680073289345999,1.535001978125811e-10
670,64,0.255028169239704,0.13731013829227814,0.6796681590990193,0.19451680730884222,1.193761347736374,1.19376135117617,2.8814771144273784e-09
671,64,0.0970400125823258,-0.4573110564222333,-0.014284096731138634,0.5640815643073831,2.2850081335124903,2.2850088785155633,3.260395716251992e-07
672,64,-0.10245990758318019,-0.2942452502338433,0.189643127671206,-0.46309409185954414,0.7988150599518831,0.7988150602181708,3.3335346685689797e-10
673,64,-0.26118160326237955,0.2510192553290508,-0.5633055835179841,0.4683018315169243,1.114475558351777,1.1144755605095409,1.936124979442499e-09
674,64,-0.5704663206119326,-0.11467492732784414,0.1970304337182287,-0.3522292417481946,1.873276140897266,1.8732762547563802,6.078074217207245e-08
675,64,-0.4251058342513963,0.4754256842963724,0.07507934026551012,-0.2913697897780072,2.0906550975042237,2.09065540898545,1.4898738032731662e-07
676,64,-0.1173792072638142,-0.28347222435265396,0.33156101694805074,-0.024655584015267892,1.0985312707292882,1.098531272689468,1.784364130986636e-09
677,64,0.719179343890861,0.12245651102130825,0.7365855611946662,0.13304766796205636,0.08981826412394572,0.08981826412394867,3.2756044040181996e-14
678,64,0.16704583978731388,-0.7291704233231626,0.16350072216985623,0.40721700274351885,2.8012660625670907,2.80127293379971,2.4529025325910195e-06
679,64,0.028451146447667056,0.7464949596174244,0.5067413640414099,0.18638121943105057,2.1766956639693795,2.1766961235298634,2.111275781436924e-07
680,64,-0.11269398954353922,0.4050570160495388,0.4305560994709047,-0.21894424524730538,1.820693382515161,1.8206934712472833,4.873534619752272e-08
681,64,0.48333496987354035,-0.3406162575579188,0.28139105069316867,0.1826961443567464,1.3675842640396199,1.3675842730902044,6.617935539366885e-09
682,64,-0.12768043885099178,-0.6777340872989059,0.6410915284854459,-0.3177487222273749,2.579255391592305,2.5792580740889757,1.0400275518717022e-06
683,64,-0.511997971881777,-0.4704231668652165,0.40507515756905843,0.5177436602369396,3.286415172756711,3.2864652223803823,1.5229245557947907e-05
684,64,-0.22261876605940675,-0.6894028696536239,-0.5242686066684196,0.11698636414454368,2.368098824184392,2.3680998986078303,4.537071794665399e-07
685,64,-0.34446851123813976,-0.5123199577672808,-0.48152020909752147,-0.32170619847725546,0.7166762818929396,0.7166762820339788,1.9679621594589083e-10
686,64,0.319791505824077,-0.4483512876849735,0.009060463316996406,-0.4202090502875212,0.802208922127921,0.8022089224010086,3.4041949053246247e-10
687,64,0.3991396202934063,-0.13202792678486505,0.4603735071010862,-0.012111779986810364,0.33282370418087415,0.3328237041830963,6.676708620882478e-12
688,64,-0.06960505599716221,0.09370211834730663,-0.2609122011179885,-0.4302885569776854,1.2223617592546339,1.2223617633074688,3.315577345119414e-09
689,64,0.45800849866526366,-0.15124837439977148,-0.25129922838584356,0.14360279561342676,1.6415858945032773,1.641585931666041,2.2638330336317975e-08
690,64,0.6809054976433905,-0.1085835229317046,0.19505246856789946,-0.0975849370809259,1.2848490392291347,1.2848490449882595,4.4823357116864014e-09
691,64,0.4161574276102815,-0.3881686539707656,0.2881945806170334,0.035037192999295474,1.071742894986012,1.071742896651025,1.5535563838485111e-09
692,64,0.2695250226285616,0.6528263690677956,0.4961941279514375,-0.039836779333111395,2.01524887973437,2.01524910033195,1.0946418699006584e-07
693,64,0.42233295564663076,0.5920267838494386,0.1531810910798351,-0.4015773063749583,2.5617313718352293,2.561733860147718,9.713401320309743e-07
694,64,0.13589107420010937,-0.14182848384516591,-0.01682737406628223,0.06283137094844059,0.516220614877404,0.5162206149000023,4.377635442688487e-11
695,64,0.1869066807404888,-0.10128373966359323,0.13722881625900635,0.3129786514737992,0.8800168433906007,0.8800168438680164,5.425074146526896e-10
696,64,-0.6712566332244886,-0.12527295605041372,-0.08728713704711977,0.5215335725884886,2.282196645696669,2.282197381478433,3.224006859129457e-07
697,64,0.6340425735921815,-0.35762755437626365,0.6181358411061555,-0.014550403779768399,1.2011769659703875,1.2011769695603378,2.9886939549341365e-09
698,64,0.11079568538117772,0.230253462303057,-0.7405373167551285,-0.0448688980487294,2.252767979170381,2.2527686248469663,2.866147739390609e-07
699,64,0.3372804623468882,-0.5894367661977841,0.22485762263130094,0.615266800596581,3.0440275770700707,3.0440463586865736,6.169988946356776e-06
700,64,-0.5779726053788219,0.04210929424677488,-0.5910273225948938,-0.03318359084779117,0.2321569151012348,0.23215691510158512,1.5090262345521871e-12
701,64,0.15060849700872825,0.07027211938854482,0.15081827723370533,-0.6941910011158976,1.9027009660470402,1.9027010968126372,6.872629979737379e-08
702,64,0.4886434848998723,-0.02848262917549789,-0.395502582570106,0.49763126722500856,2.420763568721738,2.4207649212780633,5.587312791049762e-07
703,64,-0.28252407141976754,-0.5341606395830931,-0.22973765413304573,0.09870218381004003,1.5013425089117822,1.5013425272079652,1.2186548308912876e-08
704,64,-0.0802374078503144,-0.03027017773016927,-0.1620920987992063,-0.4266388407392625,0.8840321141579717,0.8840321146488886,5.553157695027984e-10
705,64,0.042013569931095694,-0.2486341828788284,0.39521676481262763,0.004574627529501675,0.9425406358137084,0.9425406365439534,7.747623262622226e-10
706,64,0.1482787157726797,-0.7281509141975253,0.47901977574724036,0.49157981481375373,3.365199873315958,3.3652683290935728,2.034226203256261e-05
707,64,-0.13561576470984302,-0.3290370108820417,0.08362282817414814,0.16783023714002185,1.1232652640910497,1.1232652663653586,2.024730075864664e-09
708,64,-0.5550353559067526,0.010563496444790854,0.11476609084280477,0.39277739511174115,1.7854774742518689,1.785477549228064,4.1992237993195506e-08
709,64,0.19742183461111887,0.022104590443911908,-0.1417297619008032,-0.3608667229671126,1.0793387985447982,1.0793388002890947,1.6160787394844517e-09
710,64,0.6817123928247214,-0.0017942864078110041,-0.7288081394645364,-0.03224965848065127,3.5195112078230926,3.519636580602048,3.56222132996016e-05
711,64,-0.4594868707387226,-0.34235230120006904,-0.4533082415332402,0.1234158302914338,1.2121201677472844,1.2121201715698748,3.153639851970223e-09
712,64,0.4924939392957477,-0.07361276862901042,0.22294809747004574,0.445384036409211,1.4303292313891993,1.4303292440285464,8.836669800980638e-09
713,64,0.19238334327655227,0.34361827103145126,0.10199560674595001,-0.36844619781898047,1.5349582973831395,1.5349583191207217,1.4161676063626568e-08
714,64,0.3749628705666125,-0.015965198900294204,0.34058406680618986,0.31496707014143094,0.7896966642246378,0.7896966644733879,3.149945325502984e-10
715,64,0.3680660178794719,-0.5697344582354109,0.048835501850028724,0.09350239894213445,1.7731118651691065,1.7731119358185383,3.9844881334413414e-08
716,64,0.14422901404598565,0.502443772978568,0.42270536000174075,0.1647597014032066,1.0965078312916707,1.0965078332279938,1.7658999293947585e-09
717,64,-0.38606155000860637,-0.4760007883833179,-0.47332207148847366,-0.49132379086149464,0.305512703570127,0.30551270357155486,4.673644713574619e-12
718,64,-0.05376199112757915,-0.06107337693010967,0.7005008129690222,-0.11371626380130358,1.8692456600067329,1.8692457717203999,5.976403710537511e-08
719,64,0.08030411179713773,-0.6689691198237198,-0.29753449426245077,0.5707102803986013,3.133806029919828,3.1338331088083287,8.640894887018558e-06
720,64,-0.20987928774760028,-0.6781862008163719,0.37951035676576833,0.6008640266450261,3.534761516900056,3.534894532714812,3.763077484002916e-05
721,64,0.03781349180428518,-0.11306837406671306,-0.46006624374550203,-0.5623320365701574,1.7386041554329752,1.7386042152340144,3.439600615515112e-08
722,64,0.15607895736748542,0.15395665462607533,-0.26581710660716146,-0.5786205617305219,1.9324143413753316,1.9324144916487922,7.776461670073991e-08
723,64,-0.3080489483660438,-0.30751243088607566,-0.2716989686049192,-0.584246102949554,0.7900681707737299,0.7900681710231742,3.15724961802574e-10
724,64,-0.19399871769424748,-0.2902980416854186,-0.37323829455546825,-0.4333811627969824,0.5882220077598749,0.5882220078060767,7.854486832858186e-11
725,64,0.2278651944824565,0.3247154855796981,-0.16346025868988923,-0.394478196456706,1.7434390550753804,1.7434391162942593,3.5113862269468565e-08
726,64,-0.6722380156613825,0.1702895575408405,0.5619021960566097,0.15413994536735112,2.981700618252194,2.9817151591213267,4.876703262481333e-06
727,64,0.06634018780489714,0.053168947789559766,-0.43177572350875976,-0.25464662133434357,1.2710377323110118,1.2710377376439677,4.195749440892917e-09
728,64,0.3498500647738316,-0.08311314661164393,-0.26370289855543044,-0.2589337083577657,1.364005525571343,1.3640055344492066,6.50867125460757e-09
729,64,-0.43604905768961494,-0.3553913870723718,0.03922681699044224,0.03226471370473232,1.3747273299723406,1.3747273393770973,6.841179735141804e-09
730,64,-0.26854090510405354,-0.26761125092923227,-0.5864056801833485,0.2818082121487358,1.6225783109636827,1.6225783447752162,2.0838152059900843e-08
731,64,0.16585974215552793,-0.5217775530902837,-0.0329678527936764,-0.41741857736178895,0.5827116132653819,0.5827116133092393,7.526426655649766e-11
732,64,-0.6701110078197023,-0.1341356744170138,0.09955801317538535,-0.5313893442979462,2.2879148001012215,2.287915554755805,3.298438314568703e-07
733,64,-0.43715700289755516,-0.2820103532441572,-0.05568341460786147,0.5922519260615865,2.263703353960271,2.2637040317916255,2.9943470879915103e-07
734,64,0.5600798692991594,-0.27399770479147284,-0.33182539803286204,0.5495178520951172,2.909566962235721,2.909577754649139,3.7092851127654535e-06
735,64,-0.11082112778560839,0.17871249905795467,-0.10813716894327546,0.5063805189206801,0.7647947084058568,0.7647947086117699,2.692396562293617e-10
736,64,0.667717620844813,0.16801586229278867,0.4630600110914532,-0.32872667861202215,1.6177755472343422,1.6177755802456775,2.0405386443977422e-08
737,64,-0.3755688715183716,0.3387199784578074,0.2545353638531842,-0.25932863210343693,1.8748754735831608,1.8748755883045236,6.118879065316968e-08
738,64,-0.19306327394233472,-0.71477140655952,-0.6633977514729443,0.17784233220255116,2.944793683560083,2.944806170590901,4.240375442243624e-06
739,64,-0.36094726864504006,0.54690909937277,0.28244333314212133,0.004452037382541886,1.9820102088271734,1.9820103980535315,9.547193919359281e-08
740,64,-0.308505330974722,-0.4307986323554484,-0.4779244891567269,-0.3269670516764779,0.5671425581389706,0.5671425581767428,6.660074830223549e-11
741,64,0.13910533156863117,-0.26753272870318595,0.2558178220962687,-0.3254243774477835,0.29909394658533567,0.29909394658661564,4.2795119717514846e-12
742,64,-0.5639620189896485,0.24864969912923346,-0.6464775340626039,-0.06196396793238134,1.0276092154835852,1.0276092167492128,1.2316234456154547e-09
743,64,-0.289480401401886,-0.2921570689848374,0.6362073273104107,0.06805436987640642,2.2967821867572256,2.2967829716124726,3.417194941431905e-07
744,64,-0.5490118015229445,0.009707471545698731,0.4991207466384424,0.4680194792398464,2.7743679809507755,2.7743741188011057,2.212341827888621e-06
745,64,-0.2762735890786101,-0.48068376260131784,0.032591015596562765,0.45957187148698914,2.205053708297443,2.2050542301736065,2.3667276749470037e-07
746,64,-0.19505295783232174,0.42727255810189596,0.6186865044646913,-0.3492463393281061,2.710980609918761,2.710985308780126,1.7332700011581094e-06
747,64,-0.21190079667319406,-0.11160484649507676,0.3059370328407914,0.5700632001153535,1.975414875184292,1.9754150587193802,9.290964168795505e-08
748,64,-0.569600946218386,-0.1881148328448352,0.3383326644893456,0.6120050818396549,2.988619110902766,2.988634071911775,5.005993890093453e-06
749,64,-0.21557916237315525,-0.6522671563307122,-0.5781557342802458,-0.46582593013476076,1.5234091949348811,1.5234092154265497,1.3451191349199714e-08
750,64,-0.34315340521171145,-0.3317356034135658,0.5847437804729906,-0.27109683018877484,2.2573036027672906,2.2573042615966568,2.9186564242660417e-07
751,64,0.3187692124904173,-0.13967865620679173,-0.3736308993149933,0.4682416228993608,2.0668659840458274,2.066866263526704,1.3521964114802688e-07
752,64,0.3811644858623722,-0.23086117958682797,0.06196676557590446,-0.3963802659411613,0.8510452713836887,0.8510452717730694,4.575323580995009e-10
753,64,0.6286461462177548,0.052269082204322505,0.555296640861406,-0.3741782889597271,1.3876337398997327,1.3876337499774856,7.262545270174012e-09
754,64,-0.08940038730178841,-0.042102630027275656,0.44017654313526267,-0.29023479874879904,1.2916250077002196,1.2916250136797867,4.629491553717606e-09
755,64,-0.1536368340156249,-0.6936211973754236,0.3600862147897486,-0.1104528564969302,2.0218055212828503,2.0218057486351575,1.1245013667707516e-07
756,64,0.7311201483951315,0.07992772413146473,0.06452610504534864,-0.4777914408933484,2.349448538943463,2.3494495289127317,4.2136239733445146e-07
757,64,-0.2995239946173197,-0.4063650374731547,0.5385324308468152,-0.2666829922301498,2.0718332074427344,2.0718334933311335,1.3798813444504412e-07
758,64,-0.4795005337534613,-0.15172860864179846,0.6427285335455376,0.16912379141369743,2.707974674866726,2.707979314382994,1.7132790461879576e-06
759,64,0.2939894831595781,0.5683575505729839,-0.06363947908018901,0.3412587696251334,1.1167372363310581,1.116737238518277,1.958579672391006e-09
760,64,0.08631238557052799,-0.1845815774286157,0.25237299155867066,-0.5301050139436613,0.9332044931410183,0.9332044938271881,7.352834161206838e-10
761,64,0.6302320201178482,-0.09141323271674136,0.1380122461149563,0.4863979931785222,1.9553925507619976,1.9553927180117172,8.553255435285868e-08
762,64,-0.4760698166991642,-0.08957337487676242,-0.6335961485503855,-0.029741183185076292,0.4932823588444145,0.4932823588620922,3.583686366660326e-11
763,64,0.033804851134150916,-0.5020364133222266,-0.2922485700041229,0.0870637352807282,1.4934709647529594,1.4934709823211307,1.1763316312627841e-08
764,64,-0.5114416521792494,-0.39713245696908345,0.06749343238788783,-0.2087403212365549,1.494674630074925,1.4946746477526227,1.1827121029804002e-08
765,64,-0.22133292962805334,0.5205980615503523,-0.07822224321785189,-0.1617444771697117,1.556853266594139,1.5568532908926513,1.5607451796978518e-08
766,64,-0.32973274835299865,0.14266187373749623,-0.33525932929056956,0.5830661339880623,1.2018480875870297,1.2018480911908622,2.9985757791878766e-09
767,64,-0.40821693033861645,0.5767920834266018,0.3125401228288202,0.028407902507467137,2.2148102662975027,2.214810811450669,2.461398948977297e-07
768,64,-0.4347372524708071,0.2753092971477605,-0.42816581188460523,0.40743359817606545,0.38023308740388223,0.38023308740832723,1.1690197594430481e-11
769,64,0.19004246006935896,-0.44650986782143065,-0.715948886342011,-0.1325058711577076,2.4978119340553473,2.497813823610312,7.56484080620168e-07
770,64,-0.6905869386308586,0.041945046176729714,-0.24105084213714958,-0.6596637942304232,2.5203339710571178,2.520336053504444,8.262584840141194e-07
771,64,0.2979564732684444,0.04681212282414873,-0.30921972795627356,-0.5839528695855405,2.0617516383288903,2.061751911357549,1.3242558110148404e-07
772,64,0.5859857168578839,0.38671185173949174,0.035648599359525315,0.1675265166958713,1.5338733866275083,1.533873408245074,1.4093448602701314e-08
773,64,-0.015188441109207501,-0.5790113460543167,-0.560845002091617,0.3200415121124536,2.5910883354444247,2.5910911573453492,1.0890793979834923e-06
774,64,-0.2542575420203727,0.5421956565432783,0.19375676907116035,-0.4279137364657891,2.402135393920609,2.4021366409037666,5.191144349219752e-07
775,64,0.6021058563912266,-0.1321411547407122,0.3990984354979306,-0.5956600242496937,1.6501521981972629,1.6501522369713821,2.3497298789193585e-08
776,64,-0.032939207743215994,-0.41481631956258114,-0.6075927856943906,0.07292632765152232,1.8299185869514123,1.8299186796684281,5.066729006624503e-08
777,64,-0.07945992864858738,-0.46059997116019225,-0.4331649492119677,0.027082353095501208,1.3965533490143585,1.3965533595832553,7.56784327376338e-09
778,64,-0.6164168452354408,-0.23471963997670606,0.5856800444039616,0.3534034109042441,3.25010379524656,3.2501470781090718,1.3317378532702999e-05
779,64,0.6493092081887063,0.013585634798574856,-0.17900594877069462,0.2517302814370133,2.02131518118449,2.021315408024815,1.122241236091459e-07
780,64,-0.28297817496528854,0.2712859847487013,-0.32792654314151704,0.5294348305431678,0.7128941877188885,0.7128941878556851,1.9188918558646354e-10
781,64,0.13415270280533834,-0.16987239621654734,0.4498872341444741,0.0625360217861214,0.8734642170148127,0.8734642174709034,5.221630283894342e-10
782,64,0.4047981284755848,0.3057968076684765,-0.6250773472965166,0.3021572118778092,2.5612649617981615,2.561267445134424,9.695741360007236e-07
783,64,-0.3771053129642994,-0.5405083427147577,-0.6124672839795561,-0.0151010506232259,1.7179006408121675,1.7179006948885835,3.147819770657603e-08
784,64,-0.40939600515332925,0.20597105818358039,-0.2749889500088786,-0.3476622232061549,1.3299569046473827,1.329956912028942,5.550224475662703e-09
785,64,0.6631831335202895,-0.20322339032689962,-0.6490908034603672,0.10260316201764565,3.280783792207926,3.280832728777637,1.491612151565552e-05
786,64,-0.3073500968405009,-0.04411280948384089,0.47369112906168287,0.4676202388101242,2.1766436738521775,2.176644133305328,2.1108330966418812e-07
787,64,-0.3740307630081622,-0.5800804671614599,-0.0493941395848975,0.496959931578403,2.6953989114376156,2.6954033105144153,1.6320689234734555e-06
788,64,0.36284274266782285,0.5520532991094349,0.08200750614000848,0.15670215145797584,1.2330276596426644,1.2330276639488382,3.492357878802386e-09
789,64,-0.5119899130157183,-0.1963365164264418,0.13705054902681393,0.5775664874334465,2.3904641833229703,2.3904653682966948,4.957086296227706e-07
790,64,0.5419282579133629,-0.22727141726170952,-0.11433774560519329,0.595906918053184,2.5367681981295256,2.5367704333161787,8.811158444618899e-07
791,64,0.10768514355681755,0.20225614010194626,-0.32754496816387796,0.27822296927495976,0.9672046918655881,0.9672046927247443,8.882878648763812e-10
792,64,0.46646837517655604,-0.2440157683632462,0.6528169267987484,-0.22902727433335912,0.6000082493718937,0.6000082494234715,8.596190661313246e-11
793,64,-0.2936278140764521,-0.23571571221122534,-0.31438170800593646,0.44090838907785596,1.571580610290702,1.5715806364695049,1.6657626552410383e-08
794,64,-0.7066754652223892,-0.12152577057325811,-0.12653089144605636,-0.5072484309206083,1.9964722540869984,1.9964724563946106,1.0133254384278658e-07
795,64,0.5060713841566983,-0.46471908852356414,-0.2945606641117975,-0.39159129420840877,2.1192223268604367,2.119222681466957,1.6732860712776913e-07
796,64,0.24318197374240277,-0.628743059424089,0.4643374319633425,0.42121190838173683,2.7628287964128693,2.7628346436189304,2.116383783427923e-06
797,64,0.1535294698486645,-0.3145932223488412,0.21619459333590024,-0.5444305798051192,0.617717104071546,0.6177171041322022,9.819405415873078e-11
798,64,0.4558407695150096,-0.15820193069513924,0.6655894708934491,0.03556775090327834,0.8489368780280587,0.8489368784116356,4.518319876158072e-10
799,64,-0.016268502592258597,0.6311872679535104,-0.6482524068417864,-0.10648884672261145,2.562226364825422,2.5622288584297372,9.73217803573987e-07
800,64,0.06310229499786096,0.09845835815465041,-0.3025852315091541,0.665841938885534,1.757980531778904,1.7579805974581522,3.736062321226266e-08
801,64,-0.21720877923759588,-0.6373029326984273,0.6815800162867534,0.150025466395383,3.1055462748465903,3.1055704165475557,7.773737316673041e-06
802,64,-0.13005089560601812,-0.6049381996280969,-0.37023730238436847,0.4342833331815505,2.5539235729201604,2.553925979196998,9.421882719199501e-07
803,64,-0.4862768605095886,0.5458712702491287,-0.07526232149030916,-0.6783489663637278,3.3599587275450524,3.360025777667408,1.9955638682689595e-05
804,64,-0.2607391868897544,-0.14429095325387042,-0.6384686648262946,-0.35969891694869915,1.2549717751062055,1.2549717799802722,3.883805837293127e-09
805,64,0.04008448056134344,-0.7200667240202917,0.26292475239709756,-0.13243842975597944,1.690090958084677,1.6900910052892828,2.7930216154329332e-08
806,64,0.06270716864282276,-0.06478776744644812,0.006892319603022745,0.5692819339117127,1.4298728186530636,1.4298728312620603,8.81826451354299e-09
807,64,-0.01848871720405049,0.5261760651529301,0.3012457770753466,0.6076530284928892,1.0124633093663618,1.012463310516404,1.1358853925739816e-09
808,64,0.08885315073441996,-0.5410005202363709,0.19165678640525088,0.25183718894714974,1.7736792917067892,1.7736793625494256,3.994106305181669e-08
809,64,-0.07160778770070485,-0.46154846026914553,-0.3041562961095598,-0.5479657740733357,0.7053932443222068,0.7053932444509171,1.8246597299385163e-10
810,64,0.46397435965450423,-0.2709544373505239,-0.7130077145783846,0.07204905590981248,2.961302914552791,2.96131628266868,4.5142683050855646e-06
811,64,-0.2608492645532359,-0.4341246513287355,0.3911770777341677,0.0946311792262005,1.8511528376496065,1.8511529402011806,5.539876126692124e-08
812,64,0.4884277961577215,-0.2626798619974291,-0.6234452604223576,0.2744729242952844,2.9112375999852245,2.9112484674283454,3.7329289512506607e-06
813,64,0.3215033842521093,-0.05814549215752677,-0.6848193280378924,-0.005552481338133623,2.348329380228645,2.348330365340874,4.1949491284045556e-07
814,64,0.04090176873079028,0.6302508176412625,0.18815047994529988,0.47038566121197295,0.6393498814245027,0.6393498814980765,1.1507597928096634e-10
815,64,0.07777127086772408,-0.3909125772852795,-0.4171686212129243,0.36110329370376054,2.0023040335926403,2.002304241418265,1.037932407980345e-07
816,64,0.5459709643132206,0.35552754298443173,-0.18669146314345716,0.32444356166523436,1.8221179102696996,1.8221179996062569,4.902896610556357e-08
817,64,-0.32774034634631993,0.5622357490926533,0.35617572192391345,-0.5385843180657971,3.0883859645300187,3.0884084768470164,7.289347010455758e-06
818,64,0.4935734416449601,-0.07182632233785054,0.2691701901007958,-0.18423283890280198,0.6034547979725157,0.6034547980257629,8.823723768265962e-11
819,64,0.0904942413601612,0.24100258312376652,0.5803481879804752,0.37859872919345045,1.3546331098811222,1.3546331183211153,6.230464239540718e-09
820,64,0.19368137307567213,-0.5586494985012339,-0.26727359748409146,-0.3581745677417923,1.2999778929571746,1.2999778992192665,4.817075728759954e-09
821,64,-0.22776190499086424,0.3018385054361022,-0.4006468510105726,-0.17590361344452624,1.1553396719207136,1.1553396746708977,2.380411706885135e-09
822,64,0.06925909745434893,0.43321385486571623,-0.2517970313453904,0.009675511303094656,1.1567200126004158,1.1567200153729926,2.3969299437928486e-09
823,64,-0.02110082168160127,0.14919267615895904,0.16538958703326265,-0.28066887778001626,0.9648061839845324,0.9648061848303119,8.766314525327086e-10
824,64,0.1540308628664677,0.10570124047398877,-0.08251172582546612,0.3283432940234027,0.689112036210192,0.6891120363227627,1.6335621002072324e-10
825,64,-0.6299464749644412,0.11531764998517816,-0.459524017159045,-0.39855443617127717,1.6000118321455636,1.6000118623505843,1.8877998337253895e-08
826,64,-0.0027106556910311106,-0.706018317481319,0.2910328318799568,-0.07715326636588168,1.801762266537549,1.8017623475998221,4.499054876534545e-08
827,64,-0.13156194645588962,-0.4464247433353528,-0.7325036290278222,0.06044161403991251,2.168958013926713,2.168958457777434,2.046377653305664e-07
828,64,0.2730205133009517,0.5429960908761909,-0.5007348556424785,0.5294056395883323,2.302555736131156,2.3025565412779496,3.496752678107902e-07
829,64,0.20402880973401996,-0.5245074856741111,0.4304528651582872,0.4532188312183034,2.450244189134258,2.4502457267949014,6.275540413796555e-07
830,64,-0.4410963356124775,-0.12005014229096067,-0.3456299401760421,0.3666491862102246,1.2150630258859374,1.2150630297734195,3.1994077929917366e-09
831,64,0.38095663362980525,0.1492427702104577,-0.3802979588053443,0.4677260410383178,1.9453198890392516,1.9453200486316156,8.203913653994826e-08
832,64,-0.5238739092699689,0.2597394049975707,-0.5773550304950285,0.03308186230820975,0.6899936472037325,0.6899936473171296,1.6434525302377004e-10
833,64,-0.2582575382679193,0.22043911398195504,-0.20730400452592396,-0.344304487891354,1.236445166496405,1.2364451708867965,3.5508178807999507e-09
834,64,-0.5268644908781954,-0.4486512194139818,-0.11003252675187306,0.6666702140317142,3.0900510562472006,3.0900737218439205,7.335023372544332e-06
835,64,-0.2501520727934805,0.6133230191301077,-0.5505543654924492,0.18787266174858036,1.5496094030327867,1.549609426454025,1.511428508132521e-08
836,64,0.5869811001972619,-0.2208130283409515,-0.2668421461647736,0.13620406774100918,2.0893770439975055,2.089377353673006,1.482142733613567e-07
837,64,0.5361082021795209,-0.4218251666690758,0.6699810550822856,-0.21732284879260066,0.9100859128046547,0.910085913391752,6.451010420649747e-10
838,64,-0.5103543881438098,-0.4111406462980029,-0.05022124650687106,0.00533319286378044,1.5006284990286416,1.5006285172576337,1.2147571571100122e-08
839,64,0.04547878304281211,0.5170615071315555,-0.09868110095465406,0.4168060683088467,0.45086474597417814,0.450864745985101,2.422649766732692e-11
840,64,0.5119870750354767,-0.2899479906140898,0.10547166444935085,-0.12436966848034786,1.0513509939612564,1.0513509954293603,1.39639746301166e-09
841,64,-0.3516976788936028,-0.43143124753126894,-0.1440802478099947,0.42302664368551113,2.0102951804879834,2.010295396111049,1.072594053438387e-07
842,64,-0.32165543039793404,0.028714399056035296,0.44597400963803524,0.22041553182782225,1.7109491551635012,1.7109492074379162,3.0552874619980156e-08
843,64,-0.13600293468437413,0.17030935014393406,0.15900307524062102,-0.5619551381405251,1.7577946104012339,1.7577946760215426,3.7331044454263623e-08
844,64,-0.1750341958462598,-0.6901188212494557,0.2435441175905681,0.2767183179968876,2.5127679315991402,2.51276994719695,8.021424438759164e-07
845,64,0.5853699600717251,-0.08282653955845458,0.27425806015625565,0.2806085354495363,1.2138717407567636,1.2138717446178562,3.180807681034191e-09
846,64,-0.5186931117977307,0.18609295895492903,0.5547264271324385,0.06560527645972065,2.4558447267705983,2.455846302284618,6.415364955761519e-07
847,64,0.6315111342591452,-0.3614095476593016,-0.4835787394479766,0.014677901681664707,2.8513544231746772,2.851362894979846,2.9711512185528198e-06
848,64,-0.29822783333102404,0.47437744263908965,-0.012687227684616064,0.16786083613183184,0.9857774268232543,0.9857774277926098,9.833411258907472e-10
849,64,-0.3754783441841301,-0.27974086739181314,-0.18389112548539913,-0.43092959045570395,0.6155246132144502,0.6155246132739133,9.66055618786384e-11
850,64,0.4147622521323001,-0.5047651639784777,0.26814135966329716,-0.402405274057066,0.5333252563087039,0.5333252563356813,5.0583429114884896e-11
851,64,-0.09820981272056688,0.4123174634303642,0.2984879548238598,-0.5959004782198817,2.5027676290509713,2.5027695594943515,7.713234572209485e-07
852,64,0.27239428819240835,-0.12052909143774419,0.3550321740062417,0.2544617344881749,0.8669214041338863,0.866921404569533,5.02521611332398e-10
853,64,0.1320675890783228,0.4774237750913228,0.23206599365424743,0.23846345589697288,0.6223373815348621,0.6223373815981,1.0161364605767148e-10
854,64,0.13648966459922982,0.013089476456239856,-0.12311194229508084,-0.2082636503179049,0.6957943289662347,0.6957943290852038,1.709830791592308e-10
855,64,-0.17236415337505262,0.20430584449038489,0.1469004860909546,0.13331017311835386,0.6794458541890541,0.6794458542928977,1.5283572597441322e-10
856,64,-0.3484782891255,0.051030288658912404,0.028824823421693076,-0.5122577330513991,1.533218488256757,1.5332185098021796,1.4052415048597803e-08
857,64,-0.24426847833153353,0.291809703594702,-0.6944448854089934,-0.2026932918849995,1.8289947121866001,1.8289948044969424,5.047053534049007e-08
858,64,-0.5173686111168623,-0.3073476815415575,0.16549084156392443,0.6052847189948086,2.732655157760341,2.732660307038605,1.8843498233429775e-06
859,64,0.2505073220217699,0.18204166577703917,-0.36644652388088417,0.09559462374414743,1.3182776569495498,1.3182776638745217,5.253045056719831e-09
860,64,-0.05445285769461487,0.2848156688022385,0.3982305199975256,-0.5425688444241927,2.196109977110864,2.196110478498179,2.2830701558810645e-07
861,64,-0.44808612285357924,0.012973584735691364,-0.23904277771361013,0.5242120159081542,1.3958211843690689,1.395821194896822,7.542336533944457e-09
862,64,-0.398410913364818,0.13470816779470665,0.01983807171111376,-0.025400133918107855,0.9514657847099329,0.9514657854846688,8.142550614997841e-10
863,64,0.08801028424419619,-0.18126033729237487,0.5986932877969338,-0.346349026949967,1.4001655403083835,1.400165551082481,7.694874144454155e-09
864,64,0.20622793503299514,-0.34179587341889434,-0.4856932836028203,0.20601958522293778,1.944820200599304,1.9448203598207228,8.186948010268833e-08
865,64,0.3563651651144702,-0.6589699658727044,-0.2954428529033594,0.6732418959538069,3.8204169031699604,3.820810804370991,0.00010310424516856237
866,64,-0.0856679979946749,0.013802266552359362,0.5102240568459504,-0.01970697364040696,1.300035728746345,1.3000357350104361,4.8183991294664345e-09
867,64,0.596261994570981,-0.061210212982323216,-0.23588832934293402,0.6390730666032736,2.754618691398779,2.7546243400433763,2.0506085343274402e-06
868,64,-0.37911835604994376,-0.47979864990099624,-0.5818672070131035,-0.031425653964067914,1.410628308891159,1.4106283202808747,8.07421454915258e-09
869,64,-0.24657392963442656,0.3209130474040287,0.15355424611844562,0.30242332923970217,0.9005221232481746,0.900522123798174,6.107560993499491e-10
870,64,0.7084994072230485,0.1045826421483306,-0.4012903363746959,-0.015357829347302624,2.648230101651669,2.648233702622958,1.3597652584882025e-06
871,64,-0.38284893937458764,-0.32060443897023116,0.04678860945534454,0.450501695539249,1.9576371889102888,1.9576373579139823,8.633044694984885e-08
872,64,0.33345092596252934,-0.386644420058899,-0.13237062564317656,-0.14453343670528612,1.1762795196768654,1.1762795227852718,2.6425746339631154e-09
873,64,-0.3741696641984016,0.5948590622910851,0.16380831212050562,-0.0059780146815077845,1.9660205784360343,1.9660207541485282,8.93746972008544e-08
874,64,-0.39192013751854343,-0.2979172035816353,0.5509543568854264,-0.11171758221514495,2.1993324954575275,2.199333004135634,2.3128749625357842e-07
875,64,0.22493219516229168,0.037058962221342674,0.09788159983683949,-0.3067094049928339,0.775563832456983,0.7755638326805535,2.8826833600763167e-10
876,64,0.0467566735692606,-0.6728487250983763,0.24613617076385183,0.5106283018109898,2.8631763748371535,2.8631852745547968,3.108337202520739e-06
877,64,0.09596719512255905,-0.6107516560403305,0.4663964074409415,0.2620605856199918,2.3081258398371074,2.3081266650432135,3.57522147134096e-07
878,64,0.3240795558563146,-0.42352441349164366,-0.06105720223694517,-0.5818928574300697,1.1496589816242664,1.1496589842840315,2.313525243020317e-09
879,64,-0.03661258232385262,-0.34375148324399724,-0.32905121527340125,0.16962674977799638,1.2687767334339208,1.2687767386999618,4.150486683653387e-09
880,64,0.38272969054450984,0.018625153836719175,-0.5716313382757338,0.21617694241491267,2.1968716671539235,2.196872170255325,2.2900809771906968e-07
881,64,0.25731507374873885,-0.33357483238730123,-0.3714449148860288,-0.5133398435113783,1.6649976491528207,1.6649976908778676,2.506012365501835e-08
882,64,0.14046114310756236,-0.19810930167083202,-0.45818513530692845,0.2502405150279779,1.6236441283164174,1.6236441623080076,2.093536977494708e-08
883,64,0.012772136564669712,-0.27060435248736686,-0.14723183221490138,0.28190958568935615,1.189243887059137,1.1892438904103193,2.8179099821983075e-09
884,64,0.5473253956639785,0.20925190227734772,-0.06844559398264917,0.43949935759986797,1.6263688681592068,1.6263689026152557,2.118587583513702e-08
885,64,-0.3553819277985881,-0.17087885426781751,-0.4335174233999849,0.2797450268340076,1.1048806165127971,1.1048806185495892,1.8434499057164056e-09
886,64,-0.003629785936574741,-0.46813503034552495,-0.6719587040431112,0.1638878518471461,2.3235355469644325,2.3235364302292854,3.8013830000034267e-07
887,64,0.031082870881360202,0.643562743886204,0.046828049185551064,-0.6608315716738573,3.1222549673562785,3.1222808058216507,8.275578273501413e-06
888,64,0.1559091619057507,0.0955718675612112,-0.4982253947555621,-0.43557082060124824,1.9582175973133091,1.958217766773411,8.653793234385571e-08
889,64,-0.02180060841880896,-0.7360509587772305,0.4308546635054122,-0.5917474690935098,1.8057821092716704,1.8057821919074832,4.576178512062903e-08
890,64,0.04802960486939687,-0.006350626922618831,0.414973302313787,0.4870805091078759,1.4670863879958165,1.467086403317736,1.0443774569986756e-08
891,64,0.30452484643573413,0.3254044098520206,-0.5204230735007679,0.5323866201757465,2.3026584172232725,2.302659222735521,3.498183848865585e-07
892,64,0.12100792147408333,0.11893823512456389,-0.623204456858319,-0.3870126575572032,2.209617287268274,2.209617819909544,2.4105589362742043e-07
893,64,0.18416215482537934,0.5756844296259024,0.26962769391269664,-0.4488931771712888,2.405941400106836,2.4059426679861855,5.269784831221639e-07
894,64,0.711203076868742,0.1181564142586006,0.4820157298373817,-0.2739832443956173,1.4458570880457609,1.4458571017594848,9.48484054724406e-09
895,64,0.5443905324415814,-0.3466454691604839,0.3485031615439446,0.31044439359676806,1.7838321375143202,1.783832211900526,4.1700227447015456e-08
896,64,-0.3050219696353007,0.4810392547695407,0.43493848060484513,0.359030011059017,1.907308400952307,1.9073085345745415,7.005801187879494e-08
897,64,-0.012598897553485503,0.7033672271669638,0.1749079220350353,0.0979804882019303,1.6328606530000422,1.6328606885870782,2.179428839768722e-08
898,64,0.0839555037108797,-0.33437702062213664,0.49583203378638047,0.242151905036847,1.6252792720340055,1.6252793063036037,2.108535982702505e-08
899,64,0.10697935789795833,0.45224381663705626,-0.4264888279502523,0.11957354184975619,1.4527378672013351,1.452737881418055,9.786156279373832e-09
900,64,0.02474221237089503,0.49647717409698916,-0.08685087517482883,-0.7240753130205019,2.944138803950542,2.944151257226603,4.229853580381651e-06
901,64,-0.1377301535802161,0.20199437768066952,-0.27882897467833745,0.3217797897564552,0.4188466418262258,0.4188466418336165,1.7645358529207797e-11
902,64,0.1469342676650087,-0.3646037987038287,-0.45287725715125027,-0.2750047453008432,1.4303123484519662,1.4303123610901896,8.835988426171156e-09
903,64,-0.029047126351140116,-0.6234926919174111,0.20143068101954656,0.3297785519282062,2.2302119048955467,2.230212488857434,2.618414357885132e-07
904,64,0.367766888347902,-0.00013451349406004714,0.3534406144297365,0.30711749430905366,0.7322083400008155,0.7322083401605001,2.1808628795048347e-10
905,64,0.44103652758986217,-0.4345072548348575,-0.5136806149765241,0.014460783933716283,2.461715912503824,2.461717528675215,6.565222992344565e-07
906,64,0.25070013310653183,-0.03695950592477101,-0.17293948162048833,0.052790143544354164,0.8814949293467305,0.881494929829077,5.471914585321402e-10
907,64,-0.37179017490724764,-0.3974841527145925,-0.35963778587817674,-0.4548310019049966,0.17132235258135628,0.17132235258143136,4.382313860920357e-13
908,64,0.24239506096125746,-0.467205798033704,-0.19434402692697383,0.3097850218776547,1.93583773343948,1.9358378861325711,7.88770093807057e-08
909,64,0.04441542809427703,-0.428246869013494,0.06439453523775533,-0.19536326100756032,0.5232694057949367,0.5232694058192607,4.648463487343135e-11
910,64,-0.5309571426563207,-0.11180952147581684,0.1626800166071709,-0.3255814302656409,1.6586650122454212,1.6586650526864777,2.4381690217746015e-08
911,64,-0.32209856699030276,0.4903994361973941,-0.06521220661088947,0.6045744247411344,0.8488489522817702,0.8488489526651067,4.515957564261689e-10
912,64,0.21727201233333615,-0.019583204946132252,0.0796219058209288,-0.38479701594333493,0.8444989599164728,0.8444989602880826,4.400357615764219e-10
913,64,-0.12567319227169782,-0.43455616472233344,-0.26281525204952916,0.2075218565678343,1.4359997180329398,1.4359997310551254,9.068376120533592e-09
914,64,0.09377387003276293,0.3699382886177638,0.47879240397092443,-0.5543246579573241,2.4885531376710532,2.488554953084129,7.295054497274633e-07
915,64,-0.7291474857408238,0.05891188861575235,0.08098935559385234,0.12274539544036776,2.0383242109417976,2.038324456208683,1.203277104551852e-07
916,64,-0.6900142007161695,0.21959334962268304,-0.1807079962501947,-0.2799175369460335,1.8967048773815203,1.8967050045173017,6.702981732908368e-08
917,64,-0.4086041436349021,-0.25661257583158076,-0.21919734193434084,-0.15835870704240979,0.5008190155362054,0.5008190155553888,3.830390021703628e-11
918,64,-0.18470009431412424,0.44185597992365955,-0.11355384566489068,-0.1212376697698759,1.2318990585010292,1.2318990627797206,3.473248373441451e-09
919,64,0.29749994445063405,-0.2305483968073118,0.38500023952178164,-0.4647471513605754,0.6645700370504781,0.6645700371420332,1.3776591139072326e-10
920,64,-0.4731985985660846,0.08894481741945888,-0.7277863619878298,0.1787609357706232,0.8997806371766924,0.899780637723905,6.081622408282831e-10
921,64,-0.015764681907120794,0.2094139387217599,-0.3970329545464143,-0.15390612715732935,1.1296502294945927,1.1296502318571404,2.0913975417652843e-09
922,64,0.6483698940629519,0.040507075343837094,-0.5476227869929857,0.3560206545872924,3.0164269086196054,3.0164436811416224,5.560393977759095e-06
923,64,-0.034141508019286636,0.6358796708425881,-0.6327280238425157,-0.0356570240687067,2.3986998410067533,2.3987010694158664,5.12114559769573e-07
924,64,-0.10313106142491167,-0.47357574530059976,0.7199877924913862,0.16968853210183002,2.676292117472262,2.676296174359374,1.5158610995935338e-06
925,64,0.3294339414185333,-0.28088050349397886,-0.3224851540609266,-0.037642841476413044,1.490406355437327,1.490406372729516,1.1602331774111848e-08
926,64,0.26168300265024375,0.2626140770472969,0.06621330019542784,0.22908726792226422,0.43630059132653987,0.43630059133571364,2.102626729105612e-11
927,64,-0.03528066266410848,0.4916765093176951,-0.41233732510185545,0.4736603078163908,1.0640940461577544,1.0640940477462577,1.4928223070236885e-09
928,64,0.48013341339946475,-0.2756285869449228,-0.1151311980950456,0.7256957986161178,2.9422350288550234,2.942247384509232,4.199411021715479e-06
929,64,-0.21525753557500824,0.4048949064408809,0.4639982032362761,0.3189826244838412,1.6653348268923434,1.6653348686868312,2.509674763035686e-08
930,64,-0.4361592685045799,0.0988941514559567,-0.5211166703615536,0.5306910633534947,1.36395444166123,1.3639544505366505,6.507123954857962e-09
931,64,0.5070094927003217,-0.05024549400014334,0.6085588769709793,0.15443296103198353,0.6697255649060355,0.6697255650016989,1.42839651239789e-10
932,64,-0.6484474875848949,-0.2602656769691007,0.4315074310272316,0.03696441234357472,2.638964402747327,2.63896786447458,1.311774895200389e-06
933,64,0.5326891160034285,-0.026865687007122035,0.3518405639125697,-0.23120314652865448,0.6970881958918074,0.6970881960120506,1.7249361056775438e-10
934,64,-0.12003755178488501,0.3783494748871768,-0.30932649899210063,0.5397355786537859,0.6791630139249103,0.6791630140285078,1.5253696361060077e-10
935,64,-0.699244532335957,0.13607127636168903,0.6823738236922127,-0.17312237424217486,3.5335201824451854,3.533652559663849,3.7463269439161646e-05
936,64,-0.0014249240628509113,-0.5223646725988476,0.031900431532627824,0.5906643755446236,2.5186395711073026,2.5186416383984382,8.207967346043225e-07
937,64,0.3304945412228784,0.5685754974040595,0.6438569553288535,-0.03724976494131001,2.012320737495489,2.0123209551394035,1.0815567836229659e-07
938,64,-0.3927631011656529,-0.07014179436814579,0.5507146927017694,0.0658346073231788,2.09433420810908,2.094334524845449,1.5123487333687102e-07
939,64,-0.102032209317191,0.06897735701753628,0.2729732072672028,-0.13890082021646838,0.8791529241479897,0.8791529246225442,5.397860756270559e-10
940,64,-0.1857225428817474,0.7114159786470765,0.45239637600065397,-0.22421611729268368,2.8290831282244313,2.829090847809772,2.728652708618844e-06
941,64,0.3426286434026882,-0.5578847709465209,0.28678439110474035,0.3274316581383082,2.1611770622315656,2.1611774908099286,1.9830784367957662e-07
942,64,0.05475380744284353,0.6037560517163152,-0.08261920519363226,-0.4998125889279331,2.5210302373818223,2.521032326088528,8.285131510304191e-07
943,64,0.5772786485130091,0.20469845913108536,-0.534066580194623,-0.35938225501122134,2.940562052859962,2.940574323344528,4.172836466356201e-06
944,64,-0.6611623785768259,0.050498496954080645,-0.5163093423139768,-0.1863718064463585,0.8606914030546264,0.8606914034715669,4.844250571807227e-10
945,64,0.13440315296461328,-0.48489567074563555,-0.20983468821755386,-0.13242452230273516,1.1179077762196228,1.1179077784222295,1.9702938028524006e-09
946,64,-0.6842045538797733,-0.10167447121102395,0.575245475879298,-0.13385365112603193,3.027559910161167,3.027577466472986,5.798832175068212e-06
947,64,-0.4220680637223115,0.40702354298542015,-0.37388836038607465,-0.4280901807038874,2.1015385025162843,2.101538829792546,1.557317466489398e-07
948,64,0.11870100244460212,0.5436184525495498,0.08272461143932903,-0.6992974763206438,2.98154525887826,2.9815597904463815,4.87383784580477e-06
949,64,0.41102871930406404,0.6240293361153217,-0.07778713487578,-0.3671816523583222,2.695245285542255,2.695249681758433,1.63110059085977e-06
950,64,-0.6522024613304028,0.34781989093969046,0.05126827576386716,-0.4184240330176271,2.604775719457606,2.604778711441058,1.1486530029265997e-06
951,64,-0.4728295765237671,0.28150864131250847,-0.12161971591681692,-0.02218911233718881,1.069094768654001,1.0690947702921545,1.5322808031111173e-09
952,64,-0.1539247025173276,0.2592192949172073,0.3299342419716861,0.3400945190604295,1.1105674289656395,1.11056743107336,1.89787705604378e-09
953,64,0.5493386628573763,0.4938101415953758,0.4309449914874443,0.17083237834700526,1.0961715086240038,1.0961715105563872,1.7628476467694805e-09
954,64,-0.7175796698247234,-0.1645557002345237,-0.3543921079441863,0.07973130006291528,1.2957821739450992,1.295782180063763,4.721984852763272e-09
955,64,-0.6265355472965546,-0.19418023770525988,0.06665300710433429,-0.13986449710368573,1.6655547104909123,1.6655547523307446,2.5120659202563622e-08
956,64,-0.17995416950565926,-0.40766480382441983,-0.0044819738949101965,0.4585501159869167,1.9153786635138899,1.915378802284909,7.245095800833123e-08
957,64,0.21973394391454434,0.5993121581378037,0.4647201757658191,0.07837149438739355,1.5393041485686816,1.5393041707933512,1.4438127566174193e-08
958,64,0.37020648991059646,-0.32637076048633057,0.2584396161088093,-0.3559692576311174,0.29498722848154646,0.29498722848273856,4.04119859299548e-12
959,64,0.35613049570361965,-0.6055947437417253,-0.014286077057908615,0.5530692546869772,2.9333088559270966,2.9333207637429424,4.059516549630249e-06
960,64,-0.5738493131795378,-0.16218484289451443,-0.03151245442112415,-0.7319774372704762,2.321811662342348,2.3218125389199264,3.7754034607579713e-07
961,64,-0.1254796192035727,0.5128576263956778,-0.010433980685745919,0.6883171928078257,0.6686906594111808,0.6686906595060068,1.4180852473081658e-10
962,64,0.5490779375702878,-0.2136833391406525,-0.3138247614622423,-0.25193889525071506,1.9903179827693223,1.9903181794070657,9.879714956295044e-08
963,64,-0.5991113032457615,-0.3794045680613828,0.1673048083850916,-0.2005358478786928,1.9754605089308273,1.9754606925047211,9.292713928417831e-08
964,64,-0.2818833698908811,-0.5927082215552928,0.5357395646346228,-0.3024943253702831,2.343241040388085,2.34324200370815,4.1110583522852876e-07
965,64,-0.3244719100544089,0.3248551640777762,-0.10052191573384495,-0.6299358034296106,2.3145812683821583,2.3145821174439476,3.66831703392444e-07
966,64,-0.4640155906342599,-0.19661398706999134,0.0336364880089758,0.49861224288521616,1.9576818872551456,1.9576820562939456,8.634640856057851e-08
967,64,-0.5803273839284205,0.19162673082493833,-0.2666369408444418,0.3717779678308276,0.9873376018183515,0.9873376027975199,9.917260430621808e-10
968,64,0.4610716698243341,0.14918847939890237,0.04529964608438955,0.6233488208933655,1.652519376337311,1.6525194155682836,2.374009845476212e-08
969,64,0.11212596298010694,-0.7390735270261282,0.6355628271070136,-0.35261014221149456,2.306243080731499,2.306243899103578,3.5485074657988605e-07
970,64,-0.24900230283162095,0.06194371726143155,-0.10297347534058991,-0.10124015702262547,0.4540263782024883,0.4540263782138254,2.497013052852814e-11
971,64,-0.6166480205222525,-0.40542084608675644,0.6305581372433116,-0.11437978786940216,3.273750462607086,3.2737980428016678,1.4533848906654024e-05
972,64,0.1920391529901351,0.04156311805243086,-0.6149539364231682,-0.14339031704497646,1.8857627257333984,1.8857628464932474,6.403766887609018e-08
973,64,0.49396400025919857,0.5193342003273259,-0.1469512636913231,-0.34240927795850734,2.560273308405481,2.560275781193832,9.658298365463311e-07
974,64,0.2868795240113814,-0.04801461819185098,0.22916555197193467,0.16652236493320408,0.4796336314939967,0.4796336315091992,3.169607992968165e-11
975,64,-0.5723023106854312,0.2274004055448645,0.22438097687334785,-0.37290787895663996,2.2832273620410257,2.2832281011904545,3.237301028635926e-07
976,64,0.3134579097743033,-0.2965961456434612,0.15975676916288037,0.03880627233887766,0.8071619740286099,0.8071619743118957,3.509652936412282e-10
977,64,0.5874713365613419,-0.4580272654332737,0.02238051909497731,-0.13957780559654828,1.7373513923994053,1.7373514518382154,3.421231326955645e-08
978,64,0.5755861256144696,0.011377459736663017,0.3598815990432176,0.28719478204560034,0.9308420084534643,0.9308420091288658,7.255812547798441e-10
979,64,-0.044925803820122394,0.2166007328874611,0.10510905852604707,0.6183379075903598,1.0764528638732078,1.076452865586986,1.5920606354025127e-09
980,64,0.35891402940653594,-0.6116058809588226,-0.23052133161382912,-0.09097380576993479,1.968878860884651,1.968879038942573,9.043619975804127e-08
981,64,-0.6155451034732283,0.21680410567746178,-0.0951475862749679,0.121525152591864,1.3162972749534643,1.3162972818036738,5.204150795637676e-09
982,64,-0.5145200828876604,-0.38918932074870655,0.17390895787705543,-0.5530793477143399,1.9496676511857771,1.9496678140410237,8.352974750464298e-08
983,64,-0.4349368270904239,0.3918333625260839,-0.6582929877097237,0.3062837373661646,0.8337004090807799,0.8337004094246394,4.124497153736108e-10
984,64,0.14090776016524154,0.47501584688331855,-0.12085552059638131,0.25655277667802245,0.7973525614635936,0.7973525617269974,3.303480380124439e-10
985,64,-0.6412108515086776,-0.05091754305155138,0.3818635267116749,0.22507663590474208,2.4377418504665087,2.437743306794477,5.974086091857008e-07
986,64,0.4850845997504126,0.035939255741989376,0.2829160450867237,-0.46218822631478856,1.3575240019142834,1.357524010487138,6.315066721695715e-09
987,64,0.5664158386373503,-0.010922442956370034,0.17138690913738633,-0.4532111893766998,1.500525996198332,1.5005260144176973,1.214198580757431e-08
988,64,0.27065542345805343,-0.16092187281979578,0.6588841245014586,0.06714912400539882,1.1941161790986428,1.1941161825454893,2.8865253199502916e-09
989,64,-0.40583172166058834,-0.5492271206285589,0.03440881525923826,0.1035696134085885,1.879503670421203,1.8795037876732366,6.238457284396036e-08
990,64,0.442161851217384,0.4397546588203709,0.2635188136139554,0.10937996697373617,0.9647163786127511,0.9647163794580335,8.761978322025384e-10
991,64,-0.6410958356922836,-0.06664204223525429,-0.24945828816717303,0.03928578652634044,1.0481893964166638,1.048189397856209,1.3733635874126053e-09
992,64,-0.31893327705526475,-0.1425162379224558,0.3242348495482803,-0.6229946249393908,2.0365549015152817,2.036555144800045,1.1945897616848624e-07
993,64,0.6929691700601784,0.15822262750754837,-0.13485913386764703,-0.17858394054531282,2.161351170415108,2.161351599329571,1.9844737353588758e-07
994,64,-0.6712647754682922,0.2551410997904809,0.2990233634734269,-0.3240121357642877,2.7096701183960237,2.7096747912942187,1.7245265995047874e-06
995,64,0.31984538886685726,0.03336662252297119,-0.6299630553941656,0.041924836778819904,2.149013161993107,2.149013567711284,1.8879278359382068e-07
996,64,-0.1718840628543049,-0.34943852384862095,-0.12166427460528274,-0.6510456813626492,0.8594597267525155,0.8594597271658433,4.809158632474035e-10
997,64,0.00020775921341945975,0.1673155884001247,-0.6716853191352747,-0.12124250836478234,1.7836513721422018,1.7836514464638593,4.166826469330123e-08
998,64,0.4537928830394614,-0.02510061347830996,0.06509325810626536,0.6881290324310977,2.109948397405514,2.1099487374149373,1.6114584778525408e-07
999,64,-0.023103917719432227,-0.6832940752540432,0.3318429385876156,-0.6396454164744566,1.3164116446016194,1.3164116514561253,5.206962335766805e-09
0,128,-0.4681119404803729,-0.012915358418824829,-0.24860213959253838,0.08214521649839718,0.5539199174691191,0.553919917471193,3.7440368988273686e-12
1,128,-0.14555893603897102,-0.06207425576251886,0.07355698091980083,0.40621796631914825,1.0943508076080188,1.0943508077275197,1.0919793984359774e-10
2,128,-0.35116194026246245,-0.47755049622842105,-0.7076244744747661,0.003613757992813424,1.835740143699594,1.8357401496750014,3.2550399481335186e-09
3,128,0.5061564235959839,-0.5049501100740283,-0.052857144540530115,0.3217350737202434,2.4004352527370525,2.40043533092927,3.2574183161361345e-08
4,128,-0.09891726258451429,-0.32611101673745635,-0.08318710790894485,0.7279503073979993,2.547887423939578,2.547887572642708,5.8363304774238706e-08
5,128,0.1310553943757343,-0.16641839250564358,0.37042263954098514,0.34657271417684093,1.259372767094146,1.259372767406613,2.4811332388568174e-10
6,128,0.5309000680068642,-0.14623951426837184,0.4671918737903891,0.46053327570883845,1.7177356556847447,1.7177356590694763,1.970461284250942e-09
7,128,0.2968078528644317,0.48438932668122103,-0.3495168485186101,-0.26161748671131135,2.196994142742354,2.196994174420222,1.4418731150936042e-08
8,128,-0.6384513102432371,-0.05790241594194403,0.6809735995625664,0.11889598832699227,3.2192036362178387,3.219206162627566,7.847933876489787e-07
9,128,0.10005176771456499,-0.6147842138085091,0.013794550538237863,0.40935568390778837,2.3221094698187588,2.322109525174776,2.3838676782026234e-08
10,128,-0.23364236040441203,0.27083086942544127,0.09438281141871234,-0.3558647888324439,1.4881950251652192,1.4881950262350638,7.188874033428351e-10
11,128,-0.30682019398785426,-0.18330333731854512,0.048913612281970144,-0.388590662565293,0.9228021946131449,0.9228021946531476,4.334912517372563e-11
12,128,0.1824673001387124,0.028618789799578884,-0.25707053085465464,0.0006854286999155733,0.8970561581222005,0.8970561581557758,3.742826286226527e-11
13,128,-0.4391925699179757,-0.524351711829,-0.5843972422145975,-0.1729230723616136,1.2349163478038092,1.2349163480760201,2.2042863142531236e-10
14,128,0.2662656134014964,0.12053505189335799,0.2976127788783426,-0.4580621259044539,1.3434038240756374,1.3434038245724427,3.698108154012167e-10
15,128,0.4799310646671185,-0.21500246142933352,-0.40466196614625105,0.15682607448861363,2.0979799658364855,2.09797998607435,9.646357470967685e-09
16,128,-0.7024018250145267,-0.10862729530217646,-0.058066562049433036,0.03530843392310068,1.6776651260454631,1.677665128826856,1.6578951607205001e-09
17,128,0.2697548675558376,-0.47809596150648953,-0.710680100847495,0.004861086691627759,2.757149857879781,2.7571502228478093,1.3237148760722485e-07
18,128,-0.7324058883040659,0.019612022238111388,0.13463973707465515,-0.6721490706390477,3.0909208119621274,3.090922297077285,4.804766112966731e-07
19,128,-0.10852770088328186,-0.30965853738782356,0.12052968644681016,0.4838049004960898,1.7748470264361205,1.7748470309003406,2.5152703518669833e-09
20,128,0.575590843745858,-0.17609193179715707,0.12529919064183473,-0.3628541377267524,1.241038398707475,1.2410383989892853,2.2707625575869323e-10
21,128,0.549812921313479,0.02548389806339858,0.4866520496609057,-0.2691077141914432,0.8431889676316217,0.8431889676546351,2.7293383682650095e-11
22,128,0.3347495511765043,0.4959463120378787,-0.46087355306240024,0.0880926581365896,2.1121201211142053,2.1121201426974126,1.0218740404815674e-08
23,128,-0.508802988728167,0.3946964561024231,-0.18260291530403916,-0.33355008438901546,1.9377182615265554,1.937718271190768,4.987418828227707e-09
24,128,0.06689630430220349,0.1856326875125818,0.16905213425213936,0.008735451826697164,0.41975815276150974,0.419758152761977,1.1131108635761583e-12
25,128,-0.7409683009061172,-0.07695344019948326,-0.12407821915544705,0.13932635304831814,1.7590805653437347,1.7590805694809053,2.3518937606428186e-09
26,128,0.21237712183218274,0.23766742515124958,0.7056879594694507,-0.03446690528721508,1.5270686864096683,1.5270686877164508,8.557456987035261e-10
27,128,0.43437782961643984,-0.3104878091635192,-0.14170596897300528,0.4867018653433252,2.2165258072633023,2.2165258418446583,1.5601603142929933e-08
28,128,-0.27424273155097323,0.17478582089916986,0.14714478101321032,-0.19428575636745826,1.1560900242056331,1.1560900243783692,1.4941401108139382e-10
29,128,-0.26755663904416993,0.24493115886552103,0.3116835208775095,0.1557339174748009,1.25740203499182,1.25740203530085,2.457685801125715e-10
30,128,0.3765455508533384,0.22858170099823355,-0.0609027553389716,-0.2998470025700974,1.4694298377788333,1.4694298387493874,6.604970557930972e-10
31,128,0.18319247481573758,0.1993848347442624,0.6893298565806704,-0.15492128708634728,1.6279655676525853,1.6279655698272315,1.3358060416448163e-09
32,128,0.048856340979546414,-0.14297327096661822,0.5163487033727664,0.4575764762576645,1.8512263877615556,1.8512263941932996,3.474315226262261e-09
33,128,-0.18409675264942263,-0.23573972704167367,-0.2687439298717751,-0.1078865686187982,0.3342126392976223,0.3342126392977643,4.2487179763152585e-13
34,128,-0.17661137349552755,0.6696177862470112,-0.5302276290407767,0.19430184077964222,1.7557561977752851,1.755756201846485,2.318772860871984e-09
35,128,0.22932276621122136,0.24490112378736634,0.08586517734230735,-0.0026667144447131076,0.6006526577914991,0.6006526577947423,5.3994325297080325e-12
36,128,-0.3158085790108989,0.051276541123111474,0.31445688608652334,0.3487201422701062,1.5166990917582759,1.5166990929974238,8.170031235186149e-10
37,128,-0.6195762744805587,0.007664849117872856,-0.013517624828834784,-0.24652057340776995,1.563824690987606,1.5638246925633037,1.0075923494145974e-09
38,128,-0.5371807195346296,0.4188651939853589,0.334420299802035,-0.23742321380223314,2.5337701881728023,2.5337703280549753,5.5207127153383145e-08
39,128,-0.6635244356382104,-0.2141172662722287,0.5352558715058299,-0.2498677064092748,2.9519822717601603,2.951983102991067,2.815839765450165e-07
40,128,0.2704481510518758,-0.12235362269085237,0.4403652252470703,-0.013859109661914174,0.4661120239609778,0.4661120239617931,1.7491337623200616e-12
41,128,-0.08697284268831772,-0.07423781609130642,0.10768454761980266,0.1630104468326782,0.6199838080552312,0.6199838080591009,6.2415861544342984e-12
42,128,-0.2446462846922445,0.4704882417186809,0.09694196317987062,0.4954857540509629,0.9048367467770313,0.9048367468124442,3.9137330534938455e-11
43,128,0.3257831893842752,0.40516505121724455,-0.4097850575656238,0.44891890660500544,1.8822231179501896,1.8822231253978845,3.9568608175151075e-09
44,128,0.46463091190090955,-0.07325306974282661,-0.0038512922969335243,-0.03182482278125764,1.0214551536463463,1.0214551537224636,7.451852818578498e-11
45,128,0.5871215930295294,-0.23558369464688644,0.7164244241029493,0.15062603657545012,1.421296152565655,1.4212961533196677,5.305107248720655e-10
46,128,-0.4294161042270695,0.11659683654153265,0.13194553664452427,-0.7338974579596582,2.60948230159023,2.6094824955912683,7.434464614945576e-08
47,128,-0.42386684751063014,0.5311026738977903,-0.15286803042501418,0.16665375852288922,1.1980436454146424,1.198043645635133,1.8404232402021897e-10
48,128,-0.49965694410546424,-0.2477720066361893,-0.11477934620462274,-0.5846257193225204,1.4137680579325835,1.413768058657148,5.125058558272063e-10
49,128,-0.06893420183367165,-0.2711514009299223,-0.3262327273499826,-0.35665853800212516,0.634504982100447,0.6345049821048533,6.944394865972506e-12
50,128,0.02456190858666951,-0.3385754238628288,0.5477220329513062,-0.39820851140581,1.4034804368659228,1.403480437551983,4.888276883667078e-10
51,128,-0.19184988620891816,0.5171584733926724,-0.6271848822287552,0.1568684507783034,1.5998625446321189,1.599862546521728,1.1811071783448343e-09
52,128,-0.009483926121500005,0.2952821588830221,-0.454128679643064,-0.08456588969937803,1.2891979536440499,1.2891979540130616,2.8623355244581844e-10
53,128,-0.5008478256135085,0.46858274366931785,0.3115436659535637,0.3679615952076183,2.137271774857899,2.1372717990513324,1.1319774005073658e-08
54,128,0.4752302349577382,0.36883831905330666,-0.18163490053099343,0.005937315505249419,1.6988932963184655,1.6988932994054096,1.8170323235809013e-09
55,128,-0.11782824136308591,-0.12737920011694442,0.32437541236664863,0.016474283584355216,0.9610693673804496,0.9610693674320464,5.3686903010937144e-11
56,128,0.4526794624291417,0.19732635952011568,0.35174005296736477,-0.40514752536153276,1.515639291597701,1.5156392928301254,8.131383183317159e-10
57,128,-0.6391791584911084,-0.07589647116546264,0.2365853736196919,0.6165409131333045,2.8353926027337133,2.8353931113703172,1.7938842171486344e-07
58,128,-0.20599170117072513,-0.7185799445526629,-0.7044041606146393,0.007831214696786512,2.7665870312604772,2.7665874111752644,1.3732255045385312e-07
59,128,0.10874909576345614,0.23772442427297155,-0.15066680578857275,0.5963124254883223,1.1058497041488198,1.1058497042769224,1.158409132150244e-10
60,128,0.043226896495328807,0.7274923399227705,-0.6737612717404251,-0.21646039964201788,3.2570995562520606,3.2571025096241293,9.067490930734228e-07
61,128,-0.5387336737987335,0.45148662777117254,-0.11130685195305065,-0.398849361875837,2.355985238955378,2.355985303253034,2.7291196303379864e-08
62,128,0.44532479956293924,0.43671889414872933,0.3040775078057293,-0.5884312750636354,2.6687447529830237,2.6687450032140863,9.37635801467002e-08
63,128,-0.1391394885650241,0.25885603692611836,0.7029520803050282,-0.18930068788669216,2.3398494068609015,2.33984946673652,2.5589518073171958e-08
64,128,0.7020495857174333,-0.17207076583970446,-0.5677131509387263,-0.3222168778042225,3.251317443791568,3.2513203276990654,8.869965935685391e-07
65,128,-0.3973864418418704,0.02809444707601903,0.5767091979161221,0.04062349400951749,2.15895571017384,2.1589557368612415,1.2361254793771911e-08
66,128,0.33581925492860265,-0.12370399574415783,0.233782100359021,-0.2208760799035422,0.31739778551827774,0.31739778551838643,3.4244358048472813e-13
67,128,-0.48999065571190165,-0.2988182029797008,-0.45568781486587073,-0.38385679981242254,0.27795064885547766,0.2779506488555325,1.9731926384168932e-13
68,128,-0.026508109931123132,-0.4742755534496556,0.5370141030112056,0.33658208268685774,2.334180599913774,2.334180658307393,2.5016752701722015e-08
69,128,0.6107485166196747,-0.18265542367229398,0.06217755172699328,0.025442541729017738,1.4073919150528222,1.4073919157532904,4.977065168938047e-10
70,128,-0.6074382520124139,0.24993863621739398,0.4798105194485195,0.4411259611940054,2.824157288457148,2.824157773476159,1.7173937625867996e-07
71,128,-0.34533855795399704,0.29014447716571,-0.33551902052050825,-0.0690198809317623,0.8327276685312602,0.832727668552605,2.5632407341746203e-11
72,128,0.10949554305271147,0.48287454011789777,-0.07140440119008291,0.48004883193457215,0.4719480734602466,0.47194807346111806,1.8465369649462564e-12
73,128,-0.24465472375358996,-0.2473157592221854,-0.33072313425435285,-0.37873329625478086,0.38530267406723523,0.3853026740675331,7.730879060936669e-13
74,128,-0.0861721633386899,0.6623936586170296,0.4961042220945462,-0.4928251172303361,3.2432118762022384,3.243214665434057,8.600214617082023e-07
75,128,0.10544050458607862,-0.022398907176633228,-0.49703919698355264,0.05545852645553802,1.3145583396266072,1.3145583400510246,3.2285930363645006e-10
76,128,0.05630129224045396,-0.5685292336834976,0.1405433292336502,-0.21633458229823246,0.8842761120316882,0.8842761120624291,3.4763863784484876e-11
77,128,0.392759958831263,-0.11682283602704567,0.15729857646698597,0.16668218483778777,0.8079580234591099,0.8079580234769227,2.2046629598072043e-11
78,128,-0.47743326662208835,0.3642693866332723,0.3622466285966543,-0.14779021999071248,2.201038750500481,2.2010387827594555,1.4656250188847603e-08
79,128,0.21859230519791711,-0.010553303708555397,0.5002122158885046,-0.4333795340592009,1.296351067394695,1.2963510677786119,2.9615195137208063e-10
80,128,0.26917902376507935,-0.3341887361785272,0.14418356942429675,0.694879945651171,2.5285089053568095,2.528509042084331,5.4074368104943276e-08
81,128,-0.04561054103180237,-0.3985214015075596,0.11138806497344834,0.7346511809622325,2.764204605967949,2.764204982053633,1.360556606832134e-07
82,128,0.30727401649566194,-0.6105472665872477,-0.11661754082274249,0.25426021521336667,2.2458984839355693,2.2458985233761086,1.7561140702069236e-08
83,128,0.03544942588862345,0.5544110443129519,0.3528816731564957,-0.5458778686281789,2.712831758312555,2.7128320604650242,1.1137899294387501e-07
84,128,-0.47149732176527803,0.41762035577216766,-0.7157181159742092,0.15224656322104482,1.2744545797436975,1.2744545800836675,2.6675729171802403e-10
85,128,-0.08914704346943729,0.12783018968672435,-0.19179243974467036,-0.20022028504192496,0.7094017618329699,0.7094017618412821,1.1717252807338927e-11
86,128,-0.12706882568557407,0.715812099326507,-0.12987140315159576,-0.3313783518892018,2.531622859633111,2.5316229982192393,5.474201175882151e-08
87,128,-0.0887858230298287,0.09143329240274944,-0.2666568614249483,0.047352465312549746,0.3815442764723336,0.38154427647261646,7.4142070558619e-13
88,128,-0.018945136758295778,-0.32686692944735474,-0.4606713965774125,-0.5840485739042487,1.48000393343544,1.4800039344608222,6.928239854023908e-10
89,128,-0.2565715443150866,-0.6048592196314203,0.6132750177258065,0.25258827936432077,3.0300763922175924,3.0300775447844255,3.803755034179901e-07
90,128,-0.4956379427448091,-0.4262280836545871,0.14375227161550874,-0.1275423316354136,1.6915378214542542,1.691537824431874,1.7603033574484167e-09
91,128,-0.5677622128802429,0.4674717031286864,-0.6802550789673566,-0.1667687442313514,2.1955035246587524,2.1955035561250313,1.4332146845770012e-08
92,128,0.3103834577883884,-0.6560949450872408,-0.05932976446603914,-0.45836664450360864,1.2844741967575677,1.2844741971170333,2.7985425423872857e-10
93,128,-0.5023780515306503,0.4411101095775697,-0.45056300770600316,0.05824293797915653,1.1087156539412282,1.1087156540715613,1.1755320419652396e-10
94,128,0.6576245990455297,0.19675514060192859,-0.3121761338947147,0.6216991291402572,2.9111823656943083,2.9111830659699023,2.4054679713947636e-07
95,128,0.4226719717791568,-0.579219119090533,0.5024239734002484,0.5268104929006586,3.156804780661139,3.1568067327347804,6.183700852699596e-07
96,128,0.025918584435098185,0.42005625147157905,0.37381158087176514,-0.5995088263484374,2.579281325503726,2.579281495820931,6.603281429594968e-08
97,128,-0.28211599899460693,-0.1883128568893615,0.5646409242031262,-0.045298273489149186,1.911064474349479,1.9110644828797474,4.4636215083599335e-09
98,128,0.4446297222434408,0.44871920550002786,0.20427938125797532,-0.40480426755949483,2.1365138334079252,2.1365138575184064,1.1284963752689334e-08
99,128,-0.19136495518097632,-0.2547958042326485,0.05050568926836857,-0.046410691312459756,0.6630119917085415,0.6630119917141887,8.517416706451264e-12
100,128,-0.0811720395692175,-0.20215871786366332,-0.4343296793790957,-0.11988055054918047,0.8100271602916838,0.8100271603097703,2.232830349213619e-11
101,128,-0.054273442236173086,-0.2465914081578913,0.3486867666499614,0.2823148331981885,1.4164203347237305,1.4164203354585447,5.187825897904623e-10
102,128,-0.24776606157612888,-0.22749277017632444,-0.13487593061638317,0.1505507578163282,0.8314075440160759,0.831407544037218,2.542927139933496e-11
103,128,0.6842735833980047,-0.12230831150374866,-0.4333956065030571,0.31383958226076647,2.8652491378633758,2.865249714893979,2.0138932970051293e-07
104,128,0.2682119400592709,0.03714864700975035,0.6235037605757799,-0.35876082180094343,1.4583175626624807,1.4583175635783965,6.2806333209479e-10
105,128,-0.42333068045357886,-0.10648870537954928,-0.3187399658784816,0.6559315308514774,2.095333597610939,2.0953336176062103,9.5427626604863e-09
106,128,-0.13630687000731137,0.44468231017968696,0.5341384617783953,0.2905911912455333,1.7326739229893486,1.7326739266294495,2.1008574314437574e-09
107,128,-0.12592576969412336,0.08875077706759636,0.5495985247948524,0.06392154191071578,1.4984690574540247,1.4984690585822067,7.528897488135869e-10
108,128,-0.11034600845956309,0.064169145644051,-0.25797813962341337,-0.4572189130568229,1.2088890947622395,1.2088890949969124,1.9412280974135792e-10
109,128,0.10088963454679874,-0.2877630308553409,-0.07769305638800358,-0.2732093356324491,0.3899582544130722,0.38995825441338927,8.131118965802703e-13
110,128,-0.16586072586398612,-0.20386448728676174,-0.03822216905588027,0.37166200922588777,1.2369920480669414,1.2369920483423724,2.2266190939721887e-10
111,128,0.5395165499473588,0.3035769686585867,-0.2430575166530555,0.6585658283061775,2.4295658066156225,2.429565895460915,3.6568382800917916e-08
112,128,-0.6256768668624229,0.26066050454564105,-0.22288349279086062,0.2605926930920175,1.1087238149492782,1.108723815079618,1.1755834703320258e-10
113,128,0.444875570348147,-0.3320527530919821,-0.71408597121887,-0.04796869430455258,2.9351703266165075,2.935171101199147,2.6389699852793826e-07
114,128,0.186193682291792,-0.7095565762210865,-0.6968439271825005,-0.17929117730101649,3.044759041645065,3.0447602670304366,4.0245725675979296e-07
115,128,0.31701061780514395,-0.016499840458449266,-0.14148240668807827,-0.6879659198402621,2.0377577886259504,2.0377578039889808,7.53918374850217e-09
116,128,0.3635616609659902,0.603197256319414,0.19361942926801035,0.43442558642725176,0.7494102763917582,0.7494102764031855,1.5248394514793294e-11
117,128,-0.37153864066759407,0.6333555822507512,-0.1931758372786462,-0.413424609505684,2.6596727259358794,2.65967296662428,9.049549533611429e-08
118,128,0.14797231994677099,-0.7010182625254718,-0.5680628019043669,-0.08790981962983467,2.5517584914634064,2.551758642678985,5.9259361429069735e-08
119,128,-0.3886950151265247,0.10965846411717713,0.17974830868506544,-0.726625170687021,2.567854377062824,2.567854539178422,6.313270693343884e-08
120,128,0.5078944163871056,-0.4972595010728768,0.18040350965100302,0.5748770025339522,2.884496082594947,2.884496708428202,2.1696450162409848e-07
121,128,0.10208873589387293,-0.13108968489206205,-0.42054395728773747,-0.09913321532932584,1.1183679785614398,1.1183679786995466,1.2348964019848672e-10
122,128,-0.33744969821704796,-0.6121382009444899,-0.06986010675463028,-0.5537549047153957,0.8931543090065689,0.8931543090392552,3.6596473624977786e-11
123,128,0.18060735236944667,-0.39754293766279253,-0.5179966655967675,-0.2675863803596032,1.7231566271541812,1.7231566306295403,2.016856191038162e-09
124,128,0.26305893132006564,0.2540606523417154,0.4571074554838376,-0.3124107967484451,1.4222197236266485,1.4222197243843508,5.327603975135312e-10
125,128,-0.2581558021964419,0.48554681260390403,-0.24782966631611889,0.4536099296352648,0.09385401160300139,0.09385401160300157,1.9222539177624084e-15
126,128,-0.14315078363782993,0.27338043816612395,0.08545611274607903,0.706603560312884,1.3591948759366055,1.3591948764777584,3.9814224571415404e-10
127,128,0.4540752001723188,0.4517583148858463,-0.4317056789494494,-0.1237036394405615,2.432910677092524,2.4329107672482375,3.705672978879906e-08
128,128,0.6241481008827857,0.20319307044747623,-0.2487773600583541,0.3916531981969779,2.2007637265719446,2.2007637587910787,1.4639978675760412e-08
129,128,-0.22702513626385853,0.04208891154130152,0.17434531644658863,0.5336597215092281,1.4468183744048064,1.4468183752672346,5.960859663994528e-10
130,128,0.14811739439053878,-0.7346219312271474,0.5327215940143956,-0.4321990012494471,1.7847009048680893,1.7847009095491215,2.6228665070632702e-09
131,128,0.5035782721872634,0.04155608703921337,0.5146419325157818,-0.4127614726192686,1.3065704256880262,1.30657042609421,3.108778105740558e-10
132,128,0.045359539649189935,-0.5389113007078087,0.01513396765544031,0.2741490356901625,1.7711418250265225,1.7711418294117314,2.475921917001132e-09
133,128,0.19206992738424775,0.3503649416363419,0.18459383448203853,0.6736320977231915,0.9496873177667478,0.9496873178146163,5.040458799314003e-11
134,128,-0.09439750947561058,0.08911271283673397,0.14421950893177699,-0.6074467298616681,1.692035356877146,1.6920353598620421,1.7640861320825357e-09
135,128,0.47223604741885156,-0.2851500401731332,0.041664203877166246,0.1328492099840699,1.3485644634332967,1.3485644639442078,3.7885552012165084e-10
136,128,0.38881904934353934,-0.07821032442443272,-0.3903954705695375,-0.3808261348733567,1.882307361085003,1.882307368535658,3.958256306011447e-09
137,128,0.5862681990340814,0.027964193888402992,0.1826905579594723,0.63931135217682,2.0464196525543454,2.0464196685410116,7.812017536626942e-09
138,128,0.590745921311781,-0.39727153496562984,0.3856936970674552,-0.44554329512106305,0.7264769003158743,0.7264769003254109,1.3127180964430707e-11
139,128,0.6529241087463413,-0.31738795953111876,-0.4320145470011895,-0.2816523861110825,2.7416497965944115,2.7416501382570773,1.2461936828667713e-07
140,128,0.2515282005148948,-0.5462493871815818,0.3718746155589058,0.1508610245946139,1.715231137719842,1.7152311410634695,1.949374357478011e-09
141,128,0.29492419067855136,-0.49104869777721505,0.5008774639856507,0.23404464392770508,1.905509487796788,1.9055094961074204,4.361370256981779e-09
142,128,-0.24819509981229548,0.03209469531440008,0.636269918640724,0.2263361662786469,2.1178008464494407,2.1178008685971874,1.0457898713574974e-08
143,128,-0.35137217333440457,0.32320813720288444,0.6556464984084247,0.11124801616307811,2.464013876263401,2.4640139795445637,4.191582025094134e-08
144,128,0.4155793241070227,0.5597277511627095,-0.02689912177042472,-0.43412569378250915,2.586574941931119,2.586575117694343,6.795210961254561e-08
145,128,-0.48970885355986776,-0.3421542447510061,0.2777022917477797,0.3314968220159419,2.2901104231696126,2.2901104711992706,2.097263849926084e-08
146,128,0.48531097957462466,-0.2458992169740982,-0.14150408155303917,0.6741909269121041,2.730298044994102,2.7302983705219823,1.1922796516815281e-07
147,128,0.4375075423461899,-0.008565664459151374,-0.4573079485599436,-0.543301101075111,2.546866097170067,2.546866245217167,5.812912586067059e-08
148,128,0.06129778266773331,0.5776313196701865,0.04196878058875065,-0.5085516499365194,2.4463644180082142,2.446364513628099,3.9086525374161196e-08
149,128,-0.11836814268168959,0.3132093732524492,0.3515895783341436,-0.5924743699966041,2.3828345382388916,2.3828346106102622,3.0371966459555705e-08
150,128,0.40666564934669286,0.012108662528010282,0.2197897440749675,0.6739432908742841,1.8564064953555042,1.8564065019472231,3.550795025199606e-09
151,128,-0.3202564463630644,-0.26877436826608203,0.37948431173115815,0.4174316818898766,2.1650137525286963,2.165013779956318,1.2668566874126972e-08
152,128,0.5093898489281188,-0.11568189512557037,-0.2739157619752968,0.5822359361234666,2.5056211673211672,2.50562129111661,4.940708691333732e-08
153,128,-0.03270399381938285,-0.5507797557748271,0.2054785733825796,-0.48106267509470746,0.6848410630575599,0.6848410630643508,9.916025105746221e-12
154,128,0.2205672914538542,0.26081686613328864,0.2925374312544949,-0.12480458089559188,0.8542735427546567,0.8542735427795627,2.915455639421154e-11
155,128,0.26742046165544453,-0.2656982439095168,-0.19742074375273627,0.2020249223597651,1.3737505088851225,1.373750509470402,4.2604488713973293e-10
156,128,-0.49616633505118635,-0.5247624648996969,0.4411987137855353,-0.14226916636099665,2.552307061705887,2.5523072132808524,5.9387433331241594e-08
157,128,0.1850961388503708,0.37259842998616544,0.2963646241019203,-0.2176489970458125,1.3221388064039428,1.3221388068463666,3.3462740309125647e-10
158,128,-0.0193781820569067,-0.6386544478541913,0.08469314830587156,0.295205917010752,2.1367428319923656,2.13674285612788,1.1295469962280073e-08
159,128,-0.5949233065168776,-0.1791651626749945,-0.12901535479636908,0.5850130212826337,2.3066337575726457,2.3066338092588445,2.2407631340140376e-08
160,128,-0.31539878935629245,-0.034602181689674695,0.4711819526685471,0.35803243527435313,1.9671570159731657,1.9671570270584653,5.635187977959484e-09
161,128,-0.4927656330220569,0.5520159869562479,-0.4821338092062402,0.4321108740178758,0.4654165605895272,0.46541656059033576,1.7373155519225761e-12
162,128,-0.5944739371882071,-0.2640029055113587,-0.35600427066758866,0.3985219845335763,1.8963654944274184,1.8963655023883097,4.197973071603156e-09
163,128,0.11823639711831078,0.42387523367148655,-0.2462063451733211,0.5283194405012928,0.9973058506588578,0.9973058507241296,6.54481149703788e-11
164,128,-0.2531834573469087,0.6041312476174037,-0.25224657350400886,-0.6357504927717434,3.099787003591323,3.099788544466245,4.970905809135084e-07
165,128,-0.6501559588501373,-0.2105406542484863,0.5657349718411071,0.14377193750749695,3.0061528635922823,3.006153906533502,3.469355242176926e-07
166,128,-0.7387571329777618,0.1028368964980232,-0.38957944618271556,-0.3713991313643276,1.8313193546139954,1.8313193604649427,3.1949355351294424e-09
167,128,-0.04052995396679617,-0.6451598854298775,0.6108347869381078,-0.09999964937524407,2.296143056896838,2.2961431062313014,2.148579681616724e-08
168,128,0.18127351176936804,-0.4628857290278178,0.7227109113218937,0.17967936637274834,2.3345797463743803,2.3345798048711672,2.5056666862951704e-08
169,128,-0.26299022445701453,0.10667226272209712,0.4398192372461791,0.1208404469944558,1.502254158345671,1.5022541594960923,7.657967244596275e-10
170,128,0.3382322009927614,-0.25120476235359207,-0.03217332518707284,0.44821630559269643,1.7298443236111911,1.7298443272015493,2.075538349859082e-09
171,128,-0.29560549703159955,-0.3175789437313204,0.13518700527766517,-0.6157616216409697,1.3848885481007853,1.3848885487220775,4.48622475582688e-10
172,128,-0.5586168510899298,0.06869229412717762,-0.4824011189054348,0.5622268323554434,1.6169022009698486,1.6169022030277282,1.272729818311692e-09
173,128,0.167354209480047,0.16496141080432644,-0.15486288658728267,0.29272188933858917,0.7389385200566785,0.7389385200672054,1.4245992581471281e-11
174,128,-0.15938047045455625,0.2951530460525844,0.026787355257174843,-0.7145350400653782,2.4540626272506505,2.454062726141324,4.0296719541595977e-08
175,128,-0.6483109053774789,-0.20539849973393726,-0.5482013182253443,0.46373599904737156,2.18830912985589,2.188309160320102,1.3921347594934211e-08
176,128,-0.3016494748186797,-0.24336805178550366,-0.7237501959012069,0.18319977715940947,1.732170866186737,1.7321708698179468,2.096334633144159e-09
177,128,0.14114194872228933,-0.15103720695303016,0.6317749017630968,-0.37923656540536244,1.493427666771547,1.4934276678707388,7.360194759406629e-10
178,128,-0.5058651840254553,0.4189446241077186,-0.014616225658111772,-0.4364163425434953,2.338040350354405,2.338040409753141,2.5405351170650974e-08
179,128,-0.03299702896038341,-0.10063827806624662,0.3078028020577753,0.23859121497462826,1.0069652068288055,1.0069652068982353,6.894954738806807e-11
180,128,0.16513445820893174,0.034855208235345006,0.32500434077660373,-0.05820653374161348,0.39507731113648253,0.39507731113682215,8.596221895301701e-13
181,128,0.12254402505583928,0.27960975024672496,-0.4441240297434201,0.5645205275476229,1.701741367755829,1.7017413708861229,1.8394650686979222e-09
182,128,0.43291688326999334,0.46286243676315764,-0.593208029869989,0.06279171517012769,2.6754995911544133,2.675499848730844,9.627227442029439e-08
183,128,-0.32863641259007326,0.645491497997454,-0.3618920202829193,-0.21678953548829208,2.2531459651338697,2.2531460058719373,1.8080527500825515e-08
184,128,-0.15118201078604568,-0.08852956476222955,-0.20347051535784072,0.13881437949609088,0.48420866909429744,0.4842086690952973,2.0649503402069334e-12
185,128,0.6627522199552127,-0.09513528239350127,-0.016693426157984893,0.5596891380896961,2.426226407616863,2.4262264951724473,3.6087144975978305e-08
186,128,-0.4098520030129671,0.6024004069534424,0.14459355331354537,0.221792772887299,1.7883676055765416,1.788367610340795,2.664023560564876e-09
187,128,0.08539545468438624,0.6273197423159723,0.17384820123290207,-0.5033449244133872,2.6328640529621006,2.6328642674888467,8.148037339935184e-08
188,128,-0.016507785639311816,0.4766073451575788,0.07155609555471819,-0.6011736288711328,2.4397646498489887,2.439764742749149,3.8077509016707325e-08
189,128,-0.3935142066626034,-0.5708129712453092,-0.5606851210106449,-0.02614398778779378,1.6988051885356563,1.698805191621268,1.816342325134854e-09
190,128,0.14614811021842378,-0.5026629075117207,-0.4753886599776301,0.48500567869996897,2.764026200359751,2.7640265761602265,1.359612566545926e-07
191,128,-0.3635450330905445,0.14624157325004497,-0.03751005093121815,-0.32878430197596437,1.2452169700393532,1.2452169703278948,2.3171996685882065e-10
192,128,-0.2999691300103504,0.551433495823068,-0.40971726167468636,-0.3455053765274942,2.2467346827690737,2.246734722357242,1.7620312982521034e-08
193,128,-0.5541576445434616,-0.04215131639683557,0.27686537860360855,0.38371754239521505,2.1262229134597916,2.126222936470931,1.0822543144772445e-08
194,128,-0.6117103993752412,0.1264035720233909,-0.5807601207416467,0.3395444551203356,0.72925313230174,0.7292531323114901,1.3369966055252175e-11
195,128,0.6080473482718823,-0.05857273237674908,-0.28489667649121503,0.3525467804852789,2.2677386701902256,2.2677387136680696,1.917233434489026e-08
196,128,-0.5489485876727273,0.4763817309498194,-0.5383793090600648,-0.4982384515337085,2.9646784409760047,2.9646793176703845,2.9571314299782367e-07
197,128,0.1582137433043763,-0.4365884321294579,0.30666787100865756,0.028955344558132194,1.103088011474697,1.1030880116006838,1.1421280555701437e-10
198,128,-0.26003829823717356,0.3880432691656492,0.07668670321802683,-0.10664426538105079,1.2768796542074747,1.2768796545520713,2.698739637387058e-10
199,128,-0.22485697969437768,0.12452966616344219,0.25000905351086644,-0.6720003318777978,2.248591655680903,2.248591695598842,1.7752417888507793e-08
200,128,0.21634629453577722,-0.30997289684855095,-0.09082687361118329,0.7438642551121805,2.6918135892571797,2.69181386545744,1.0260749910131655e-07
201,128,-0.04211064081307129,0.2895514391339676,-0.06895779558643846,0.7202663508747986,1.2288362085826443,1.2288362088456202,2.1400399945166127e-10
202,128,0.45254556412929714,-0.08613365163859149,0.05369468518855307,0.414850647575724,1.4564463499900355,1.4564463508970402,6.227518738191107e-10
203,128,-0.02874564477593649,-0.0492001627365091,-0.36170364673589644,0.25565197111207333,0.9701869334135814,0.9701869334683509,5.6452545756417126e-11
204,128,0.6654935936544012,0.14623489026772035,-0.034838082001235435,-0.23260028601766086,1.9264450171566303,1.9264450263245652,4.758991185357862e-09
205,128,-0.29917524393928013,-0.15610568431448615,0.32289494693907483,0.5310811132892354,2.103875170292421,2.1038751910809967,9.881088024262413e-09
206,128,-0.005727719549822561,0.1279898189683473,0.2570875137421764,-0.05995212914424277,0.6633073057178639,0.6633073057235253,8.535048869006586e-12
207,128,-0.20547451343329584,0.2164013679246288,0.6147848447941068,-0.055783145751743896,1.9684141810598177,1.968414192210085,5.664594110004638e-09
208,128,-0.41505411170929285,0.03471002491001406,0.29287056685570056,0.15189054463723903,1.5212008863042608,1.5212008875723548,8.336138149856158e-10
209,128,0.5760083691641028,-0.07624203303864024,-0.028756685173311248,0.13894755619719013,1.4602779015873433,1.4602779025126829,6.336736190624511e-10
210,128,-0.6362288823717529,-0.1955087696550626,-0.27588706238157074,0.3096851411360949,1.6381269620622636,1.6381269643496783,1.396359839664711e-09
211,128,-0.12459111224870895,0.23120772617408317,-0.22653434825766017,-0.08874697843413289,0.7030354038541597,0.7030354038620515,1.1225321346092698e-11
212,128,0.5252380049798531,-0.3767199980226712,0.06319176731127779,0.3047690964003805,1.9479934904057403,1.9479935005447624,5.204854182678523e-09
213,128,-0.15362438834241499,0.11541736532108711,-0.08927747713140188,0.015845398144029865,0.24201898708824213,0.24201898708826922,1.1193106014850309e-13
214,128,-0.1785918699150072,0.21895353062686676,-0.6094003806056237,0.15844986001079617,1.109724397304139,1.109724397435265,1.1816086883046668e-10
215,128,0.3907910157452718,0.10007385281227552,-0.18092006676237665,0.27938899741919954,1.2961661374720765,1.2961661378556006,2.9589115953460745e-10
216,128,-0.40021340224536356,0.4015880098063194,-0.28276267690601276,-0.5737712193038622,2.446044222080798,2.446044317566955,3.903697093510083e-08
217,128,0.19636769806719917,0.4530382996719804,-0.1692593579239405,-0.6000661058103064,2.539623360712717,2.53962350418819,5.6494783854685345e-08
218,128,0.6116743670664813,0.2688944913258423,-0.11003594340672643,0.3087079178937682,1.802481027926098,1.8024810330240975,2.82832344807644e-09
219,128,-0.13702716047225444,-0.16050430962073123,-0.6200157230835815,0.3369229571459605,1.7642338398647885,1.7642338441062477,2.404136621820267e-09
220,128,-0.5071997888564732,-0.4732025260563778,-0.17282532283760887,0.09483159068204741,1.6669976150574646,1.6669976176964096,1.5830526922385586e-09
221,128,0.2996639558461332,0.49499035115547585,0.19810359503388122,-0.15881691385550178,1.5252650187379106,1.5252650200326838,8.48884070411524e-10
222,128,0.6462517393731921,-0.35581429025987227,-0.45922506526818235,-0.3350508880117454,2.8789680868166907,2.8789686982321143,2.12373116056208e-07
223,128,-0.47476633182577455,-0.4554044931555209,0.5387932868031303,-0.06539240015152413,2.618686187308913,2.618686389148968,7.707683947399937e-08
224,128,0.3155547753106707,0.5777765649524895,0.07105799231621748,-0.5516427076180032,2.7463613414021686,2.746361689989872,1.2692710836564205e-07
225,128,0.34795008443521785,-0.2933007302389381,-0.385118419789856,0.6068448153063423,2.7726419177494326,2.7726423075689888,1.4059498765229552e-07
226,128,0.27943490009137284,0.43785976855333164,0.3664925929688854,-0.6138470049065793,2.667891867840357,2.6678921171587096,9.345144592819606e-08
227,128,-0.21287039663840918,0.08831905170928622,-0.25486155546246864,0.5019219827749399,0.9925664737660518,0.9925664738293664,6.378875115961647e-11
228,128,-0.47658563988288943,-0.2247728481121075,0.5684332595707683,0.3406914273874301,2.764899121290164,2.7648994984881607,1.364237826734845e-07
229,128,0.2871714380162532,-0.03908142247021658,-0.5630122979884467,-0.4067070360095613,2.211416963621521,2.211416997419369,1.5283344856154757e-08
230,128,0.7243230541639277,0.12229806318036053,-0.1973031411902978,0.4910530412232528,2.62604427354926,2.6260444818788393,7.933208950958408e-08
231,128,0.06379483792184357,0.128889582118825,-0.4282629004284141,0.11921450429285509,1.0600613449258738,1.0600613450227534,9.139057461603797e-11
232,128,0.5584359461856434,-0.010214905458741912,-0.39681958026442543,-0.5580308779058202,2.721754886580503,2.7217552004612595,1.1532293302562755e-07
233,128,0.02736933499227204,0.6686011713003124,-0.6505767338236828,-0.048417315005441344,2.6538496460350203,2.6538498807873174,8.845727093378885e-08
234,128,0.0763040024811152,0.4768143658149046,-0.07453246135444726,-0.6436013228903299,2.596423441368876,2.5964236247573353,7.063118311417232e-08
235,128,0.1267683921216771,-0.41548017409610216,0.4863853306423603,0.3875467487261602,2.0919636380634206,2.091963657753841,9.412410448735464e-09
236,128,-0.018908635584759293,-0.48104258377935033,0.09566761563414543,-0.7329666601956037,0.9063042460410767,0.9063042460768459,3.946706149024498e-11
237,128,-0.524290625785883,0.525900549845704,0.10595216823002908,-0.49700024916653834,2.9602429109851007,2.960243771524922,2.906990564814176e-07
238,128,-0.7029264108525626,-0.030231362498428307,0.4188619094134064,-0.4371551083361701,2.9834578120243163,2.9834587604858434,3.179068003818666e-07
239,128,-0.5261468172581056,0.11962295279698652,0.22965929478003036,0.06978558128791765,1.657221439764501,1.6572214422790232,1.5173121018848e-09
240,128,0.5947089217154578,0.1474617225355862,-0.4375093838153805,-0.17344977384392482,2.4445680911859546,2.444568186057972,3.880931674405824e-08
241,128,0.2659855032432921,-0.5955861824277477,0.43368119630696916,0.11999969008724622,1.8815037269804535,1.881503734402912,3.944960788133787e-09
242,128,0.02279206653520687,-0.20395356789856578,0.3008986461908718,-0.5195105866550915,1.0288003650128754,1.0288003650926005,7.749328063013929e-11
243,128,-0.6877055389122877,0.14112933120574214,0.19025703137831956,0.1424603987800823,2.119092585661376,2.1190926079394776,1.0513038333704257e-08
244,128,0.24495877032705554,-0.6944525200696929,-0.6304589045548795,-0.2347154805886892,2.8650828526065895,2.865083429232308,2.0125970116513772e-07
245,128,0.41352313073796587,0.18122195371966449,-0.30049598057624605,0.2817278138873518,1.5981055080356008,1.5981055099086212,1.17202549895658e-09
246,128,0.08418017049664832,-0.3516908538673963,0.12960870614033645,-0.4062938650574274,0.16826033588408085,0.16826033588408515,2.556820178575137e-14
247,128,0.477992745398088,-0.08461990370625908,0.23964078820893356,-0.530663800783796,1.3241438989991812,1.324143899446485,3.378059967150435e-10
248,128,-0.5842546449085838,0.18442211617859183,0.2939328342298968,-0.49381755691977797,2.617340218013392,2.617340418687989,7.66711931458515e-08
249,128,0.5116259327522972,0.45444820843459244,-0.03886094344042467,0.07799165934148881,1.6444764156801785,1.6444764180408555,1.4355189072423868e-09
250,128,-0.654645354371022,0.1792964155467073,0.3370036892980425,0.665712727189504,3.1076948768211006,3.1076964691651905,5.123875261353708e-07
251,128,0.3231394192945163,0.3614492113906791,0.47899642297805717,0.5688140905640282,0.8604435248261838,0.8604435248522023,3.0238499007307116e-11
252,128,0.6319063879251438,-0.3556456601926857,0.2160855594644297,0.4128517883919695,2.3152723073850354,2.315272361089447,2.31957214765517e-08
253,128,0.4901144451803934,-0.2562187929846613,0.5286882922719996,0.05708787227906873,0.8673323371634716,0.867332337190784,3.149009141469473e-11
254,128,0.3628205972468626,0.04672544723521826,-0.3464390202883396,-0.3515234240887797,1.769698369448282,1.7696983738030738,2.460753728223151e-09
255,128,-0.5977123402152852,-0.03017297844588972,-0.558275640551015,0.25459136630929363,0.880194703273377,0.8801947033032591,3.394941674366671e-11
256,128,0.17485479556251435,0.6177232993858656,0.2942991745303024,0.05219479876513199,1.4496648317076617,1.449664832583049,6.038549732613944e-10
257,128,-0.5545267180905077,-0.12909016162951695,-0.2466892217346008,-0.5428518845143857,1.4362118611487942,1.436211861964502,5.679577962382457e-10
258,128,-0.15479892292799666,0.710609212484982,-0.13614413898313923,-0.5836868455795153,3.184793655753217,3.184795847499977,6.881911348082544e-07
259,128,0.4350467569122185,0.1026736607753823,0.5603791915609571,0.3080760766105508,0.6862157790483343,0.6862157790552033,1.0009897852949287e-11
260,128,0.2026355842314019,-0.6585911456273085,0.4674423504437579,-0.01900445414923616,1.8746915404920403,1.874691547679566,3.833977766737189e-09
261,128,-0.42532592407527564,-0.2289387087804929,0.7105014444104981,-0.16600613471739703,2.7958534613499926,2.7958538915452933,1.5386904451996212e-07
262,128,0.10699637936540048,0.08727754143607196,0.36849936334811717,0.6217770313969774,1.5718190608689964,1.5718190625097395,1.0438498538344394e-09
263,128,-0.03054383800715233,-0.6345062164278505,0.5510358686885571,-0.05983769815116954,2.122400864179375,2.122400886794726,1.0655551129374726e-08
264,128,0.4628604341370813,-0.4542133001118599,0.10082017693732004,0.20489593984550641,1.7834575325697921,1.7834575372229207,2.609049256380215e-09
265,128,0.23797704852423204,-0.6437816589747053,-0.03930743888988411,0.265570515466096,2.2254995398630144,2.2254995758635614,1.6176389319833944e-08
266,128,0.5526317072109104,0.5021251387088423,-0.7090238832647782,-0.14110469450844063,3.687731661566465,3.6877486334775456,4.602263027270214e-06
267,128,-0.07026293430861229,-0.1408457682038169,0.06674259548223037,-0.06544319355169428,0.31678306701582576,0.31678306701593334,3.396034140953727e-13
268,128,0.02282208794314597,-0.03517680251561167,-0.1195836132335242,0.3402012172869537,0.8369976287668603,0.8369976287888728,2.6299361163037255e-11
269,128,0.3704381958829047,-0.3039475141690708,0.37158406777015174,0.16716199660902736,1.116576165872425,1.1165761660090574,1.22367364879764e-10
270,128,0.565807738934723,-0.21811604006621566,0.4134762739239651,-0.5124658435888153,1.0576495715918521,1.0576495716872978,9.024317122236054e-11
271,128,-0.1855982025907468,0.3942132206137075,0.02987779045103799,0.6038855166537799,0.8159084458015138,0.8159084458203996,2.31469375326064e-11
272,128,-0.05595421657798375,-0.5502647273245116,0.7224045257800125,0.17201399883451818,2.7988668176079714,2.798867253337386,1.5568065333814271e-07
273,128,-0.2392756348457536,0.05817759934146446,0.0919467922750018,0.6737355652189277,1.7394917802133718,1.7394917839760442,2.1630871951679593e-09
274,128,0.4399473897460851,0.08246736493816063,0.305657205264067,-0.29137360467339185,0.9445929230764666,0.944592923122746,4.899404135504868e-11
275,128,0.6586512303745984,-0.17545977744389152,-0.30199095454223346,-0.3492558043866659,2.3940867390451137,2.3940868150869243,3.176234569360961e-08
276,128,0.42257252184437144,0.5073456005313235,-0.5932584304166206,0.38869525124395365,2.825378776381629,2.8253792639151585,1.7255510433602933e-07
277,128,0.6334314026224519,0.1390384360879346,-0.4387347612433463,-0.313770230652325,2.7161384469332654,2.716138753380894,1.1282474534842827e-07
278,128,0.6229386188724055,-0.4081674810220613,0.4328043318007612,0.42803066695173025,2.5186943661264403,2.5186944971542213,5.2022104321874863e-08
279,128,0.4488365861695413,-0.38338367828986386,0.045852082999420736,-0.44826358389489707,1.0796607146202808,1.0796607147295594,1.0121567331314163e-10
280,128,0.6508248325811055,0.32475628684183433,-0.012662221931760462,-0.2578001994680789,2.195281449059321,2.1952814804941947,1.4319290963143958e-08
281,128,0.044310083868752174,-0.6321160011271588,-0.3971858530357986,0.311495067169514,2.4551590686951617,2.4551591680604954,4.04720553571697e-08
282,128,0.6874468091703704,0.02717781446770304,0.6036737359083735,0.18964599054072792,0.6395986949788258,0.6395986949834346,7.205702350559869e-12
283,128,-0.34405714068355575,0.3496535488117143,-0.1608928712507049,0.5277020883862324,0.6891930357805853,0.6891930357876266,1.0216668046859595e-11
284,128,0.2917350824975937,-0.3772566525983497,-0.192048754830049,0.43062129269387167,2.0508886201021554,2.0508886364200802,7.956514375882974e-09
285,128,0.4646042707989269,-0.3656939662777336,0.29165461029526046,-0.6804400271305272,1.243186877907243,1.2431868781924957,2.2945280022710614e-10
286,128,-0.2872415675053051,0.28636963095465434,0.10708738339623444,0.5137210798329814,1.1118329461425238,1.1118329462753227,1.1944139941352756e-10
287,128,0.4106213790127091,-0.5978224066035792,-0.5096101445076306,0.2524440669595672,3.069605385374719,3.069606744438712,4.427487648334113e-07
288,128,0.6008457624387231,0.16467907573285445,0.14792516560167607,0.09235956078501675,1.1298911886590708,1.1298911888070136,1.3093541274713396e-10
289,128,0.20916774913110855,-0.6390209740213301,0.31532403767250866,0.01026052633640144,1.6717218878293756,1.6717218905305273,1.6157901421195224e-09
290,128,0.495908851495046,0.1364233092792046,-0.015173287670942386,-0.26906763725536603,1.4496251038295458,1.4496251047047517,6.037463792773151e-10
291,128,-0.11732038252009683,-0.21803201329898553,0.49593869820062497,-0.1390652190099523,1.3775668018494789,1.3775668024468717,4.3365795480201155e-10
292,128,-0.4865456381370014,0.02927043832083492,0.16200504649685712,0.353184752971899,1.6192929785562122,1.619292980638809,1.286114859564723e-09
293,128,-0.4814372814334291,-0.0010447877689247374,0.19250583799515822,-0.2857776487101456,1.6016072355027837,1.601607237409002,1.190190860822764e-09
294,128,-0.3613415563503092,-0.5354924171223686,-0.46687660952170695,0.019244106702908256,1.5221830071388107,1.5221830084133048,8.372804451647156e-10
295,128,0.07909232220061152,0.5815002038457315,-0.4523388314172842,-0.30578348318108584,2.4167404020930134,2.416740486083956,3.475381243785585e-08
296,128,-0.27830780258850174,0.08956341059167958,-0.5141825552781218,-0.29347002159381,1.1095473687776616,1.1095473689086484,1.1805424506106243e-10
297,128,-0.042349916004731133,0.4491965476174651,0.10260576804846736,0.5490410710659344,0.4711858374146257,0.47118583741548964,1.8335017269456863e-12
298,128,0.04735050415105387,-0.05926911117807901,0.6576970466834641,-0.08363673384561918,1.493785091883425,1.4937850929846483,7.372033237756262e-10
299,128,-0.27439236824775576,0.6733071871878484,0.37974525527070024,0.24738597458162612,2.126794313670881,2.126794336741764,1.0847726474306764e-08
300,128,-0.6424317980696196,0.23777756347006748,-0.6373103189050406,-0.18117845652803816,1.4147236704755681,1.41472367120381,5.147591196900462e-10
301,128,0.030660998947553003,-0.11682401895105367,-0.14143655689874424,0.6812880999664942,1.9607703669260483,1.9607703776868952,5.4880709448405324e-09
302,128,-0.30154466232580857,0.6809182879381738,0.06337533450481662,-0.523479431107869,3.075177952990475,3.0751793439529678,4.523193499711216e-07
303,128,-0.4258432849269323,0.5781387956907182,-0.22365400186985607,-0.6927468222119377,3.4358422905378494,3.4358484289391718,1.7865783127642317e-06
304,128,-0.2442481878284012,-0.5935084862984701,0.4664432417050363,0.4372558164094442,2.9948983326963288,2.9948993276811233,3.322265679916513e-07
305,128,0.09077956009766534,0.37173263540275414,-0.059859227174206574,-0.6014887341646885,2.2028786200379535,2.2028786525646837,1.4765557167918984e-08
306,128,0.3161643740674994,0.13678630385627952,0.46251362621941955,-0.1119568717858748,0.6855600918742257,0.6855600918810572,9.964734523048667e-12
307,128,0.2002587138393695,0.5278574284912033,-0.5862989643607498,0.0009308402316274833,2.2944051039881863,2.2944051529432463,2.133671160367475e-08
308,128,-0.3218708572792857,-0.6748123370652942,-0.19794882973686403,0.6506867244847899,3.4619358732625685,3.4619426989390867,1.971635746038767e-06
309,128,-0.4340321309040607,-0.5828270525939683,0.08759399484143013,0.2453569765632153,2.362434707992159,2.362434774145022,2.8001985629255866e-08
310,128,0.5418703885551835,-0.42646370196069044,-0.1265561797975705,-0.46488859478956435,1.8394731697366746,1.8394731758191536,3.3066418499663964e-09
311,128,0.15053313576489624,-0.49308740951267216,0.3783604606900739,-0.42565698215533754,0.6624977241116397,0.6624977241172619,8.486490163484436e-12
312,128,0.2730766841105554,-0.13694692192330807,0.2692780722238322,-0.18311512387706583,0.1028637173929843,0.10286371739298468,3.642686462316656e-15
313,128,-0.32697007341399775,-0.1391941056220544,-0.017422702816285815,-0.4697920741306501,1.049151441894567,1.049151441985113,8.63038351470315e-11
314,128,-0.07894865721206606,0.02784802162260537,0.10201789391741287,-0.5921629757367455,1.4822681061565732,1.482268107194068,6.999373139470527e-10
315,128,0.6411147306713528,-0.11722384937832615,0.4415959796289848,0.42389438183664596,1.7079490668916413,1.7079490701184412,1.889283469227326e-09
316,128,-0.6328567908086394,0.21951283893281145,-0.419571672161418,-0.2976677236851392,1.585790575845312,1.5857905776058814,1.11021562040221e-09
317,128,0.16256669707383606,0.1683461555425827,-0.2308521547535732,-0.22068730144879467,1.1385743635044956,1.1385743636602685,1.3681403260744196e-10
318,128,-0.4809375592433862,-0.24925851371761618,-0.090090912609527,-0.3928651217873999,1.0356563551880582,1.0356563552712903,8.03665110261452e-11
319,128,0.17072410217179895,0.40026857683260153,-0.2681170963562989,-0.10175857647849627,1.4229864871243572,1.422986487885135,5.346346518519319e-10
320,128,0.12164536828094062,0.32038026536821046,0.3505877122224951,-0.5491334975867951,2.109638395417938,2.1096384167589157,1.011594115850121e-08
321,128,0.1898686696535004,0.3741340876016582,-0.4809501004500104,0.5252424949737929,1.8724168776101695,1.8724168847208515,3.7975955719071295e-09
322,128,0.2730277069718406,-0.02555295511749136,-0.5727810970172257,0.4031545816685251,2.254453475011203,2.254453515987738,1.8175817557631278e-08
323,128,-0.11732959624040182,-0.24089109804261516,-0.1167749784768937,-0.3896238801900805,0.3363907154960994,0.33639071549624616,4.363125291344362e-13
324,128,-0.44003330595381734,0.08189448546406955,-0.26724906378516433,0.33204189643152116,0.7349930079381842,0.7349930079483883,1.3883206655195847e-11
325,128,0.39789144826376904,-0.39514751687637567,0.04409444916731399,0.00470099317275301,1.214834711448455,1.2148347116912552,1.9986276493606805e-10
326,128,0.13078560935973285,0.6765325835067771,0.1978691836081953,-0.6577850863001431,3.3215126199969105,3.3215164678953055,1.1584777284482768e-06
327,128,-0.42505498984716,0.11216328109149523,-0.4944380544526981,0.5257148740798216,1.2632216408876045,1.2632216412068873,2.5275281238743374e-10
328,128,0.03480926201735889,0.1935527226708431,0.6824595301373391,0.2386979249189637,1.7033888359500624,1.7033888391056962,1.8525621911474322e-09
329,128,0.30671282143147627,0.10771626658739462,0.6272873663919329,-0.16011371936327443,1.1024653073953719,1.1024653075208863,1.1384892281888832e-10
330,128,0.6028177460871005,-0.13279084567194283,0.6565378333262162,0.209912663496339,1.1523330828136242,1.152333082982585,1.4662500611565038e-10
331,128,0.4602983160433341,0.27507076314665485,0.1569589069009904,-0.3839056449869117,1.6831892624240794,1.6831892652820868,1.6979714938249079e-09
332,128,-0.3664680441082276,-0.08551742654122724,0.2572823422355408,0.6967349243486746,2.511396468927265,2.511396595868222,5.054596453716896e-08
333,128,-0.300046923782795,0.10570782688436861,0.34911695018736494,0.3688407891654456,1.5541779105653197,1.5541779120657757,9.654338615189099e-10
334,128,0.21528388566842938,-0.3713544376723954,-0.5322893112324858,-0.24437911046837357,1.8129597275969223,1.8129597329570821,2.956579669102532e-09
335,128,0.2555431784400231,-0.29607531735080284,0.3763882545588245,-0.5318533485964443,0.7418380169011575,0.7418380169119271,1.4517464975792432e-11
336,128,0.21392216053391072,0.7060251632564446,-0.7093528745675858,0.11881177209740613,3.1665812664356596,3.1665832991381393,6.419233579180245e-07
337,128,-0.1119226948784415,0.5382083255264738,0.7155279716909092,-0.06212549618612786,2.660494029914127,2.660494271451532,9.07866742146189e-08
338,128,-0.21185066638365055,0.33919018026062514,-0.11154611006636886,-0.3812894489628356,1.564992891448275,1.5649928930333228,1.0128147414565651e-09
339,128,0.45462592637584576,0.4643805232513023,0.16069965264001512,-0.5075967726892753,2.4749094393093176,2.474909547616217,4.376196467180142e-08
340,128,0.05164697837313673,-0.11410107927511359,0.33605610461984387,-0.4973041113956509,1.1399933738016417,1.1399933739587296,1.3779720290918182e-10
341,128,-0.4260823372828815,0.5046769496414647,0.40390671411767054,-0.441601127228021,2.9684877151221647,2.9684886059281688,3.0008748209886755e-07
342,128,-0.43471043426042577,0.6110534804763277,-0.32776336516697485,0.009517629552177817,1.7308901268293027,1.7308901304379691,2.0848616678872736e-09
343,128,-0.5152221421151906,0.4845053349582643,0.5862535353685296,0.23222175635879208,2.9397912314307515,2.9397920211936213,2.686459029214908e-07
344,128,-0.399119248177809,-0.6135249890643993,-0.01296315936901421,-0.37808090971045694,1.3331408279112962,1.333140828381122,3.5242018250180635e-10
345,128,-0.4770211103931049,0.02406723777207571,0.6188977132109732,0.03703308078427101,2.487311091850082,2.48731120616873,4.5960735952984436e-08
346,128,0.41970971754719233,0.40150584980777565,0.16300949435162063,-0.6136303168404168,2.565821197475888,2.565821358173292,6.263000866399642e-08
347,128,-0.49281971845074823,0.3711709048125573,0.43008161341734663,0.06205762773053365,2.2445341351801567,2.2445341743809717,1.7465011747460775e-08
348,128,0.16862035756700924,-0.20722107590700203,0.2824953580407436,-0.4419487368490257,0.6257140471139756,0.6257140471180501,6.511790040782222e-12
349,128,0.4848355982801349,0.5060356308113669,0.06765393370698014,0.39423733782562853,1.2401981656230727,1.2401981659035473,2.261529973696735e-10
350,128,0.17041249846272788,-0.6780732232579686,0.5278586244460651,-0.2537367598702928,1.7018526198226334,1.7018526229546318,1.8403464565007385e-09
351,128,-0.12165162271138608,-0.7241179306082745,0.49078848273662307,-0.23725931246516585,2.2463763149019087,2.2463763544267423,1.7594929828113378e-08
352,128,-0.6462368064196033,0.09382352512129376,0.16612184876293112,-0.28250508151735015,2.0967434232993747,2.0967434434235344,9.597816999631407e-09
353,128,-0.4031536768264603,0.02386580443481816,-0.23116553187337968,0.6050744881746074,1.5722673428389158,1.5722673444833815,1.045919882667395e-09
354,128,0.010661118933697018,0.251906917769241,0.3708404084865526,0.20646573702362564,0.8066092558051253,0.8066092558227616,2.186464596847977e-11
355,128,0.49269671704948503,-0.13412456237545284,-0.6027755519229521,-0.10282365383783726,2.5094659552273417,2.509466081108243,5.0162426390402594e-08
356,128,-0.7221110346393207,0.057211321140701335,-0.07286567004776726,-0.14141233702274372,1.7592548806997734,1.7592548848404306,2.3536425539655106e-09
357,128,-0.6772701108589853,0.29724876505011427,-0.1833402568842327,0.46242321106892204,1.6059005721552917,1.6059005741029748,1.212829212257724e-09
358,128,-0.7189051268353505,0.05246349400847065,0.17965132370385595,0.37656238207327186,2.4076780489270875,2.407678129645179,3.352528439506701e-08
359,128,0.4269707163775969,0.3752185695303781,0.09321456266501686,0.13846151670478823,0.9703600659503712,0.9703600660052025,5.6506201767050235e-11
360,128,0.4282531632177979,-0.4388392150834565,-0.07924380607151524,-0.5747307317957754,1.4910756614051293,1.4910756624910368,7.282712837323868e-10
361,128,0.3350562719389197,0.6591767660512731,0.5007450983753973,0.32327092361768606,1.2936386632370689,1.2936386636152697,2.9235428312049866e-10
362,128,-0.49689324598789864,0.40388004878899925,-0.0002190099174020712,-0.4551214871644049,2.3343098545787395,2.3343099130057476,2.5029671192077377e-08
363,128,-0.3615348991540569,-0.5660702812140653,0.42364332835328455,-0.5180764782320235,2.309439783748469,2.309439836081992,2.2660700320867566e-08
364,128,0.13494826690599648,0.6555039112575225,0.19511061067300936,0.19165213025779385,1.2298954454566644,1.2298954457212279,2.1511054716905825e-10
365,128,-0.6674216428300845,0.3388276407849014,-0.5475479918901633,0.3305555407218628,0.46717238028909425,0.4671723802899194,1.766314315375443e-12
366,128,0.26029164943080235,-0.18185440362846889,-0.4204362599973865,-0.20133876841171014,1.4836630184633715,1.4836630195083957,7.043542073374284e-10
367,128,-0.2533372576401949,-0.6697252992417035,0.10168358879150914,0.3627740768972347,2.589964601047331,2.589964779399276,6.886269592114468e-08
368,128,0.3486165088608765,0.550168006453084,0.16411419921119766,-0.6259412775958002,2.9384127791250267,2.9384135643291374,2.672204927090781e-07
369,128,-0.3516975322027929,0.5437148818462139,0.29848224106776994,0.11997677790689133,1.867677754390469,1.8676777613435818,3.72286532614263e-09
370,128,-0.28609628318010943,-0.6106868108972376,0.042258552906869494,-0.6939295760011379,1.2026606131257094,1.2026606133521385,1.8827347900368402e-10
371,128,-0.4550459192305367,-0.5386197364556247,-0.1303188995168117,0.6017615115824939,2.9938710385116303,2.993872029228719,3.309150848741267e-07
372,128,-0.3782131228173337,-0.17092484048658146,-0.40207075886215116,-0.6101519390215687,1.3187641857567691,1.3187641861910908,3.29339918701827e-10
373,128,0.012060271125626795,-0.20412634184689704,0.3104239409849431,0.03167127057185278,0.7966037854858254,0.7966037855021993,2.055463774138762e-11
374,128,0.2913505988968027,-0.6588431826505176,-0.24915404464338678,0.0891134976942537,2.2522569741801495,2.252257014756853,1.801601850759339e-08
375,128,-0.40941147001902284,0.16404271238224621,-0.22813004451762048,-0.2886754555992039,1.1107396267687912,1.1107396269007201,1.1877573200752832e-10
376,128,-0.12782055195741313,-0.031428876386445814,0.12898637241922353,0.4375048126474699,1.1480244304026466,1.1480244305673715,1.43485535694467e-10
377,128,-0.3290473232427723,0.077863462703344,0.2840756023334928,0.32196075625120696,1.428339037212986,1.4283390379955632,5.478931078921115e-10
378,128,0.2923767235216471,0.07289488483928933,0.4314544924565098,-0.6050152965630844,1.8798316671872466,1.879831674551366,3.9174355038739535e-09
379,128,0.08492397346733385,-0.13923518977824278,0.10649673963311679,-0.09788784598797023,0.09550783264924552,0.09550783264924578,2.7607994133511272e-15
380,128,-0.3462071931637189,-0.3868033907008458,0.09389235160078727,-0.23581741866087724,1.073337744657132,1.0733377447622616,9.794650682912293e-11
381,128,-0.3229705562043135,-0.3770641676676877,-0.2449495352698257,0.28965579392545465,1.5207221945148413,1.5207221957798274,8.3183248092202e-10
382,128,-0.4572161479161137,0.21907448597750034,0.5454805810923745,-0.09132357417901205,2.3466031713021507,2.3466032329913253,2.628871187589813e-08
383,128,0.08180197641538389,0.13733478608238758,-0.12539596933099906,-0.31949402624252743,1.0351936091081553,1.0351936091911462,8.016949362648074e-11
384,128,-0.28290054036223905,0.6587258835795647,-0.2934952048466212,-0.6682556934983377,3.495991143018851,3.4959989806518963,2.241891562250911e-06
385,128,0.5398686841342635,0.3574411797290477,0.10046581672351935,0.30092314596841424,1.1598705071903308,1.1598705073669435,1.5226934675057987e-10
386,128,-0.4253115603531824,0.26485710776224647,-0.4316052576024635,-0.5719224182872071,2.2597654981156956,2.259765540075096,1.8568033025385516e-08
387,128,0.36263747832813087,0.12499881389827838,-0.2803450832878554,-0.5210116218738758,2.062754812796094,2.0627548300261362,8.352927926741001e-09
388,128,0.5062666142349387,0.3099446800006922,-0.0012490223777273978,0.4255554323101122,1.329422411687519,1.3294224121479115,3.4631008686928057e-10
389,128,0.6886586595180167,0.016049354009750803,-0.11570172488625104,-0.4457935870420253,2.3237215354657623,2.323721591218348,2.3992799829213783e-08
390,128,0.5331044533342716,0.16297521407646245,-0.4518453391019043,0.45970929539452027,2.519800414387956,2.519800546046255,5.2249494911553246e-08
391,128,-0.4925563594914927,-0.13117021098736473,-0.6490260167233338,0.15784826574837038,0.9861612551780747,0.9861612552388287,6.160651425052655e-11
392,128,-0.3157133314720666,-0.18794060261549897,0.28038744729466386,-0.3219452087452549,1.3484132244230211,1.3484132249335135,3.7858744325586463e-10
393,128,0.3669504794556443,-0.2866432935052598,0.2626407058141864,0.4767506466059416,1.8157609760465618,1.8157609814789648,2.9918051128807824e-09
394,128,0.058704627601029465,0.7193779328206339,-0.17620760673167654,-0.5037457399961804,2.9987590707103253,2.998760081896242,3.37201453312372e-07
395,128,-0.23715982604269825,-0.2795437394673312,-0.4599174835984149,0.39886232081107587,1.7162603177970424,1.7162603211575018,1.9580126810623058e-09
396,128,-0.37267827171453205,-0.053047859265854765,0.10901604009033528,0.7095557971197446,2.2742580681721387,2.274258112931188,1.9680725763774324e-08
397,128,0.6539313215068588,-0.29833859615492936,-0.362867372737432,-0.3803909670778504,2.626687547102283,2.626687756008831,7.953231753462481e-08
398,128,0.4673812497291738,-0.5179303614675624,0.04001485841534214,-0.6795059278044964,1.5735639129153716,1.573563914570645,1.0519264328941175e-09
399,128,-0.6724357363019414,-0.11031235797215257,-0.7003523301552953,-0.021930926899990637,0.3531608101484245,0.3531608101486136,5.355251398517587e-13
400,128,-0.5386124310968206,-0.18342145167931373,0.005448225354097917,-0.21847038699638477,1.2713993123647043,1.271399312698928,2.6287866961134034e-10
401,128,0.5708260171934335,-0.11187300544760485,-0.6211956244160993,0.13790116668456354,2.833799154846099,2.833799660065599,1.7828345355713546e-07
402,128,0.3240377808619249,-0.5627071360959695,0.07347397875720656,0.31897203405326774,2.1268664502051817,2.1268664732836187,1.085091023794458e-08
403,128,-0.40955916474354676,0.394452574963777,-0.4539195131693858,0.25251443655287703,0.42002165691828536,0.42002165691875426,1.116377421799608e-12
404,128,-0.26586223940513376,-0.11051705082447588,0.11636712903841052,-0.07570087417293489,0.7887940614588238,0.7887940614742684,1.9580073325988363e-11
405,128,0.2876912598655506,0.16979312203344465,0.1741981901312567,-0.06559184326480011,0.5571189005969248,0.5571189005990654,3.842305496162842e-12
406,128,-0.6369253009147582,0.3786203541861161,0.31377133918333966,0.509506875058891,2.6848805060129943,2.6848807741424263,9.986643032720433e-08
407,128,0.2213274797704036,0.39777425035109937,0.5405829148008643,-0.10015260503934177,1.4579520249779105,1.4579520258920786,6.270220548489145e-10
408,128,-0.15791672439855284,0.3235024155463864,0.40951684774346486,-0.010621868931391033,1.4240298475663964,1.4240298483313782,5.37195099489031e-10
409,128,-0.1797670116510886,0.0776130036672629,-0.1273526057552495,-0.21156789646818663,0.6090848739130785,0.6090848739165833,5.754127535002374e-12
410,128,0.16713293459609038,0.0028441752630381668,-0.08133903881926163,-0.2294940598771642,0.6972608106796192,0.6972608106871458,1.0794592006121174e-11
411,128,-0.546758458505992,0.10953772924296229,0.3796489909803685,-0.5058244721217944,2.631526606937509,2.6315268202348316,8.105459466333707e-08
412,128,0.11526044833893588,-0.25205114940539325,-0.0757313681363802,0.37576677752853666,1.369398151859459,1.3693981524312033,4.1751511698913153e-10
413,128,-0.28553933689887,0.042103628109116,0.01344554213480665,0.1293757416780001,0.6449506132618866,0.644950613266717,7.489501112510348e-12
414,128,0.3020133553867191,-0.6644414689764708,-0.25915931499410316,0.2694735866905538,2.620289357084174,2.620289560321055,7.756276250665758e-08
415,128,-0.30781721114370963,-0.6244757990882902,-0.3170055027806583,0.08598082385950284,1.829758825794442,1.8297588316020523,3.1739758872717027e-09
416,128,0.2934264778518051,0.6502191600173575,-0.18694262503123035,-0.2122958959625269,2.3546162190145874,2.35461628292502,2.714261117614473e-08
417,128,0.5379544624344198,-0.08719324382921852,-0.4760508579883702,0.04360018438749868,2.262328368009623,2.2623284104513885,1.876021459025682e-08
418,128,0.5127249405530746,-0.44237995056637647,0.3280600961525096,-0.3195361363800432,0.6657807224662671,0.6657807224720496,8.685270399595634e-12
419,128,-0.4671071108424809,0.15477090135072627,-0.5252797806701333,0.11384986134497373,0.193465190298865,0.19346519029887366,4.4761228511954303e-14
420,128,-0.6211996717295608,0.3437026083177632,-0.1585837602287689,-0.19986726197856564,1.830113266625992,1.830113272443419,3.1787251044318815e-09
421,128,0.4354198966501948,0.3325472225810227,0.11209727905971628,0.23576904560500653,0.8132601396301596,0.8132601396486817,2.277508986589403e-11
422,128,0.1191151922826861,0.25966971983711556,-0.5912502934822531,-0.08410661821286254,1.8002420813332178,1.8002420863768165,2.801622460741006e-09
423,128,0.612574326502966,0.30143985245642824,0.22210995643060927,-0.13793932226712408,1.5171699102437568,1.517169911485902,8.187252246036641e-10
424,128,-0.2739152815948241,-0.5945188813591398,0.04664050297680945,-0.04184236271750716,1.5375914277742917,1.537591429153262,8.968379027061625e-10
425,128,0.08054289451117538,0.48860694614715994,-0.4359230233712028,0.585410875316778,1.595063216248516,1.5950632180931403,1.1564583850653151e-09
426,128,-0.6202897125902644,-0.23969387137751189,-0.1450387873149183,0.389552872457203,1.9813735830859298,1.9813735949276803,5.9765359597885754e-09
427,128,0.21427302350998936,-0.1764277442288274,0.49228165478420866,0.48155011075035903,1.7984354137712697,1.7984354187713778,2.780254473998682e-09
428,128,0.6754284984616689,-0.2851944102635519,0.3175904616343114,0.16024531523445013,1.616247208824143,1.6162472108752997,1.269085921214041e-09
429,128,0.36764604948243057,-0.6487988182482187,-0.2533102766935771,0.19164983600169685,2.5545924277293217,2.5545925808105245,5.992392413103891e-08
430,128,0.39297669568589516,0.23574380926510724,-0.5348725549703293,-0.12565093488083603,2.2061931236209906,2.206193156635542,1.4964488459129032e-08
431,128,-0.059309545360242674,0.14407166815375383,0.35651530120311675,-0.0425438321516727,0.9523590262881796,0.9523590263369007,5.115837293509311e-11
432,128,0.1594327247895082,0.4960885971746562,-0.39265581459779836,-0.3064686117533012,2.176582276488559,2.176582305385473,1.3276279287475545e-08
433,128,0.1636473231476625,-0.0842150482470807,-0.2029014911429771,0.011518292056510933,0.7682529195360914,0.768252919549309,1.7204670283649907e-11
434,128,0.08165778296543895,0.1658562827279753,-0.4155930356956981,0.4407554416054363,1.3487346692094964,1.3487346697208789,3.791572231234907e-10
435,128,0.30550083967954417,-0.4514294840204356,0.09262303808988775,-0.534051989831764,0.6373759729464512,0.6373759729509708,7.090959030120613e-12
436,128,0.45261734443688834,-0.5275912064037784,0.3894208991798098,0.5234994858696969,2.8263962629976893,2.826396752635565,1.732375187401306e-07
437,128,-0.1894487628447277,0.13838134216963643,-0.5850724718580843,0.20259271844404456,1.0070150923866832,1.0070150924561352,6.896818154161503e-11
438,128,0.2637106089927397,-0.08416483820162092,-0.33607547380498876,-0.506552202087395,1.7077325539262798,1.7077325571496667,1.8875244155341316e-09
439,128,0.0646190671332257,0.7055695851382061,0.06342783669850235,0.6685305869001719,0.1416232167159792,0.141623216715981,1.273881823086937e-14
440,128,-0.0622575550932297,-0.40251370224458694,0.04095683827761561,0.6843645118881921,2.5421559320792726,2.542156077137371,5.706105459206331e-08
441,128,-0.1602541553829348,0.6442095426433094,0.08201642979585216,-0.29948558861627195,2.2414356799721125,2.2414357186337632,1.7248610395187565e-08
442,128,-0.19398791346165123,0.4296974251927096,0.5660752621492492,0.4525958935317634,2.0970051832859506,2.0970052034341276,9.608072056876632e-09
443,128,0.014174452835665227,-0.2727325827563189,-0.15629822617461092,-0.12813791441874306,0.47018964181271333,0.4701896418135674,1.8164895541963836e-12
444,128,-0.5468105538603983,-0.2396963504609217,0.44562117328757084,0.04381594248276297,2.320796794924028,2.320796849959159,2.3713894831039145e-08
445,128,-0.16620646729971994,-0.28333951571787575,-0.6684303609299129,0.2714559829544925,1.9594999366094712,1.9594999473068808,5.459254897089844e-09
446,128,0.21735458352532236,-0.12465632678704269,0.4353205298200878,-0.5277443012683084,1.2207335565691237,1.220733556820243,2.0571184120168835e-10
447,128,0.47957842452339455,0.36882139053656154,0.058441666833363666,0.07143567181444903,1.2229032097962798,1.2229032100505248,2.0790285560245076e-10
448,128,0.3670123690862167,-0.5724040934009627,-0.38209932668027485,-0.3133338542214474,2.086948041931406,2.0869480611764275,9.221610308296037e-09
449,128,-0.22941191832127736,0.6782387813031016,-0.6266758544012343,0.3187756794097144,1.8725937907588084,1.8725937978754388,3.800413325740071e-09
450,128,-0.31278814982995234,0.3727287946840413,0.622686533951574,-0.18282097893111657,2.536756740513754,2.5367568822182425,5.5860495539251635e-08
451,128,0.22479019984271875,0.6349459919097099,0.20933719028154185,0.041463696651397076,1.4997557496860663,1.4997557508217623,7.572539608132082e-10
452,128,-0.35425707048229543,-0.5140336494449618,0.13221023471317972,-0.09516978275995037,1.516264608435643,1.516264609672031,8.154169622416649e-10
453,128,0.3766788531822917,-0.3400280288560891,0.6920332432295625,0.09441758296837481,1.5736048724095155,1.5736048740651327,1.0521174838238186e-09
454,128,0.2742488052154617,0.30299370354493094,-0.6027208618294343,0.3304287531347293,2.185490790497188,2.1854908205773578,1.3763576603138827e-08
455,128,-0.6013066511518909,0.15378759997451288,0.43242188367586154,0.01866632915344975,2.3615477630073447,2.361547828902012,2.7903169494388547e-08
456,128,0.24215114293348033,0.022394894457889742,0.49903910436089255,-0.43299808388930794,1.3348487638630089,1.3348487643372273,3.552600527717967e-10
457,128,-0.35495795486490306,-0.3520569079586859,-0.4322391382108123,0.11018046033080639,1.1455566429079875,1.1455566430703306,1.417154087619113e-10
458,128,-0.5967910325208469,0.3905866581559434,-0.39560060418998044,-0.5142532539016754,2.639774556950119,2.639774777940758,8.3715724337018e-08
459,128,0.14410782194493404,0.619683315752016,-0.5244716521869204,-0.31936912406234835,2.789551341646704,2.7895517604902946,1.5014729581210436e-07
460,128,0.4283165434698549,-0.06092062557107651,-0.28035826042713063,0.22134512948236698,1.6264350287346425,1.6264350308927675,1.3269051477018536e-09
461,128,-0.06103743771368827,0.2596920287894105,-0.522292867627341,0.4836377075615639,1.3982523482145648,1.3982523488818004,4.771925475088444e-10
462,128,-0.16381552705521654,0.6601092738427147,-0.08281957532685987,-0.14116356689053625,1.9189206702364323,1.918920679086883,4.612202438536131e-09
463,128,-0.06797824363992483,0.6403123925142744,0.16957796623062507,-0.12145207943340534,1.8550898062414467,1.855089812792145,3.5312027396508195e-09
464,128,0.18220110304675805,-0.18575271040178692,0.42009763547815326,0.284288202689828,1.1940035015526296,1.1940035017680424,1.804122001565507e-10
465,128,-0.20908563106462796,-0.5046477882885582,-0.32554850366662047,-0.5854380348535755,0.4519617381497829,0.45196173815047436,1.5298792826294462e-12
466,128,-0.3479777439123253,0.11976108310888321,-0.6288411659778057,0.03127755864087705,0.7942380183031487,0.7942380183192359,2.0254939046471988e-11
467,128,-0.08532102280897917,0.5236970203301443,-0.6875892343064682,0.04112188837636066,2.102632521760509,2.102632542431806,9.831150666860596e-09
468,128,-0.14187073943046602,0.44037785981519323,-0.25196782159269016,0.05497182534575762,0.9047338910282233,0.9047338910636116,3.911453769837882e-11
469,128,-0.5934519558646564,-0.017987234670133422,-0.26138269211332427,0.619481879729839,2.04057214748109,2.0405721630441227,7.626798522952412e-09
470,128,0.6967949536843088,0.206335618425802,0.011353172462646683,-0.31357833610680197,2.179942797469266,2.1799428268071273,1.3458087756972632e-08
471,128,0.00589533014369637,0.37831820701616264,-0.03645238634848143,-0.564327283651529,2.0776257166957044,2.0776257351386556,8.876936311510568e-09
472,128,0.047303914154349806,-0.7051275048120885,-0.2630509558242502,-0.136830453336308,1.7031796929468137,1.7031796960992198,1.850894610228877e-09
473,128,-0.33928362223617226,0.29799544988906107,-0.2566047045426277,0.31370454796756253,0.20598797115998424,0.20598797115999615,5.780503527488462e-14
474,128,0.42774245770802505,0.5190798205183612,0.36906170332211485,-0.3042083582962966,2.1201320096636977,2.1201320320472306,1.0557612782134057e-08
475,128,0.2722200333025511,-0.5649698579999964,-0.3203253785892134,-0.4999016610451419,1.6927172524688683,1.6927172554637657,1.769283934920142e-09
476,128,-0.2672041039060426,-0.2881388622078179,0.5309126820743172,-0.37880439532355126,1.9701867139272857,1.9701867251697776,5.706307806720266e-09
477,128,0.4701554927565751,0.17145514083105,0.48973679805217996,-0.17452713880573217,0.90584940079376,0.9058494008294183,3.9364562275218917e-11
478,128,0.39139843580105455,0.4677012703878852,0.47068256661114993,0.1807731522966775,0.8445819822474462,0.8445819822706903,2.7521393803487586e-11
479,128,-0.19378199589858575,0.19965067452654833,-0.6913718929314452,-0.10241075507665014,1.5384295214587274,1.5384295228436062,9.001900047575744e-10
480,128,0.6014024670014185,0.16019363204245582,-0.3813551042072696,-0.09591122276711632,2.288930258402928,2.288930306181287,2.087366308846753e-08
481,128,0.5308829360627532,-0.5259920130145542,-0.5715492120808314,0.19559792461063544,3.2857676712610995,3.2857709941422892,1.0112952351511671e-06
482,128,-0.615968907997492,-0.23771271474432487,0.5128294472374594,-0.02651392955503604,2.6832651446667923,2.6832654109492764,9.923823018084645e-08
483,128,0.08229010551159599,0.37843612870065385,-0.5575867094580051,0.4488359578006377,1.762567340839943,1.7625673450474053,2.3871214909142837e-09
484,128,-0.39606303010783384,0.003990068946973217,0.3419849391092546,-0.6430033226418851,2.455005822850889,2.4550059221497467,4.044750389457927e-08
485,128,0.6417800499297164,-0.11123472807368735,-0.265213947706522,0.6205788258672296,2.958885676992195,2.9588865326476537,2.891816554929876e-07
486,128,0.35429672077176944,0.3217380081277813,-0.5524416514176215,-0.1505930571556205,2.299420487759842,2.2994205378175914,2.1769724053312314e-08
487,128,-0.1844738816258194,0.7018677393443553,0.33490355370447744,0.5739428460917435,1.8192959113939104,1.8192959169188103,3.0368341050694957e-09
488,128,0.5746640690735908,0.04197264759187892,-0.10081805841126693,-0.03511766331421545,1.5220083607104316,1.522008361983784,8.366265044241041e-10
489,128,0.16594305194930745,0.603113890005054,-0.024038875286837437,-0.6092712307003547,2.8733516884236643,2.873352285525302,2.0780666714660058e-07
490,128,0.3678723771821276,0.14079126440713255,0.5062957283362143,-0.14763292338253245,0.7979803897340246,0.7979803897505673,2.0730654971779524e-11
491,128,0.48946745567846606,0.06931293739978996,0.7106332455736432,0.23051954325031476,0.9150307957350821,0.9150307957730378,4.1480297527998625e-11
492,128,-0.09514515834221322,-0.08494284672555734,-0.47768340104531953,-0.24157405217781353,0.9506197644302709,0.9506197644784352,5.0666273930217905e-11
493,128,0.4331870343088691,-0.6101607434611104,-0.21610669786506828,-0.1903570482763655,2.0537710966230835,2.0537711131581826,8.051091523746762e-09
494,128,-0.159409641195286,0.21553678146242355,-0.18976028539022946,0.07915803141736064,0.2953052922109632,0.295305292211038,2.533954989410702e-13
495,128,-0.09318941862526971,0.5231881160979654,0.28347725200221496,0.4013202194632692,1.027379713755029,1.0273797138340444,7.690969539606146e-11
496,128,0.34237317118823907,-0.44683477521383386,0.5197430253931876,0.2680568508868576,1.8988332421815453,1.898833250235402,4.241476562426378e-09
497,128,-0.5086189325117344,0.19334037875894688,-0.6083841360544889,0.32701877051814315,0.5431531522219734,0.5431531522238361,3.429478744799468e-12
498,128,0.14151078383395385,-0.48516426898836523,-0.059985707901832185,0.407952635328342,1.9862959156712547,1.9862959277863415,6.099336265071505e-09
499,128,0.1118269179748196,0.0927497139112863,-0.10833124768942498,-0.10847925281615005,0.6010539399437405,0.6010539399469955,5.415591962017877e-12
500,128,-0.27207103236781693,-0.6638397618929863,-0.37881083280651384,-0.23872148599534776,1.311342130363109,1.3113421307800959,3.1798481861225644e-10
501,128,0.3825393842199002,-0.007539112124874658,-0.3828524431257814,-0.3627657948202817,1.8668158764021126,1.8668158833269322,3.7094282806133837e-09
502,128,0.33658340621920785,0.43505278666995684,0.23827366129514865,0.009482463696452377,1.0308337249722506,1.0308337250530017,7.833579903477142e-11
503,128,0.11511978948294199,-0.3416452854230388,-0.14810392433747832,0.34162861689221474,1.5361221749698135,1.5361221763384831,8.909900816375451e-10
504,128,0.27733020017906074,-0.07062300843501584,0.5364982099419933,0.4969961839851016,1.6981437856058335,1.6981437886814648,1.8111724880214245e-09
505,128,0.49158703652456237,0.0875590633918318,-0.132853982357569,0.529676122516104,1.8382698647676932,1.8382698708154586,3.289922505665587e-09
506,128,0.6442594561402191,0.18438383144866133,-0.08029435089929708,-0.7393504490434332,3.1925220582507055,3.1925243211356302,7.088079216013734e-07
507,128,-0.3695055398351612,0.5978940242164977,0.12358753115362142,-0.004003135126583898,1.9038015585886054,1.9038015668328088,4.330390046602316e-09
508,128,-0.32885256962380405,0.40069680235767324,-0.057548879305008446,0.37515686517301433,0.675919941487577,0.675919941493878,9.322214643338624e-12
509,128,0.31532058045125405,-0.5712943854230337,-0.6386881952961271,-0.3692784603427364,2.8019040995126816,2.8019045408909284,1.575279635435044e-07
510,128,-0.43433357650541493,0.4620654193957826,-0.5392328455763524,0.3727320034810119,0.46765948752903336,0.4676594875298632,1.774445343000884e-12
511,128,-0.37328739982750997,0.5578251197129304,-0.019431293110384825,0.7240816555922317,1.410216905071859,1.4102169057829086,5.042129767667987e-10
512,128,-0.282208406811735,0.45654502740100017,-0.38975659921035527,0.16086466496501428,0.8009000803444632,0.8009000803613692,2.11086520308606e-11
513,128,-0.31966697751336415,0.08819435051333321,-0.23182932358400876,0.42329204337189824,0.8157056622263807,0.8157056622452382,2.3117984848476148e-11
514,128,-0.34866251333541604,0.10069904878157573,-0.4737713900216559,-0.452453385144088,1.4739927979663658,1.4739927989602315,6.742676475837065e-10
515,128,-0.27439799158209494,-0.373462516083635,-0.07057969942873321,-0.6751787628467717,1.0677454004635358,1.0677454005651155,9.513469554575035e-11
516,128,0.1598387981056568,-0.5096019775828732,0.27307683432365404,-0.5981566195668038,0.4476212886769651,0.4476212886776219,1.467329543931145e-12
517,128,0.44182200255648896,0.07898684324605657,-0.7386005805847841,-0.08943397785980808,2.884531661754539,2.8845322876816635,2.169943678041946e-07
518,128,-0.37849179031359453,-0.502760992511971,-0.3194336245098502,0.17463004915926902,1.6757260343039628,1.6757260370589286,1.6440430921515604e-09
519,128,0.0930082862402377,0.062453146697847,0.09982474373990854,0.14252016605993165,0.16405283009886903,0.1640528300988728,2.300940667375634e-14
520,128,-0.005044480064328973,-0.6665969667144283,0.11512711837393785,0.1265189899253797,1.8902547687397988,1.8902547764749045,4.092096893505929e-09
521,128,-0.37393045152580034,0.23667936822645214,-0.499409534733658,0.08313788589155217,0.5073701553046037,0.50737015530589,2.5352385883999487e-12
522,128,-0.31302335397248987,-0.08766789518432483,-0.363418671767246,-0.05609994884450163,0.1351349313608519,0.13513493136085328,1.0269578463585029e-14
523,128,0.22310673622501506,-0.5442856373535947,0.14802090979691285,-0.7149628093089577,0.6626807410721315,0.6626807410777625,8.497381667963496e-12
524,128,0.429082803671291,-0.19151084559459242,-0.43271055396033775,0.18187202185754708,2.0382886999894096,2.0382887153899776,7.555636221754799e-09
525,128,-0.2148928346267595,-0.65014012034311,0.420434810567673,-0.19005762634246928,2.0487732204827065,2.0487732366430094,7.887794857964023e-09
526,128,0.6640158640989662,-0.2618101169534312,-0.6680161104720994,0.11668320448169656,3.4312904640386104,3.4312964897373184,1.7561027756620594e-06
527,128,0.24471090557743846,0.5652244412272052,0.4471338554953495,0.1047334419228151,1.3359722460811179,1.3359722465582475,3.571404050548979e-10
528,128,-0.4170051361454882,0.3385163971679116,0.40627534855225417,-0.27844948968461736,2.2776456148080246,2.2776456602472344,1.9950078902878476e-08
529,128,-0.508100589255618,0.4052802010302165,-0.3023166600672041,-0.03422360528686357,1.2563876095918183,1.2563876098990925,2.445695928020845e-10
530,128,0.36423433331683286,0.327140414931321,0.42671786628011016,0.25526460347379387,0.2511186111715975,0.25111861117163015,1.2998063652747446e-13
531,128,0.21365833223450195,-0.3427099855078149,0.13688773893347086,0.6711487485386077,2.417634760505715,2.4176348448265923,3.4877425973922276e-08
532,128,0.01799784377176596,0.45334480232548935,0.2134053480261983,-0.045107996662891725,1.1643154387018175,1.1643154388830907,1.5569081421785662e-10
533,128,0.5581835088378257,0.467484350597076,-0.5436264366647249,-0.017531946136586613,2.9687902857636717,2.968791177700096,3.0043766599191905e-07
534,128,0.6302633619529417,0.20059478262056082,0.271360841210256,-0.21737176381580814,1.439322899832396,1.4393229006615549,5.760757115777179e-10
535,128,0.33616876696282716,0.1397537334273062,0.3966279311605712,0.6007715547170732,1.3367330939377626,1.336733094416872,3.584181621430933e-10
536,128,0.6638997081832959,-0.11028232418790863,-0.29241477823619005,-0.4803717474440705,2.577822248360576,2.577822417608326,6.565532210168986e-08
537,128,-0.39700533806455635,-0.03661655603990577,-0.21923636793961263,0.10878672161411147,0.5109807634837397,0.5109807634850762,2.6155318801669386e-12
538,128,-0.6320457357941779,0.1998778206929732,-0.34415785017877476,0.2791670211678851,0.862785683490211,0.8627856835166631,3.0658903211525806e-11
539,128,0.3894569073743816,0.5091095157492359,-0.1521648257390521,0.099523173248864,1.617291187182956,1.617291189244838,1.2748984319041204e-09
540,128,0.7086191464979175,0.014401924787422903,0.3002990774212979,0.6153172077863718,2.2910629731584673,2.291063021391896,2.1052860341092976e-08
541,128,-0.28619105081107143,0.1976738750079095,-0.3710625861064086,-0.35617611843525326,1.3002123592977182,1.3002123596899116,3.0163794865634795e-10
542,128,0.004340384160332771,0.6580740792703889,-0.5208323622212474,0.4668869556174527,1.8168575944391785,1.8168575999001157,3.0057046158514522e-09
543,128,-0.1411139695508361,-0.6216693368606289,0.30430215655667275,-0.45990676091163923,1.3659216826492224,1.3659216832103664,4.108171260967434e-10
544,128,-0.3404367836358517,-0.008122894767096158,-0.10340425105290214,0.6356932127328019,1.6967113535894187,1.6967113566435392,1.8000236195662167e-09
545,128,0.6882406650027982,-0.15204475205068946,-0.5785585776539316,-0.23462752176667,3.133313208143928,3.133314979132822,5.652128517358737e-07
546,128,0.5616657614141833,0.09107017765054749,0.1543815519419772,-0.6982477813131654,2.4391285803964404,2.439128673038509,3.798162566240498e-08
547,128,-0.5658242535284619,0.35425819919800405,0.2675639457985547,0.1854344994961661,2.041989067112041,2.0419890827767166,7.671282883454143e-09
548,128,-0.4452363156724927,0.3866989414495617,-0.6093337636751724,-0.08886252890255349,1.4506126426201988,1.4506126434999425,6.06463493730334e-10
549,128,0.6374084528723158,0.2957193497072098,-0.5796816291931287,0.2876148262332775,3.095193404581315,3.095194916314341,4.884131064747829e-07
550,128,-0.16381343957263708,-0.16478867195805877,0.4626299900948545,0.19088307319586065,1.5508195048318272,1.5508195063068964,9.511546465068076e-10
551,128,0.1152113596414286,0.37957318691679187,0.030199194167115997,0.03170897974750062,0.7623638608183093,0.7623638608309423,1.657083500658683e-11
552,128,-0.31654784279072046,-0.0054549745508682785,0.37152812768414817,-0.5186630574752908,1.9999842100850223,1.999984222992616,6.453847783139684e-09
553,128,-0.016245394662784265,0.14837230575385343,-0.25288966594994083,-0.35346695341400686,1.1769662804118757,1.1769662806070365,1.6581679498926864e-10
554,128,-0.524641952070484,-0.12313857418168744,-0.07595974695010857,0.08694448690440114,1.1240727168973486,1.1240727170402478,1.2712633786236428e-10
555,128,-0.4453873546988672,0.37810574988211776,0.0034854310752349543,0.7077107898736312,1.7217862525473564,1.7217862559995893,2.00502991521118e-09
556,128,-0.07420786685049205,0.37324430423347704,-0.24011764173780512,-0.001136422528712853,0.8833191345664488,0.8833191345969865,3.4571518150148093e-11
557,128,-0.004797830505758282,0.6632651621387023,-0.023591177553904722,0.1947630476757294,1.203874460447458,1.2038744606754719,1.8940000600601027e-10
558,128,-0.04662373038623721,0.7468981876318701,0.5269513108298921,0.1611557201473122,2.3684729518219196,2.3684730197589694,2.8683903572274394e-08
559,128,0.042967055337547994,0.6133303621334655,-0.36833897436603197,-0.4046711799911665,2.5641238549450587,2.564124014467836,6.221336652764933e-08
560,128,0.06667531519271087,-0.7167886358231664,-0.10568584861556898,-0.3185837795828971,1.245253527071748,1.245253527360349,2.3176095205474694e-10
561,128,0.0714373387590834,-0.16545746013367085,0.6695468868089053,-0.2141778402045798,1.5543272080432262,1.5543272095448204,9.66073407554707e-10
562,128,-0.10634652274773138,-0.315366576751746,0.07803243004125483,0.26667246654133614,1.2624641199485702,1.2624641202665003,2.5183299996102803e-10
563,128,-0.24297595526262558,-0.604208567341095,0.17324706636321802,-0.6216588984804396,1.3357257073254436,1.335725707801933,3.567269012295905e-10
564,128,0.3906824848339116,0.11480728925568334,0.3921856856427457,-0.5431159886812111,1.720361425517994,1.7203614289463374,1.992804149235828e-09
565,128,0.13652128295187782,0.28163626262435215,0.44216083332290174,-0.45682114220598885,1.8874340674274865,1.8874340750604606,4.044101016475286e-09
566,128,0.5422010979600249,0.1736969613209539,0.36632067903877635,0.1777325045571678,0.46440970789848157,0.464409707899281,1.721359556626869e-12
567,128,0.06644808571902751,-0.29108271059329477,0.30751373573264085,0.0707144311146316,0.9266040306922368,0.9266040307332766,4.429046908150918e-11
568,128,-0.4497180353909517,-0.5874463005209339,-0.5309459384858706,0.33430210312795416,2.667848334677573,2.6678485839494273,9.343554167938332e-08
569,128,0.067080648539343,0.24403766957117912,-0.3855764638213856,0.17983831386434404,1.0019433154135204,1.001943315480759,6.71082465949959e-11
570,128,-0.11982288482745905,-0.3400720801031825,0.3442459048900661,-0.44531335070614303,1.1670775458490483,1.1670775460332734,1.5785161859296728e-10
571,128,-0.1770495403505389,-0.44337587061938155,0.5743108487757022,-0.2868115840522477,1.952904137240373,1.9529041476141746,5.3119871056135155e-09
572,128,0.030485864703336283,0.36924680914459884,0.24910529665824402,-0.5284509962338387,2.0645777418051794,2.064577759179645,8.415505539038778e-09
573,128,-0.48048176647080487,-0.11359485973780414,-0.02424579517194052,-0.3564143289911822,1.1994137748662763,1.199413775088514,1.8528867050580069e-10
574,128,-0.400324201699662,0.2791154626572987,0.5174044721489647,-0.44620874577499314,2.7349750626503395,2.7349753947331883,1.214207958639909e-07
575,128,0.285905042766723,0.550075499003619,0.08904790324490512,-0.10291652479177184,1.5838967016307801,1.583896703374634,1.100989697330547e-09
576,128,-0.27548999548067016,-0.004327472936714907,-0.7389580209363299,0.12682479062666913,1.3978346551006264,1.3978346557663792,4.762743460421053e-10
577,128,-0.407045739276309,0.20478639544833077,-0.18387912700657894,0.4890131872805287,0.9194760329696264,0.9194760330087414,4.2540460122766214e-11
578,128,0.08915858198273306,-0.3511654819105282,-0.49037782336930325,0.48493303295076684,2.3975820019019882,2.397582079120489,3.2206823735552345e-08
579,128,0.4453337061871924,-0.03796330005861079,0.03898310721159513,0.5936813846434402,1.8251008202272767,1.8251008259073542,3.1121993133156808e-09
580,128,-0.11739948026270308,0.409769241966064,0.0936795599961427,0.09882868103207285,0.8158925341524376,0.8158925341713209,2.314439530477596e-11
581,128,0.06986510728292726,-0.5833114024170317,-0.009430665072989224,-0.5651220543190342,0.2431310367679804,0.2431310367680081,1.1393059821824306e-13
582,128,-0.18578180011513035,-0.07534988671370908,-0.4533201730166096,-0.5582473327955646,1.4823532551182703,1.4823532561562234,7.002062789374509e-10
583,128,-0.36841736143554477,-0.3542772531015492,0.5585930370117306,-0.08628619188358404,2.2301388123444488,2.230138849100736,1.6481614123596604e-08
584,128,-0.33220722220565774,0.5324090173377587,0.4008311967987757,-0.23062952436175765,2.4255996192670795,2.4255997065826396,3.599751559242291e-08
585,128,-0.604681687306811,0.03690557298271919,0.3356464764860935,0.16381793147831716,2.1393378168484904,2.1393378412694464,1.1415193865977516e-08
586,128,-0.26456160710839155,-0.6728942825131339,0.027132337172041086,0.6609533024822928,3.3928377054853307,3.392842856936492,1.5183311458935917e-06
587,128,0.4598734392037793,-0.22916311323474517,0.17312724762953682,0.04775944748115725,0.9126730701959714,0.9126730702333251,4.092777241701417e-11
588,128,-0.46690889737315167,-0.48324762609402255,0.378323802197324,0.24555368564646857,2.5899269338828166,2.5899271122057903,6.885251139240694e-08
589,128,-0.027684375481163023,0.08554173712494832,-0.33282765026008637,-0.22942286114100133,0.9290409324494034,0.9290409324911203,4.490313692089894e-11
590,128,-0.21608464580687523,-0.6239613587616875,-0.19580741711303346,0.4458264760079967,2.5308219118019313,2.5308220499076524,5.45695137367788e-08
591,128,-0.6330684693190118,0.354008376776391,0.3345754468558897,-0.3550014836828128,2.8838672145561763,2.8838678387325434,2.164372769613703e-07
592,128,0.41341757962895304,-0.07965931526873808,0.5056501775519561,0.31613111592240245,1.0652082244736019,1.0652082245736068,9.388295260747284e-11
593,128,-0.702932425667827,0.07082747568802351,-0.4788406147723271,-0.16203327309185545,1.0144244934178264,1.014424493490629,7.176744377484524e-11
594,128,0.30929772790625615,-0.37962883518580726,-0.06626421359102222,-0.3540412938323059,0.895387684442641,0.8953876844758336,3.707060124741928e-11
595,128,-0.09676098468732439,-0.48827073818359645,-0.11003022224132306,0.12756429520852255,1.3387808380049018,1.33878083848938,3.6188016854909023e-10
596,128,0.1431623796417781,-0.291356520150528,-0.2872826330332428,-0.4126759125021568,1.045704373418173,1.045704373506797,8.475052728355817e-11
597,128,-0.2767083924225894,0.49712523342685055,-0.1218234111415919,-0.46390131154463865,2.215916393717611,2.215916428204586,1.5563301553820963e-08
598,128,0.15725482025937923,0.04633127951454599,-0.19698438203297605,-0.4978544055444663,1.4329181998534142,1.4329182006551042,5.59480679191871e-10
599,128,0.3995633212735581,0.10220716541536828,0.5309459611716932,0.13855891533586104,0.3561011810307991,0.35610118103099636,5.540184699888065e-13
600,128,0.20652094397939721,-0.1864278624912063,0.6228556041429295,0.20075014215154774,1.4383737176300442,1.4383737184550778,5.735877865979973e-10
601,128,0.5049171774198866,0.5170868091359986,-0.16430174117747384,-0.020670928605590194,2.107085348741123,2.1070853698356604,1.0011240048106045e-08
602,128,-0.04189904129766189,0.08117193658579845,0.2620635478075452,-0.4829496517854288,1.418418955010547,1.418418955753175,5.235603743899773e-10
603,128,-0.4007829197968744,-0.22871456913092697,-0.009158934453366269,0.44871206912856315,1.7442843956096068,1.74428439946079,2.20788717703051e-09
604,128,-0.04495123918025567,-0.6560565883699032,0.17356224930866104,0.06141938770156963,1.7808698827724705,1.7808698873680389,2.5805188884080573e-09
605,128,0.12540932314508743,0.049797057803728846,0.48888274349627214,-0.31026085806691217,1.1943490525978169,1.19434905281366,1.8072030172804328e-10
606,128,0.09705062925497224,-0.5659565159822251,-0.3611880860424196,0.17908482093561726,1.9899367850442913,1.9899367973654627,6.1917401140959815e-09
607,128,0.039937879523509384,-0.6395814473135303,0.3663198507993421,0.35737996759767554,2.4879347602916675,2.4879348749211094,4.6074134968507056e-08
608,128,0.3204811835181626,0.4554430402430185,-0.3656116095488971,-0.547884296726485,2.8374479930557253,2.8374485061336223,1.808237184657292e-07
609,128,0.5018083102830129,-0.3379237854562213,0.6129484499868691,0.09029159522248886,1.3181539492074783,1.3181539496403498,3.283922311726244e-10
610,128,-0.11333843868954162,0.08349199804232409,-0.6080890446463558,0.11790182861496766,1.2024052597211266,1.2024052599472232,1.8803701588326945e-10
611,128,-0.06211858213255294,0.21251413866234334,-0.7418486621774115,-0.04901288930121661,1.9231112586267787,1.923111267652719,4.693405114741188e-09
612,128,-0.1631102334696371,-0.1922802362421803,-0.3688761990480698,0.5517847101476694,1.8553473242039624,1.8553473307626636,3.5350260580254568e-09
613,128,0.1670892156603611,0.45618231004866455,-0.4519362288699482,0.44966060413041353,1.6462961722584852,1.6462961746405667,1.4469337055775128e-09
614,128,0.5606928650388249,-0.08973578932688223,0.15228908206356834,-0.6606647846960487,1.9803975935031481,1.9803976052914132,5.952473922135642e-09
615,128,0.6601583252852032,0.2683919472042442,0.30149455652066504,0.234592117440463,1.0608688504353772,1.0608688505327415,9.17779221942646e-11
616,128,0.3035647958237262,-0.3903210514484579,0.7350534168024828,-0.13543326190237845,1.5695921312529333,1.5695921328753062,1.0336270616956801e-09
617,128,0.3470628249635577,-0.6394209130239068,0.4240803321075976,0.5910176893244642,3.3809282741392965,3.3809331810908927,1.4513622290349057e-06
618,128,-0.14968633663390635,-0.25441158433855393,-0.3648922070859127,0.5350952596098947,1.9329187318283199,1.9329187412781608,4.8888971658122906e-09
619,128,-0.41929560085121426,-0.4662773526813651,0.06808892800161608,0.7170434157417562,3.1943941369724556,3.194396417428791,7.138932259265214e-07
620,128,-0.5600522688318758,-0.43002545690415234,-0.2370788772516132,0.675680448708777,3.1647158951715024,3.1647179122407043,6.37361857651983e-07
621,128,-0.3886905026715936,-0.31887375637244975,0.4691562060802485,0.5313076280372955,2.8699154064704704,2.8699159949775273,2.050607678322815e-07
622,128,0.1507059526938974,0.2869646296564035,-0.04586195628214401,-0.38644669200613657,1.4731458388483658,1.4731458398378654,6.716915374427621e-10
623,128,-0.09835889990074535,-0.6552671418027387,-0.02237895036573877,-0.42803489595509714,0.6941392483845836,0.6941392483919192,1.056787468462173e-11
624,128,-0.17161811622291978,0.28937057755720574,-0.4759701569242108,-0.3090572794290468,1.5665738486431962,1.5665738502409816,1.0199234851768446e-09
625,128,-0.6432795188599211,0.3449299250471187,-0.22162971538710965,0.6716650209407662,1.9059770860628826,1.9059770943917913,4.369889194767307e-09
626,128,0.22957584037035805,-0.3117109336319769,0.21878477026604773,-0.2904816512863611,0.055446524182870535,0.05544652418287057,6.25728483991329e-16
627,128,0.7392567475404023,-0.022150925894162,0.06410746488312041,0.22122568990025795,1.8949707224612955,1.8949707303701,4.1735760908839795e-09
628,128,-0.6280112646717667,0.1618059913521506,-0.29022449028473796,-0.2352008475707826,1.3674219878228766,1.367421988388573,4.136955407087031e-10
629,128,-0.3849619781427631,-0.22748437897311574,0.6761107992022667,0.32272805369825125,2.9028239158524602,2.902824591920963,2.3290028005704146e-07
630,128,-0.31609020086129563,0.25537738496985757,0.0805561150800561,0.30296439030134664,0.8910792795767114,0.8910792796089337,3.6161020292055103e-11
631,128,0.2999933111815969,-0.6081235341074408,0.32965132629850125,-0.27755851216855015,0.963175115063214,0.9631751151155287,5.431484607825035e-11
632,128,-0.6446223889612598,-0.3278514137168685,0.22410814094057763,0.4260637994475158,2.7961665524875143,2.7961669832545866,1.5405629963335161e-07
633,128,0.44470535200581657,0.2747758272010864,0.0721707851197983,0.6758619242243398,1.581006112912742,1.5810061146313739,1.0870494993163533e-09
634,128,-0.7431413181163334,-0.0843925298305183,0.5923938151570679,0.11965516065977949,3.3346806651543797,3.334684726388215,1.217877884946634e-06
635,128,0.40076518261699473,0.5915751539165632,0.4484334798978583,-0.4664199685900103,2.8742149000825763,2.8742154993625397,2.085021420681263e-07
636,128,-0.6086072190625765,0.18422616155421176,-0.29466611894023637,-0.5818733305128945,2.2935557032636837,2.2935557520343526,2.126421816021096e-08
637,128,-0.45225733163812903,0.39027076994123794,0.07706320456323068,0.31217392556270274,1.312846198218658,1.3128461986391045,3.2025576721930195e-10
638,128,0.0015504945535879564,-0.2971709642124068,0.42406082692020236,-0.1660214418083746,0.9988144393589911,0.9988144394248967,6.59838421455011e-11
639,128,0.13454705072677448,-0.5291892949755954,0.5969107104508738,0.3957060546390831,2.6700292178093727,2.6700294694211855,9.42356027567e-08
640,128,-0.054948041016600065,0.3323041558561462,-0.10831057034069226,-0.03358436496971182,0.7712512658444327,0.7712512658579563,1.7534657331359054e-11
641,128,0.6315675808648464,-0.1258451535704328,0.5228983312304482,-0.38944089720976083,0.9472224335961853,0.9472224336432786,4.9717286632934624e-11
642,128,0.04571702227663861,0.2493912713607894,-0.07422011979993595,-0.5499631001600317,1.7690685791673058,1.7690685835088897,2.454163751672704e-09
643,128,0.5435161818438637,0.373225855543359,-0.08706499249667375,-0.13033985202800355,1.8827963781973507,1.8827963856652143,3.966368188971526e-09
644,128,0.01832251083707638,-0.5740926151142647,-0.48125281470055553,0.5191200917359159,2.95665888838458,2.956659736085387,2.8670903167533374e-07
645,128,0.1547375057565758,-0.5750885207282561,0.42054443660256824,-0.5430174422002383,0.8876632497432104,0.8876632497746811,3.5453439051392685e-11
646,128,-0.17563666977249512,0.38671748117495447,-0.19949623382701992,-0.4704053427718027,1.9031431398843297,1.9031431481030612,4.31850411086978e-09
647,128,0.48263106573312975,0.38593797336225194,-0.5599034211102194,0.3361785490884339,2.6547816510353455,2.654781886727992,8.878042630772482e-08
648,128,0.10033542016536,-0.3489863960398095,-0.07430937252624668,0.21009339653705283,1.2137996398236148,1.2137996400649815,1.9885217994963089e-10
649,128,-0.1286549238447393,0.3375578499889709,0.16934926539306125,0.40679984174750494,0.71562233631348,0.7156223363222214,1.221501976785281e-11
650,128,0.37317245364009244,0.37202732450233805,0.4736431982119889,-0.10959036111157008,1.2432191776875905,1.2432191779728956,2.294889895431353e-10
651,128,-0.4880023423200303,0.4424328480203707,-0.36111444696375705,-0.19611602173538298,1.6898613111602798,1.689861314113503,1.7476127786468236e-09
652,128,0.20770852569608933,0.5196969633372472,0.019753872252095357,0.055316125808857884,1.147181692614027,1.1471816927779352,1.4287904120597946e-10
653,128,-0.04873017721424259,0.17082699437263596,-0.5737308667423678,-0.2279699950972299,1.544933932717872,1.5449339341494273,9.266126456379989e-10
654,128,-0.23757116717530266,-0.31965305733250904,-0.06234351892861023,-0.46064598933263096,0.5470186096916007,0.547018609693537,3.5398064031869217e-12
655,128,-0.0866238732033285,-0.2902992693056108,-0.046194645859478266,-0.44405254540978345,0.3707329893508017,0.3707329893510451,6.565814349980484e-13
656,128,0.5754141474826097,-0.23105454587531787,0.0743758981965906,-0.18666988263044326,1.2299616321579643,1.2299616324226272,2.151798489450209e-10
657,128,-0.09407526088012681,0.13658801819627528,0.06599101429267436,0.19641801772191664,0.3524263158213863,0.35242631582157324,5.304982884468555e-13
658,128,0.2653439620828928,-0.6121352824463574,-0.297580190683323,-0.5461126547869077,1.7223765997835312,1.7223766032457088,2.010116519298222e-09
659,128,0.2362709827506052,0.5021676878676943,0.13800175876342902,0.12085027132034704,0.9292714695643425,0.9292714696061237,4.4961291182124816e-11
660,128,0.0589676837093208,0.6160254299390331,0.3413684948940294,-0.4450358637278957,2.589832320871589,2.589832499121814,6.882693654185247e-08
661,128,0.26485803659689117,0.29929330331800413,-0.39157413184738205,0.28182472911847994,1.493070823355902,1.4930708244530682,7.348386416497668e-10
662,128,-0.08963052173051482,0.4091552005610344,-0.08932578825730625,0.3329435605506079,0.1785818834035573,0.17858188340356307,3.2327801779336676e-14
663,128,0.08989353497597898,0.11998358384467939,0.42318602602748107,0.22898377973184328,0.7885798378929088,0.7885798379083284,1.9553715176912635e-11
664,128,-0.1214207400203748,0.34387836634034824,0.3946231117082895,-0.3842313002794623,1.964927909499328,1.9649279204703276,5.583410776169534e-09
665,128,-0.4266733852573611,-0.47603201917137894,0.6161842411334297,0.09404679178223377,2.8661346656546356,2.8661352448460975,2.020810357737152e-07
666,128,-0.23671924281345097,0.4489093441832583,-0.2217473602394222,-0.2075176990544659,1.4650225079362926,1.465022508884819,6.474483248019233e-10
667,128,-0.36844864748879863,0.10906411273308593,0.19106710592433554,0.03491048681245103,1.1772509550401058,1.1772509552355903,1.660516957963811e-10
668,128,0.24598754527336902,-0.12270127615498819,0.3902617260860873,0.6176848207669926,1.9659058917291365,1.9659059027501427,5.6060700332057726e-09
669,128,-0.46063029621664414,0.027368922332815744,-0.46255027759242884,-0.23547484242860753,0.6800732892416076,0.6800732892481326,9.594558209459174e-12
670,128,0.255028169239704,0.13731013829227814,0.6796681590990193,0.19451680730884222,1.193761347736374,1.1937613479514864,1.8019713300918207e-10
671,128,0.0970400125823258,-0.4573110564222333,-0.014284096731138634,0.5640815643073831,2.2850081335124903,2.2850081804648545,2.0548007479796624e-08
672,128,-0.10245990758318019,-0.2942452502338433,0.189643127671206,-0.46309409185954414,0.7988150599518831,0.7988150599685288,2.0837970720669806e-11
673,128,-0.26118160326237955,0.2510192553290508,-0.5633055835179841,0.4683018315169243,1.114475558351777,1.1144755584866992,1.2106348546375117e-10
674,128,-0.5704663206119326,-0.11467492732784414,0.1970304337182287,-0.3522292417481946,1.873276140897266,1.8732761480368822,3.811299399850027e-09
675,128,-0.4251058342513963,0.4754256842963724,0.07507934026551012,-0.2913697897780072,2.0906550975042237,2.0906551170774885,9.36226391914628e-09
676,128,-0.1173792072638142,-0.28347222435265396,0.33156101694805074,-0.024655584015267892,1.0985312707292882,1.0985312708518533,1.115717617429047e-10
677,128,0.719179343890861,0.12245651102130825,0.7365855611946662,0.13304766796205636,0.08981826412394572,0.0898182641239459,2.008625342086632e-15
678,128,0.16704583978731388,-0.7291704233231626,0.16350072216985623,0.40721700274351885,2.8012660625670907,2.801266502752757,1.5713811409123416e-07
679,128,0.028451146447667056,0.7464949596174244,0.5067413640414099,0.18638121943105057,2.1766956639693795,2.1766956928810663,1.3282374426967113e-08
680,128,-0.11269398954353922,0.4050570160495388,0.4305560994709047,-0.21894424524730538,1.820693382515161,1.8206933880770417,3.0548146036910494e-09
681,128,0.48333496987354035,-0.3406162575579188,0.28139105069316867,0.1826961443567464,1.3675842640396199,1.36758426460581,4.140075465319224e-10
682,128,-0.12768043885099178,-0.6777340872989059,0.6410915284854459,-0.3177487222273749,2.579255391592305,2.5792555618904416,6.602608529447418e-08
683,128,-0.511997971881777,-0.4704231668652165,0.40507515756905843,0.5177436602369396,3.286415172756711,3.286418504489079,1.013789248355411e-06
684,128,-0.22261876605940675,-0.6894028696536239,-0.5242686066684196,0.11698636414454368,2.368098824184392,2.368098892009543,2.864118259608412e-08
685,128,-0.34446851123813976,-0.5123199577672808,-0.48152020909752147,-0.32170619847725546,0.7166762818929396,0.7166762819017558,1.2301467537002858e-11
686,128,0.319791505824077,-0.4483512876849735,0.009060463316996406,-0.4202090502875212,0.802208922127921,0.8022089221449921,2.1280006741833733e-11
687,128,0.3991396202934063,-0.13202792678486505,0.4603735071010862,-0.012111779986810364,0.33282370418087415,0.332823704181013,4.171379246290894e-13
688,128,-0.06960505599716221,0.09370211834730663,-0.2609122011179885,-0.4302885569776854,1.2223617592546339,1.2223617595080953,2.0735389675951875e-10
689,128,0.45800849866526366,-0.15124837439977148,-0.25129922838584356,0.14360279561342676,1.6415858945032773,1.6415858968303294,1.4175634149619754e-09
690,128,0.6809054976433905,-0.1085835229317046,0.19505246856789946,-0.0975849370809259,1.2848490392291347,1.2848490395893495,2.803556962112938e-10
691,128,0.4161574276102815,-0.3881686539707656,0.2881945806170334,0.035037192999295474,1.071742894986012,1.0717428950901176,9.713674194262765e-11
692,128,0.2695250226285616,0.6528263690677956,0.4961941279514375,-0.039836779333111395,2.01524887973437,2.0152488935847743,6.872800932052772e-09
693,128,0.42233295564663076,0.5920267838494386,0.1531810910798351,-0.4015773063749583,2.5617313718352293,2.561731529716586,6.163072311672254e-08
694,128,0.13589107420010937,-0.14182848384516591,-0.01682737406628223,0.06283137094844059,0.516220614877404,0.5162206148788165,2.736304427838564e-12
695,128,0.1869066807404888,-0.10128373966359323,0.13722881625900635,0.3129786514737992,0.8800168433906007,0.8800168434204458,3.3914267203439175e-11
696,128,-0.6712566332244886,-0.12527295605041372,-0.08728713704711977,0.5215335725884886,2.282196645696669,2.2821966920655092,2.0317635822651266e-08
697,128,0.6340425735921815,-0.35762755437626365,0.6181358411061555,-0.014550403779768399,1.2011769659703875,1.2011769661948926,1.8690425104084145e-10
698,128,0.11079568538117772,0.230253462303057,-0.7405373167551285,-0.0448688980487294,2.252767979170381,2.2527680198397637,1.805307200047858e-08
699,128,0.3372804623468882,-0.5894367661977841,0.22485762263130094,0.615266800596581,3.0440275770700707,3.044028798722865,4.0132776840894916e-07
700,128,-0.5779726053788219,0.04210929424677488,-0.5910273225948938,-0.03318359084779117,0.2321569151012348,0.23215691510125672,9.444863930409031e-14
701,128,0.15060849700872825,0.07027211938854482,0.15081827723370533,-0.6941910011158976,1.9027009660470402,1.9027009742487084,4.310539795695495e-09
702,128,0.4886434848998723,-0.02848262917549789,-0.395502582570106,0.49763126722500856,2.420763568721738,2.4207636542068465,3.531328273026683e-08
703,128,-0.28252407141976754,-0.5341606395830931,-0.22973765413304573,0.09870218381004003,1.5013425089117822,1.5013425100568096,7.626690108535463e-10
704,128,-0.0802374078503144,-0.03027017773016927,-0.1620920987992063,-0.4266388407392625,0.8840321141579717,0.884032114188661,3.471518677512305e-11
705,128,0.042013569931095694,-0.2486341828788284,0.39521676481262763,0.004574627529501675,0.9425406358137084,0.9425406358593612,4.843591154283081e-11
706,128,0.1482787157726797,-0.7281509141975253,0.47901977574724036,0.49157981481375373,3.365199873315958,3.365204474804034,1.3673743758393537e-06
707,128,-0.13561576470984302,-0.3290370108820417,0.08362282817414814,0.16783023714002185,1.1232652640910497,1.1232652642332612,1.266055137597292e-10
708,128,-0.5550353559067526,0.010563496444790854,0.11476609084280477,0.39277739511174115,1.7854774742518689,1.7854774789504095,2.6315317529366744e-09
709,128,0.19742183461111887,0.022104590443911908,-0.1417297619008032,-0.3608667229671126,1.0793387985447982,1.0793387986538618,1.010467215201708e-10
710,128,0.6817123928247214,-0.0017942864078110041,-0.7288081394645364,-0.03224965848065127,3.5195112078230926,3.5195198291565872,2.449582622581071e-06
711,128,-0.4594868707387226,-0.34235230120006904,-0.4533082415332402,0.1234158302914338,1.2121201677472844,1.212120167986342,1.9722274153615804e-10
712,128,0.4924939392957477,-0.07361276862901042,0.22294809747004574,0.445384036409211,1.4303292313891993,1.4303292321800305,5.529015005538529e-10
713,128,0.19238334327655227,0.34361827103145126,0.10199560674595001,-0.36844619781898047,1.5349582973831395,1.5349582987437012,8.863834709075171e-10
714,128,0.3749628705666125,-0.015965198900294204,0.34058406680618986,0.31496707014143094,0.7896966642246378,0.7896966642401871,1.969026880588027e-11
715,128,0.3680660178794719,-0.5697344582354109,0.048835501850028724,0.09350239894213445,1.7731118651691065,1.773111869596157,2.496768867733675e-09
716,128,0.14422901404598565,0.502443772978568,0.42270536000174075,0.1647597014032066,1.0965078312916707,1.096507831412744,1.1041724472357794e-10
717,128,-0.38606155000860637,-0.4760007883833179,-0.47332207148847366,-0.49132379086149464,0.305512703570127,0.3055127035702163,2.9235262981656023e-13
718,128,-0.05376199112757915,-0.06107337693010967,0.7005008129690222,-0.11371626380130358,1.8692456600067329,1.869245667011601,3.747430522848737e-09
719,128,0.08030411179713773,-0.6689691198237198,-0.29753449426245077,0.5707102803986013,3.133806029919828,3.133807804532014,5.662801619329775e-07
720,128,-0.20987928774760028,-0.6781862008163719,0.37951035676576833,0.6008640266450261,3.534761516900056,3.5347706870764024,2.5942843109585062e-06
721,128,0.03781349180428518,-0.11306837406671306,-0.46006624374550203,-0.5623320365701574,1.7386041554329752,1.7386041591794694,2.154886271413295e-09
722,128,0.15607895736748542,0.15395665462607533,-0.26581710660716146,-0.5786205617305219,1.9324143413753316,1.932414350802912,4.8786536459327064e-09
723,128,-0.3080489483660438,-0.30751243088607566,-0.2716989686049192,-0.584246102949554,0.7900681707737299,0.7900681707893228,1.9736094824557977e-11
724,128,-0.19399871769424748,-0.2902980416854186,-0.37323829455546825,-0.4333811627969824,0.5882220077598749,0.5882220077627626,4.909184030783239e-12
725,128,0.2278651944824565,0.3247154855796981,-0.16346025868988923,-0.394478196456706,1.7434390550753804,1.743439058910808,2.199920622383538e-09
726,128,-0.6722380156613825,0.1702895575408405,0.5619021960566097,0.15413994536735112,2.981700618252194,2.9817015597603374,3.157621317462045e-07
727,128,0.06634018780489714,0.053168947789559766,-0.43177572350875976,-0.25464662133434357,1.2710377323110118,1.2710377326445617,2.624232514299915e-10
728,128,0.3498500647738316,-0.08311314661164393,-0.26370289855543044,-0.2589337083577657,1.364005525571343,1.3640055261267239,4.0716906347261247e-10
729,128,-0.43604905768961494,-0.3553913870723718,0.03922681699044224,0.03226471370473232,1.3747273299723406,1.3747273305606982,4.2798129639717437e-10
730,128,-0.26854090510405354,-0.26761125092923227,-0.5864056801833485,0.2818082121487358,1.6225783109636827,1.6225783130807052,1.304727508652694e-09
731,128,0.16585974215552793,-0.5217775530902837,-0.0329678527936764,-0.41741857736178895,0.5827116132653819,0.5827116132681233,4.704492977310801e-12
732,128,-0.6701110078197023,-0.1341356744170138,0.09955801317538535,-0.5313893442979462,2.2879148001012215,2.2879148476643785,2.0788867210622398e-08
733,128,-0.43715700289755516,-0.2820103532441572,-0.05568341460786147,0.5922519260615865,2.263703353960271,2.263703396663047,1.8864121885601267e-08
734,128,0.5600798692991594,-0.27399770479147284,-0.33182539803286204,0.5495178520951172,2.909566962235721,2.9095676577673806,2.3904988900607437e-07
735,128,-0.11082112778560839,0.17871249905795467,-0.10813716894327546,0.5063805189206801,0.7647947084058568,0.7647947084187283,1.682998263040237e-11
736,128,0.667717620844813,0.16801586229278867,0.4630600110914532,-0.32872667861202215,1.6177755472343422,1.617775549301218,1.2776035496210101e-09
737,128,-0.3755688715183716,0.3387199784578074,0.2545353638531842,-0.25932863210343693,1.8748754735831608,1.8748754807769334,3.836933593730032e-09
738,128,-0.19306327394233472,-0.71477140655952,-0.6633977514729443,0.17784233220255116,2.944793683560083,2.944794490086649,2.7388219775122134e-07
739,128,-0.36094726864504006,0.54690909937277,0.28244333314212133,0.004452037382541886,1.9820102088271734,1.9820102207039374,5.992281958897133e-09
740,128,-0.308505330974722,-0.4307986323554484,-0.4779244891567269,-0.3269670516764779,0.5671425581389706,0.5671425581413317,4.163170745320371e-12
741,128,0.13910533156863117,-0.26753272870318595,0.2558178220962687,-0.3254243774477835,0.29909394658533567,0.2990939465854157,2.676318962297528e-13
742,128,-0.5639620189896485,0.24864969912923346,-0.6464775340626039,-0.06196396793238134,1.0276092154835852,1.027609215562715,7.70037993239391e-11
743,128,-0.289480401401886,-0.2921570689848374,0.6362073273104107,0.06805436987640642,2.2967821867572256,2.2967822362319326,2.1540878923199362e-08
744,128,-0.5490118015229445,0.009707471545698731,0.4991207466384424,0.4680194792398464,2.7743679809507755,2.774368373640044,1.4154188317993088e-07
745,128,-0.2762735890786101,-0.48068376260131784,0.032591015596562765,0.45957187148698914,2.205053708297443,2.2050537411435016,1.4895808949301953e-08
746,128,-0.19505295783232174,0.42727255810189596,0.6186865044646913,-0.3492463393281061,2.710980609918761,2.7109809096925743,1.1057763092489012e-07
747,128,-0.21190079667319406,-0.11160484649507676,0.3059370328407914,0.5700632001153535,1.975414875184292,1.9754148867031116,5.831088861673298e-09
748,128,-0.569600946218386,-0.1881148328448352,0.3383326644893456,0.6120050818396549,2.988619110902766,2.988620080081629,3.2428985661174827e-07
749,128,-0.21557916237315525,-0.6522671563307122,-0.5781557342802458,-0.46582593013476076,1.5234091949348811,1.5234091962174066,8.418784811485331e-10
750,128,-0.34315340521171145,-0.3317356034135658,0.5847437804729906,-0.27109683018877484,2.2573036027672906,2.2573036442683563,1.838523876196275e-08
751,128,0.3187692124904173,-0.13967865620679173,-0.3736308993149933,0.4682416228993608,2.0668659840458274,2.06686600160324,8.494702873022946e-09
752,128,0.3811644858623722,-0.23086117958682797,0.06196676557590446,-0.3963802659411613,0.8510452713836887,0.8510452714080298,2.8601398212128965e-11
753,128,0.6286461462177548,0.052269082204322505,0.555296640861406,-0.3741782889597271,1.3876337398997327,1.3876337405302133,4.5435660615822775e-10
754,128,-0.08940038730178841,-0.042102630027275656,0.44017654313526267,-0.29023479874879904,1.2916250077002196,1.2916250080742273,2.895636980226653e-10
755,128,-0.1536368340156249,-0.6936211973754236,0.3600862147897486,-0.1104528564969302,2.0218055212828503,2.0218055355583378,7.06076193210991e-09
756,128,0.7311201483951315,0.07992772413146473,0.06452610504534864,-0.4777914408933484,2.349448538943463,2.349448601412629,2.6588863218207145e-08
757,128,-0.2995239946173197,-0.4063650374731547,0.5385324308468152,-0.2666829922301498,2.0718332074427344,2.071833225403718,8.669126330646332e-09
758,128,-0.4795005337534613,-0.15172860864179846,0.6427285335455376,0.16912379141369743,2.707974674866726,2.707974970817126,1.0928846657584063e-07
759,128,0.2939894831595781,0.5683575505729839,-0.06363947908018901,0.3412587696251334,1.1167372363310581,1.1167372364678232,1.2246841896651414e-10
760,128,0.08631238557052799,-0.1845815774286157,0.25237299155867066,-0.5301050139436613,0.9332044931410183,0.9332044931839153,4.5967437560964977e-11
761,128,0.6302320201178482,-0.09141323271674136,0.1380122461149563,0.4863979931785222,1.9553925507619976,1.9553925612567633,5.367088935177681e-09
762,128,-0.4760698166991642,-0.08957337487676242,-0.6335961485503855,-0.029741183185076292,0.4932823588444145,0.4932823588455195,2.2401064149102203e-12
763,128,0.033804851134150916,-0.5020364133222266,-0.2922485700041229,0.0870637352807282,1.4934709647529594,1.4934709658523968,7.36162574253588e-10
764,128,-0.5114416521792494,-0.39713245696908345,0.06749343238788783,-0.2087403212365549,1.494674630074925,1.494674631181221,7.40158373924495e-10
765,128,-0.22133292962805334,0.5205980615503523,-0.07822224321785189,-0.1617444771697117,1.556853266594139,1.5568532681151146,9.76954990139933e-10
766,128,-0.32973274835299865,0.14266187373749623,-0.33525932929056956,0.5830661339880623,1.2018480875870297,1.2018480878124034,1.8752263452792846e-10
767,128,-0.40821693033861645,0.5767920834266018,0.3125401228288202,0.028407902507467137,2.2148102662975027,2.21481030061381,1.5494016643968205e-08
768,128,-0.4347372524708071,0.2753092971477605,-0.42816581188460523,0.40743359817606545,0.38023308740388223,0.38023308740416,7.305461043850704e-13
769,128,0.19004246006935896,-0.44650986782143065,-0.715948886342011,-0.1325058711577076,2.4978119340553473,2.4978120537184934,4.7907188058162755e-08
770,128,-0.6905869386308586,0.041945046176729714,-0.24105084213714958,-0.6596637942304232,2.5203339710571178,2.5203341030206396,5.2359537824410724e-08
771,128,0.2979564732684444,0.04681212282414873,-0.30921972795627356,-0.5839528695855405,2.0617516383288903,2.0617516554799513,8.318684315320103e-09
772,128,0.5859857168578839,0.38671185173949174,0.035648599359525315,0.1675265166958713,1.5338733866275083,1.5338733879805517,8.821089581777727e-10
773,128,-0.015188441109207501,-0.5790113460543167,-0.560845002091617,0.3200415121124536,2.5910883354444247,2.5910885146627964,6.9167217978276e-08
774,128,-0.2542575420203727,0.5421956565432783,0.19375676907116035,-0.4279137364657891,2.402135393920609,2.4021354726987156,3.279503183043742e-08
775,128,0.6021058563912266,-0.1321411547407122,0.3990984354979306,-0.5956600242496937,1.6501521981972629,1.650152200625312,1.4714091813883526e-09
776,128,-0.032939207743215994,-0.41481631956258114,-0.6075927856943906,0.07292632765152232,1.8299185869514123,1.8299185927634454,3.176115658083842e-09
777,128,-0.07945992864858738,-0.46059997116019225,-0.4331649492119677,0.027082353095501208,1.3965533490143585,1.396553349675581,4.734675067515547e-10
778,128,-0.6164168452354408,-0.23471963997670606,0.5856800444039616,0.3534034109042441,3.25010379524656,3.250106664779331,8.829049629589538e-07
779,128,0.6493092081887063,0.013585634798574856,-0.17900594877069462,0.2517302814370133,2.02131518118449,2.0213151954277566,7.046534206425126e-09
780,128,-0.28297817496528854,0.2712859847487013,-0.32792654314151704,0.5294348305431678,0.7128941877188885,0.7128941877274392,1.1994368643148184e-11
781,128,0.13415270280533834,-0.16987239621654734,0.4498872341444741,0.0625360217861214,0.8734642170148127,0.8734642170433244,3.264214831277695e-11
782,128,0.4047981284755848,0.3057968076684765,-0.6250773472965166,0.3021572118778092,2.5612649617981615,2.561265119361458,6.151776523799069e-08
783,128,-0.3771053129642994,-0.5405083427147577,-0.6124672839795561,-0.0151010506232259,1.7179006408121675,1.7179006441996236,1.971857983477524e-09
784,128,-0.40939600515332925,0.20597105818358039,-0.2749889500088786,-0.3476622232061549,1.3299569046473827,1.3299569051091202,3.471823301045469e-10
785,128,0.6631831335202895,-0.20322339032689962,-0.6490908034603672,0.10260316201764565,3.280783792207926,3.2807870477316707,9.923006058909363e-07
786,128,-0.3073500968405009,-0.04411280948384089,0.47369112906168287,0.4676202388101242,2.1766436738521775,2.1766437027570897,1.3279579284718444e-08
787,128,-0.3740307630081622,-0.5800804671614599,-0.0493941395848975,0.496959931578403,2.6953989114376156,2.695399191904596,1.0405397847301806e-07
788,128,0.36284274266782285,0.5520532991094349,0.08200750614000848,0.15670215145797584,1.2330276596426644,1.233027659911975,2.184140572480386e-10
789,128,-0.5119899130157183,-0.1963365164264418,0.13705054902681393,0.5775664874334465,2.3904641833229703,2.3904642581637137,3.130803795451226e-08
790,128,0.5419282579133629,-0.22727141726170952,-0.11433774560519329,0.595906918053184,2.5367681981295256,2.5367683398410494,5.58630165552327e-08
791,128,0.10768514355681755,0.20225614010194626,-0.32754496816387796,0.27822296927495976,0.9672046918655881,0.9672046919193011,5.553429845028026e-11
792,128,0.46646837517655604,-0.2440157683632462,0.6528169267987484,-0.22902727433335912,0.6000082493718937,0.6000082493751174,5.372850456604203e-12
793,128,-0.2936278140764521,-0.23571571221122534,-0.31438170800593646,0.44090838907785596,1.571580610290702,1.5715806119294695,1.0427511992459235e-09
794,128,-0.7066754652223892,-0.12152577057325811,-0.12653089144605636,-0.5072484309206083,1.9964722540869984,1.9964722667866166,6.361029170280882e-09
795,128,0.5060713841566983,-0.46471908852356414,-0.2945606641117975,-0.39159129420840877,2.1192223268604367,2.1192223491516713,1.0518591821818525e-08
796,128,0.24318197374240277,-0.628743059424089,0.4643374319633425,0.42121190838173683,2.7628287964128693,2.7628291703046055,1.353293178078233e-07
797,128,0.1535294698486645,-0.3145932223488412,0.21619459333590024,-0.5444305798051192,0.617717104071546,0.6177171040753373,6.137600176201898e-12
798,128,0.4558407695150096,-0.15820193069513924,0.6655894708934491,0.03556775090327834,0.8489368780280587,0.848936878052037,2.824504911913395e-11
799,128,-0.016268502592258597,0.6311872679535104,-0.6482524068417864,-0.10648884672261145,2.562226364825422,2.5622265230450174,6.175082630297396e-08
800,128,0.06310229499786096,0.09845835815465041,-0.3025852315091541,0.665841938885534,1.757980531778904,1.7579805358941323,2.3408839323844373e-09
801,128,-0.21720877923759588,-0.6373029326984273,0.6815800162867534,0.150025466395383,3.1055462748465903,3.105547853041113,5.081858014497858e-07
802,128,-0.13005089560601812,-0.6049381996280969,-0.37023730238436847,0.4342833331815505,2.5539235729201604,2.5539237255590224,5.976641729330216e-08
803,128,-0.4862768605095886,0.5458712702491287,-0.07526232149030916,-0.6783489663637278,3.3599587275450524,3.3599632314656045,1.3404690108675334e-06
804,128,-0.2607391868897544,-0.14429095325387042,-0.6384686648262946,-0.35969891694869915,1.2549717751062055,1.2549717754110443,2.4290492176753515e-10
805,128,0.04008448056134344,-0.7200667240202917,0.26292475239709756,-0.13243842975597944,1.690090958084677,1.6900909610412302,1.7493456256432516e-09
806,128,0.06270716864282276,-0.06478776744644812,0.006892319603022745,0.5692819339117127,1.4298728186530636,1.4298728194419945,5.517490159267101e-10
807,128,-0.01848871720405049,0.5261760651529301,0.3012457770753466,0.6076530284928892,1.0124633093663618,1.012463309438264,7.101715317191878e-11
808,128,0.08885315073441996,-0.5410005202363709,0.19165678640525088,0.25183718894714974,1.7736792917067892,1.7736792961459624,2.5028049162947272e-09
809,128,-0.07160778770070485,-0.46154846026914553,-0.3041562961095598,-0.5479657740733357,0.7053932443222068,0.7053932443302523,1.1405628360223068e-11
810,128,0.46397435965450423,-0.2709544373505239,-0.7130077145783846,0.07204905590981248,2.961302914552791,2.961303778926386,2.918896242171906e-07
811,128,-0.2608492645532359,-0.4341246513287355,0.3911770777341677,0.0946311792262005,1.8511528376496065,1.851152844079106,3.4732408197884715e-09
812,128,0.4884277961577215,-0.2626798619974291,-0.6234452604223576,0.2744729242952844,2.9112375999852245,2.911238300423587,2.405981436986171e-07
813,128,0.3215033842521093,-0.05814549215752677,-0.6848193280378924,-0.005552481338133623,2.348329380228645,2.348329442389879,2.6470406775702303e-08
814,128,0.04090176873079028,0.6302508176412625,0.18815047994529988,0.47038566121197295,0.6393498814245027,0.6393498814291015,7.193051830491099e-12
815,128,0.07777127086772408,-0.3909125772852795,-0.4171686212129243,0.36110329370376054,2.0023040335926403,2.0023040466394115,6.5158792071798365e-09
816,128,0.5459709643132206,0.35552754298443173,-0.18669146314345716,0.32444356166523436,1.8221179102696996,1.8221179158695222,3.073249307334166e-09
817,128,-0.32774034634631993,0.5622357490926533,0.35617572192391345,-0.5385843180657971,3.0883859645300187,3.0883874340720148,4.7582847900763275e-07
818,128,0.4935734416449601,-0.07182632233785054,0.2691701901007958,-0.18423283890280198,0.6034547979725157,0.6034547979758437,5.514919344079759e-12
819,128,0.0904942413601612,0.24100258312376652,0.5803481879804752,0.37859872919345045,1.3546331098811222,1.3546331104090978,3.897554690920174e-10
820,128,0.19368137307567213,-0.5586494985012339,-0.26727359748409146,-0.3581745677417923,1.2999778929571746,1.2999778933488602,3.013017182728614e-10
821,128,-0.22776190499086424,0.3018385054361022,-0.4006468510105726,-0.17590361344452624,1.1553396719207136,1.1553396720926894,1.488529920162631e-10
822,128,0.06925909745434893,0.43321385486571623,-0.2517970313453904,0.009675511303094656,1.1567200126004158,1.1567200127737924,1.498864413897283e-10
823,128,-0.02110082168160127,0.14919267615895904,0.16538958703326265,-0.28066887778001626,0.9648061839845324,0.9648061840374091,5.480551834540532e-11
824,128,0.1540308628664677,0.10570124047398877,-0.08251172582546612,0.3283432940234027,0.689112036210192,0.6891120362172284,1.0210780128244768e-11
825,128,-0.6299464749644412,0.11531764998517816,-0.459524017159045,-0.39855443617127717,1.6000118321455636,1.6000118340365883,1.1818816787439772e-09
826,128,-0.0027106556910311106,-0.706018317481319,0.2910328318799568,-0.07715326636588168,1.801762266537549,1.801762271618023,2.8197249636193954e-09
827,128,-0.13156194645588962,-0.4464247433353528,-0.7325036290278222,0.06044161403991251,2.168958013926713,2.168958041846947,1.2872648500065477e-08
828,128,0.2730205133009517,0.5429960908761909,-0.5007348556424785,0.5294056395883323,2.302555736131156,2.3025557868904754,2.204477338716996e-08
829,128,0.20402880973401996,-0.5245074856741111,0.4304528651582872,0.4532188312183034,2.450244189134258,2.4502442863891276,3.9691909044152965e-08
830,128,-0.4410963356124775,-0.12005014229096067,-0.3456299401760421,0.3666491862102246,1.2150630258859374,1.2150630261290545,2.0008598471207942e-10
831,128,0.38095663362980525,0.1492427702104577,-0.3802979588053443,0.4677260410383178,1.9453198890392516,1.945319899052609,5.1474091911274964e-09
832,128,-0.5238739092699689,0.2597394049975707,-0.5773550304950285,0.03308186230820975,0.6899936472037325,0.6899936472108205,1.0272553790660531e-11
833,128,-0.2582575382679193,0.22043911398195504,-0.20730400452592396,-0.344304487891354,1.236445166496405,1.2364451667709841,2.2207151248390395e-10
834,128,-0.5268644908781954,-0.4486512194139818,-0.11003252675187306,0.6666702140317142,3.0900510562472006,3.0900525360006736,4.788767066150941e-07
835,128,-0.2501520727934805,0.6133230191301077,-0.5505543654924492,0.18787266174858036,1.5496094030327867,1.5496094044988082,9.460587445636974e-10
836,128,0.5869811001972619,-0.2208130283409515,-0.2668421461647736,0.13620406774100918,2.0893770439975055,2.089377063456997,9.313537452481332e-09
837,128,0.5361082021795209,-0.4218251666690758,0.6699810550822856,-0.21732284879260066,0.9100859128046547,0.9100859128413575,4.032900900308863e-11
838,128,-0.5103543881438098,-0.4111406462980029,-0.05022124650687106,0.00533319286378044,1.5006284990286416,1.5006285001694615,7.602280536081115e-10
839,128,0.04547878304281211,0.5170615071315555,-0.09868110095465406,0.4168060683088467,0.45086474597417814,0.45086474597486087,1.51427153062959e-12
840,128,0.5119870750354767,-0.2899479906140898,0.10547166444935085,-0.12436966848034786,1.0513509939612564,1.0513509940530479,8.730810532961855e-11
841,128,-0.3516976788936028,-0.43143124753126894,-0.1440802478099947,0.42302664368551113,2.0102951804879834,2.0102951940253644,6.734026487931198e-09
842,128,-0.32165543039793404,0.028714399056035296,0.44597400963803524,0.22041553182782225,1.7109491551635012,1.7109491584379521,1.913821297810114e-09
843,128,-0.13600293468437413,0.17030935014393406,0.15900307524062102,-0.5619551381405251,1.7577946104012339,1.757794614512764,2.3390276674317263e-09
844,128,-0.1750341958462598,-0.6901188212494557,0.2435441175905681,0.2767183179968876,2.5127679315991402,2.51276805929848,5.082018834341008e-08
845,128,0.5853699600717251,-0.08282653955845458,0.27425806015625565,0.2806085354495363,1.2138717407567636,1.21387174099823,1.9892250088800702e-10
846,128,-0.5186931117977307,0.18609295895492903,0.5547264271324385,0.06560527645972065,2.4558447267705983,2.4558448264338915,4.0582082444946135e-08
847,128,0.6315111342591452,-0.3614095476593016,-0.4835787394479766,0.014677901681664707,2.8513544231746772,2.851354967319423,1.9083728816173786e-07
848,128,-0.29822783333102404,0.47437744263908965,-0.012687227684616064,0.16786083613183184,0.9857774268232543,0.9857774268838577,6.147778345219906e-11
849,128,-0.3754783441841301,-0.27974086739181314,-0.18389112548539913,-0.43092959045570395,0.6155246132144502,0.615524613218167,6.038433820590625e-12
850,128,0.4147622521323001,-0.5047651639784777,0.26814135966329716,-0.402405274057066,0.5333252563087039,0.53332525631039,3.1614773303034144e-12
851,128,-0.09820981272056688,0.4123174634303642,0.2984879548238598,-0.5959004782198817,2.5027676290509713,2.5027677513205133,4.885373321413845e-08
852,128,0.27239428819240835,-0.12052909143774419,0.3550321740062417,0.2544617344881749,0.8669214041338863,0.8669214041611198,3.1414092003713235e-11
853,128,0.1320675890783228,0.4774237750913228,0.23206599365424743,0.23846345589697288,0.6223373815348621,0.6223373815388148,6.351421514845193e-12
854,128,0.13648966459922982,0.013089476456239856,-0.12311194229508084,-0.2082636503179049,0.6957943289662347,0.6957943289736713,1.0687938340767315e-11
855,128,-0.17236415337505262,0.20430584449038489,0.1469004860909546,0.13331017311835386,0.6794458541890541,0.6794458541955452,9.553417532469523e-12
856,128,-0.3484782891255,0.051030288658912404,0.028824823421693076,-0.5122577330513991,1.533218488256757,1.5332184896052816,8.795384582356708e-10
857,128,-0.24426847833153353,0.291809703594702,-0.6944448854089934,-0.2026932918849995,1.8289947121866001,1.8289947179731032,3.1637615002050456e-09
858,128,-0.5173686111168623,-0.3073476815415575,0.16549084156392443,0.6052847189948086,2.732655157760341,2.7326554865757413,1.2032817214694058e-07
859,128,0.2505073220217699,0.18204166577703917,-0.36644652388088417,0.09559462374414743,1.3182776569495498,1.3182776573827146,3.2858391784829675e-10
860,128,-0.05445285769461487,0.2848156688022385,0.3982305199975256,-0.5425688444241927,2.196109977110864,2.196110008663061,1.4367311830509368e-08
861,128,-0.44808612285357924,0.012973584735691364,-0.23904277771361013,0.5242120159081542,1.3958211843690689,1.3958211850277165,4.718710306848973e-10
862,128,-0.398410913364818,0.13470816779470665,0.01983807171111376,-0.025400133918107855,0.9514657847099329,0.9514657847583675,5.09052353228477e-11
863,128,0.08801028424419619,-0.18126033729237487,0.5986932877969338,-0.346349026949967,1.4001655403083835,1.400165540982451,4.814198386575086e-10
864,128,0.20622793503299514,-0.34179587341889434,-0.4856932836028203,0.20601958522293778,1.944820200599304,1.9448202105893426,5.136741468995784e-09
865,128,0.3563651651144702,-0.6589699658727044,-0.2954428529033594,0.6732418959538069,3.8204169031699604,3.8204456968597413,7.53679258330018e-06
866,128,-0.0856679979946749,0.013802266552359362,0.5102240568459504,-0.01970697364040696,1.300035728746345,1.3000357291381561,3.013848153576101e-10
867,128,0.596261994570981,-0.061210212982323216,-0.23588832934293402,0.6390730666032736,2.754618691398779,2.754619052457125,1.3107380234344208e-07
868,128,-0.37911835604994376,-0.47979864990099624,-0.5818672070131035,-0.031425653964067914,1.410628308891159,1.4106283096037628,5.051676258667776e-10
869,128,-0.24657392963442656,0.3209130474040287,0.15355424611844562,0.30242332923970217,0.9005221232481746,0.900522123282558,3.8181610579444326e-11
870,128,0.7084994072230485,0.1045826421483306,-0.4012903363746959,-0.015357829347302624,2.648230101651669,2.6482303308116033,8.653324120015857e-08
871,128,-0.38284893937458764,-0.32060443897023116,0.04678860945534454,0.450501695539249,1.9576371889102888,1.9576371995153339,5.417267880082148e-09
872,128,0.33345092596252934,-0.386644420058899,-0.13237062564317656,-0.14453343670528612,1.1762795196768654,1.1762795198712486,1.6525253816821483e-10
873,128,-0.3741696641984016,0.5948590622910851,0.16380831212050562,-0.0059780146815077845,1.9660205784360343,1.9660205894629186,5.6087328970500556e-09
874,128,-0.39192013751854343,-0.2979172035816353,0.5509543568854264,-0.11171758221514495,2.1993324954575275,2.199332527470105,1.4555587908547864e-08
875,128,0.22493219516229168,0.037058962221342674,0.09788159983683949,-0.3067094049928339,0.775563832456983,0.7755638324709583,1.8019490858802638e-11
876,128,0.0467566735692606,-0.6728487250983763,0.24613617076385183,0.5106283018109898,2.8631763748371535,2.863176946840755,1.997793801319599e-07
877,128,0.09596719512255905,-0.6107516560403305,0.4663964074409415,0.2620605856199918,2.3081258398371074,2.308125891866537,2.254185138242543e-08
878,128,0.3240795558563146,-0.42352441349164366,-0.06105720223694517,-0.5818928574300697,1.1496589816242664,1.1496589817905865,1.446690466362986e-10
879,128,-0.03661258232385262,-0.34375148324399724,-0.32905121527340125,0.16962674977799638,1.2687767334339208,1.2687767337632838,2.5959096872889343e-10
880,128,0.38272969054450984,0.018625153836719175,-0.5716313382757338,0.21617694241491267,2.1968716671539235,2.196871698814354,1.441159772549434e-08
881,128,0.25731507374873885,-0.33357483238730123,-0.3714449148860288,-0.5133398435113783,1.6649976491528207,1.6649976517658442,1.569385744551999e-09
882,128,0.14046114310756236,-0.19810930167083202,-0.45818513530692845,0.2502405150279779,1.6236441283164174,1.6236441304447238,1.3108207536817179e-09
883,128,0.012772136564669712,-0.27060435248736686,-0.14723183221490138,0.28190958568935615,1.189243887059137,1.189243887268706,1.7622020935583953e-10
884,128,0.5473253956639785,0.20925190227734772,-0.06844559398264917,0.43949935759986797,1.6263688681592068,1.6263688703166201,1.3265215544328985e-09
885,128,-0.3553819277985881,-0.17087885426781751,-0.4335174233999849,0.2797450268340076,1.1048806165127971,1.104880616640154,1.1526746860776841e-10
886,128,-0.003629785936574741,-0.46813503034552495,-0.6719587040431112,0.1638878518471461,2.3235355469644325,2.323535602671125,2.3974968949761342e-08
887,128,0.031082870881360202,0.643562743886204,0.046828049185551064,-0.6608315716738573,3.1222549673562785,3.122256658932779,5.417803857585656e-07
888,128,0.1559091619057507,0.0955718675612112,-0.4982253947555621,-0.43557082060124824,1.9582175973133091,1.9582176079470504,5.430316444653386e-09
889,128,-0.02180060841880896,-0.7360509587772305,0.4308546635054122,-0.5917474690935098,1.8057821092716704,1.8057821144509012,2.868137188535665e-09
890,128,0.04802960486939687,-0.006350626922618831,0.414973302313787,0.4870805091078759,1.4670863879958165,1.4670863889545993,6.5352854388919e-10
891,128,0.30452484643573413,0.3254044098520206,-0.5204230735007679,0.5323866201757465,2.3026584172232725,2.3026584680057294,2.2053838522649634e-08
892,128,0.12100792147408333,0.11893823512456389,-0.623204456858319,-0.3870126575572032,2.209617287268274,2.209617320794249,1.517275189614356e-08
893,128,0.18416215482537934,0.5756844296259024,0.26962769391269664,-0.4488931771712888,2.405941400106836,2.405941480212119,3.329477719110235e-08
894,128,0.711203076868742,0.1181564142586006,0.4820157298373817,-0.2739832443956173,1.4458570880457609,1.445857088903854,5.934840719627641e-10
895,128,0.5443905324415814,-0.3466454691604839,0.3485031615439446,0.31044439359676806,1.7838321375143202,1.7838321421758394,2.613205061527486e-09
896,128,-0.3050219696353007,0.4810392547695407,0.43493848060484513,0.359030011059017,1.907308400952307,1.9073084093334634,4.394232433175613e-09
897,128,-0.012598897553485503,0.7033672271669638,0.1749079220350353,0.0979804882019303,1.6328606530000422,1.6328606552283365,1.3646566911373366e-09
898,128,0.0839555037108797,-0.33437702062213664,0.49583203378638047,0.242151905036847,1.6252792720340055,1.6252792741797346,1.3202218146981758e-09
899,128,0.10697935789795833,0.45224381663705626,-0.4264888279502523,0.11957354184975619,1.4527378672013351,1.452737868090919,6.123499511739602e-10
900,128,0.02474221237089503,0.49647717409698916,-0.08685087517482883,-0.7240753130205019,2.944138803950542,2.944139608262787,2.7319100722130316e-07
901,128,-0.1377301535802161,0.20199437768066952,-0.27882897467833745,0.3217797897564552,0.4188466418262258,0.4188466418266876,1.1026775247148385e-12
902,128,0.1469342676650087,-0.3646037987038287,-0.45287725715125027,-0.2750047453008432,1.4303123484519662,1.430312349242727,5.528588150953254e-10
903,128,-0.029047126351140116,-0.6234926919174111,0.20143068101954656,0.3297785519282062,2.2302119048955467,2.230211941663863,1.648646763602784e-08
904,128,0.367766888347902,-0.00013451349406004714,0.3534406144297365,0.30711749430905366,0.7322083400008155,0.7322083400107972,1.3632297806777615e-11
905,128,0.44103652758986217,-0.4345072548348575,-0.5136806149765241,0.014460783933716283,2.461715912503824,2.4617160147545083,4.153634619032081e-08
906,128,0.25070013310653183,-0.03695950592477101,-0.17293948162048833,0.052790143544354164,0.8814949293467305,0.8814949293768836,3.420677899945855e-11
907,128,-0.37179017490724764,-0.3974841527145925,-0.35963778587817674,-0.4548310019049966,0.17132235258135628,0.17132235258136094,2.7217328230485026e-14
908,128,0.24239506096125746,-0.467205798033704,-0.19434402692697383,0.3097850218776547,1.93583773343948,1.9358377430191467,4.9485896725970755e-09
909,128,0.04441542809427703,-0.428246869013494,0.06439453523775533,-0.19536326100756032,0.5232694057949367,0.5232694057964571,2.9054620680756804e-12
910,128,-0.5309571426563207,-0.11180952147581684,0.1626800166071709,-0.3255814302656409,1.6586650122454212,1.6586650147779574,1.5268521142418995e-09
911,128,-0.32209856699030276,0.4903994361973941,-0.06521220661088947,0.6045744247411344,0.8488489522817702,0.8488489523057337,2.8230579525725437e-11
912,128,0.21727201233333615,-0.019583204946132252,0.0796219058209288,-0.38479701594333493,0.8444989599164728,0.8444989599397031,2.75077977236993e-11
913,128,-0.12567319227169782,-0.43455616472233344,-0.26281525204952916,0.2075218565678343,1.4359997180329398,1.4359997188477382,5.67408503428021e-10
914,128,0.09377387003276293,0.3699382886177638,0.47879240397092443,-0.5543246579573241,2.4885531376710532,2.4885532526094667,4.618684315542675e-08
915,128,-0.7291474857408238,0.05891188861575235,0.08098935559385234,0.12274539544036776,2.0383242109417976,2.0383242263448795,7.556737950894243e-09
916,128,-0.6900142007161695,0.21959334962268304,-0.1807079962501947,-0.2799175369460335,1.8967048773815203,1.896704885355135,4.20393006445917e-09
917,128,-0.4086041436349021,-0.25661257583158076,-0.21919734193434084,-0.15835870704240979,0.5008190155362054,0.5008190155374043,2.393716661710059e-12
918,128,-0.18470009431412424,0.44185597992365955,-0.11355384566489068,-0.1212376697698759,1.2318990585010292,1.23189905876862,2.1721815316757143e-10
919,128,0.29749994445063405,-0.2305483968073118,0.38500023952178164,-0.4647471513605754,0.6645700370504781,0.664570037056201,8.611382256164835e-12
920,128,-0.4731985985660846,0.08894481741945888,-0.7277863619878298,0.1787609357706232,0.8997806371766924,0.8997806372109015,3.801935560706258e-11
921,128,-0.015764681907120794,0.2094139387217599,-0.3970329545464143,-0.15390612715732935,1.1296502294945927,1.1296502296423234,1.307756265537314e-10
922,128,0.6483698940629519,0.040507075343837094,-0.5476227869929857,0.3560206545872924,3.0164269086196054,3.0164279973217725,3.6092443147674165e-07
923,128,-0.034141508019286636,0.6358796708425881,-0.6327280238425157,-0.0356570240687067,2.3986998410067533,2.398699918605317,3.23502600234639e-08
924,128,-0.10313106142491167,-0.47357574530059976,0.7199877924913862,0.16968853210183002,2.676292117472262,2.6762923759242487,9.657091811307865e-08
925,128,0.3294339414185333,-0.28088050349397886,-0.3224851540609266,-0.037642841476413044,1.490406355437327,1.4904063565194818,7.260803781853565e-10
926,128,0.26168300265024375,0.2626140770472969,0.06621330019542784,0.22908726792226422,0.43630059132653987,0.43630059132711324,1.3141735135502763e-12
927,128,-0.03528066266410848,0.4916765093176951,-0.41233732510185545,0.4736603078163908,1.0640940461577544,1.0640940462570754,9.333855050764169e-11
928,128,0.48013341339946475,-0.2756285869449228,-0.1151311980950456,0.7256957986161178,2.9422350288550234,2.9422358267640134,2.7119145213281e-07
929,128,-0.21525753557500824,0.4048949064408809,0.4639982032362761,0.3189826244838412,1.6653348268923434,1.6653348295097201,1.571681993018083e-09
930,128,-0.4361592685045799,0.0988941514559567,-0.5211166703615536,0.5306910633534947,1.36395444166123,1.3639544422164578,4.070721475193252e-10
931,128,0.5070094927003217,-0.05024549400014334,0.6085588769709793,0.15443296103198353,0.6697255649060355,0.6697255649120152,8.928524643478493e-12
932,128,-0.6484474875848949,-0.2602656769691007,0.4315074310272316,0.03696441234357472,2.638964402747327,2.6389646229703985,8.345056534492706e-08
933,128,0.5326891160034285,-0.026865687007122035,0.3518405639125697,-0.23120314652865448,0.6970881958918074,0.6970881958993237,1.0782453272500048e-11
934,128,-0.12003755178488501,0.3783494748871768,-0.30932649899210063,0.5397355786537859,0.6791630139249103,0.6791630139313861,9.535000798868674e-12
935,128,-0.699244532335957,0.13607127636168903,0.6823738236922127,-0.17312237424217486,3.5335201824451854,3.533529306690769,2.5821971044215265e-06
936,128,-0.0014249240628509113,-0.5223646725988476,0.031900431532627824,0.5906643755446236,2.5186395711073026,2.5186397021039237,5.201086436057941e-08
937,128,0.3304945412228784,0.5685754974040595,0.6438569553288535,-0.03724976494131001,2.012320737495489,2.0123207511600305,6.7904391400953825e-09
938,128,-0.3927631011656529,-0.07014179436814579,0.5507146927017694,0.0658346073231788,2.09433420810908,2.0943342280134716,9.503923199699779e-09
939,128,-0.102032209317191,0.06897735701753628,0.2729732072672028,-0.13890082021646838,0.8791529241479897,0.8791529241776561,3.3744277756980384e-11
940,128,-0.1857225428817474,0.7114159786470765,0.45239637600065397,-0.22421611729268368,2.8290831282244313,2.8290836234622367,1.750524049613475e-07
941,128,0.3426286434026882,-0.5578847709465209,0.28678439110474035,0.3274316581383082,2.1611770622315656,2.16117708918811,1.2473084701471893e-08
942,128,0.05475380744284353,0.6037560517163152,-0.08261920519363226,-0.4998125889279331,2.5210302373818223,2.5210303697446856,5.2503481066523746e-08
943,128,0.5772786485130091,0.20469845913108536,-0.534066580194623,-0.35938225501122134,2.940562052859962,2.9405628451834027,2.694462576854107e-07
944,128,-0.6611623785768259,0.050498496954080645,-0.5163093423139768,-0.1863718064463585,0.8606914030546264,0.8606914030806907,3.028293505362305e-11
945,128,0.13440315296461328,-0.48489567074563555,-0.20983468821755386,-0.13242452230273516,1.1179077762196228,1.1179077763573497,1.2320062879317222e-10
946,128,-0.6842045538797733,-0.10167447121102395,0.575245475879298,-0.13385365112603193,3.027559910161167,3.0275610506825763,3.767130769195859e-07
947,128,-0.4220680637223115,0.40702354298542015,-0.37388836038607465,-0.4280901807038874,2.1015385025162843,2.1015385230848604,9.787389643814738e-09
948,128,0.11870100244460212,0.5436184525495498,0.08272461143932903,-0.6992974763206438,2.98154525887826,2.98154619977405,3.155732039845288e-07
949,128,0.41102871930406404,0.6240293361153217,-0.07778713487578,-0.3671816523583222,2.695245285542255,2.6952455658250933,1.0399158836320252e-07
950,128,-0.6522024613304028,0.34781989093969046,0.05126827576386716,-0.4184240330176271,2.604775719457606,2.604775909566131,7.298460420303706e-08
951,128,-0.4728295765237671,0.28150864131250847,-0.12161971591681692,-0.02218911233718881,1.069094768654001,1.069094768756427,9.580614234208444e-11
952,128,-0.1539247025173276,0.2592192949172073,0.3299342419716861,0.3400945190604295,1.1105674289656395,1.1105674290974326,1.1867178660530973e-10
953,128,0.5493386628573763,0.4938101415953758,0.4309449914874443,0.17083237834700526,1.0961715086240038,1.0961715087448305,1.1022607415207413e-10
954,128,-0.7175796698247234,-0.1645557002345237,-0.3543921079441863,0.07973130006291528,1.2957821739450992,1.2957821743278106,2.953516615735567e-10
955,128,-0.6265355472965546,-0.19418023770525988,0.06665300710433429,-0.13986449710368573,1.6655547104909123,1.6655547131111321,1.5731814766515527e-09
956,128,-0.17995416950565926,-0.40766480382441983,-0.0044819738949101965,0.4585501159869167,1.9153786635138899,1.9153786722185782,4.5446305053469004e-09
957,128,0.21973394391454434,0.5993121581378037,0.4647201757658191,0.07837149438739355,1.5393041485686816,1.539304149959752,9.037007866823057e-10
958,128,0.37020648991059646,-0.32637076048633057,0.2584396161088093,-0.3559692576311174,0.29498722848154646,0.294987228481621,2.527278095642808e-13
959,128,0.35613049570361965,-0.6055947437417253,-0.014286077057908615,0.5530692546869772,2.9333088559270966,2.9333096244760264,2.6200750332765526e-07
960,128,-0.5738493131795378,-0.16218484289451443,-0.03151245442112415,-0.7319774372704762,2.321811662342348,2.321811717625407,2.3810311540816805e-08
961,128,-0.1254796192035727,0.5128576263956778,-0.010433980685745919,0.6883171928078257,0.6686906594111808,0.6686906594171079,8.863811058442936e-12
962,128,0.5490779375702878,-0.2136833391406525,-0.3138247614622423,-0.25193889525071506,1.9903179827693223,1.990317995112265,6.201492814112192e-09
963,128,-0.5991113032457615,-0.3794045680613828,0.1673048083850916,-0.2005358478786928,1.9754605089308273,1.9754605204520879,5.832189790748301e-09
964,128,-0.2818833698908811,-0.5927082215552928,0.5357395646346228,-0.3024943253702831,2.343241040388085,2.343241101167847,2.593833116805418e-08
965,128,-0.3244719100544089,0.3248551640777762,-0.10052191573384495,-0.6299358034296106,2.3145812683821583,2.314581321922337,2.3131690921491447e-08
966,128,-0.4640155906342599,-0.19661398706999134,0.0336364880089758,0.49861224288521616,1.9576818872551456,1.9576818978623975,5.418271494833479e-09
967,128,-0.5803273839284205,0.19162673082493833,-0.2666369408444418,0.3717779678308276,0.9873376018183515,0.9873376018795689,6.200246440344364e-11
968,128,0.4610716698243341,0.14918847939890237,0.04529964608438955,0.6233488208933655,1.652519376337311,1.6525193787939962,1.4866302536672527e-09
969,128,0.11212596298010694,-0.7390735270261282,0.6355628271070136,-0.35261014221149456,2.306243080731499,2.3062431323281927,2.2372617186553536e-08
970,128,-0.24900230283162095,0.06194371726143155,-0.10297347534058991,-0.10124015702262547,0.4540263782024883,0.45402637820319686,1.5605796674654348e-12
971,128,-0.6166480205222525,-0.40542084608675644,0.6305581372433116,-0.11437978786940216,3.273750462607086,3.2737536253578075,9.660940127980158e-07
972,128,0.1920391529901351,0.04156311805243086,-0.6149539364231682,-0.14339031704497646,1.8857627257333984,1.8857627333064688,4.015919017628492e-09
973,128,0.49396400025919857,0.5193342003273259,-0.1469512636913231,-0.34240927795850734,2.560273308405481,2.560273465294621,6.127827813799285e-08
974,128,0.2868795240113814,-0.04801461819185098,0.22916555197193467,0.16652236493320408,0.4796336314939967,0.4796336314949468,1.9809471273202435e-12
975,128,-0.5723023106854312,0.2274004055448645,0.22438097687334785,-0.37290787895663996,2.2832273620410257,2.2832274086229667,2.0401796923780406e-08
976,128,0.3134579097743033,-0.2965961456434612,0.15975676916288037,0.03880627233887766,0.8071619740286099,0.8071619740463184,2.1939216541131828e-11
977,128,0.5874713365613419,-0.4580272654332737,0.02238051909497731,-0.13957780559654828,1.7373513923994053,1.7373513961231783,2.1433620647885556e-09
978,128,0.5755861256144696,0.011377459736663017,0.3598815990432176,0.28719478204560034,0.9308420084534643,0.930842008495688,4.536072568940947e-11
979,128,-0.044925803820122394,0.2166007328874611,0.10510905852604707,0.6183379075903598,1.0764528638732078,1.0764528639803634,9.954510904155363e-11
980,128,0.35891402940653594,-0.6116058809588226,-0.23052133161382912,-0.09097380576993479,1.968878860884651,1.9688788720590242,5.675500624504997e-09
981,128,-0.6155451034732283,0.21680410567746178,-0.0951475862749679,0.121525152591864,1.3162972749534643,1.3162972753819513,3.2552450863012605e-10
982,128,-0.5145200828876604,-0.38918932074870655,0.17390895787705543,-0.5530793477143399,1.9496676511857771,1.94966766140426,5.2411409413663394e-09
983,128,-0.4349368270904239,0.3918333625260839,-0.6582929877097237,0.3062837373661646,0.8337004090807799,0.8337004091022754,2.5783209213820525e-11
984,128,0.14090776016524154,0.47501584688331855,-0.12085552059638131,0.25655277667802245,0.7973525614635936,0.797352561480059,2.0650067996376663e-11
985,128,-0.6412108515086776,-0.05091754305155138,0.3818635267116749,0.22507663590474208,2.4377418504665087,2.437741942548325,3.7773407539630765e-08
986,128,0.4850845997504126,0.035939255741989376,0.2829160450867237,-0.46218822631478856,1.3575240019142834,1.3575240024505746,3.950510141165077e-10
987,128,0.5664158386373503,-0.010922442956370034,0.17138690913738633,-0.4532111893766998,1.500525996198332,1.5005259973385485,7.598779299409864e-10
988,128,0.27065542345805343,-0.16092187281979578,0.6588841245014586,0.06714912400539882,1.1941161790986428,1.194116179314196,1.8051269606174705e-10
989,128,-0.40583172166058834,-0.5492271206285589,0.03440881525923826,0.1035696134085885,1.879503670421203,1.87950367777393,3.912057853123442e-09
990,128,0.442161851217384,0.4397546588203709,0.2635188136139554,0.10937996697373617,0.9647163786127511,0.9647163786655967,5.477839699106857e-11
991,128,-0.6410958356922836,-0.06664204223525429,-0.24945828816717303,0.03928578652634044,1.0481893964166638,1.048189396506669,8.586743657667544e-11
992,128,-0.31893327705526475,-0.1425162379224558,0.3242348495482803,-0.6229946249393908,2.0365549015152817,2.036554916793589,7.50203544847703e-09
993,128,0.6929691700601784,0.15822262750754837,-0.13485913386764703,-0.17858394054531282,2.161351170415108,2.161351197392859,1.2481891658054413e-08
994,128,-0.6712647754682922,0.2551410997904809,0.2990233634734269,-0.3240121357642877,2.7096701183960237,2.7096704164970244,1.1001376099222266e-07
995,128,0.31984538886685726,0.03336662252297119,-0.6299630553941656,0.041924836778819904,2.149013161993107,2.14901318750747,1.187259506734907e-08
996,128,-0.1718840628543049,-0.34943852384862095,-0.12166427460528274,-0.6510456813626492,0.8594597267525155,0.8594597267783538,3.006345808899545e-11
997,128,0.00020775921341945975,0.1673155884001247,-0.6716853191352747,-0.12124250836478234,1.7836513721422018,1.7836513767996698,2.611198600574755e-09
998,128,0.4537928830394614,-0.02510061347830996,0.06509325810626536,0.6881290324310977,2.109948397405514,2.109948418776605,1.012872691354553e-08
999,128,-0.023103917719432227,-0.6832940752540432,0.3318429385876156,-0.6396454164744566,1.3164116446016194,1.3164116450303747,3.2569998547293494e-10
0,256,-0.4681119404803729,-0.012915358418824829,-0.24860213959253838,0.08214521649839718,0.5539199174691191,0.5539199174692485,2.3370166081545567e-13
1,256,-0.14555893603897102,-0.06207425576251886,0.07355698091980083,0.40621796631914825,1.0943508076080188,1.0943508076154886,6.825784293621646e-12
2,256,-0.35116194026246245,-0.47755049622842105,-0.7076244744747661,0.003613757992813424,1.835740143699594,1.8357401440733394,2.0359389115749138e-10
3,256,0.5061564235959839,-0.5049501100740283,-0.052857144540530115,0.3217350737202434,2.4004352527370525,2.4004352576373935,2.0414385333927456e-09
4,256,-0.09891726258451429,-0.32611101673745635,-0.08318710790894485,0.7279503073979993,2.547887423939578,2.547887433268437,3.661409421372601e-09
5,256,0.1310553943757343,-0.16641839250564358,0.37042263954098514,0.34657271417684093,1.259372767094146,1.2593727671136785,1.5509782545567816e-11
6,256,0.5309000680068642,-0.14623951426837184,0.4671918737903891,0.46053327570883845,1.7177356556847447,1.717735655896411,1.2322398932009032e-10
7,256,0.2968078528644317,0.48438932668122103,-0.3495168485186101,-0.26161748671131135,2.196994142742354,2.196994144725662,9.027369266379899e-10
8,256,-0.6384513102432371,-0.05790241594194403,0.6809735995625664,0.11889598832699227,3.2192036362178387,3.219203796534322,4.980004414637124e-08
9,256,0.10005176771456499,-0.6147842138085091,0.013794550538237863,0.40935568390778837,2.3221094698187588,2.3221094732864525,1.4933377314135757e-09
10,256,-0.23364236040441203,0.27083086942544127,0.09438281141871234,-0.3558647888324439,1.4881950251652192,1.4881950252321061,4.494501009593904e-11
11,256,-0.30682019398785426,-0.18330333731854512,0.048913612281970144,-0.388590662565293,0.9228021946131449,0.9228021946156453,2.709500788309784e-12
12,256,0.1824673001387124,0.028618789799578884,-0.25707053085465464,0.0006854286999155733,0.8970561581222005,0.8970561581242991,2.3393669862757903e-12
13,256,-0.4391925699179757,-0.524351711829,-0.5843972422145975,-0.1729230723616136,1.2349163478038092,1.2349163478208254,1.3779205598894706e-11
14,256,0.2662656134014964,0.12053505189335799,0.2976127788783426,-0.4580621259044539,1.3434038240756374,1.3434038241066943,2.311809319362611e-11
15,256,0.4799310646671185,-0.21500246142933352,-0.40466196614625105,0.15682607448861363,2.0979799658364855,2.0979799671031096,6.037350973473073e-10
16,256,-0.7024018250145267,-0.10862729530217646,-0.058066562049433036,0.03530843392310068,1.6776651260454631,1.6776651262193898,1.0367185212303452e-10
17,256,0.2697548675558376,-0.47809596150648953,-0.710680100847495,0.004861086691627759,2.757149857879781,2.757149880824226,8.321798303793576e-09
18,256,-0.7324058883040659,0.019612022238111388,0.13463973707465515,-0.6721490706390477,3.0909208119621274,3.0909209058745497,3.0383315521941907e-08
19,256,-0.10852770088328186,-0.30965853738782356,0.12052968644681016,0.4838049004960898,1.7748470264361205,1.7748470267153167,1.57307203121668e-10
20,256,0.575590843745858,-0.17609193179715707,0.12529919064183473,-0.3628541377267524,1.241038398707475,1.2410383987250908,1.419449128252123e-11
21,256,0.549812921313479,0.02548389806339858,0.4866520496609057,-0.2691077141914432,0.8431889676316217,0.8431889676330604,1.7063055528974928e-12
22,256,0.3347495511765043,0.4959463120378787,-0.46087355306240024,0.0880926581365896,2.1121201211142053,2.1121201224650914,6.395877091311075e-10
23,256,-0.508802988728167,0.3946964561024231,-0.18260291530403916,-0.33355008438901546,1.9377182615265554,1.937718262131149,3.120132170063806e-10
24,256,0.06689630430220349,0.1856326875125818,0.16905213425213936,0.008735451826697164,0.41975815276150974,0.419758152761539,6.969340918434542e-14
25,256,-0.7409683009061172,-0.07695344019948326,-0.12407821915544705,0.13932635304831814,1.7590805653437347,1.7590805656024708,1.4708601113485932e-10
26,256,0.21237712183218274,0.23766742515124958,0.7056879594694507,-0.03446690528721508,1.5270686864096683,1.5270686864913712,5.350307253467002e-11
27,256,0.43437782961643984,-0.3104878091635192,-0.14170596897300528,0.4867018653433252,2.2165258072633023,2.216525809428561,9.768704844120156e-10
28,256,-0.27424273155097323,0.17478582089916986,0.14714478101321032,-0.19428575636745826,1.1560900242056331,1.1560900242164305,9.339552091636227e-12
29,256,-0.26755663904416993,0.24493115886552103,0.3116835208775095,0.1557339174748009,1.25740203499182,1.2574020350111377,1.5363151996169998e-11
30,256,0.3765455508533384,0.22858170099823355,-0.0609027553389716,-0.2998470025700974,1.4694298377788333,1.4694298378395114,4.1293655285769476e-11
31,256,0.18319247481573758,0.1993848347442624,0.6893298565806704,-0.15492128708634728,1.6279655676525853,1.6279655677885625,8.352586330944026e-11
32,256,0.048856340979546414,-0.14297327096661822,0.5163487033727664,0.4575764762576645,1.8512263877615556,1.8512263881638553,2.173152628597765e-10
33,256,-0.18409675264942263,-0.23573972704167367,-0.2687439298717751,-0.1078865686187982,0.3342126392976223,0.3342126392976313,2.6907439881277244e-14
34,256,-0.17661137349552755,0.6696177862470112,-0.5302276290407767,0.19430184077964222,1.7557561977752851,1.7557561980298946,1.450141226676839e-10
35,256,0.22932276621122136,0.24490112378736634,0.08586517734230735,-0.0026667144447131076,0.6006526577914991,0.6006526577917017,3.3732590602208543e-13
36,256,-0.3158085790108989,0.051276541123111474,0.31445688608652334,0.3487201422701062,1.5166990917582759,1.516699091835749,5.108009850877534e-11
37,256,-0.6195762744805587,0.007664849117872856,-0.013517624828834784,-0.24652057340776995,1.563824690987606,1.5638246910861249,6.299873082127205e-11
38,256,-0.5371807195346296,0.4188651939853589,0.334420299802035,-0.23742321380223314,2.5337701881728023,2.533770196947296,3.4630187130336106e-09
39,256,-0.6635244356382104,-0.2141172662722287,0.5352558715058299,-0.2498677064092748,2.9519822717601603,2.951982324171045,1.7754471299716192e-08
40,256,0.2704481510518758,-0.12235362269085237,0.4403652252470703,-0.013859109661914174,0.4661120239609778,0.46611202396102874,1.0932830352078821e-13
41,256,-0.08697284268831772,-0.07423781609130642,0.10768454761980266,0.1630104468326782,0.6199838080552312,0.619983808055473,3.900207902555703e-13
42,256,-0.2446462846922445,0.4704882417186809,0.09694196317987062,0.4954857540509629,0.9048367467770313,0.9048367467792446,2.4461215017808295e-12
43,256,0.3257831893842752,0.40516505121724455,-0.4097850575656238,0.44891890660500544,1.8822231179501896,1.882223118416064,2.475128722442968e-10
44,256,0.46463091190090955,-0.07325306974282661,-0.0038512922969335243,-0.03182482278125764,1.0214551536463463,1.021455153651104,4.657815600366435e-12
45,256,0.5871215930295294,-0.23558369464688644,0.7164244241029493,0.15062603657545012,1.421296152565655,1.4212961526127932,3.3165708064187035e-11
46,256,-0.4294161042270695,0.11659683654153265,0.13194553664452427,-0.7338974579596582,2.60948230159023,2.6094823137672916,4.666466438142526e-09
47,256,-0.42386684751063014,0.5311026738977903,-0.15286803042501418,0.16665375852288922,1.1980436454146424,1.1980436454284253,1.1504568146798347e-11
48,256,-0.49965694410546424,-0.2477720066361893,-0.11477934620462274,-0.5846257193225204,1.4137680579325835,1.4137680579778813,3.204045054233444e-11
49,256,-0.06893420183367165,-0.2711514009299223,-0.3262327273499826,-0.35665853800212516,0.634504982100447,0.6345049821007224,4.3393719178622795e-13
50,256,0.02456190858666951,-0.3385754238628288,0.5477220329513062,-0.39820851140581,1.4034804368659228,1.4034804369088125,3.0559522364191336e-11
51,256,-0.19184988620891816,0.5171584733926724,-0.6271848822287552,0.1568684507783034,1.5998625446321189,1.5998625447502695,7.38504697236925e-11
52,256,-0.009483926121500005,0.2952821588830221,-0.454128679643064,-0.08456588969937803,1.2891979536440499,1.2891979536671176,1.7893117074261747e-11
53,256,-0.5008478256135085,0.46858274366931785,0.3115436659535637,0.3679615952076183,2.137271774857899,2.137271776372286,7.085609327071923e-10
54,256,0.4752302349577382,0.36883831905330666,-0.18163490053099343,0.005937315505249419,1.6988932963184655,1.698893296511505,1.136265371646379e-10
55,256,-0.11782824136308591,-0.12737920011694442,0.32437541236664863,0.016474283584355216,0.9610693673804496,0.9610693673836744,3.3554964179313967e-12
56,256,0.4526794624291417,0.19732635952011568,0.35174005296736477,-0.40514752536153276,1.515639291597701,1.5156392916747539,5.0838487102584304e-11
57,256,-0.6391791584911084,-0.07589647116546264,0.2365853736196919,0.6165409131333045,2.8353926027337133,2.835392634743624,1.1289410394592561e-08
58,256,-0.20599170117072513,-0.7185799445526629,-0.7044041606146393,0.007831214696786512,2.7665870312604772,2.766587055147388,8.634071656438961e-09
59,256,0.10874909576345614,0.23772442427297155,-0.15066680578857275,0.5963124254883223,1.1058497041488198,1.1058497041568272,7.240922986880762e-12
60,256,0.043226896495328807,0.7274923399227705,-0.6737612717404251,-0.21646039964201788,3.2570995562520606,3.257099743887569,5.76081588000105e-08
61,256,-0.5387336737987335,0.45148662777117254,-0.11130685195305065,-0.398849361875837,2.355985238955378,2.3559852429839228,1.709919290835636e-09
62,256,0.44532479956293924,0.43671889414872933,0.3040775078057293,-0.5884312750636354,2.6687447529830237,2.6687447686985863,5.888746989182801e-09
63,256,-0.1391394885650241,0.25885603692611836,0.7029520803050282,-0.18930068788669216,2.3398494068609015,2.339849410612062,1.6031633080242617e-09
64,256,0.7020495857174333,-0.17207076583970446,-0.5677131509387263,-0.3222168778042225,3.251317443791568,3.251317626979142,5.634256794845456e-08
65,256,-0.3973864418418704,0.02809444707601903,0.5767091979161221,0.04062349400951749,2.15895571017384,2.158955711844464,7.738111882720093e-10
66,256,0.33581925492860265,-0.12370399574415783,0.233782100359021,-0.2208760799035422,0.31739778551827774,0.31739778551828457,2.1512032890511522e-14
67,256,-0.48999065571190165,-0.2988182029797008,-0.45568781486587073,-0.38385679981242254,0.27795064885547766,0.2779506488554811,1.2382382953628276e-14
68,256,-0.026508109931123132,-0.4742755534496556,0.5370141030112056,0.33658208268685774,2.334180599913774,2.3341806035719794,1.5672331842611836e-09
69,256,0.6107485166196747,-0.18265542367229398,0.06217755172699328,0.025442541729017738,1.4073919150528222,1.4073919150966123,3.111434860661159e-11
70,256,-0.6074382520124139,0.24993863621739398,0.4798105194485195,0.4411259611940054,2.824157288457148,2.8241573189758404,1.0806300550894454e-08
71,256,-0.34533855795399704,0.29014447716571,-0.33551902052050825,-0.0690198809317623,0.8327276685312602,0.8327276685325943,1.6020171261302442e-12
72,256,0.10949554305271147,0.48287454011789777,-0.07140440119008291,0.48004883193457215,0.4719480734602466,0.47194807346030115,1.1562174893573924e-13
73,256,-0.24465472375358996,-0.2473157592221854,-0.33072313425435285,-0.37873329625478086,0.38530267406723523,0.3853026740672539,4.8408038845969454e-14
74,256,-0.0861721633386899,0.6623936586170296,0.4961042220945462,-0.4928251172303361,3.2432118762022384,3.2432120533295836,5.461479298817056e-08
75,256,0.10544050458607862,-0.022398907176633228,-0.49703919698355264,0.05545852645553802,1.3145583396266072,1.3145583396531386,2.0182781477932215e-11
76,256,0.05630129224045396,-0.5685292336834976,0.1405433292336502,-0.21633458229823246,0.8842761120316882,0.8842761120336093,2.1725453121168637e-12
77,256,0.392759958831263,-0.11682283602704567,0.15729857646698597,0.16668218483778777,0.8079580234591099,0.8079580234602233,1.3779572908102344e-12
78,256,-0.47743326662208835,0.3642693866332723,0.3622466285966543,-0.14779021999071248,2.201038750500481,2.2010387525202035,9.176224684459283e-10
79,256,0.21859230519791711,-0.010553303708555397,0.5002122158885046,-0.4333795340592009,1.296351067394695,1.2963510674186944,1.8513093931375657e-11
80,256,0.26917902376507935,-0.3341887361785272,0.14418356942429675,0.694879945651171,2.5285089053568095,2.5285089139330665,3.3918239400715546e-09
81,256,-0.04561054103180237,-0.3985214015075596,0.11138806497344834,0.7346511809622325,2.764204605967949,2.7642046296134004,8.554161050027065e-09
82,256,0.30727401649566194,-0.6105472665872477,-0.11661754082274249,0.25426021521336667,2.2458984839355693,2.2458984864053817,1.0996990168072994e-09
83,256,0.03544942588862345,0.5544110443129519,0.3528816731564957,-0.5458778686281789,2.712831758312555,2.712831777298037,6.998400109839623e-09
84,256,-0.47149732176527803,0.41762035577216766,-0.7157181159742092,0.15224656322104482,1.2744545797436975,1.2744545797649494,1.6675281704938172e-11
85,256,-0.08914704346943729,0.12783018968672435,-0.19179243974467036,-0.20022028504192496,0.7094017618329699,0.7094017618334894,7.322696124687971e-13
86,256,-0.12706882568557407,0.715812099326507,-0.12987140315159576,-0.3313783518892018,2.531622859633111,2.5316228683261617,3.433785838451029e-09
87,256,-0.0887858230298287,0.09143329240274944,-0.2666568614249483,0.047352465312549746,0.3815442764723336,0.3815442764723513,4.6411539458790145e-14
88,256,-0.018945136758295778,-0.32686692944735474,-0.4606713965774125,-0.5840485739042487,1.48000393343544,1.480003933499546,4.3314786096473804e-11
89,256,-0.2565715443150866,-0.6048592196314203,0.6132750177258065,0.25258827936432077,3.0300763922175924,3.0300764650011716,2.402037762168737e-08
90,256,-0.4956379427448091,-0.4262280836545871,0.14375227161550874,-0.1275423316354136,1.6915378214542542,1.6915378216404553,1.1007797296245305e-10
91,256,-0.5677622128802429,0.4674717031286864,-0.6802550789673566,-0.1667687442313514,2.1955035246587524,2.195503526628801,8.97310592579718e-10
92,256,0.3103834577883884,-0.6560949450872408,-0.05932976446603914,-0.45836664450360864,1.2844741967575677,1.2844741967800386,1.7494251013478582e-11
93,256,-0.5023780515306503,0.4411101095775697,-0.45056300770600316,0.05824293797915653,1.1087156539412282,1.1087156539493754,7.348377029716878e-12
94,256,0.6576245990455297,0.19675514060192859,-0.3121761338947147,0.6216991291402572,2.9111823656943083,2.9111824098166856,1.5156170849093737e-08
95,256,0.4226719717791568,-0.579219119090533,0.5024239734002484,0.5268104929006586,3.156804780661139,3.1568049043095967,3.9168864179517994e-08
96,256,0.025918584435098185,0.42005625147157905,0.37381158087176514,-0.5995088263484374,2.579281325503726,2.5792813361913374,4.143639212511688e-09
97,256,-0.28211599899460693,-0.1883128568893615,0.5646409242031262,-0.045298273489149186,1.911064474349479,1.9110644748831023,2.7922834361577843e-10
98,256,0.4446297222434408,0.44871920550002786,0.20427938125797532,-0.40480426755949483,2.1365138334079252,2.1365138349171153,7.063797493938546e-10
99,256,-0.19136495518097632,-0.2547958042326485,0.05050568926836857,-0.046410691312459756,0.6630119917085415,0.6630119917088946,5.324955298636591e-13
100,256,-0.0811720395692175,-0.20215871786366332,-0.4343296793790957,-0.11988055054918047,0.8100271602916838,0.8100271602928143,1.3956817269790055e-12
101,256,-0.054273442236173086,-0.2465914081578913,0.3486867666499614,0.2823148331981885,1.4164203347237305,1.4164203347696684,3.243240654510944e-11
102,256,-0.24776606157612888,-0.22749277017632444,-0.13487593061638317,0.1505507578163282,0.8314075440160759,0.8314075440173972,1.5893378084181918e-12
103,256,0.6842735833980047,-0.12230831150374866,-0.4333956065030571,0.31383958226076647,2.8652491378633758,2.865249174193647,1.267962033588884e-08
104,256,0.2682119400592709,0.03714864700975035,0.6235037605757799,-0.35876082180094343,1.4583175626624807,1.4583175627197427,3.9265777500853327e-11
105,256,-0.42333068045357886,-0.10648870537954928,-0.3187399658784816,0.6559315308514774,2.095333597610939,2.0953335988623696,5.972464318795102e-10
106,256,-0.13630687000731137,0.44468231017968696,0.5341384617783953,0.2905911912455333,1.7326739229893486,1.7326739232169894,1.313812091718981e-10
107,256,-0.12592576969412336,0.08875077706759636,0.5495985247948524,0.06392154191071578,1.4984690574540247,1.4984690575245592,4.707102012217868e-11
108,256,-0.11034600845956309,0.064169145644051,-0.25797813962341337,-0.4572189130568229,1.2088890947622395,1.2088890947769084,1.2134225379911614e-11
109,256,0.10088963454679874,-0.2877630308553409,-0.07769305638800358,-0.2732093356324491,0.3899582544130722,0.389958254413092,5.0819493536266894e-14
110,256,-0.16586072586398612,-0.20386448728676174,-0.03822216905588027,0.37166200922588777,1.2369920480669414,1.2369920480841585,1.391853460027277e-11
111,256,0.5395165499473588,0.3035769686585867,-0.2430575166530555,0.6585658283061775,2.4295658066156225,2.429565812184592,2.2921666557224732e-09
112,256,-0.6256768668624229,0.26066050454564105,-0.22288349279086062,0.2605926930920175,1.1087238149492782,1.108723814957426,7.348723481232195e-12
113,256,0.444875570348147,-0.3320527530919821,-0.71408597121887,-0.04796869430455258,2.9351703266165075,2.9351703754408973,1.6634261194887212e-08
114,256,0.186193682291792,-0.7095565762210865,-0.6968439271825005,-0.17929117730101649,3.044759041645065,3.0447591190515397,2.5422857278592372e-08
115,256,0.31701061780514395,-0.016499840458449266,-0.14148240668807827,-0.6879659198402621,2.0377577886259504,2.037757789587303,4.717698936202789e-10
116,256,0.3635616609659902,0.603197256319414,0.19361942926801035,0.43442558642725176,0.7494102763917582,0.7494102763924727,9.534690958457332e-13
117,256,-0.37153864066759407,0.6333555822507512,-0.1931758372786462,-0.413424609505684,2.6596727259358794,2.659672741050723,5.682971236106741e-09
118,256,0.14797231994677099,-0.7010182625254718,-0.5680628019043669,-0.08790981962983467,2.5517584914634064,2.5517585009501804,3.717739772295922e-09
119,256,-0.3886950151265247,0.10965846411717713,0.17974830868506544,-0.726625170687021,2.567854377062824,2.5678543872347848,3.961268480803644e-09
120,256,0.5078944163871056,-0.4972595010728768,0.18040350965100302,0.5748770025339522,2.884496082594947,2.884496122009717,1.3664352103719373e-08
121,256,0.10208873589387293,-0.13108968489206205,-0.42054395728773747,-0.09913321532932584,1.1183679785614398,1.1183679785700724,7.718971139874349e-12
122,256,-0.33744969821704796,-0.6121382009444899,-0.06986010675463028,-0.5537549047153957,0.8931543090065689,0.893154309008612,2.28755928467748e-12
123,256,0.18060735236944667,-0.39754293766279253,-0.5179966655967675,-0.2675863803596032,1.7231566271541812,1.7231566273715162,1.2612610799837938e-10
124,256,0.26305893132006564,0.2540606523417154,0.4571074554838376,-0.3124107967484451,1.4222197236266485,1.4222197236740177,3.330654108570205e-11
125,256,-0.2581558021964419,0.48554681260390403,-0.24782966631611889,0.4536099296352648,0.09385401160300139,0.09385401160300137,1.478656859817237e-16
126,256,-0.14315078363782993,0.27338043816612395,0.08545611274607903,0.706603560312884,1.3591948759366055,1.359194875970435,2.488944476048113e-11
127,256,0.4540752001723188,0.4517583148858463,-0.4317056789494494,-0.1237036394405615,2.432910677092524,2.4329106827437528,2.3228262638031178e-09
128,256,0.6241481008827857,0.20319307044747623,-0.2487773600583541,0.3916531981969779,2.2007637265719446,2.2007637285891697,9.166022818839166e-10
129,256,-0.22702513626385853,0.04208891154130152,0.17434531644658863,0.5336597215092281,1.4468183744048064,1.4468183744587237,3.7266125459103674e-11
130,256,0.14811739439053878,-0.7346219312271474,0.5327215940143956,-0.4321990012494471,1.7847009048680893,1.78470090516085,1.6403908563568473e-10
131,256,0.5035782721872634,0.04155608703921337,0.5146419325157818,-0.4127614726192686,1.3065704256880262,1.306570425713418,1.943401618235071e-11
132,256,0.045359539649189935,-0.5389113007078087,0.01513396765544031,0.2741490356901625,1.7711418250265225,1.7711418253007756,1.5484534373667526e-10
133,256,0.19206992738424775,0.3503649416363419,0.18459383448203853,0.6736320977231915,0.9496873177667478,0.9496873177697398,3.150564396711964e-12
134,256,-0.09439750947561058,0.08911271283673397,0.14421950893177699,-0.6074467298616681,1.692035356877146,1.692035357063802,1.1031449385017319e-10
135,256,0.47223604741885156,-0.2851500401731332,0.041664203877166246,0.1328492099840699,1.3485644634332967,1.3485644634652358,2.3683790343776336e-11
136,256,0.38881904934353934,-0.07821032442443272,-0.3903954705695375,-0.3808261348733567,1.882307361085003,1.882307361551062,2.475998228719211e-10
137,256,0.5862681990340814,0.027964193888402992,0.1826905579594723,0.63931135217682,2.0464196525543454,2.046419653554747,4.888545407279353e-10
138,256,0.590745921311781,-0.39727153496562984,0.3856936970674552,-0.44554329512106305,0.7264769003158743,0.7264769003164703,8.203532959680555e-13
139,256,0.6529241087463413,-0.31738795953111876,-0.4320145470011895,-0.2816523861110825,2.7416497965944115,2.7416498180696713,7.832969702897963e-09
140,256,0.2515282005148948,-0.5462493871815818,0.3718746155589058,0.1508610245946139,1.715231137719842,1.7152311379289378,1.219053497490645e-10
141,256,0.29492419067855136,-0.49104869777721505,0.5008774639856507,0.23404464392770508,1.905509487796788,1.9055094883166663,2.7282906010748564e-10
142,256,-0.24819509981229548,0.03209469531440008,0.636269918640724,0.2263361662786469,2.1178008464494407,2.1178008478356865,6.545685290253461e-10
143,256,-0.35137217333440457,0.32320813720288444,0.6556464984084247,0.11124801616307811,2.464013876263401,2.464013882738698,2.627946721288626e-09
144,256,0.4155793241070227,0.5597277511627095,-0.02689912177042472,-0.43412569378250915,2.586574941931119,2.58657495296117,4.264346227089034e-09
145,256,-0.48970885355986776,-0.3421542447510061,0.2777022917477797,0.3314968220159419,2.2901104231696126,2.2901104261778866,1.3135934598848938e-09
146,256,0.48531097957462466,-0.2458992169740982,-0.14150408155303917,0.6741909269121041,2.730298044994102,2.730298065452461,7.493086347986947e-09
147,256,0.4375075423461899,-0.008565664459151374,-0.4573079485599436,-0.543301101075111,2.546866097170067,2.546866106457695,3.6466887718713212e-09
148,256,0.06129778266773331,0.5776313196701865,0.04196878058875065,-0.5085516499365194,2.4463644180082142,2.4463644240024753,2.450273165914726e-09
149,256,-0.11836814268168959,0.3132093732524492,0.3515895783341436,-0.5924743699966041,2.3828345382388916,2.382834542773972,1.9032292165099927e-09
150,256,0.40666564934669286,0.012108662528010282,0.2197897440749675,0.6739432908742841,1.8564064953555042,1.8564064957678141,2.2210112116076675e-10
151,256,-0.3202564463630644,-0.26877436826608203,0.37948431173115815,0.4174316818898766,2.1650137525286963,2.165013754245695,7.930658829943407e-10
152,256,0.5093898489281188,-0.11568189512557037,-0.2739157619752968,0.5822359361234666,2.5056211673211672,2.5056211750849124,3.098531136126688e-09
153,256,-0.03270399381938285,-0.5507797557748271,0.2054785733825796,-0.48106267509470746,0.6848410630575599,0.6848410630579843,6.197617012321645e-13
154,256,0.2205672914538542,0.26081686613328864,0.2925374312544949,-0.12480458089559188,0.8542735427546567,0.854273542756213,1.8217942591328847e-12
155,256,0.26742046165544453,-0.2656982439095168,-0.19742074375273627,0.2020249223597651,1.3737505088851225,1.3737505089217115,2.663435161778433e-11
156,256,-0.49616633505118635,-0.5247624648996969,0.4411987137855353,-0.14226916636099665,2.552307061705887,2.5523070712152514,3.725791676753593e-09
157,256,0.1850961388503708,0.37259842998616544,0.2963646241019203,-0.2176489970458125,1.3221388064039428,1.3221388064316,2.091853723806155e-11
158,256,-0.0193781820569067,-0.6386544478541913,0.08469314830587156,0.295205917010752,2.1367428319923656,2.1367428335031247,7.070383252386602e-10
159,256,-0.5949233065168776,-0.1791651626749945,-0.12901535479636908,0.5850130212826337,2.3066337575726457,2.3066337608102017,1.4035847652185515e-09
160,256,-0.31539878935629245,-0.034602181689674695,0.4711819526685471,0.35803243527435313,1.9671570159731657,1.9671570166667103,3.5256186948359743e-10
161,256,-0.4927656330220569,0.5520159869562479,-0.4821338092062402,0.4321108740178758,0.4654165605895272,0.46541656058957753,1.0817967908786054e-13
162,256,-0.5944739371882071,-0.2640029055113587,-0.35600427066758866,0.3985219845335763,1.8963654944274184,1.8963654949254087,2.626024978383033e-10
163,256,0.11823639711831078,0.42387523367148655,-0.2462063451733211,0.5283194405012928,0.9973058506588578,0.9973058506629376,4.090868982867416e-12
164,256,-0.2531834573469087,0.6041312476174037,-0.25224657350400886,-0.6357504927717434,3.099787003591323,3.099787101050593,3.144063442897732e-08
165,256,-0.6501559588501373,-0.2105406542484863,0.5657349718411071,0.14377193750749695,3.0061528635922823,3.0061529294204306,2.1897804686838158e-08
166,256,-0.7387571329777618,0.1028368964980232,-0.38957944618271556,-0.3713991313643276,1.8313193546139954,1.831319354979953,1.9983269745642396e-10
167,256,-0.04052995396679617,-0.6451598854298775,0.6108347869381078,-0.09999964937524407,2.296143056896838,2.2961430599869264,1.3457733724602722e-09
168,256,0.18127351176936804,-0.4628857290278178,0.7227109113218937,0.17967936637274834,2.3345797463743803,2.3345797500390573,1.5697373422304205e-09
169,256,-0.26299022445701453,0.10667226272209712,0.4398192372461791,0.1208404469944558,1.502254158345671,1.502254158417596,4.787799059989091e-11
170,256,0.3382322009927614,-0.25120476235359207,-0.03217332518707284,0.44821630559269643,1.7298443236111911,1.7298443238357202,1.2979726495897316e-10
171,256,-0.29560549703159955,-0.3175789437313204,0.13518700527766517,-0.6157616216409697,1.3848885481007853,1.3848885481396256,2.8045769019721e-11
172,256,-0.5586168510899298,0.06869229412717762,-0.4824011189054348,0.5622268323554434,1.6169022009698486,1.616902201098523,7.958082089792719e-11
173,256,0.167354209480047,0.16496141080432644,-0.15486288658728267,0.29272188933858917,0.7389385200566785,0.7389385200573364,8.903557556349935e-13
174,256,-0.15938047045455625,0.2951530460525844,0.026787355257174843,-0.7145350400653782,2.4540626272506505,2.454062633450267,2.526266569964993e-09
175,256,-0.6483109053774789,-0.20539849973393726,-0.5482013182253443,0.46373599904737156,2.18830912985589,2.1883091317631487,8.715673527657886e-10
176,256,-0.3016494748186797,-0.24336805178550366,-0.7237501959012069,0.18319977715940947,1.732170866186737,1.7321708664138218,1.3109838056111472e-10
177,256,0.14114194872228933,-0.15103720695303016,0.6317749017630968,-0.37923656540536244,1.493427666771547,1.493427666840269,4.601638272782514e-11
178,256,-0.5058651840254553,0.4189446241077186,-0.014616225658111772,-0.4364163425434953,2.338040350354405,2.3380403540756536,1.5916101028791031e-09
179,256,-0.03299702896038341,-0.10063827806624662,0.3078028020577753,0.23859121497462826,1.0069652068288055,1.006965206833145,4.309401838933282e-12
180,256,0.16513445820893174,0.034855208235345006,0.32500434077660373,-0.05820653374161348,0.39507731113648253,0.3950773111365038,5.381420375777299e-14
181,256,0.12254402505583928,0.27960975024672496,-0.4441240297434201,0.5645205275476229,1.701741367755829,1.7017413679515798,1.1502967057900821e-10
182,256,0.43291688326999334,0.46286243676315764,-0.593208029869989,0.06279171517012769,2.6754995911544133,2.6754996073324335,6.046728734424377e-09
183,256,-0.32863641259007326,0.645491497997454,-0.3618920202829193,-0.21678953548829208,2.2531459651338697,2.253145967685015,1.132259319430543e-09
184,256,-0.15118201078604568,-0.08852956476222955,-0.20347051535784072,0.13881437949609088,0.48420866909429744,0.4842086690943599,1.2897341398694205e-13
185,256,0.6627522199552127,-0.09513528239350127,-0.016693426157984893,0.5596891380896961,2.426226407616863,2.4262264131048763,2.2619542585974507e-09
186,256,-0.4098520030129671,0.6024004069534424,0.14459355331354537,0.221792772887299,1.7883676055765416,1.7883676058745086,1.6661394642258566e-10
187,256,0.08539545468438624,0.6273197423159723,0.17384820123290207,-0.5033449244133872,2.6328640529621006,2.632864066430472,5.115483001091557e-09
188,256,-0.016507785639311816,0.4766073451575788,0.07155609555471819,-0.6011736288711328,2.4397646498489887,2.4397646556725046,2.3869170709127965e-09
189,256,-0.3935142066626034,-0.5708129712453092,-0.5606851210106449,-0.02614398778779378,1.6988051885356563,1.6988051887286122,1.1358328477190341e-10
190,256,0.14614811021842378,-0.5026629075117207,-0.4753886599776301,0.48500567869996897,2.764026200359751,2.7640262239872175,8.548206470250068e-09
191,256,-0.3635450330905445,0.14624157325004497,-0.03751005093121815,-0.32878430197596437,1.2452169700393532,1.2452169700573898,1.4484771483230165e-11
192,256,-0.2999691300103504,0.551433495823068,-0.40971726167468636,-0.3455053765274942,2.2467346827690737,2.2467346852481405,1.1034087596945781e-09
193,256,-0.5541576445434616,-0.04215131639683557,0.27686537860360855,0.38371754239521505,2.1262229134597916,2.1262229149001186,6.774110840809643e-10
194,256,-0.6117103993752412,0.1264035720233909,-0.5807601207416467,0.3395444551203356,0.72925313230174,0.7292531323023496,8.358036647650839e-13
195,256,0.6080473482718823,-0.05857273237674908,-0.28489667649121503,0.3525467804852789,2.2677386701902256,2.2677386729131217,1.2007098377710495e-09
196,256,-0.5489485876727273,0.4763817309498194,-0.5383793090600648,-0.4982384515337085,2.9646784409760047,2.964678496266398,1.8649709995048072e-08
197,256,0.1582137433043763,-0.4365884321294579,0.30666787100865756,0.028955344558132194,1.103088011474697,1.103088011482572,7.13908036018194e-12
198,256,-0.26003829823717356,0.3880432691656492,0.07668670321802683,-0.10664426538105079,1.2768796542074747,1.2768796542290157,1.68700246276201e-11
199,256,-0.22485697969437768,0.12452966616344219,0.25000905351086644,-0.6720003318777978,2.248591655680903,2.2485916581806404,1.1116901993847091e-09
200,256,0.21634629453577722,-0.30997289684855095,-0.09082687361118329,0.7438642551121805,2.6918135892571797,2.691813606607947,6.445753732233912e-09
201,256,-0.04211064081307129,0.2895514391339676,-0.06895779558643846,0.7202663508747986,1.2288362085826443,1.228836208599083,1.3377395719300435e-11
202,256,0.45254556412929714,-0.08613365163859149,0.05369468518855307,0.414850647575724,1.4564463499900355,1.45644635004674,3.893340728857805e-11
203,256,-0.02874564477593649,-0.0492001627365091,-0.36170364673589644,0.25565197111207333,0.9701869334135814,0.9701869334170047,3.528455760669273e-12
204,256,0.6654935936544012,0.14623489026772035,-0.034838082001235435,-0.23260028601766086,1.9264450171566303,1.9264450177301622,2.9771516110771915e-10
205,256,-0.29917524393928013,-0.15610568431448615,0.32289494693907483,0.5310811132892354,2.103875170292421,2.1038751715935367,6.184376706517153e-10
206,256,-0.005727719549822561,0.1279898189683473,0.2570875137421764,-0.05995212914424277,0.6633073057178639,0.6633073057182178,5.335974701310572e-13
207,256,-0.20547451343329584,0.2164013679246288,0.6147848447941068,-0.055783145751743896,1.9684141810598177,1.9684141817574288,3.544025879951084e-10
208,256,-0.41505411170929285,0.03471002491001406,0.29287056685570056,0.15189054463723903,1.5212008863042608,1.5212008863835444,5.2119145760137114e-11
209,256,0.5760083691641028,-0.07624203303864024,-0.028756685173311248,0.13894755619719013,1.4602779015873433,1.4602779016451943,3.9616471094353255e-11
210,256,-0.6362288823717529,-0.1955087696550626,-0.27588706238157074,0.3096851411360949,1.6381269620622636,1.6381269622052945,8.73136965286346e-11
211,256,-0.12459111224870895,0.23120772617408317,-0.22653434825766017,-0.08874697843413289,0.7030354038541597,0.703035403854653,7.016319336647279e-13
212,256,0.5252380049798531,-0.3767199980226712,0.06319176731127779,0.3047690964003805,1.9479934904057403,1.9479934910400534,3.256238019565347e-10
213,256,-0.15362438834241499,0.11541736532108711,-0.08927747713140188,0.015845398144029865,0.24201898708824213,0.2420189870882438,6.881007796014533e-15
214,256,-0.1785918699150072,0.21895353062686676,-0.6094003806056237,0.15844986001079617,1.109724397304139,1.1097243973123356,7.386117279312369e-12
215,256,0.3907910157452718,0.10007385281227552,-0.18092006676237665,0.27938899741919954,1.2961661374720765,1.2961661374960514,1.849672000715024e-11
216,256,-0.40021340224536356,0.4015880098063194,-0.28276267690601276,-0.5737712193038622,2.446044222080798,2.4460442280666634,2.4471616363051115e-09
217,256,0.19636769806719917,0.4530382996719804,-0.1692593579239405,-0.6000661058103064,2.539623360712717,2.5396233697130266,3.5439544012299317e-09
218,256,0.6116743670664813,0.2688944913258423,-0.11003594340672643,0.3087079178937682,1.802481027926098,1.8024810282449462,1.7689398896665694e-10
219,256,-0.13702716047225444,-0.16050430962073123,-0.6200157230835815,0.3369229571459605,1.7642338398647885,1.7642338401300488,1.5035436471590416e-10
220,256,-0.5071997888564732,-0.4732025260563778,-0.17282532283760887,0.09483159068204741,1.6669976150574646,1.6669976152224812,9.899034378153094e-11
221,256,0.2996639558461332,0.49499035115547585,0.19810359503388122,-0.15881691385550178,1.5252650187379106,1.5252650188188621,5.307370637682178e-11
222,256,0.6462517393731921,-0.35581429025987227,-0.45922506526818235,-0.3350508880117454,2.8789680868166907,2.878968125320061,1.3374017741359198e-08
223,256,-0.47476633182577455,-0.4554044931555209,0.5387932868031303,-0.06539240015152413,2.618686187308913,2.618686199979091,4.838371950495718e-09
224,256,0.3155547753106707,0.5777765649524895,0.07105799231621748,-0.5516427076180032,2.7463613414021686,2.7463613633139463,7.97847588198447e-09
225,256,0.34795008443521785,-0.2933007302389381,-0.385118419789856,0.6068448153063423,2.7726419177494326,2.7726419422609783,8.840501734156886e-09
226,256,0.27943490009137284,0.43785976855333164,0.3664925929688854,-0.6138470049065793,2.667891867840357,2.6678918834984597,5.869091998476402e-09
227,256,-0.21287039663840918,0.08831905170928622,-0.25486155546246864,0.5019219827749399,0.9925664737660518,0.9925664737700091,3.986915792107079e-12
228,256,-0.47658563988288943,-0.2247728481121075,0.5684332595707683,0.3406914273874301,2.764899121290164,2.764899145005755,8.5773803051097e-09
229,256,0.2871714380162532,-0.03908142247021658,-0.5630122979884467,-0.4067070360095613,2.211416963621521,2.2114169657376785,9.569237761526592e-10
230,256,0.7243230541639277,0.12229806318036053,-0.1973031411902978,0.4910530412232528,2.62604427354926,2.6260442866277107,4.980285709020487e-09
231,256,0.06379483792184357,0.128889582118825,-0.4282629004284141,0.11921450429285509,1.0600613449258738,1.0600613449319294,5.712500030777841e-12
232,256,0.5584359461856434,-0.010214905458741912,-0.39681958026442543,-0.5580308779058202,2.721754886580503,2.7217549063049264,7.246950680663063e-09
233,256,0.02736933499227204,0.6686011713003124,-0.6505767338236828,-0.048417315005441344,2.6538496460350203,2.653849660776219,5.5546473592488926e-09
234,256,0.0763040024811152,0.4768143658149046,-0.07453246135444726,-0.6436013228903299,2.596423441368876,2.5964234528784504,4.432857307986783e-09
235,256,0.1267683921216771,-0.41548017409610216,0.4863853306423603,0.3875467487261602,2.0919636380634206,2.0919636392957592,5.890822637292737e-10
236,256,-0.018908635584759293,-0.48104258377935033,0.09566761563414543,-0.7329666601956037,0.9063042460410767,0.9063042460433124,2.4667832181670596e-12
237,256,-0.524290625785883,0.525900549845704,0.10595216823002908,-0.49700024916653834,2.9602429109851007,2.960242965252203,1.833197612464672e-08
238,256,-0.7029264108525626,-0.030231362498428307,0.4188619094134064,-0.4371551083361701,2.9834578120243163,2.983457871862207,2.005655665761028e-08
239,256,-0.5261468172581056,0.11962295279698652,0.22965929478003036,0.06978558128791765,1.657221439764501,1.6572214399217362,9.487875913569928e-11
240,256,0.5947089217154578,0.1474617225355862,-0.4375093838153805,-0.17344977384392482,2.4445680911859546,2.444568097133263,2.4328667485100925e-09
241,256,0.2659855032432921,-0.5955861824277477,0.43368119630696916,0.11999969008724622,1.8815037269804535,1.8815037274447484,2.46767953818597e-10
242,256,0.02279206653520687,-0.20395356789856578,0.3008986461908718,-0.5195105866550915,1.0288003650128754,1.0288003650178588,4.843842632452907e-12
243,256,-0.6877055389122877,0.14112933120574214,0.19025703137831956,0.1424603987800823,2.119092585661376,2.119092587055788,6.580232268963252e-10
244,256,0.24495877032705554,-0.6944525200696929,-0.6304589045548795,-0.2347154805886892,2.8650828526065895,2.865082888911274,1.267142573517429e-08
245,256,0.41352313073796587,0.18122195371966449,-0.30049598057624605,0.2817278138873518,1.5981055080356008,1.5981055081527142,7.328266467761288e-11
246,256,0.08418017049664832,-0.3516908538673963,0.12960870614033645,-0.4062938650574274,0.16826033588408085,0.1682603358840811,1.4846052649791119e-15
247,256,0.477992745398088,-0.08461990370625908,0.23964078820893356,-0.530663800783796,1.3241438989991812,1.3241438990271435,2.1117266155097398e-11
248,256,-0.5842546449085838,0.18442211617859183,0.2939328342298968,-0.49381755691977797,2.617340218013392,2.617340230610253,4.812848266770714e-09
249,256,0.5116259327522972,0.45444820843459244,-0.03886094344042467,0.07799165934148881,1.6444764156801785,1.6444764158277916,8.976293700573185e-11
250,256,-0.654645354371022,0.1792964155467073,0.3370036892980425,0.665712727189504,3.1076948768211006,3.1076949775552802,3.241443695638097e-08
251,256,0.3231394192945163,0.3614492113906791,0.47899642297805717,0.5688140905640282,0.8604435248261838,0.8604435248278101,1.8900190884688744e-12
252,256,0.6319063879251438,-0.3556456601926857,0.2160855594644297,0.4128517883919695,2.3152723073850354,2.3152723107491524,1.4530113690093456e-09
253,256,0.4901144451803934,-0.2562187929846613,0.5286882922719996,0.05708787227906873,0.8673323371634716,0.8673323371651787,1.968194715587892e-12
254,256,0.3628205972468626,0.04672544723521826,-0.3464390202883396,-0.3515234240887797,1.769698369448282,1.769698369720632,1.5389636287190235e-10
255,256,-0.5977123402152852,-0.03017297844588972,-0.558275640551015,0.25459136630929363,0.880194703273377,0.8801947032752447,2.1219489135539695e-12
256,256,0.17485479556251435,0.6177232993858656,0.2942991745303024,0.05219479876513199,1.4496648317076617,1.4496648317623884,3.775125563168372e-11
257,256,-0.5545267180905077,-0.12909016162951695,-0.2466892217346008,-0.5428518845143857,1.4362118611487942,1.43621186119979,3.550720862959372e-11
258,256,-0.15479892292799666,0.710609212484982,-0.13614413898313923,-0.5836868455795153,3.184793655753217,3.1847937946915343,4.362553192249187e-08
259,256,0.4350467569122185,0.1026736607753823,0.5603791915609571,0.3080760766105508,0.6862157790483343,0.6862157790487635,6.254770502586381e-13
260,256,0.2026355842314019,-0.6585911456273085,0.4674423504437579,-0.01900445414923616,1.8746915404920403,1.8746915409416338,2.398226395386341e-10
261,256,-0.42532592407527564,-0.2289387087804929,0.7105014444104981,-0.16600613471739703,2.7958534613499926,2.795853488408517,9.678091031637513e-09
262,256,0.10699637936540048,0.08727754143607196,0.36849936334811717,0.6217770313969774,1.5718190608689964,1.571819060971583,6.526616735395277e-11
263,256,-0.03054383800715233,-0.6345062164278505,0.5510358686885571,-0.05983769815116954,2.122400864179375,2.1224008655949107,6.669502036845524e-10
264,256,0.4628604341370813,-0.4542133001118599,0.10082017693732004,0.20489593984550641,1.7834575325697921,1.7834575328608064,1.6317423792574487e-10
265,256,0.23797704852423204,-0.6437816589747053,-0.03930743888988411,0.265570515466096,2.2254995398630144,2.2254995421172166,1.0128971576458686e-09
266,256,0.5526317072109104,0.5021251387088423,-0.7090238832647782,-0.14110469450844063,3.687731661566465,3.68773276344476,2.9879568145179335e-07
267,256,-0.07026293430861229,-0.1408457682038169,0.06674259548223037,-0.06544319355169428,0.31678306701582576,0.31678306701583253,2.1378543095787136e-14
268,256,0.02282208794314597,-0.03517680251561167,-0.1195836132335242,0.3402012172869537,0.8369976287668603,0.8369976287682362,1.643851006418088e-12
269,256,0.3704381958829047,-0.3039475141690708,0.37158406777015174,0.16716199660902736,1.116576165872425,1.1165761658809654,7.648830326374062e-12
270,256,0.565807738934723,-0.21811604006621566,0.4134762739239651,-0.5124658435888153,1.0576495715918521,1.0576495715978178,5.640499992395378e-12
271,256,-0.1855982025907468,0.3942132206137075,0.02987779045103799,0.6038855166537799,0.8159084458015138,0.8159084458026942,1.4467176137904815e-12
272,256,-0.05595421657798375,-0.5502647273245116,0.7224045257800125,0.17201399883451818,2.7988668176079714,2.7988668450156875,9.79243311051329e-09
273,256,-0.2392756348457536,0.05817759934146446,0.0919467922750018,0.6737355652189277,1.7394917802133718,1.7394917804486802,1.3527424623493441e-10
274,256,0.4399473897460851,0.08246736493816063,0.305657205264067,-0.29137360467339185,0.9445929230764666,0.9445929230793594,3.062480188335193e-12
275,256,0.6586512303745984,-0.17545977744389152,-0.30199095454223346,-0.3492558043866659,2.3940867390451137,2.3940867438105093,1.9904857898153355e-09
276,256,0.42257252184437144,0.5073456005313235,-0.5932584304166206,0.38869525124395365,2.825378776381629,2.825378807059072,1.0857816130283892e-08
277,256,0.6334314026224519,0.1390384360879346,-0.4387347612433463,-0.313770230652325,2.7161384469332654,2.7161384661893497,7.089507644354836e-09
278,256,0.6229386188724055,-0.4081674810220613,0.4328043318007612,0.42803066695173025,2.5186943661264403,2.518694374344562,3.262849930981431e-09
279,256,0.4488365861695413,-0.38338367828986386,0.045852082999420736,-0.44826358389489707,1.0796607146202808,1.0796607146271113,6.326558004943366e-12
280,256,0.6508248325811055,0.32475628684183433,-0.012662221931760462,-0.2578001994680789,2.195281449059321,2.195281451027402,8.965052086447014e-10
281,256,0.044310083868752174,-0.6321160011271588,-0.3971858530357986,0.311495067169514,2.4551590686951617,2.455159074924581,2.537277230679621e-09
282,256,0.6874468091703704,0.02717781446770304,0.6036737359083735,0.18964599054072792,0.6395986949788258,0.6395986949791137,4.500960251253069e-13
283,256,-0.34405714068355575,0.3496535488117143,-0.1608928712507049,0.5277020883862324,0.6891930357805853,0.6891930357810256,6.388840697840679e-13
284,256,0.2917350824975937,-0.3772566525983497,-0.192048754830049,0.43062129269387167,2.0508886201021554,2.0508886211232986,4.979027919958272e-10
285,256,0.4646042707989269,-0.3656939662777336,0.29165461029526046,-0.6804400271305272,1.243186877907243,1.2431868779250739,1.4342854019912837e-11
286,256,-0.2872415675053051,0.28636963095465434,0.10708738339623444,0.5137210798329814,1.1118329461425238,1.1118329461508247,7.46597367825552e-12
287,256,0.4106213790127091,-0.5978224066035792,-0.5096101445076306,0.2524440669595672,3.069605385374719,3.0696054712733134,2.798359517770241e-08
288,256,0.6008457624387231,0.16467907573285445,0.14792516560167607,0.09235956078501675,1.1298911886590708,1.1298911886683183,8.184409042332202e-12
289,256,0.20916774913110855,-0.6390209740213301,0.31532403767250866,0.01026052633640144,1.6717218878293756,1.6717218879982836,1.0103833653704089e-10
290,256,0.495908851495046,0.1364233092792046,-0.015173287670942386,-0.26906763725536603,1.4496251038295458,1.449625103884262,3.774509105911567e-11
291,256,-0.11732038252009683,-0.21803201329898553,0.49593869820062497,-0.1390652190099523,1.3775668018494789,1.3775668018868252,2.7110371842596475e-11
292,256,-0.4865456381370014,0.02927043832083492,0.16200504649685712,0.353184752971899,1.6192929785562122,1.6192929786864327,8.041812246048612e-11
293,256,-0.4814372814334291,-0.0010447877689247374,0.19250583799515822,-0.2857776487101456,1.6016072355027837,1.601607235621973,7.441857306472944e-11
294,256,-0.3613415563503092,-0.5354924171223686,-0.46687660952170695,0.019244106702908256,1.5221830071388107,1.522183007218495,5.234867214869633e-11
295,256,0.07909232220061152,0.5815002038457315,-0.4523388314172842,-0.30578348318108584,2.4167404020930134,2.416740407357283,2.1782519381186037e-09
296,256,-0.27830780258850174,0.08956341059167958,-0.5141825552781218,-0.29347002159381,1.1095473687776616,1.109547368785849,7.379090742579495e-12
297,256,-0.042349916004731133,0.4491965476174651,0.10260576804846736,0.5490410710659344,0.4711858374146257,0.4711858374146798,1.1474848564191342e-13
298,256,0.04735050415105387,-0.05926911117807901,0.6576970466834641,-0.08363673384561918,1.493785091883425,1.493785091952274,4.6090248814230086e-11
299,256,-0.27439236824775576,0.6733071871878484,0.37974525527070024,0.24738597458162612,2.126794313670881,2.12679431511495,6.789884923071355e-10
300,256,-0.6424317980696196,0.23777756347006748,-0.6373103189050406,-0.18117845652803816,1.4147236704755681,1.4147236705210953,3.218094004188428e-11
301,256,0.030660998947553003,-0.11682401895105367,-0.14143655689874424,0.6812880999664942,1.9607703669260483,1.9607703675992827,3.433519643643095e-10
302,256,-0.30154466232580857,0.6809182879381738,0.06337533450481662,-0.523479431107869,3.075177952990475,3.0751780409164886,2.85921709004165e-08
303,256,-0.4258432849269323,0.5781387956907182,-0.22365400186985607,-0.6927468222119377,3.4358422905378494,3.435842683262571,1.143023132095763e-07
304,256,-0.2442481878284012,-0.5935084862984701,0.4664432417050363,0.4372558164094442,2.9948983326963288,2.9948983954834176,2.096468123006337e-08
305,256,0.09077956009766534,0.37173263540275414,-0.059859227174206574,-0.6014887341646885,2.2028786200379535,2.2028786220744543,9.244725185002028e-10
306,256,0.3161643740674994,0.13678630385627952,0.46251362621941955,-0.1119568717858748,0.6855600918742257,0.6855600918746528,6.229983376156832e-13
307,256,0.2002587138393695,0.5278574284912033,-0.5862989643607498,0.0009308402316274833,2.2944051039881863,2.294405107054484,1.3364239283378996e-09
308,256,-0.3218708572792857,-0.6748123370652942,-0.19794882973686403,0.6506867244847899,3.4619358732625685,3.461936310495028,1.2629709953562417e-07
309,256,-0.4340321309040607,-0.5828270525939683,0.08759399484143013,0.2453569765632153,2.362434707992159,2.362434712137087,1.7545153490994975e-09
310,256,0.5418703885551835,-0.42646370196069044,-0.1265561797975705,-0.46488859478956435,1.8394731697366746,1.8394731701171203,2.0682317155943475e-10
311,256,0.15053313576489624,-0.49308740951267216,0.3783604606900739,-0.42565698215533754,0.6624977241116397,0.6624977241119909,5.302275799700786e-13
312,256,0.2730766841105554,-0.13694692192330807,0.2692780722238322,-0.18311512387706583,0.1028637173929843,0.10286371739298433,2.6982862683827087e-16
313,256,-0.32697007341399775,-0.1391941056220544,-0.017422702816285815,-0.4697920741306501,1.049151441894567,1.049151441900227,5.394756899269298e-12
314,256,-0.07894865721206606,0.02784802162260537,0.10201789391741287,-0.5921629757367455,1.4822681061565732,1.4822681062214371,4.375989186159649e-11
315,256,0.6411147306713528,-0.11722384937832615,0.4415959796289848,0.42389438183664596,1.7079490668916413,1.7079490670934288,1.1814607328130756e-10
316,256,-0.6328567908086394,0.21951283893281145,-0.419571672161418,-0.2976677236851392,1.585790575845312,1.585790575955393,6.941714565528888e-11
317,256,0.16256669707383606,0.1683461555425827,-0.2308521547535732,-0.22068730144879467,1.1385743635044956,1.138574363514233,8.552205610713235e-12
318,256,-0.4809375592433862,-0.24925851371761618,-0.090090912609527,-0.3928651217873999,1.0356563551880582,1.035656355193261,5.023603738764948e-12
319,256,0.17072410217179895,0.40026857683260153,-0.2681170963562989,-0.10175857647849627,1.4229864871243572,1.4229864871719187,3.3423725886425354e-11
320,256,0.12164536828094062,0.32038026536821046,0.3505877122224951,-0.5491334975867951,2.109638395417938,2.1096383967536525,6.331486253275302e-10
321,256,0.1898686696535004,0.3741340876016582,-0.4809501004500104,0.5252424949737929,1.8724168776101695,1.8724168780549537,2.3754550323813115e-10
322,256,0.2730277069718406,-0.02555295511749136,-0.5727810970172257,0.4031545816685251,2.254453475011203,2.254453477577297,1.1382332935214645e-09
323,256,-0.11732959624040182,-0.24089109804261516,-0.1167749784768937,-0.3896238801900805,0.3363907154960994,0.3363907154961086,2.7393297971375343e-14
324,256,-0.44003330595381734,0.08189448546406955,-0.26724906378516433,0.33204189643152116,0.7349930079381842,0.7349930079388219,8.676437713790115e-13
325,256,0.39789144826376904,-0.39514751687637567,0.04409444916731399,0.00470099317275301,1.214834711448455,1.2148347114636322,1.249321631396248e-11
326,256,0.13078560935973285,0.6765325835067771,0.1978691836081953,-0.6577850863001431,3.3215126199969105,3.3215128650157175,7.376723651333058e-08
327,256,-0.42505498984716,0.11216328109149523,-0.4944380544526981,0.5257148740798216,1.2632216408876045,1.263221640907563,1.5799665448782673e-11
328,256,0.03480926201735889,0.1935527226708431,0.6824595301373391,0.2386979249189637,1.7033888359500624,1.703388836147398,1.1584888850320254e-10
329,256,0.30671282143147627,0.10771626658739462,0.6272873663919329,-0.16011371936327443,1.1024653073953719,1.1024653074032174,7.116325541663994e-12
330,256,0.6028177460871005,-0.13279084567194283,0.6565378333262162,0.209912663496339,1.1523330828136242,1.1523330828241853,9.164978166089322e-12
331,256,0.4602983160433341,0.27507076314665485,0.1569589069009904,-0.3839056449869117,1.6831892624240794,1.6831892626027987,1.0617894588673469e-10
332,256,-0.3664680441082276,-0.08551742654122724,0.2572823422355408,0.6967349243486746,2.511396468927265,2.51139647688862,3.1700909152365193e-09
333,256,-0.300046923782795,0.10570782688436861,0.34911695018736494,0.3688407891654456,1.5541779105653197,1.5541779106591338,6.036250225130695e-11
334,256,0.21528388566842938,-0.3713544376723954,-0.5322893112324858,-0.24437911046837357,1.8129597275969223,1.8129597279321723,1.8491864151198975e-10
335,256,0.2555431784400231,-0.29607531735080284,0.3763882545588245,-0.5318533485964443,0.7418380169011575,0.7418380169018306,9.073789755910016e-13
336,256,0.21392216053391072,0.7060251632564446,-0.7093528745675858,0.11881177209740613,3.1665812664356596,3.166581395225832,4.067167758166285e-08
337,256,-0.1119226948784415,0.5382083255264738,0.7155279716909092,-0.06212549618612786,2.660494029914127,2.660494045082412,5.7013038480168834e-09
338,256,-0.21185066638365055,0.33919018026062514,-0.11154611006636886,-0.3812894489628356,1.564992891448275,1.564992891547379,6.332556450237405e-11
339,256,0.45462592637584576,0.4643805232513023,0.16069965264001512,-0.5075967726892753,2.4749094393093176,2.474909446100214,2.743896880379812e-09
340,256,0.05164697837313673,-0.11410107927511359,0.33605610461984387,-0.4973041113956509,1.1399933738016417,1.1399933738114612,8.613627753689245e-12
341,256,-0.4260823372828815,0.5046769496414647,0.40390671411767054,-0.441601127228021,2.9684877151221647,2.9684877713065454,1.892693724727633e-08
342,256,-0.43471043426042577,0.6110534804763277,-0.32776336516697485,0.009517629552177817,1.7308901268293027,1.7308901270549768,1.3038039939053363e-10
343,256,-0.5152221421151906,0.4845053349582643,0.5862535353685296,0.23222175635879208,2.9397912314307515,2.9397912812160705,1.693498451393414e-08
344,256,-0.399119248177809,-0.6135249890643993,-0.01296315936901421,-0.37808090971045694,1.3331408279112962,1.3331408279406667,2.2031060344363637e-11
345,256,-0.4770211103931049,0.02406723777207571,0.6188977132109732,0.03703308078427101,2.487311091850082,2.487311099018543,2.8820123882112233e-09
346,256,0.41970971754719233,0.40150584980777565,0.16300949435162063,-0.6136303168404168,2.565821197475888,2.5658212075586913,3.929659263418664e-09
347,256,-0.49281971845074823,0.3711709048125573,0.43008161341734663,0.06205762773053365,2.2445341351801567,2.2445341376349432,1.093673095785037e-09
348,256,0.16862035756700924,-0.20722107590700203,0.2824953580407436,-0.4419487368490257,0.6257140471139756,0.6257140471142303,4.070312357916735e-13
349,256,0.4848355982801349,0.5060356308113669,0.06765393370698014,0.39423733782562853,1.2401981656230727,1.2401981656406051,1.413678914084452e-11
350,256,0.17041249846272788,-0.6780732232579686,0.5278586244460651,-0.2537367598702928,1.7018526198226334,1.7018526200184907,1.1508477765507103e-10
351,256,-0.12165162271138608,-0.7241179306082745,0.49078848273662307,-0.23725931246516585,2.2463763149019087,2.2463763173770044,1.1018170319653743e-09
352,256,-0.6462368064196033,0.09382352512129376,0.16612184876293112,-0.28250508151735015,2.0967434232993747,2.0967434245588787,6.006953653029925e-10
353,256,-0.4031536768264603,0.02386580443481816,-0.23116553187337968,0.6050744881746074,1.5722673428389158,1.5722673429417362,6.539626947929882e-11
354,256,0.010661118933697018,0.251906917769241,0.3708404084865526,0.20646573702362564,0.8066092558051253,0.8066092558062277,1.3666350010452155e-12
355,256,0.49269671704948503,-0.13412456237545284,-0.6027755519229521,-0.10282365383783726,2.5094659552273417,2.5094659631221004,3.1459915238820785e-09
356,256,-0.7221110346393207,0.057211321140701335,-0.07286567004776726,-0.14141233702274372,1.7592548806997734,1.759254880958727,1.4719500177625293e-10
357,256,-0.6772701108589853,0.29724876505011427,-0.1833402568842327,0.46242321106892204,1.6059005721552917,1.6059005722770738,7.583417182828951e-11
358,256,-0.7189051268353505,0.05246349400847065,0.17965132370385595,0.37656238207327186,2.4076780489270875,2.4076780539859453,2.1011354817076426e-09
359,256,0.4269707163775969,0.3752185695303781,0.09321456266501686,0.13846151670478823,0.9703600659503712,0.970360065953798,3.531487442706934e-12
360,256,0.4282531632177979,-0.4388392150834565,-0.07924380607151524,-0.5747307317957754,1.4910756614051293,1.4910756614730207,4.55318747269201e-11
361,256,0.3350562719389197,0.6591767660512731,0.5007450983753973,0.32327092361768606,1.2936386632370689,1.2936386632607113,1.82759081232446e-11
362,256,-0.49689324598789864,0.40388004878899925,-0.0002190099174020712,-0.4551214871644049,2.3343098545787395,2.3343098582390405,1.5680441669066171e-09
363,256,-0.3615348991540569,-0.5660702812140653,0.42364332835328455,-0.5180764782320235,2.309439783748469,2.3094397870266152,1.4194551518535414e-09
364,256,0.13494826690599648,0.6555039112575225,0.19511061067300936,0.19165213025779385,1.2298954454566644,1.2298954454732023,1.3446575671052883e-11
365,256,-0.6674216428300845,0.3388276407849014,-0.5475479918901633,0.3305555407218628,0.46717238028909425,0.4671723802891458,1.1038721822965264e-13
366,256,0.26029164943080235,-0.18185440362846889,-0.4204362599973865,-0.20133876841171014,1.4836630184633715,1.4836630185287063,4.403617791189425e-11
367,256,-0.2533372576401949,-0.6697252992417035,0.10168358879150914,0.3627740768972347,2.589964601047331,2.5899646122401703,4.32161856400614e-09
368,256,0.3486165088608765,0.550168006453084,0.16411419921119766,-0.6259412775958002,2.9384127791250267,2.938412828621758,1.684471681780204e-08
369,256,-0.3516975322027929,0.5437148818462139,0.29848224106776994,0.11997677790689133,1.867677754390469,1.8676777548253936,2.328691551869599e-10
370,256,-0.28609628318010943,-0.6106868108972376,0.042258552906869494,-0.6939295760011379,1.2026606131257094,1.2026606131398638,1.1769284893070274e-11
371,256,-0.4550459192305367,-0.5386197364556247,-0.1303188995168117,0.6017615115824939,2.9938710385116303,2.993871101028139,2.0881496916332855e-08
372,256,-0.3782131228173337,-0.17092484048658146,-0.40207075886215116,-0.6101519390215687,1.3187641857567691,1.3187641857839199,2.0588006866620176e-11
373,256,0.012060271125626795,-0.20412634184689704,0.3104239409849431,0.03167127057185278,0.7966037854858254,0.7966037854868487,1.2845690422785658e-12
374,256,0.2913505988968027,-0.6588431826505176,-0.24915404464338678,0.0891134976942537,2.2522569741801495,2.25225697672118,1.1282151753808476e-09
375,256,-0.40941147001902284,0.16404271238224621,-0.22813004451762048,-0.2886754555992039,1.1107396267687912,1.1107396267770377,7.424345349323988e-12
376,256,-0.12782055195741313,-0.031428876386445814,0.12898637241922353,0.4375048126474699,1.1480244304026466,1.1480244304129428,8.968631727429801e-12
377,256,-0.3290473232427723,0.077863462703344,0.2840756023334928,0.32196075625120696,1.428339037212986,1.4283390372619105,3.4252666066051347e-11
378,256,0.2923767235216471,0.07289488483928933,0.4314544924565098,-0.6050152965630844,1.8798316671872466,1.8798316676478903,2.4504520985089057e-10
379,256,0.08492397346733385,-0.13923518977824278,0.10649673963311679,-0.09788784598797023,0.09550783264924552,0.09550783264924556,4.3591569684491484e-16
380,256,-0.3462071931637189,-0.3868033907008458,0.09389235160078727,-0.23581741866087724,1.073337744657132,1.0733377446637034,6.122406591464348e-12
381,256,-0.3229705562043135,-0.3770641676676877,-0.2449495352698257,0.28965579392545465,1.5207221945148413,1.5207221945939304,5.200764474609326e-11
382,256,-0.4572161479161137,0.21907448597750034,0.5454805810923745,-0.09132357417901205,2.3466031713021507,2.3466031751670666,1.647025790345705e-09
383,256,0.08180197641538389,0.13733478608238758,-0.12539596933099906,-0.31949402624252743,1.0351936091081553,1.0351936091133425,5.010834659347001e-12
384,256,-0.28290054036223905,0.6587258835795647,-0.2934952048466212,-0.6682556934983377,3.495991143018851,3.4959916459258538,1.4385248192426132e-07
385,256,0.5398686841342635,0.3574411797290477,0.10046581672351935,0.30092314596841424,1.1598705071903308,1.1598705072013704,9.517970841766687e-12
386,256,-0.4253115603531824,0.26485710776224647,-0.4316052576024635,-0.5719224182872071,2.2597654981156956,2.259765500743402,1.1628226464336285e-09
387,256,0.36263747832813087,0.12499881389827838,-0.2803450832878554,-0.5210116218738758,2.062754812796094,2.0627548138743528,5.227275723119915e-10
388,256,0.5062666142349387,0.3099446800006922,-0.0012490223777273978,0.4255554323101122,1.329422411687519,1.3294224117162996,2.1648900499149797e-11
389,256,0.6886586595180167,0.016049354009750803,-0.11570172488625104,-0.4457935870420253,2.3237215354657623,2.3237215389583263,1.5030045392561705e-09
390,256,0.5331044533342716,0.16297521407646245,-0.4518453391019043,0.45970929539452027,2.519800414387956,2.519800422645693,3.2771393772227045e-09
391,256,-0.4925563594914927,-0.13117021098736473,-0.6490260167233338,0.15784826574837038,0.9861612551780747,0.9861612551818721,3.8506956276052175e-12
392,256,-0.3157133314720666,-0.18794060261549897,0.28038744729466386,-0.3219452087452549,1.3484132244230211,1.3484132244549343,2.3667180223555478e-11
393,256,0.3669504794556443,-0.2866432935052598,0.2626407058141864,0.4767506466059416,1.8157609760465618,1.815760976386332,1.8712276364998603e-10
394,256,0.058704627601029465,0.7193779328206339,-0.17620760673167654,-0.5037457399961804,2.9987590707103253,2.998759134524661,2.1280247625372725e-08
395,256,-0.23715982604269825,-0.2795437394673312,-0.4599174835984149,0.39886232081107587,1.7162603177970424,1.7162603180071903,1.2244523566920178e-10
396,256,-0.37267827171453205,-0.053047859265854765,0.10901604009033528,0.7095557971197446,2.2742580681721387,2.2742580709753564,1.2325855615195852e-09
397,256,0.6539313215068588,-0.29833859615492936,-0.362867372737432,-0.3803909670778504,2.626687547102283,2.626687560217035,4.992886179234074e-09
398,256,0.4673812497291738,-0.5179303614675624,0.04001485841534214,-0.6795059278044964,1.5735639129153716,1.5735639130188666,6.577107514102173e-11
399,256,-0.6724357363019414,-0.11031235797215257,-0.7003523301552953,-0.021930926899990637,0.3531608101484245,0.3531608101484364,3.379451278782745e-14
400,256,-0.5386124310968206,-0.18342145167931373,0.005448225354097917,-0.21847038699638477,1.2713993123647043,1.2713993123855971,1.6432951322234003e-11
401,256,0.5708260171934335,-0.11187300544760485,-0.6211956244160993,0.13790116668456354,2.833799154846099,2.83379918664023,1.1219613369296058e-08
402,256,0.3240377808619249,-0.5627071360959695,0.07347397875720656,0.31897203405326774,2.1268664502051817,2.1268664516497244,6.791882525272489e-10
403,256,-0.40955916474354676,0.394452574963777,-0.4539195131693858,0.25251443655287703,0.42002165691828536,0.4200216569183148,7.004617421022757e-14
404,256,-0.26586223940513376,-0.11051705082447588,0.11636712903841052,-0.07570087417293489,0.7887940614588238,0.7887940614597891,1.2238161607432002e-12
405,256,0.2876912598655506,0.16979312203344465,0.1741981901312567,-0.06559184326480011,0.5571189005969248,0.5571189005970586,2.4013163854967195e-13
406,256,-0.6369253009147582,0.3786203541861161,0.31377133918333966,0.509506875058891,2.6848805060129943,2.6848805228555026,6.273094180250246e-09
407,256,0.2213274797704036,0.39777425035109937,0.5405829148008643,-0.10015260503934177,1.4579520249779105,1.4579520250350626,3.920023422068344e-11
408,256,-0.15791672439855284,0.3235024155463864,0.40951684774346486,-0.010621868931391033,1.4240298475663964,1.4240298476142206,3.358369849837599e-11
409,256,-0.1797670116510886,0.0776130036672629,-0.1273526057552495,-0.21156789646818663,0.6090848739130785,0.6090848739132976,3.5963297093764836e-13
410,256,0.16713293459609038,0.0028441752630381668,-0.08133903881926163,-0.2294940598771642,0.6972608106796192,0.6972608106800896,6.746420970872852e-13
411,256,-0.546758458505992,0.10953772924296229,0.3796489909803685,-0.5058244721217944,2.631526606937509,2.631526620328522,5.088686053111073e-09
412,256,0.11526044833893588,-0.25205114940539325,-0.0757313681363802,0.37576677752853666,1.369398151859459,1.3693981518952016,2.610105910458063e-11
413,256,-0.28553933689887,0.042103628109116,0.01344554213480665,0.1293757416780001,0.6449506132618866,0.6449506132621884,4.678786435552801e-13
414,256,0.3020133553867191,-0.6644414689764708,-0.25915931499410316,0.2694735866905538,2.620289357084174,2.6202893698422276,4.868948419795495e-09
415,256,-0.30781721114370963,-0.6244757990882902,-0.3170055027806583,0.08598082385950284,1.829758825794442,1.8297588261576878,1.9852117814685994e-10
416,256,0.2934264778518051,0.6502191600173575,-0.18694262503123035,-0.2122958959625269,2.3546162190145874,2.354616223018841,1.7005972289994748e-09
417,256,0.5379544624344198,-0.08719324382921852,-0.4760508579883702,0.04360018438749868,2.262328368009623,2.2623283706675674,1.1748712382877591e-09
418,256,0.5127249405530746,-0.44237995056637647,0.3280600961525096,-0.3195361363800432,0.6657807224662671,0.6657807224666286,5.429544662676328e-13
419,256,-0.4671071108424809,0.15477090135072627,-0.5252797806701333,0.11384986134497373,0.193465190298865,0.19346519029886552,2.725844043997217e-15
420,256,-0.6211996717295608,0.3437026083177632,-0.1585837602287689,-0.19986726197856564,1.830113266625992,1.8301132669898525,1.9881856709261256e-10
421,256,0.4354198966501948,0.3325472225810227,0.11209727905971628,0.23576904560500653,0.8132601396301596,0.8132601396313173,1.4234431166183768e-12
422,256,0.1191151922826861,0.25966971983711556,-0.5912502934822531,-0.08410661821286254,1.8002420813332178,1.8002420816486613,1.7522279498412902e-10
423,256,0.612574326502966,0.30143985245642824,0.22210995643060927,-0.13793932226712408,1.5171699102437568,1.5171699103214171,5.118762380718274e-11
424,256,-0.2739152815948241,-0.5945188813591398,0.04664050297680945,-0.04184236271750716,1.5375914277742917,1.5375914278605094,5.607321820930222e-11
425,256,0.08054289451117538,0.48860694614715994,-0.4359230233712028,0.585410875316778,1.595063216248516,1.5950632163638538,7.230919639066119e-11
426,256,-0.6202897125902644,-0.23969387137751189,-0.1450387873149183,0.389552872457203,1.9813735830859298,1.9813735838268267,3.7393094654731495e-10
427,256,0.21427302350998936,-0.1764277442288274,0.49228165478420866,0.48155011075035903,1.7984354137712697,1.7984354140839924,1.7388599790711125e-10
428,256,0.6754284984616689,-0.2851944102635519,0.3175904616343114,0.16024531523445013,1.616247208824143,1.6162472089523974,7.935314311579575e-11
429,256,0.36764604948243057,-0.6487988182482187,-0.2533102766935771,0.19164983600169685,2.5545924277293217,2.5545924373333633,3.7595200932168455e-09
430,256,0.39297669568589516,0.23574380926510724,-0.5348725549703293,-0.12565093488083603,2.2061931236209906,2.206193125688061,9.369399680489152e-10
431,256,-0.059309545360242674,0.14407166815375383,0.35651530120311675,-0.0425438321516727,0.9523590262881796,0.9523590262912248,3.197565886589149e-12
432,256,0.1594327247895082,0.4960885971746562,-0.39265581459779836,-0.3064686117533012,2.176582276488559,2.1765822782976145,8.311450440225202e-10
433,256,0.1636473231476625,-0.0842150482470807,-0.2029014911429771,0.011518292056510933,0.7682529195360914,0.7682529195369178,1.0756080142558883e-12
434,256,0.08165778296543895,0.1658562827279753,-0.4155930356956981,0.4407554416054363,1.3487346692094964,1.3487346692414652,2.3702862189209226e-11
435,256,0.30550083967954417,-0.4514294840204356,0.09262303808988775,-0.534051989831764,0.6373759729464512,0.6373759729467338,4.433046926148262e-13
436,256,0.45261734443688834,-0.5275912064037784,0.3894208991798098,0.5234994858696969,2.8263962629976893,2.8263962938079907,1.0900913585482706e-08
437,256,-0.1894487628447277,0.13838134216963643,-0.5850724718580843,0.20259271844404456,1.0070150923866832,1.0070150923910244,4.310952341936018e-12
438,256,0.2637106089927397,-0.08416483820162092,-0.33607547380498876,-0.506552202087395,1.7077325539262798,1.7077325541278536,1.1803597011975944e-10
439,256,0.0646190671332257,0.7055695851382061,0.06342783669850235,0.6685305869001719,0.1416232167159792,0.14162321671597933,9.799090946822592e-16
440,256,-0.0622575550932297,-0.40251370224458694,0.04095683827761561,0.6843645118881921,2.5421559320792726,2.5421559411790438,3.5795487774713433e-09
441,256,-0.1602541553829348,0.6442095426433094,0.08201642979585216,-0.29948558861627195,2.2414356799721125,2.2414356823931034,1.0801072655758718e-09
442,256,-0.19398791346165123,0.4296974251927096,0.5660752621492492,0.4525958935317634,2.0970051832859506,2.0970051845469584,6.013374467172523e-10
443,256,0.014174452835665227,-0.2727325827563189,-0.15629822617461092,-0.12813791441874306,0.47018964181271333,0.4701896418127666,1.1333874769456183e-13
444,256,-0.5468105538603983,-0.2396963504609217,0.44562117328757084,0.04381594248276297,2.320796794924028,2.3207967983715982,1.4855114574608147e-09
445,256,-0.16620646729971994,-0.28333951571787575,-0.6684303609299129,0.2714559829544925,1.9594999366094712,1.9594999372787356,3.41548580408715e-10
446,256,0.21735458352532236,-0.12465632678704269,0.4353205298200878,-0.5277443012683084,1.2207335565691237,1.220733556584821,1.2858843124364716e-11
447,256,0.47957842452339455,0.36882139053656154,0.058441666833363666,0.07143567181444903,1.2229032097962798,1.2229032098121728,1.299617542484137e-11
448,256,0.3670123690862167,-0.5724040934009627,-0.38209932668027485,-0.3133338542214474,2.086948041931406,2.0869480431358496,5.771315968209393e-10
449,256,-0.22941191832127736,0.6782387813031016,-0.6266758544012343,0.3187756794097144,1.8725937907588084,1.8725937912039647,2.377217944533219e-10
450,256,-0.31278814982995234,0.3727287946840413,0.622686533951574,-0.18282097893111657,2.536756740513754,2.5367567494027665,3.50408554951538e-09
451,256,0.22479019984271875,0.6349459919097099,0.20933719028154185,0.041463696651397076,1.4997557496860663,1.4997557497570704,4.734377015067938e-11
452,256,-0.35425707048229543,-0.5140336494449618,0.13221023471317972,-0.09516978275995037,1.516264608435643,1.5162646085129443,5.098138943619078e-11
453,256,0.3766788531822917,-0.3400280288560891,0.6920332432295625,0.09441758296837481,1.5736048724095155,1.5736048725130332,6.578375596076571e-11
454,256,0.2742488052154617,0.30299370354493094,-0.6027208618294343,0.3304287531347293,2.185490790497188,2.185490792380383,8.616805623322447e-10
455,256,-0.6013066511518909,0.15378759997451288,0.43242188367586154,0.01866632915344975,2.3615477630073447,2.361547767136075,1.7483153681040837e-09
456,256,0.24215114293348033,0.022394894457889742,0.49903910436089255,-0.43299808388930794,1.3348487638630089,1.3348487638926538,2.2208473320336663e-11
457,256,-0.35495795486490306,-0.3520569079586859,-0.4322391382108123,0.11018046033080639,1.1455566429079875,1.1455566429181354,8.858472950340939e-12
458,256,-0.5967910325208469,0.3905866581559434,-0.39560060418998044,-0.5142532539016754,2.639774556950119,2.6397745708252307,5.2561729901157175e-09
459,256,0.14410782194493404,0.619683315752016,-0.5244716521869204,-0.31936912406234835,2.789551341646704,2.7895513679890254,9.443210748609141e-09
460,256,0.4283165434698549,-0.06092062557107651,-0.28035826042713063,0.22134512948236698,1.6264350287346425,1.6264350288695868,8.296936280270587e-11
461,256,-0.06103743771368827,0.2596920287894105,-0.522292867627341,0.4836377075615639,1.3982523482145648,1.3982523482562776,2.983213684230166e-11
462,256,-0.16381552705521654,0.6601092738427147,-0.08281957532685987,-0.14116356689053625,1.9189206702364323,1.9189206707900937,2.88527476714082e-10
463,256,-0.06797824363992483,0.6403123925142744,0.16957796623062507,-0.12145207943340534,1.8550898062414467,1.8550898066511896,2.208749705229739e-10
464,256,0.18220110304675805,-0.18575271040178692,0.42009763547815326,0.284288202689828,1.1940035015526296,1.1940035015660948,1.1277378093409407e-11
465,256,-0.20908563106462796,-0.5046477882885582,-0.32554850366662047,-0.5854380348535755,0.4519617381497829,0.45196173814982604,9.54332211466827e-14
466,256,-0.3479777439123253,0.11976108310888321,-0.6288411659778057,0.03127755864087705,0.7942380183031487,0.7942380183041542,1.2660297923678705e-12
467,256,-0.08532102280897917,0.5236970203301443,-0.6875892343064682,0.04112188837636066,2.102632521760509,2.1026325230542793,6.153098131686117e-10
468,256,-0.14187073943046602,0.44037785981519323,-0.25196782159269016,0.05497182534575762,0.9047338910282233,0.9047338910304351,2.444681614772448e-12
469,256,-0.5934519558646564,-0.017987234670133422,-0.26138269211332427,0.619481879729839,2.04057214748109,2.0405721484549653,4.772559519179345e-10
470,256,0.6967949536843088,0.206335618425802,0.011353172462646683,-0.31357833610680197,2.179942797469266,2.17994279930595,8.42537767616917e-10
471,256,0.00589533014369637,0.37831820701616264,-0.03645238634848143,-0.564327283651529,2.0776257166957044,2.077625717849918,5.55544535427761e-10
472,256,0.047303914154349806,-0.7051275048120885,-0.2630509558242502,-0.136830453336308,1.7031796929468137,1.7031796931439473,1.1574447696826373e-10
473,256,-0.33928362223617226,0.29799544988906107,-0.2566047045426277,0.31370454796756253,0.20598797115998424,0.205987971159985,3.6380791431745564e-15
474,256,0.42774245770802505,0.5190798205183612,0.36906170332211485,-0.3042083582962966,2.1201320096636977,2.1201320110647135,6.60815336721264e-10
475,256,0.2722200333025511,-0.5649698579999964,-0.3203253785892134,-0.4999016610451419,1.6927172524688683,1.6927172526561496,1.1063944749473912e-10
476,256,-0.2672041039060426,-0.2881388622078179,0.5309126820743172,-0.37880439532355126,1.9701867139272857,1.9701867146306693,3.570136620229322e-10
477,256,0.4701554927565751,0.17145514083105,0.48973679805217996,-0.17452713880573217,0.90584940079376,0.9058494007959887,2.460423023939759e-12
478,256,0.39139843580105455,0.4677012703878852,0.47068256661114993,0.1807731522966775,0.8445819822474462,0.844581982248899,1.7201857019947964e-12
479,256,-0.19378199589858575,0.19965067452654833,-0.6913718929314452,-0.10241075507665014,1.5384295214587274,1.5384295215453136,5.62822621919108e-11
480,256,0.6014024670014185,0.16019363204245582,-0.3813551042072696,-0.09591122276711632,2.288930258402928,2.288930261395446,1.3073870547774315e-09
481,256,0.5308829360627532,-0.5259920130145542,-0.5715492120808314,0.19559792461063544,3.2857676712610995,3.2857678825772516,6.431256658238047e-08
482,256,-0.615968907997492,-0.23771271474432487,0.5128294472374594,-0.02651392955503604,2.6832651446667923,2.6832651613929968,6.233526513302974e-09
483,256,0.08229010551159599,0.37843612870065385,-0.5575867094580051,0.4488359578006377,1.762567340839943,1.7625673411030764,1.4928990733018092e-10
484,256,-0.39606303010783384,0.003990068946973217,0.3419849391092546,-0.6430033226418851,2.455005822850889,2.455005829076133,2.5357348719917528e-09
485,256,0.6417800499297164,-0.11123472807368735,-0.265213947706522,0.6205788258672296,2.958885676992195,2.9588857309499286,1.8235829052814592e-08
486,256,0.35429672077176944,0.3217380081277813,-0.5524416514176215,-0.1505930571556205,2.299420487759842,2.299420490895283,1.3635788915802332e-09
487,256,-0.1844738816258194,0.7018677393443553,0.33490355370447744,0.5739428460917435,1.8192959113939104,1.8192959117394683,1.8994040630160035e-10
488,256,0.5746640690735908,0.04197264759187892,-0.10081805841126693,-0.03511766331421545,1.5220083607104316,1.5220083607900436,5.230726502531492e-11
489,256,0.16594305194930745,0.603113890005054,-0.024038875286837437,-0.6092712307003547,2.8733516884236643,2.8733517260223285,1.3085298375952397e-08
490,256,0.3678723771821276,0.14079126440713255,0.5062957283362143,-0.14763292338253245,0.7979803897340246,0.7979803897350587,1.295848542694808e-12
491,256,0.48946745567846606,0.06931293739978996,0.7106332455736432,0.23051954325031476,0.9150307957350821,0.9150307957374544,2.5926171775598525e-12
492,256,-0.09514515834221322,-0.08494284672555734,-0.47768340104531953,-0.24157405217781353,0.9506197644302709,0.9506197644332812,3.1667443113549174e-12
493,256,0.4331870343088691,-0.6101607434611104,-0.21610669786506828,-0.1903570482763655,2.0537710966230835,2.053771097657826,5.038256286671616e-10
494,256,-0.159409641195286,0.21553678146242355,-0.18976028539022946,0.07915803141736064,0.2953052922109632,0.2953052922109678,1.5602245112840375e-14
495,256,-0.09318941862526971,0.5231881160979654,0.28347725200221496,0.4013202194632692,1.027379713755029,1.0273797137599676,4.807099105248779e-12
496,256,0.34237317118823907,-0.44683477521383386,0.5197430253931876,0.2680568508868576,1.8988332421815453,1.8988332426853527,2.6532474206740615e-10
497,256,-0.5086189325117344,0.19334037875894688,-0.6083841360544889,0.32701877051814315,0.5431531522219734,0.5431531522220898,2.1441907279143176e-13
498,256,0.14151078383395385,-0.48516426898836523,-0.059985707901832185,0.407952635328342,1.9862959156712547,1.9862959164292622,3.816185839268171e-10
499,256,0.1118269179748196,0.0927497139112863,-0.10833124768942498,-0.10847925281615005,0.6010539399437405,0.601053939943944,3.385783985258286e-13
500,256,-0.27207103236781693,-0.6638397618929863,-0.37881083280651384,-0.23872148599534776,1.311342130363109,1.3113421303891764,1.9878390147631326e-11
501,256,0.3825393842199002,-0.007539112124874658,-0.3828524431257814,-0.3627657948202817,1.8668158764021126,1.8668158768352665,2.320282158632195e-10
502,256,0.33658340621920785,0.43505278666995684,0.23827366129514865,0.009482463696452377,1.0308337249722506,1.030833724977298,4.896539409681894e-12
503,256,0.11511978948294199,-0.3416452854230388,-0.14810392433747832,0.34162861689221474,1.5361221749698135,1.5361221750553866,5.570722534483603e-11
504,256,0.27733020017906074,-0.07062300843501584,0.5364982099419933,0.4969961839851016,1.6981437856058335,1.6981437857981645,1.1325957296045872e-10
505,256,0.49158703652456237,0.0875590633918318,-0.132853982357569,0.529676122516104,1.8382698647676932,1.838269865145966,2.0577650415187133e-10
506,256,0.6442594561402191,0.18438383144866133,-0.08029435089929708,-0.7393504490434332,3.1925220582507055,3.1925222017305983,4.4942490682209366e-08
507,256,-0.3695055398351612,0.5978940242164977,0.12358753115362142,-0.004003135126583898,1.9038015585886054,1.9038015591043251,2.7088941431384527e-10
508,256,-0.32885256962380405,0.40069680235767324,-0.057548879305008446,0.37515686517301433,0.675919941487577,0.6759199414879706,5.824433640257027e-13
509,256,0.31532058045125405,-0.5712943854230337,-0.6386881952961271,-0.3692784603427364,2.8019040995126816,2.8019041272768503,9.909036053970715e-09
510,256,-0.43433357650541493,0.4620654193957826,-0.5392328455763524,0.3727320034810119,0.46765948752903336,0.4676594875290852,1.1086574020756075e-13
511,256,-0.37328739982750997,0.5578251197129304,-0.019431293110384825,0.7240816555922317,1.410216905071859,1.4102169051163111,3.1521547871886797e-11
512,256,-0.282208406811735,0.45654502740100017,-0.38975659921035527,0.16086466496501428,0.8009000803444632,0.80090008034552,1.3194033822343206e-12
513,256,-0.31966697751336415,0.08819435051333321,-0.23182932358400876,0.42329204337189824,0.8157056622263807,0.8157056622275594,1.4448995728743253e-12
514,256,-0.34866251333541604,0.10069904878157573,-0.4737713900216559,-0.452453385144088,1.4739927979663658,1.4739927980285017,4.215478671600265e-11
515,256,-0.27439799158209494,-0.373462516083635,-0.07057969942873321,-0.6751787628467717,1.0677454004635358,1.067745400469885,5.946308390061918e-12
516,256,0.1598387981056568,-0.5096019775828732,0.27307683432365404,-0.5981566195668038,0.4476212886769651,0.44762128867700607,9.152207601598927e-14
517,256,0.44182200255648896,0.07898684324605657,-0.7386005805847841,-0.08943397785980808,2.884531661754539,2.8845317011752427,1.366624055924954e-08
518,256,-0.37849179031359453,-0.502760992511971,-0.3194336245098502,0.17463004915926902,1.6757260343039628,1.6757260344762368,1.0280557163776286e-10
519,256,0.0930082862402377,0.062453146697847,0.09982474373990854,0.14252016605993165,0.16405283009886903,0.16405283009886928,1.5226813239985814e-15
520,256,-0.005044480064328973,-0.6665969667144283,0.11512711837393785,0.1265189899253797,1.8902547687397988,1.8902547692236586,2.559759928051239e-10
521,256,-0.37393045152580034,0.23667936822645214,-0.499409534733658,0.08313788589155217,0.5073701553046037,0.5073701553046841,1.5842505938214767e-13
522,256,-0.31302335397248987,-0.08766789518432483,-0.363418671767246,-0.05609994884450163,0.1351349313608519,0.13513493136085197,6.161747078151018e-16
523,256,0.22310673622501506,-0.5442856373535947,0.14802090979691285,-0.7149628093089577,0.6626807410721315,0.6626807410724833,5.309188191201956e-13
524,256,0.429082803671291,-0.19151084559459242,-0.43271055396033775,0.18187202185754708,2.0382886999894096,2.0382887009531125,4.727999989734002e-10
525,256,-0.2148928346267595,-0.65014012034311,0.420434810567673,-0.19005762634246928,2.0487732204827065,2.0487732214939793,4.935992100701811e-10
526,256,0.6640158640989662,-0.2618101169534312,-0.6680161104720994,0.11668320448169656,3.4312904640386104,3.43129084947247,1.1232912618008658e-07
527,256,0.24471090557743846,0.5652244412272052,0.4471338554953495,0.1047334419228151,1.3359722460811179,1.335972246110945,2.2326084858774443e-11
528,256,-0.4170051361454882,0.3385163971679116,0.40627534855225417,-0.27844948968461736,2.2776456148080246,2.2776456176538833,1.2494738607871023e-09
529,256,-0.508100589255618,0.4052802010302165,-0.3023166600672041,-0.03422360528686357,1.2563876095918183,1.2563876096110267,1.5288604003735927e-11
530,256,0.36423433331683286,0.327140414931321,0.42671786628011016,0.25526460347379387,0.2511186111715975,0.2511186111715995,7.957998154743335e-15
531,256,0.21365833223450195,-0.3427099855078149,0.13688773893347086,0.6711487485386077,2.417634760505715,2.4176347657906923,2.1860114815434114e-09
532,256,0.01799784377176596,0.45334480232548935,0.2134053480261983,-0.045107996662891725,1.1643154387018175,1.1643154387131494,9.732606810040025e-12
533,256,0.5581835088378257,0.467484350597076,-0.5436264366647249,-0.017531946136586613,2.9687902857636717,2.9687903420196693,1.8949131539468738e-08
534,256,0.6302633619529417,0.20059478262056082,0.271360841210256,-0.21737176381580814,1.439322899832396,1.439322899884233,3.601483667049247e-11
535,256,0.33616876696282716,0.1397537334273062,0.3966279311605712,0.6007715547170732,1.3367330939377626,1.3367330939677131,2.2405734301889978e-11
536,256,0.6638997081832959,-0.11028232418790863,-0.29241477823619005,-0.4803717474440705,2.577822248360576,2.577822258980943,4.119898980255573e-09
537,256,-0.39700533806455635,-0.03661655603990577,-0.21923636793961263,0.10878672161411147,0.5109807634837397,0.5109807634838232,1.6338926515081723e-13
538,256,-0.6320457357941779,0.1998778206929732,-0.34415785017877476,0.2791670211678851,0.862785683490211,0.8627856834918645,1.916414681205133e-12
539,256,0.3894569073743816,0.5091095157492359,-0.1521648257390521,0.099523173248864,1.617291187182956,1.6172911873118807,7.971641084569373e-11
540,256,0.7086191464979175,0.014401924787422903,0.3002990774212979,0.6153172077863718,2.2910629731584673,2.291062976179519,1.318624537395414e-09
541,256,-0.28619105081107143,0.1976738750079095,-0.3710625861064086,-0.35617611843525326,1.3002123592977182,1.3002123593222354,1.885636367173493e-11
542,256,0.004340384160332771,0.6580740792703889,-0.5208323622212474,0.4668869556174527,1.8168575944391785,1.816857594780734,1.8799241703621586e-10
543,256,-0.1411139695508361,-0.6216693368606289,0.30430215655667275,-0.45990676091163923,1.3659216826492224,1.365921682684302,2.5681922550961357e-11
544,256,-0.3404367836358517,-0.008122894767096158,-0.10340425105290214,0.6356932127328019,1.6967113535894187,1.6967113537804046,1.125623951077501e-10
545,256,0.6882406650027982,-0.15204475205068946,-0.5785585776539316,-0.23462752176667,3.133313208143928,3.13331332025215,3.5779449537814504e-08
546,256,0.5616657614141833,0.09107017765054749,0.1543815519419772,-0.6982477813131654,2.4391285803964404,2.4391285862037537,2.3808967446762765e-09
547,256,-0.5658242535284619,0.35425819919800405,0.2675639457985547,0.1854344994961661,2.041989067112041,2.0419890680922808,4.800416931934036e-10
548,256,-0.4452363156724927,0.3866989414495617,-0.6093337636751724,-0.08886252890255349,1.4506126426201988,1.4506126426751986,3.7914864995779297e-11
549,256,0.6374084528723158,0.2957193497072098,-0.5796816291931287,0.2876148262332775,3.095193404581315,3.0951935001867454,3.0888354213252865e-08
550,256,-0.16381343957263708,-0.16478867195805877,0.4626299900948545,0.19088307319586065,1.5508195048318272,1.5508195049240536,5.946949236379241e-11
551,256,0.1152113596414286,0.37957318691679187,0.030199194167115997,0.03170897974750062,0.7623638608183093,0.7623638608190988,1.0355679661461574e-12
552,256,-0.31654784279072046,-0.0054549745508682785,0.37152812768414817,-0.5186630574752908,1.9999842100850223,1.9999842108926427,4.0381339558395105e-10
553,256,-0.016245394662784265,0.14837230575385343,-0.25288966594994083,-0.35346695341400686,1.1769662804118757,1.176966280424075,1.0365082536533689e-11
554,256,-0.524641952070484,-0.12313857418168744,-0.07595974695010857,0.08694448690440114,1.1240727168973486,1.1240727169062807,7.946272681516325e-12
555,256,-0.4453873546988672,0.37810574988211776,0.0034854310752349543,0.7077107898736312,1.7217862525473564,1.7217862527632448,1.253863061887509e-10
556,256,-0.07420786685049205,0.37324430423347704,-0.24011764173780512,-0.001136422528712853,0.8833191345664488,0.8833191345683575,2.1608220055964213e-12
557,256,-0.004797830505758282,0.6632651621387023,-0.023591177553904722,0.1947630476757294,1.203874460447458,1.2038744604617109,1.1839125767511774e-11
558,256,-0.04662373038623721,0.7468981876318701,0.5269513108298921,0.1611557201473122,2.3684729518219196,2.3684729560787816,1.7973023380965485e-09
559,256,0.042967055337547994,0.6133303621334655,-0.36833897436603197,-0.4046711799911665,2.5641238549450587,2.5641238649540186,3.903461942300633e-09
560,256,0.06667531519271087,-0.7167886358231664,-0.10568584861556898,-0.3185837795828971,1.245253527071748,1.2452535270897884,1.448737756942292e-11
561,256,0.0714373387590834,-0.16545746013367085,0.6695468868089053,-0.2141778402045798,1.5543272080432262,1.5543272081371116,6.040256096514307e-11
562,256,-0.10634652274773138,-0.315366576751746,0.07803243004125483,0.26667246654133614,1.2624641199485702,1.2624641199684439,1.574195888863335e-11
563,256,-0.24297595526262558,-0.604208567341095,0.17324706636321802,-0.6216588984804396,1.3357257073254436,1.3357257073552307,2.2300283316199245e-11
564,256,0.3906824848339116,0.11480728925568334,0.3921856856427457,-0.5431159886812111,1.720361425517994,1.7203614257323878,1.2462139224795817e-10
565,256,0.13652128295187782,0.28163626262435215,0.44216083332290174,-0.45682114220598885,1.8874340674274865,1.8874340679049555,2.529725204730531e-10
566,256,0.5422010979600249,0.1736969613209539,0.36632067903877635,0.1777325045571678,0.46440970789848157,0.4644097078985315,1.07457971071978e-13
567,256,0.06644808571902751,-0.29108271059329477,0.30751373573264085,0.0707144311146316,0.9266040306922368,0.9266040306948021,2.768476324004813e-12
568,256,-0.4497180353909517,-0.5874463005209339,-0.5309459384858706,0.33430210312795416,2.667848334677573,2.6678483503327493,5.868090799224994e-09
569,256,0.067080648539343,0.24403766957117912,-0.3855764638213856,0.17983831386434404,1.0019433154135204,1.001943315417723,4.194487026126384e-12
570,256,-0.11982288482745905,-0.3400720801031825,0.3442459048900661,-0.44531335070614303,1.1670775458490483,1.1670775458605638,9.866915267947821e-12
571,256,-0.1770495403505389,-0.44337587061938155,0.5743108487757022,-0.2868115840522477,1.952904137240373,1.9529041378893817,3.323299962574495e-10
572,256,0.030485864703336283,0.36924680914459884,0.24910529665824402,-0.5284509962338387,2.0645777418051794,2.064577742892482,5.266465245216117e-10
573,256,-0.48048176647080487,-0.11359485973780414,-0.02424579517194052,-0.3564143289911822,1.1994137748662763,1.199413774880168,1.1582138632244355e-11
574,256,-0.400324201699662,0.2791154626572987,0.5174044721489647,-0.44620874577499314,2.7349750626503395,2.7349750835218045,7.631318210452864e-09
575,256,0.285905042766723,0.550075499003619,0.08904790324490512,-0.10291652479177184,1.5838967016307801,1.5838967017398151,6.883971861054713e-11
576,256,-0.27548999548067016,-0.004327472936714907,-0.7389580209363299,0.12682479062666913,1.3978346551006264,1.3978346551422465,2.9774652241793043e-11
577,256,-0.407045739276309,0.20478639544833077,-0.18387912700657894,0.4890131872805287,0.9194760329696264,0.9194760329720711,2.6588089439688006e-12
578,256,0.08915858198273306,-0.3511654819105282,-0.49037782336930325,0.48493303295076684,2.3975820019019882,2.3975820067412243,2.0183819027229537e-09
579,256,0.4453337061871924,-0.03796330005861079,0.03898310721159513,0.5936813846434402,1.8251008202272767,1.8251008205825432,1.9465581241396902e-10
580,256,-0.11739948026270308,0.409769241966064,0.0936795599961427,0.09882868103207285,0.8158925341524376,0.8158925341536177,1.4464736785494895e-12
581,256,0.06986510728292726,-0.5833114024170317,-0.009430665072989224,-0.5651220543190342,0.2431310367679804,0.24313103676798217,7.306170627222e-15
582,256,-0.18578180011513035,-0.07534988671370908,-0.4533201730166096,-0.5582473327955646,1.4823532551182703,1.482353255183163,4.3776851172204445e-11
583,256,-0.36841736143554477,-0.3542772531015492,0.5585930370117306,-0.08628619188358404,2.2301388123444488,2.2301388146460166,1.0320289537466437e-09
584,256,-0.33220722220565774,0.5324090173377587,0.4008311967987757,-0.23062952436175765,2.4255996192670795,2.425599624740027,2.2563276251832952e-09
585,256,-0.604681687306811,0.03690557298271919,0.3356464764860935,0.16381793147831716,2.1393378168484904,2.13933781837713,7.145385947066846e-10
586,256,-0.26456160710839155,-0.6728942825131339,0.027132337172041086,0.6609533024822928,3.3928377054853307,3.3928380344407514,9.695583733612245e-08
587,256,0.4598734392037793,-0.22916311323474517,0.17312724762953682,0.04775944748115725,0.9126730701959714,0.9126730701983062,2.558198655171638e-12
588,256,-0.46690889737315167,-0.48324762609402255,0.378323802197324,0.24555368564646857,2.5899269338828166,2.589926945073834,4.320978055272213e-09
589,256,-0.027684375481163023,0.08554173712494832,-0.33282765026008637,-0.22942286114100133,0.9290409324494034,0.9290409324520109,2.8066253106416796e-12
590,256,-0.21608464580687523,-0.6239613587616875,-0.19580741711303346,0.4458264760079967,2.5308219118019313,2.530821920464792,3.422943594191951e-09
591,256,-0.6330684693190118,0.354008376776391,0.3345754468558897,-0.3550014836828128,2.8838672145561763,2.883867253866203,1.3631011369329594e-08
592,256,0.41341757962895304,-0.07965931526873808,0.5056501775519561,0.31613111592240245,1.0652082244736019,1.0652082244798526,5.868127498108201e-12
593,256,-0.702932425667827,0.07082747568802351,-0.4788406147723271,-0.16203327309185545,1.0144244934178264,1.0144244934223765,4.485437875019454e-12
594,256,0.30929772790625615,-0.37962883518580726,-0.06626421359102222,-0.3540412938323059,0.895387684442641,0.8953876844447156,2.316943576352557e-12
595,256,-0.09676098468732439,-0.48827073818359645,-0.11003022224132306,0.12756429520852255,1.3387808380049018,1.3387808380351884,2.262256913708415e-11
596,256,0.1431623796417781,-0.291356520150528,-0.2872826330332428,-0.4126759125021568,1.045704373418173,1.0457043734237126,5.297452075831024e-12
597,256,-0.2767083924225894,0.49712523342685055,-0.1218234111415919,-0.46390131154463865,2.215916393717611,2.2159163958769548,9.744698947076894e-10
598,256,0.15725482025937923,0.04633127951454599,-0.19698438203297605,-0.4978544055444663,1.4329181998534142,1.4329181999035336,3.4977198377126747e-11
599,256,0.3995633212735581,0.10220716541536828,0.5309459611716932,0.13855891533586104,0.3561011810307991,0.3561011810308114,3.4606668637454993e-14
600,256,0.20652094397939721,-0.1864278624912063,0.6228556041429295,0.20075014215154774,1.4383737176300442,1.4383737176816236,3.585953134407642e-11
601,256,0.5049171774198866,0.5170868091359986,-0.16430174117747384,-0.020670928605590194,2.107085348741123,2.107085350061402,6.265901844127365e-10
602,256,-0.04189904129766189,0.08117193658579845,0.2620635478075452,-0.4829496517854288,1.418418955010547,1.418418955056974,3.273141704047499e-11
603,256,-0.4007829197968744,-0.22871456913092697,-0.009158934453366269,0.44871206912856315,1.7442843956096068,1.7442843958504521,1.3807687798781576e-10
604,256,-0.04495123918025567,-0.6560565883699032,0.17356224930866104,0.06141938770156963,1.7808698827724705,1.7808698830598841,1.6138947107640076e-10
605,256,0.12540932314508743,0.049797057803728846,0.48888274349627214,-0.31026085806691217,1.1943490525978169,1.194349052611309,1.1296610735122325e-11
606,256,0.09705062925497224,-0.5659565159822251,-0.3611880860424196,0.17908482093561726,1.9899367850442913,1.9899367858151997,3.874034863734002e-10
607,256,0.039937879523509384,-0.6395814473135303,0.3663198507993421,0.35737996759767554,2.4879347602916675,2.48793476747965,2.8891363102668502e-09
608,256,0.3204811835181626,0.4554430402430185,-0.3656116095488971,-0.547884296726485,2.8374479930557253,2.8374480253461,1.13800763564551e-08
609,256,0.5018083102830129,-0.3379237854562213,0.6129484499868691,0.09029159522248886,1.3181539492074783,1.318153949234538,2.052847305131781e-11
610,256,-0.11333843868954162,0.08349199804232409,-0.6080890446463558,0.11790182861496766,1.2024052597211266,1.2024052597352597,1.1754056287774504e-11
611,256,-0.06211858213255294,0.21251413866234334,-0.7418486621774115,-0.04901288930121661,1.9231112586267787,1.9231112591914241,2.9361038732487915e-10
612,256,-0.1631102334696371,-0.1922802362421803,-0.3688761990480698,0.5517847101476694,1.8553473242039624,1.855347324614206,2.2111418789534194e-10
613,256,0.1670892156603611,0.45618231004866455,-0.4519362288699482,0.44966060413041353,1.6462961722584852,1.6462961724074365,9.047660940476745e-11
614,256,0.5606928650388249,-0.08973578932688223,0.15228908206356834,-0.6606647846960487,1.9803975935031481,1.9803975942406964,3.7242432889227803e-10
615,256,0.6601583252852032,0.2683919472042442,0.30149455652066504,0.234592117440463,1.0608688504353772,1.0608688504414632,5.73682653976738e-12
616,256,0.3035647958237262,-0.3903210514484579,0.7350534168024828,-0.13543326190237845,1.5695921312529333,1.5695921313543713,6.462696079812679e-11
617,256,0.3470628249635577,-0.6394209130239068,0.4240803321075976,0.5910176893244642,3.3809282741392965,3.380928587325064,9.263307060891528e-08
618,256,-0.14968633663390635,-0.25441158433855393,-0.3648922070859127,0.5350952596098947,1.9329187318283199,1.9329187324194959,3.0584627657124367e-10
619,256,-0.41929560085121426,-0.4662773526813651,0.06808892800161608,0.7170434157417562,3.1943941369724556,3.1943942815743647,4.52673974822691e-08
620,256,-0.5600522688318758,-0.43002545690415234,-0.2370788772516132,0.675680448708777,3.1647158951715024,3.16471602296458,4.0380584446285615e-08
621,256,-0.3886905026715936,-0.31887375637244975,0.4691562060802485,0.5313076280372955,2.8699154064704704,2.8699154435259673,1.2911703533003449e-08
622,256,0.1507059526938974,0.2869646296564035,-0.04586195628214401,-0.38644669200613657,1.4731458388483658,1.4731458389102288,4.1993777919574307e-11
623,256,-0.09835889990074535,-0.6552671418027387,-0.02237895036573877,-0.42803489595509714,0.6941392483845836,0.6941392483850423,6.607220849995061e-13
624,256,-0.17161811622291978,0.28937057755720574,-0.4759701569242108,-0.3090572794290468,1.5665738486431962,1.566573848743097,6.37702170390239e-11
625,256,-0.6432795188599211,0.3449299250471187,-0.22162971538710965,0.6716650209407662,1.9059770860628826,1.9059770865839045,2.7336209658906054e-10
626,256,0.22957584037035805,-0.3117109336319769,0.21878477026604773,-0.2904816512863611,0.055446524182870535,0.05544652418287055,2.502913935965316e-16
627,256,0.7392567475404023,-0.022150925894162,0.06410746488312041,0.22122568990025795,1.8949707224612955,1.8949707229560258,2.610754091856976e-10
628,256,-0.6280112646717667,0.1618059913521506,-0.29022449028473796,-0.2352008475707826,1.3674219878228766,1.367421987858241,2.586208091395393e-11
629,256,-0.3849619781427631,-0.22748437897311574,0.6761107992022667,0.32272805369825125,2.9028239158524602,2.9028239584436886,1.4672343055105903e-08
630,256,-0.31609020086129563,0.25537738496985757,0.0805561150800561,0.30296439030134664,0.8910792795767114,0.8910792795787255,2.260242870790612e-12
631,256,0.2999933111815969,-0.6081235341074408,0.32965132629850125,-0.27755851216855015,0.963175115063214,0.9631751150664839,3.394958843194225e-12
632,256,-0.6446223889612598,-0.3278514137168685,0.22410814094057763,0.4260637994475158,2.7961665524875143,2.7961665795821156,9.689909639034223e-09
633,256,0.44470535200581657,0.2747758272010864,0.0721707851197983,0.6758619242243398,1.581006112912742,1.5810061130202004,6.79684193981353e-11
634,256,-0.7431413181163334,-0.0843925298305183,0.5923938151570679,0.11965516065977949,3.3346806651543797,3.334680923885706,7.758803679318323e-08
635,256,0.40076518261699473,0.5915751539165632,0.4484334798978583,-0.4664199685900103,2.8742149000825763,2.874214937818914,1.3129267964340221e-08
636,256,-0.6086072190625765,0.18422616155421176,-0.29466611894023637,-0.5818733305128945,2.2935557032636837,2.2935557063184215,1.3318786161164437e-09
637,256,-0.45225733163812903,0.39027076994123794,0.07706320456323068,0.31217392556270274,1.312846198218658,1.312846198244941,2.0020012912429135e-11
638,256,0.0015504945535879564,-0.2971709642124068,0.42406082692020236,-0.1660214418083746,0.9988144393589911,0.9988144393631103,4.1241499180872224e-12
639,256,0.13454705072677448,-0.5291892949755954,0.5969107104508738,0.3957060546390831,2.6700292178093727,2.6700292336118636,5.9184711410661815e-09
640,256,-0.054948041016600065,0.3323041558561462,-0.10831057034069226,-0.03358436496971182,0.7712512658444327,0.7712512658452778,1.0957541384640433e-12
641,256,0.6315675808648464,-0.1258451535704328,0.5228983312304482,-0.38944089720976083,0.9472224335961853,0.9472224335991287,3.107425646277545e-12
642,256,0.04571702227663861,0.2493912713607894,-0.07422011979993595,-0.5499631001600317,1.7690685791673058,1.7690685794388294,1.5348398338898822e-10
643,256,0.5435161818438637,0.373225855543359,-0.08706499249667375,-0.13033985202800355,1.8827963781973507,1.882796378664487,2.481077269043334e-10
644,256,0.01832251083707638,-0.5740926151142647,-0.48125281470055553,0.5191200917359159,2.95665888838458,2.9566589418384996,1.8079163518978786e-08
645,256,0.1547375057565758,-0.5750885207282561,0.42054443660256824,-0.5430174422002383,0.8876632497432104,0.8876632497451774,2.215910294019058e-12
646,256,-0.17563666977249512,0.38671748117495447,-0.19949623382701992,-0.4704053427718027,1.9031431398843297,1.9031431403984556,2.701456565337219e-10
647,256,0.48263106573312975,0.38593797336225194,-0.5599034211102194,0.3361785490884339,2.6547816510353455,2.6547816658357326,5.574992253057349e-09
648,256,0.10033542016536,-0.3489863960398095,-0.07430937252624668,0.21009339653705283,1.2137996398236148,1.2137996398387023,1.2429964814982553e-11
649,256,-0.1286549238447393,0.3375578499889709,0.16934926539306125,0.40679984174750494,0.71562233631348,0.7156223363140265,7.63603572710631e-13
650,256,0.37317245364009244,0.37202732450233805,0.4736431982119889,-0.10959036111157008,1.2432191776875905,1.2432191777054251,1.4345517659043215e-11
651,256,-0.4880023423200303,0.4424328480203707,-0.36111444696375705,-0.19611602173538298,1.6898613111602798,1.6898613113449545,1.0928395054736978e-10
652,256,0.20770852569608933,0.5196969633372472,0.019753872252095357,0.055316125808857884,1.147181692614027,1.1471816926242728,8.931282874388542e-12
653,256,-0.04873017721424259,0.17082699437263596,-0.5737308667423678,-0.2279699950972299,1.544933932717872,1.5449339328073772,5.79347052785625e-11
654,256,-0.23757116717530266,-0.31965305733250904,-0.06234351892861023,-0.46064598933263096,0.5470186096916007,0.5470186096917216,2.2102225635402545e-13
655,256,-0.0866238732033285,-0.2902992693056108,-0.046194645859478266,-0.44405254540978345,0.3707329893508017,0.3707329893508169,4.102698134309356e-14
656,256,0.5754141474826097,-0.23105454587531787,0.0743758981965906,-0.18666988263044326,1.2299616321579643,1.2299616321745084,1.3450906915468295e-11
657,256,-0.09407526088012681,0.13658801819627528,0.06599101429267436,0.19641801772191664,0.3524263158213863,0.352426315821398,3.323489871208032e-14
658,256,0.2653439620828928,-0.6121352824463574,-0.297580190683323,-0.5461126547869077,1.7223765997835312,1.722376600000042,1.2570468578608232e-10
659,256,0.2362709827506052,0.5021676878676943,0.13800175876342902,0.12085027132034704,0.9292714695643425,0.9292714695669538,2.810110566985422e-12
660,256,0.0589676837093208,0.6160254299390331,0.3413684948940294,-0.4450358637278957,2.589832320871589,2.589832332058032,4.319369556462527e-09
661,256,0.26485803659689117,0.29929330331800413,-0.39157413184738205,0.28182472911847994,1.493070823355902,1.4930708234244972,4.5942314660122676e-11
662,256,-0.08963052173051482,0.4091552005610344,-0.08932578825730625,0.3329435605506079,0.1785818834035573,0.17858188340355766,2.0204876112085423e-15
663,256,0.08989353497597898,0.11998358384467939,0.42318602602748107,0.22898377973184328,0.7885798378929088,0.7885798378938728,1.2224591676828265e-12
664,256,-0.1214207400203748,0.34387836634034824,0.3946231117082895,-0.3842313002794623,1.964927909499328,1.964927910185717,3.4932028010150255e-10
665,256,-0.4266733852573611,-0.47603201917137894,0.6161842411334297,0.09404679178223377,2.8661346656546356,2.866134702121451,1.2723343317458488e-08
666,256,-0.23671924281345097,0.4489093441832583,-0.2217473602394222,-0.2075176990544659,1.4650225079362926,1.4650225079955932,4.047757910726047e-11
667,256,-0.36844864748879863,0.10906411273308593,0.19106710592433554,0.03491048681245103,1.1772509550401058,1.1772509550523254,1.0379739889714538e-11
668,256,0.24598754527336902,-0.12270127615498819,0.3902617260860873,0.6176848207669926,1.9659058917291365,1.9659058924186565,3.5073906617601735e-10
669,256,-0.46063029621664414,0.027368922332815744,-0.46255027759242884,-0.23547484242860753,0.6800732892416076,0.680073289242015,5.991293239759608e-13
670,256,0.255028169239704,0.13731013829227814,0.6796681590990193,0.19451680730884222,1.193761347736374,1.1937613477498206,1.1264041351772382e-11
671,256,0.0970400125823258,-0.4573110564222333,-0.014284096731138634,0.5640815643073831,2.2850081335124903,2.2850081364532198,1.2869667265555009e-09
672,256,-0.10245990758318019,-0.2942452502338433,0.189643127671206,-0.46309409185954414,0.7988150599518831,0.7988150599529233,1.3022776187224528e-12
673,256,-0.26118160326237955,0.2510192553290508,-0.5633055835179841,0.4683018315169243,1.114475558351777,1.1144755583602104,7.567214979689705e-12
674,256,-0.5704663206119326,-0.11467492732784414,0.1970304337182287,-0.3522292417481946,1.873276140897266,1.8732761413438606,2.3840293984287915e-10
675,256,-0.4251058342513963,0.4754256842963724,0.07507934026551012,-0.2913697897780072,2.0906550975042237,2.0906550987292247,5.859412157451281e-10
676,256,-0.1173792072638142,-0.28347222435265396,0.33156101694805074,-0.024655584015267892,1.0985312707292882,1.0985312707369495,6.974043623393867e-12
677,256,0.719179343890861,0.12245651102130825,0.7365855611946662,0.13304766796205636,0.08981826412394572,0.08981826412394574,1.545096416989717e-16
678,256,0.16704583978731388,-0.7291704233231626,0.16350072216985623,0.40721700274351885,2.8012660625670907,2.8012660902560023,9.884427608638952e-09
679,256,0.028451146447667056,0.7464949596174244,0.5067413640414099,0.18638121943105057,2.1766956639693795,2.1766956657793597,8.315265177884279e-10
680,256,-0.11269398954353922,0.4050570160495388,0.4305560994709047,-0.21894424524730538,1.820693382515161,1.820693382863032,1.9106515607067732e-10
681,256,0.48333496987354035,-0.3406162575579188,0.28139105069316867,0.1826961443567464,1.3675842640396199,1.3675842640750149,2.5881418190293827e-11
682,256,-0.12768043885099178,-0.6777340872989059,0.6410915284854459,-0.3177487222273749,2.579255391592305,2.5792554022787155,4.1432153085994576e-09
683,256,-0.511997971881777,-0.4704231668652165,0.40507515756905843,0.5177436602369396,3.286415172756711,3.286415384640518,6.44726231489873e-08
684,256,-0.22261876605940675,-0.6894028696536239,-0.5242686066684196,0.11698636414454368,2.368098824184392,2.3680988284342335,1.7946216282477814e-09
685,256,-0.34446851123813976,-0.5123199577672808,-0.48152020909752147,-0.32170619847725546,0.7166762818929396,0.7166762818934908,7.68986951777282e-13
686,256,0.319791505824077,-0.4483512876849735,0.009060463316996406,-0.4202090502875212,0.802208922127921,0.8022089221289881,1.3301215176426165e-12
687,256,0.3991396202934063,-0.13202792678486505,0.4603735071010862,-0.012111779986810364,0.33282370418087415,0.3328237041808828,2.601899889729626e-14
688,256,-0.06960505599716221,0.09370211834730663,-0.2609122011179885,-0.4302885569776854,1.2223617592546339,1.2223617592704776,1.296160536753197e-11
689,256,0.45800849866526366,-0.15124837439977148,-0.25129922838584356,0.14360279561342676,1.6415858945032773,1.6415858946487865,8.863938266262704e-11
690,256,0.6809054976433905,-0.1085835229317046,0.19505246856789946,-0.0975849370809259,1.2848490392291347,1.2848490392516527,1.7525784576347814e-11
691,256,0.4161574276102815,-0.3881686539707656,0.2881945806170334,0.035037192999295474,1.071742894986012,1.071742894992519,6.0714348355096585e-12
692,256,0.2695250226285616,0.6528263690677956,0.4961941279514375,-0.039836779333111395,2.01524887973437,2.015248880601016,4.300440878033674e-10
693,256,0.42233295564663076,0.5920267838494386,0.1531810910798351,-0.4015773063749583,2.5617313718352293,2.561731381741006,3.866828798796521e-09
694,256,0.13589107420010937,-0.14182848384516591,-0.01682737406628223,0.06283137094844059,0.516220614877404,0.5162206148774923,1.7097870157444457e-13
695,256,0.1869066807404888,-0.10128373966359323,0.13722881625900635,0.3129786514737992,0.8800168433906007,0.8800168433924661,2.11972843472863e-12
696,256,-0.6712566332244886,-0.12527295605041372,-0.08728713704711977,0.5215335725884886,2.282196645696669,2.2821966486008116,1.2725208012081849e-09
697,256,0.6340425735921815,-0.35762755437626365,0.6181358411061555,-0.014550403779768399,1.2011769659703875,1.2011769659844216,1.1683629978988175e-11
698,256,0.11079568538117772,0.230253462303057,-0.7405373167551285,-0.0448688980487294,2.252767979170381,2.2527679817172217,1.1305383154450636e-09
699,256,0.3372804623468882,-0.5894367661977841,0.22485762263130094,0.615266800596581,3.0440275770700707,3.04402765423953,2.5351103862680782e-08
700,256,-0.5779726053788219,0.04210929424677488,-0.5910273225948938,-0.03318359084779117,0.2321569151012348,0.23215691510123623,6.2168724605224e-15
701,256,0.15060849700872825,0.07027211938854482,0.15081827723370533,-0.6941910011158976,1.9027009660470402,1.9027009665600982,2.696472276263786e-10
702,256,0.4886434848998723,-0.02848262917549789,-0.395502582570106,0.49763126722500856,2.420763568721738,2.4207635740797904,2.213372794169257e-09
703,256,-0.28252407141976754,-0.5341606395830931,-0.22973765413304573,0.09870218381004003,1.5013425089117822,1.5013425089833703,4.768270290177753e-11
704,256,-0.0802374078503144,-0.03027017773016927,-0.1620920987992063,-0.4266388407392625,0.8840321141579717,0.88403211415989,2.1700052899967486e-12
705,256,0.042013569931095694,-0.2486341828788284,0.39521676481262763,0.004574627529501675,0.9425406358137084,0.9425406358165618,3.027332814277815e-12
706,256,0.1482787157726797,-0.7281509141975253,0.47901977574724036,0.49157981481375373,3.365199873315958,3.36520016681653,8.721638634830269e-08
707,256,-0.13561576470984302,-0.3290370108820417,0.08362282817414814,0.16783023714002185,1.1232652640910497,1.123265264099939,7.913832998977302e-12
708,256,-0.5550353559067526,0.010563496444790854,0.11476609084280477,0.39277739511174115,1.7854774742518689,1.785477474545725,1.6458121418023715e-10
709,256,0.19742183461111887,0.022104590443911908,-0.1417297619008032,-0.3608667229671126,1.0793387985447982,1.0793387985516152,6.315895828996687e-12
710,256,0.6817123928247214,-0.0017942864078110041,-0.7288081394645364,-0.03224965848065127,3.5195112078230926,3.5195117616994884,1.5737310187502075e-07
711,256,-0.4594868707387226,-0.34235230120006904,-0.4533082415332402,0.1234158302914338,1.2121201677472844,1.2121201677622275,1.232811582536119e-11
712,256,0.4924939392957477,-0.07361276862901042,0.22294809747004574,0.445384036409211,1.4303292313891993,1.4303292314386402,3.456609481007259e-11
713,256,0.19238334327655227,0.34361827103145126,0.10199560674595001,-0.36844619781898047,1.5349582973831395,1.534958297468206,5.54193547243784e-11
714,256,0.3749628705666125,-0.015965198900294204,0.34058406680618986,0.31496707014143094,0.7896966642246378,0.7896966642256097,1.230712094638401e-12
715,256,0.3680660178794719,-0.5697344582354109,0.048835501850028724,0.09350239894213445,1.7731118651691065,1.773111865445977,1.5614949735790336e-10
716,256,0.14422901404598565,0.502443772978568,0.42270536000174075,0.1647597014032066,1.0965078312916707,1.0965078312992385,6.901659987362101e-12
717,256,-0.38606155000860637,-0.4760007883833179,-0.47332207148847366,-0.49132379086149464,0.305512703570127,0.3055127035701326,1.835153238749073e-14
718,256,-0.05376199112757915,-0.06107337693010967,0.7005008129690222,-0.11371626380130358,1.8692456600067329,1.8692456604448957,2.3440623601235766e-10
719,256,0.08030411179713773,-0.6689691198237198,-0.29753449426245077,0.5707102803986013,3.133806029919828,3.133806142258853,3.5847472409209136e-08
720,256,-0.20987928774760028,-0.6781862008163719,0.37951035676576833,0.6008640266450261,3.534761516900056,3.534762106524944,1.6680754421661558e-07
721,256,0.03781349180428518,-0.11306837406671306,-0.46006624374550203,-0.5623320365701574,1.7386041554329752,1.7386041556672716,1.3476118721954366e-10
722,256,0.15607895736748542,0.15395665462607533,-0.26581710660716146,-0.5786205617305219,1.9324143413753316,1.9324143419651145,3.0520519153953486e-10
723,256,-0.3080489483660438,-0.30751243088607566,-0.2716989686049192,-0.584246102949554,0.7900681707737299,0.7900681707747044,1.233365404100773e-12
724,256,-0.19399871769424748,-0.2902980416854186,-0.37323829455546825,-0.4333811627969824,0.5882220077598749,0.5882220077600553,3.067060380631589e-13
725,256,0.2278651944824565,0.3247154855796981,-0.16346025868988923,-0.394478196456706,1.7434390550753804,1.7434390553152392,1.3757796625623145e-10
726,256,-0.6722380156613825,0.1702895575408405,0.5619021960566097,0.15413994536735112,2.981700618252194,2.9817006776493824,1.9920574231166935e-08
727,256,0.06634018780489714,0.053168947789559766,-0.43177572350875976,-0.25464662133434357,1.2710377323110118,1.2710377323318627,1.6404608652308767e-11
728,256,0.3498500647738316,-0.08311314661164393,-0.26370289855543044,-0.2589337083577657,1.364005525571343,1.3640055256060624,2.5453957380960613e-11
729,256,-0.43604905768961494,-0.3553913870723718,0.03922681699044224,0.03226471370473232,1.3747273299723406,1.374727330009122,2.6755463399397575e-11
730,256,-0.26854090510405354,-0.26761125092923227,-0.5864056801833485,0.2818082121487358,1.6225783109636827,1.6225783110960557,8.158188763811529e-11
731,256,0.16585974215552793,-0.5217775530902837,-0.0329678527936764,-0.41741857736178895,0.5827116132653819,0.5827116132655533,2.9417370634083413e-13
732,256,-0.6701110078197023,-0.1341356744170138,0.09955801317538535,-0.5313893442979462,2.2879148001012215,2.287914803080246,1.3020697197467614e-09
733,256,-0.43715700289755516,-0.2820103532441572,-0.05568341460786147,0.5922519260615865,2.263703353960271,2.263703356634578,1.1813858001293802e-09
734,256,0.5600798692991594,-0.27399770479147284,-0.33182539803286204,0.5495178520951172,2.909566962235721,2.9095670060580106,1.5061447260582366e-08
735,256,-0.11082112778560839,0.17871249905795467,-0.10813716894327546,0.5063805189206801,0.7647947084058568,0.7647947084066614,1.052019080548975e-12
736,256,0.667717620844813,0.16801586229278867,0.4630600110914532,-0.32872667861202215,1.6177755472343422,1.6177755473635793,7.988565886946568e-11
737,256,-0.3755688715183716,0.3387199784578074,0.2545353638531842,-0.25932863210343693,1.8748754735831608,1.874875474033144,2.4000695949326656e-10
738,256,-0.19306327394233472,-0.71477140655952,-0.6633977514729443,0.17784233220255116,2.944793683560083,2.9447937344066997,1.7266614289047423e-08
739,256,-0.36094726864504006,0.54690909937277,0.28244333314212133,0.004452037382541886,1.9820102088271734,1.9820102095702616,3.749164632370304e-10
740,256,-0.308505330974722,-0.4307986323554484,-0.4779244891567269,-0.3269670516764779,0.5671425581389706,0.5671425581391182,2.601614670866024e-13
741,256,0.13910533156863117,-0.26753272870318595,0.2558178220962687,-0.3254243774477835,0.29909394658533567,0.2990939465853408,1.707498921854179e-14
742,256,-0.5639620189896485,0.24864969912923346,-0.6464775340626039,-0.06196396793238134,1.0276092154835852,1.0276092154885312,4.8131561104943e-12
743,256,-0.289480401401886,-0.2921570689848374,0.6362073273104107,0.06805436987640642,2.2967821867572256,2.296782189856107,1.349227459897178e-09
744,256,-0.5490118015229445,0.009707471545698731,0.4991207466384424,0.4680194792398464,2.7743679809507755,2.77436800564331,8.90023776700357e-09
745,256,-0.2762735890786101,-0.48068376260131784,0.032591015596562765,0.45957187148698914,2.205053708297443,2.2050537103539547,9.326357185601877e-10
746,256,-0.19505295783232174,0.42727255810189596,0.6186865044646913,-0.3492463393281061,2.710980609918761,2.7109806287543896,6.947902372840519e-09
747,256,-0.21190079667319406,-0.11160484649507676,0.3059370328407914,0.5700632001153535,1.975414875184292,1.9754148759049734,3.6482539618334487e-10
748,256,-0.569600946218386,-0.1881148328448352,0.3383326644893456,0.6120050818396549,2.988619110902766,2.9886191720538466,2.046131620471642e-08
749,256,-0.21557916237315525,-0.6522671563307122,-0.5781557342802458,-0.46582593013476076,1.5234091949348811,1.523409195015067,5.2635797538939966e-11
750,256,-0.34315340521171145,-0.3317356034135658,0.5847437804729906,-0.27109683018877484,2.2573036027672906,2.2573036053662663,1.1513629350219815e-09
751,256,0.3187692124904173,-0.13967865620679173,-0.3736308993149933,0.4682416228993608,2.0668659840458274,2.0668659851445867,5.316064583980907e-10
752,256,0.3811644858623722,-0.23086117958682797,0.06196676557590446,-0.3963802659411613,0.8510452713836887,0.8510452713852099,1.7874813943423617e-12
753,256,0.6286461462177548,0.052269082204322505,0.555296640861406,-0.3741782889597271,1.3876337398997327,1.3876337399391474,2.8404248612375537e-11
754,256,-0.08940038730178841,-0.042102630027275656,0.44017654313526267,-0.29023479874879904,1.2916250077002196,1.2916250077235996,1.8101201580639133e-11
755,256,-0.1536368340156249,-0.6936211973754236,0.3600862147897486,-0.1104528564969302,2.0218055212828503,2.02180552217611,4.4181286431172167e-10
756,256,0.7311201483951315,0.07992772413146473,0.06452610504534864,-0.4777914408933484,2.349448538943463,2.349448542857307,1.665856413005812e-09
757,256,-0.2995239946173197,-0.4063650374731547,0.5385324308468152,-0.2666829922301498,2.0718332074427344,2.0718332085667654,5.42529720244429e-10
758,256,-0.4795005337534613,-0.15172860864179846,0.6427285335455376,0.16912379141369743,2.707974674866726,2.7079746934614923,6.8666691545743964e-09
759,256,0.2939894831595781,0.5683575505729839,-0.06363947908018901,0.3412587696251334,1.1167372363310581,1.116737236339607,7.655282779237681e-12
760,256,0.08631238557052799,-0.1845815774286157,0.25237299155867066,-0.5301050139436613,0.9332044931410183,0.9332044931436996,2.8732176564510382e-12
761,256,0.6302320201178482,-0.09141323271674136,0.1380122461149563,0.4863979931785222,1.9553925507619976,1.9553925514185773,3.3577896124157625e-10
762,256,-0.4760698166991642,-0.08957337487676242,-0.6335961485503855,-0.029741183185076292,0.4932823588444145,0.4932823588444837,1.4021765261620288e-13
763,256,0.033804851134150916,-0.5020364133222266,-0.2922485700041229,0.0870637352807282,1.4934709647529594,1.4934709648216966,4.6025158671221574e-11
764,256,-0.5114416521792494,-0.39713245696908345,0.06749343238788783,-0.2087403212365549,1.494674630074925,1.4946746301440907,4.6274809794326604e-11
765,256,-0.22133292962805334,0.5205980615503523,-0.07822224321785189,-0.1617444771697117,1.556853266594139,1.5568532666892365,6.108313961401001e-11
766,256,-0.32973274835299865,0.14266187373749623,-0.33525932929056956,0.5830661339880623,1.2018480875870297,1.2018480876011177,1.1722000637337869e-11
767,256,-0.40821693033861645,0.5767920834266018,0.3125401228288202,0.028407902507467137,2.2148102662975027,2.214810268446152,9.701279117273236e-10
768,256,-0.4347372524708071,0.2753092971477605,-0.42816581188460523,0.40743359817606545,0.38023308740388223,0.38023308740389966,4.584162205773623e-14
769,256,0.19004246006935896,-0.44650986782143065,-0.715948886342011,-0.1325058711577076,2.4978119340553473,2.497811941559508,3.004293776468272e-09
770,256,-0.6905869386308586,0.041945046176729714,-0.24105084213714958,-0.6596637942304232,2.5203339710571178,2.5203339793340325,3.284054734103112e-09
771,256,0.2979564732684444,0.04681212282414873,-0.30921972795627356,-0.5839528695855405,2.0617516383288903,2.061751639402203,5.205828529465458e-10
772,256,0.5859857168578839,0.38671185173949174,0.035648599359525315,0.1675265166958713,1.5338733866275083,1.5338733867121037,5.51515154381524e-11
773,256,-0.015188441109207501,-0.5790113460543167,-0.560845002091617,0.3200415121124536,2.5910883354444247,2.59108834669175,4.340772616465305e-09
774,256,-0.2542575420203727,0.5421956565432783,0.19375676907116035,-0.4279137364657891,2.402135393920609,2.4021353988577183,2.055300213500156e-09
775,256,0.6021058563912266,-0.1321411547407122,0.3990984354979306,-0.5956600242496937,1.6501521981972629,1.6501521983490888,9.200720113164045e-11
776,256,-0.032939207743215994,-0.41481631956258114,-0.6075927856943906,0.07292632765152232,1.8299185869514123,1.8299185873149353,1.9865528012035341e-10
777,256,-0.07945992864858738,-0.46059997116019225,-0.4331649492119677,0.027082353095501208,1.3965533490143585,1.3965533490556947,2.959877456255249e-11
778,256,-0.6164168452354408,-0.23471963997670606,0.5856800444039616,0.3534034109042441,3.25010379524656,3.250103977513856,5.6080453857944656e-08
779,256,0.6493092081887063,0.013585634798574856,-0.17900594877069462,0.2517302814370133,2.02131518118449,2.021315182075732,4.4092171046150436e-10
780,256,-0.28297817496528854,0.2712859847487013,-0.32792654314151704,0.5294348305431678,0.7128941877188885,0.7128941877194229,7.497064406777033e-13
781,256,0.13415270280533834,-0.16987239621654734,0.4498872341444741,0.0625360217861214,0.8734642170148127,0.8734642170165948,2.0403010958124675e-12
782,256,0.4047981284755848,0.3057968076684765,-0.6250773472965166,0.3021572118778092,2.5612649617981615,2.5612649716839435,3.859726392332436e-09
783,256,-0.3771053129642994,-0.5405083427147577,-0.6124672839795561,-0.0151010506232259,1.7179006408121675,1.7179006410240045,1.2331155094736622e-10
784,256,-0.40939600515332925,0.20597105818358039,-0.2749889500088786,-0.3476622232061549,1.3299569046473827,1.3299569046762478,2.170381040586607e-11
785,256,0.6631831335202895,-0.20322339032689962,-0.6490908034603672,0.10260316201764565,3.280783792207926,3.280783999204857,6.309374352646117e-08
786,256,-0.3073500968405009,-0.04411280948384089,0.47369112906168287,0.4676202388101242,2.1766436738521775,2.1766436756617336,8.313515355261194e-10
787,256,-0.3740307630081622,-0.5800804671614599,-0.0493941395848975,0.496959931578403,2.6953989114376156,2.6953989290571028,6.536875535496457e-09
788,256,0.36284274266782285,0.5520532991094349,0.08200750614000848,0.15670215145797584,1.2330276596426644,1.2330276596594991,1.3653185863227001e-11
789,256,-0.5119899130157183,-0.1963365164264418,0.13705054902681393,0.5775664874334465,2.3904641833229703,2.390464188012998,1.9619737264014433e-09
790,256,0.5419282579133629,-0.22727141726170952,-0.11433774560519329,0.595906918053184,2.5367681981295256,2.53676820701898,3.5042439086032304e-09
791,256,0.10768514355681755,0.20225614010194626,-0.32754496816387796,0.27822296927495976,0.9672046918655881,0.9672046918689454,3.47115192337491e-12
792,256,0.46646837517655604,-0.2440157683632462,0.6528169267987484,-0.22902727433335912,0.6000082493718937,0.6000082493720952,3.358378475302761e-13
793,256,-0.2936278140764521,-0.23571571221122534,-0.31438170800593646,0.44090838907785596,1.571580610290702,1.5715806103931655,6.519779672436096e-11
794,256,-0.7066754652223892,-0.12152577057325811,-0.12653089144605636,-0.5072484309206083,1.9964722540869984,1.996472254881599,3.98002329312466e-10
795,256,0.5060713841566983,-0.46471908852356414,-0.2945606641117975,-0.39159129420840877,2.1192223268604367,2.1192223282556704,6.583706148538908e-10
796,256,0.24318197374240277,-0.628743059424089,0.4643374319633425,0.42121190838173683,2.7628287964128693,2.7628288199199775,8.508347781250614e-09
797,256,0.1535294698486645,-0.3145932223488412,0.21619459333590024,-0.5444305798051192,0.617717104071546,0.6177171040717829,3.835438453839015e-13
798,256,0.4558407695150096,-0.15820193069513924,0.6655894708934491,0.03556775090327834,0.8489368780280587,0.8489368780295575,1.7655035633808613e-12
799,256,-0.016268502592258597,0.6311872679535104,-0.6482524068417864,-0.10648884672261145,2.562226364825422,2.562226374752461,3.874380063706262e-09
800,256,0.06310229499786096,0.09845835815465041,-0.3025852315091541,0.665841938885534,1.757980531778904,1.7579805320362674,1.4639722068661934e-10
801,256,-0.21720877923759588,-0.6373029326984273,0.6815800162867534,0.150025466395383,3.1055462748465903,3.105546374680358,3.2146926525560623e-08
802,256,-0.13005089560601812,-0.6049381996280969,-0.37023730238436847,0.4342833331815505,2.5539235729201604,2.5539235824963957,3.749617044840912e-09
803,256,-0.4862768605095886,0.5458712702491287,-0.07526232149030916,-0.6783489663637278,3.3599587275450524,3.359959014761967,8.548227463079158e-08
804,256,-0.2607391868897544,-0.14429095325387042,-0.6384686648262946,-0.35969891694869915,1.2549717751062055,1.2549717751252614,1.5184300055715222e-11
805,256,0.04008448056134344,-0.7200667240202917,0.26292475239709756,-0.13243842975597944,1.690090958084677,1.6900909582695596,1.0939207314645624e-10
806,256,0.06270716864282276,-0.06478776744644812,0.006892319603022745,0.5692819339117127,1.4298728186530636,1.4298728187023855,3.44938929324068e-11
807,256,-0.01848871720405049,0.5261760651529301,0.3012457770753466,0.6076530284928892,1.0124633093663618,1.0124633093708562,4.439079230535602e-12
808,256,0.08885315073441996,-0.5410005202363709,0.19165678640525088,0.25183718894714974,1.7736792917067892,1.7736792919844186,1.565274377748217e-10
809,256,-0.07160778770070485,-0.46154846026914553,-0.3041562961095598,-0.5479657740733357,0.7053932443222068,0.7053932443227099,7.13137043070235e-13
810,256,0.46397435965450423,-0.2709544373505239,-0.7130077145783846,0.07204905590981248,2.961302914552791,2.9613029690627273,1.8407416496488763e-08
811,256,-0.2608492645532359,-0.4341246513287355,0.3911770777341677,0.0946311792262005,1.8511528376496065,1.8511528380517657,2.1724796929520828e-10
812,256,0.4884277961577215,-0.2626798619974291,-0.6234452604223576,0.2744729242952844,2.9112375999852245,2.911237644117899,1.515942031116409e-08
813,256,0.3215033842521093,-0.05814549215752677,-0.6848193280378924,-0.005552481338133623,2.348329380228645,2.3483293841231725,1.6584246656600038e-09
814,256,0.04090176873079028,0.6302508176412625,0.18815047994529988,0.47038566121197295,0.6393498814245027,0.6393498814247902,4.497502411938282e-13
815,256,0.07777127086772408,-0.3909125772852795,-0.4171686212129243,0.36110329370376054,2.0023040335926403,2.002304034408974,4.076971596895167e-10
816,256,0.5459709643132206,0.35552754298443173,-0.18669146314345716,0.32444356166523436,1.8221179102696996,1.8221179106199443,1.9221847287693693e-10
817,256,-0.32774034634631993,0.5622357490926533,0.35617572192391345,-0.5385843180657971,3.0883859645300187,3.0883860574520434,3.0087568655159007e-08
818,256,0.4935734416449601,-0.07182632233785054,0.2691701901007958,-0.18423283890280198,0.6034547979725157,0.6034547979727235,3.4440649226438846e-13
819,256,0.0904942413601612,0.24100258312376652,0.5803481879804752,0.37859872919345045,1.3546331098811222,1.354633109914128,2.436513625595476e-11
820,256,0.19368137307567213,-0.5586494985012339,-0.26727359748409146,-0.3581745677417923,1.2999778929571746,1.2999778929816597,1.8834997704453073e-11
821,256,-0.22776190499086424,0.3018385054361022,-0.4006468510105726,-0.17590361344452624,1.1553396719207136,1.1553396719314633,9.30429697420476e-12
822,256,0.06925909745434893,0.43321385486571623,-0.2517970313453904,0.009675511303094656,1.1567200126004158,1.1567200126112533,9.369210318076097e-12
823,256,-0.02110082168160127,0.14919267615895904,0.16538958703326265,-0.28066887778001626,0.9648061839845324,0.9648061839878376,3.425697304985431e-12
824,256,0.1540308628664677,0.10570124047398877,-0.08251172582546612,0.3283432940234027,0.689112036210192,0.6891120362106317,6.379925101430982e-13
825,256,-0.6299464749644412,0.11531764998517816,-0.459524017159045,-0.39855443617127717,1.6000118321455636,1.600011832263803,7.389908991975312e-11
826,256,-0.0027106556910311106,-0.706018317481319,0.2910328318799568,-0.07715326636588168,1.801762266537549,1.8017622668553004,1.7635588593686476e-10
827,256,-0.13156194645588962,-0.4464247433353528,-0.7325036290278222,0.06044161403991251,2.168958013926713,2.168958015674576,8.058536551679416e-10
828,256,0.2730205133009517,0.5429960908761909,-0.5007348556424785,0.5294056395883323,2.302555736131156,2.302555739310589,1.3808278823841237e-09
829,256,0.20402880973401996,-0.5245074856741111,0.4304528651582872,0.4532188312183034,2.450244189134258,2.450244195231168,2.4882867246219777e-09
830,256,-0.4410963356124775,-0.12005014229096067,-0.3456299401760421,0.3666491862102246,1.2150630258859374,1.2150630259011344,1.2507132948592137e-11
831,256,0.38095663362980525,0.1492427702104577,-0.3802979588053443,0.4677260410383178,1.9453198890392516,1.9453198896656987,3.2202781657283933e-10
832,256,-0.5238739092699689,0.2597394049975707,-0.5773550304950285,0.03308186230820975,0.6899936472037325,0.6899936472041753,6.418435391655288e-13
833,256,-0.2582575382679193,0.22043911398195504,-0.20730400452592396,-0.344304487891354,1.236445166496405,1.2364451665135687,1.3881590855124993e-11
834,256,-0.5268644908781954,-0.4486512194139818,-0.11003252675187306,0.6666702140317142,3.0900510562472006,3.09005114981863,3.028151560227542e-08
835,256,-0.2501520727934805,0.6133230191301077,-0.5505543654924492,0.18787266174858036,1.5496094030327867,1.5496094031244472,5.9150684567912e-11
836,256,0.5869811001972619,-0.2208130283409515,-0.2668421461647736,0.13620406774100918,2.0893770439975055,2.089377045215381,5.828893265876162e-10
837,256,0.5361082021795209,-0.4218251666690758,0.6699810550822856,-0.21732284879260066,0.9100859128046547,0.9100859128069491,2.5210662756218566e-12
838,256,-0.5103543881438098,-0.4111406462980029,-0.05022124650687106,0.00533319286378044,1.5006284990286416,1.5006284990999663,4.7529900938824815e-11
839,256,0.04547878304281211,0.5170615071315555,-0.09868110095465406,0.4168060683088467,0.45086474597417814,0.45086474597422077,9.455732462180057e-14
840,256,0.5119870750354767,-0.2899479906140898,0.10547166444935085,-0.12436966848034786,1.0513509939612564,1.0513509939669938,5.457178981721983e-12
841,256,-0.3516976788936028,-0.43143124753126894,-0.1440802478099947,0.42302664368551113,2.0102951804879834,2.010295181335032,4.213553619697966e-10
842,256,-0.32165543039793404,0.028714399056035296,0.44597400963803524,0.22041553182782225,1.7109491551635012,1.710949155368269,1.1968079687643114e-10
843,256,-0.13600293468437413,0.17030935014393406,0.15900307524062102,-0.5619551381405251,1.7577946104012339,1.7577946106583653,1.4628070068025594e-10
844,256,-0.1750341958462598,-0.6901188212494557,0.2435441175905681,0.2767183179968876,2.5127679315991402,2.512767939608143,3.1873229093618935e-09
845,256,0.5853699600717251,-0.08282653955845458,0.27425806015625565,0.2806085354495363,1.2138717407567636,1.2138717407718576,1.2434531262404093e-11
846,256,-0.5186931117977307,0.18609295895492903,0.5547264271324385,0.06560527645972065,2.4558447267705983,2.4558447330187256,2.5441866420668915e-09
847,256,0.6315111342591452,-0.3614095476593016,-0.4835787394479766,0.014677901681664707,2.8513544231746772,2.851354457427235,1.2012732405586194e-08
848,256,-0.29822783333102404,0.47437744263908965,-0.012687227684616064,0.16786083613183184,0.9857774268232543,0.9857774268270423,3.842621909010033e-12
849,256,-0.3754783441841301,-0.27974086739181314,-0.18389112548539913,-0.43092959045570395,0.6155246132144502,0.6155246132146827,3.776952153747765e-13
850,256,0.4147622521323001,-0.5047651639784777,0.26814135966329716,-0.402405274057066,0.5333252563087039,0.5333252563088092,1.9755330127463884e-13
851,256,-0.09820981272056688,0.4123174634303642,0.2984879548238598,-0.5959004782198817,2.5027676290509713,2.5027676367188585,3.0637631416771076e-09
852,256,0.27239428819240835,-0.12052909143774419,0.3550321740062417,0.2544617344881749,0.8669214041338863,0.8669214041355885,1.963492807120039e-12
853,256,0.1320675890783228,0.4774237750913228,0.23206599365424743,0.23846345589697288,0.6223373815348621,0.6223373815351091,3.9693039548719367e-13
854,256,0.13648966459922982,0.013089476456239856,-0.12311194229508084,-0.2082636503179049,0.6957943289662347,0.6957943289666998,6.684050238041634e-13
855,256,-0.17236415337505262,0.20430584449038489,0.1469004860909546,0.13331017311835386,0.6794458541890541,0.67944585418946,5.973949731246976e-13
856,256,-0.3484782891255,0.051030288658912404,0.028824823421693076,-0.5122577330513991,1.533218488256757,1.5332184883410698,5.4990713734838105e-11
857,256,-0.24426847833153353,0.291809703594702,-0.6944448854089934,-0.2026932918849995,1.8289947121866001,1.8289947125485255,1.9788213500253887e-10
858,256,-0.5173686111168623,-0.3073476815415575,0.16549084156392443,0.6052847189948086,2.732655157760341,2.732655178425881,7.562439734580118e-09
859,256,0.2505073220217699,0.18204166577703917,-0.36644652388088417,0.09559462374414743,1.3182776569495498,1.3182776569766277,2.054035835216616e-11
860,256,-0.05445285769461487,0.2848156688022385,0.3982305199975256,-0.5425688444241927,2.196109977110864,2.1961099790862963,8.995142696870927e-10
861,256,-0.44808612285357924,0.012973584735691364,-0.23904277771361013,0.5242120159081542,1.3958211843690689,1.3958211844102444,2.9499127760193635e-11
862,256,-0.398410913364818,0.13470816779470665,0.01983807171111376,-0.025400133918107855,0.9514657847099329,0.9514657847129605,3.1820147784670993e-12
863,256,0.08801028424419619,-0.18126033729237487,0.5986932877969338,-0.346349026949967,1.4001655403083835,1.4001655403505235,3.0096490735374784e-11
864,256,0.20622793503299514,-0.34179587341889434,-0.4856932836028203,0.20601958522293778,1.944820200599304,1.9448202012242921,3.213603299222588e-10
865,256,0.3563651651144702,-0.6589699658727044,-0.2954428529033594,0.6732418959538069,3.8204169031699604,3.820418792771722,4.946061672381401e-07
866,256,-0.0856679979946749,0.013802266552359362,0.5102240568459504,-0.01970697364040696,1.300035728746345,1.3000357287708384,1.884047933335633e-11
867,256,0.596261994570981,-0.061210212982323216,-0.23588832934293402,0.6390730666032736,2.754618691398779,2.7546187140967255,8.239959564718322e-09
868,256,-0.37911835604994376,-0.47979864990099624,-0.5818672070131035,-0.031425653964067914,1.410628308891159,1.4106283089357088,3.158145698887012e-11
869,256,-0.24657392963442656,0.3209130474040287,0.15355424611844562,0.30242332923970217,0.9005221232481746,0.9005221232503238,2.3865818235729106e-12
870,256,0.7084994072230485,0.1045826421483306,-0.4012903363746959,-0.015357829347302624,2.648230101651669,2.6482301160408936,5.4335250058639256e-09
871,256,-0.38284893937458764,-0.32060443897023116,0.04678860945534454,0.450501695539249,1.9576371889102888,1.9576371895737719,3.389203321432733e-10
872,256,0.33345092596252934,-0.386644420058899,-0.13237062564317656,-0.14453343670528612,1.1762795196768654,1.1762795196890163,1.0329982552659306e-11
873,256,-0.3741696641984016,0.5948590622910851,0.16380831212050562,-0.0059780146815077845,1.9660205784360343,1.9660205791259215,3.5090541065463214e-10
874,256,-0.39192013751854343,-0.2979172035816353,0.5509543568854264,-0.11171758221514495,2.1993324954575275,2.199332497461809,9.113136070569246e-10
875,256,0.22493219516229168,0.037058962221342674,0.09788159983683949,-0.3067094049928339,0.775563832456983,0.7755638324578564,1.1261644972608426e-12
876,256,0.0467566735692606,-0.6728487250983763,0.24613617076385183,0.5106283018109898,2.8631763748371535,2.863176410849776,1.2577856878893088e-08
877,256,0.09596719512255905,-0.6107516560403305,0.4663964074409415,0.2620605856199918,2.3081258398371074,2.308125843096184,1.4120012470408137e-09
878,256,0.3240795558563146,-0.42352441349164366,-0.06105720223694517,-0.5818928574300697,1.1496589816242664,1.1496589816346627,9.042986323219666e-12
879,256,-0.03661258232385262,-0.34375148324399724,-0.32905121527340125,0.16962674977799638,1.2687767334339208,1.2687767334545097,1.6227334096319076e-11
880,256,0.38272969054450984,0.018625153836719175,-0.5716313382757338,0.21617694241491267,2.1968716671539235,2.1968716691361387,9.02289974622256e-10
881,256,0.25731507374873885,-0.33357483238730123,-0.3714449148860288,-0.5133398435113783,1.6649976491528207,1.6649976493162157,9.813531888822864e-11
882,256,0.14046114310756236,-0.19810930167083202,-0.45818513530692845,0.2502405150279779,1.6236441283164174,1.6236441284494962,8.196308472234636e-11
883,256,0.012772136564669712,-0.27060435248736686,-0.14723183221490138,0.28190958568935615,1.189243887059137,1.189243887072237,1.1015373464863272e-11
884,256,0.5473253956639785,0.20925190227734772,-0.06844559398264917,0.43949935759986797,1.6263688681592068,1.6263688682941069,8.294556895350528e-11
885,256,-0.3553819277985881,-0.17087885426781751,-0.4335174233999849,0.2797450268340076,1.1048806165127971,1.1048806165207579,7.2050708979742684e-12
886,256,-0.003629785936574741,-0.46813503034552495,-0.6719587040431112,0.1638878518471461,2.3235355469644325,2.3235355504541193,1.5018865393907223e-09
887,256,0.031082870881360202,0.643562743886204,0.046828049185551064,-0.6608315716738573,3.1222549673562785,3.1222550744070894,3.4286376994097105e-08
888,256,0.1559091619057507,0.0955718675612112,-0.4982253947555621,-0.43557082060124824,1.9582175973133091,1.9582175979785876,3.3973675850410616e-10
889,256,-0.02180060841880896,-0.7360509587772305,0.4308546635054122,-0.5917474690935098,1.8057821092716704,1.8057821095956001,1.7938474981653968e-10
890,256,0.04802960486939687,-0.006350626922618831,0.414973302313787,0.4870805091078759,1.4670863879958165,1.4670863880557585,4.085788799691853e-11
891,256,0.30452484643573413,0.3254044098520206,-0.5204230735007679,0.5323866201757465,2.3026584172232725,2.302658420404156,1.3813961865818258e-09
892,256,0.12100792147408333,0.11893823512456389,-0.623204456858319,-0.3870126575572032,2.209617287268274,2.2096172893673938,9.49992361549074e-10
893,256,0.18416215482537934,0.5756844296259024,0.26962769391269664,-0.4488931771712888,2.405941400106836,2.4059414051272348,2.086667099687036e-09
894,256,0.711203076868742,0.1181564142586006,0.4820157298373817,-0.2739832443956173,1.4458570880457609,1.4458570880994077,3.710385014664005e-11
895,256,0.5443905324415814,-0.3466454691604839,0.3485031615439446,0.31044439359676806,1.7838321375143202,1.7838321378058601,1.6343460642889233e-10
896,256,-0.3050219696353007,0.4810392547695407,0.43493848060484513,0.359030011059017,1.907308400952307,1.9073084014765989,2.748857725010875e-10
897,256,-0.012598897553485503,0.7033672271669638,0.1749079220350353,0.0979804882019303,1.6328606530000422,1.6328606531393752,8.533060634075646e-11
898,256,0.0839555037108797,-0.33437702062213664,0.49583203378638047,0.242151905036847,1.6252792720340055,1.6252792721681744,8.255128858304205e-11
899,256,0.10697935789795833,0.45224381663705626,-0.4264888279502523,0.11957354184975619,1.4527378672013351,1.45273786725695,3.828278130375887e-11
900,256,0.02474221237089503,0.49647717409698916,-0.08685087517482883,-0.7240753130205019,2.944138803950542,2.944138854656964,1.7222836811959416e-08
901,256,-0.1377301535802161,0.20199437768066952,-0.27882897467833745,0.3217797897564552,0.4188466418262258,0.4188466418262546,6.878481193834147e-14
902,256,0.1469342676650087,-0.3646037987038287,-0.45287725715125027,-0.2750047453008432,1.4303123484519662,1.4303123485014024,3.4563242734091586e-11
903,256,-0.029047126351140116,-0.6234926919174111,0.20143068101954656,0.3297785519282062,2.2302119048955467,2.230211907197868,1.0323330440255048e-09
904,256,0.367766888347902,-0.00013451349406004714,0.3534406144297365,0.30711749430905366,0.7322083400008155,0.7322083400014394,8.521418095820147e-13
905,256,0.44103652758986217,-0.4345072548348575,-0.5136806149765241,0.014460783933716283,2.461715912503824,2.4617159189144133,2.6041142115938943e-09
906,256,0.25070013310653183,-0.03695950592477101,-0.17293948162048833,0.052790143544354164,0.8814949293467305,0.881494929348615,2.1378370983884442e-12
907,256,-0.37179017490724764,-0.3974841527145925,-0.35963778587817674,-0.4548310019049966,0.17132235258135628,0.17132235258135653,1.458071155204555e-15
908,256,0.24239506096125746,-0.467205798033704,-0.19434402692697383,0.3097850218776547,1.93583773343948,1.9358377340387822,3.095828504107827e-10
909,256,0.04441542809427703,-0.428246869013494,0.06439453523775533,-0.19536326100756032,0.5232694057949367,0.5232694057950318,1.816179005603025e-13
910,256,-0.5309571426563207,-0.11180952147581684,0.1626800166071709,-0.3255814302656409,1.6586650122454212,1.658665012403782,9.547490228332568e-11
911,256,-0.32209856699030276,0.4903994361973941,-0.06521220661088947,0.6045744247411344,0.8488489522817702,0.8488489522832681,1.764640105636884e-12
912,256,0.21727201233333615,-0.019583204946132252,0.0796219058209288,-0.38479701594333493,0.8444989599164728,0.844498959917925,1.7195660209615122e-12
913,256,-0.12567319227169782,-0.43455616472233344,-0.26281525204952916,0.2075218565678343,1.4359997180329398,1.4359997180838793,3.547317887376346e-11
914,256,0.09377387003276293,0.3699382886177638,0.47879240397092443,-0.5543246579573241,2.4885531376710532,2.4885531448784417,2.8962164217923316e-09
915,256,-0.7291474857408238,0.05891188861575235,0.08098935559385234,0.12274539544036776,2.0383242109417976,2.038324211905658,4.728691057869719e-10
916,256,-0.6900142007161695,0.21959334962268304,-0.1807079962501947,-0.2799175369460335,1.8967048773815203,1.8967048778803062,2.629749664370822e-10
917,256,-0.4086041436349021,-0.25661257583158076,-0.21919734193434084,-0.15835870704240979,0.5008190155362054,0.5008190155362803,1.4941332005858306e-13
918,256,-0.18470009431412424,0.44185597992365955,-0.11355384566489068,-0.1212376697698759,1.2318990585010292,1.2318990585177563,1.357827499159379e-11
919,256,0.29749994445063405,-0.2305483968073118,0.38500023952178164,-0.4647471513605754,0.6645700370504781,0.6645700370508357,5.380965380547255e-13
920,256,-0.4731985985660846,0.08894481741945888,-0.7277863619878298,0.1787609357706232,0.8997806371766924,0.8997806371788307,2.3764565018175086e-12
921,256,-0.015764681907120794,0.2094139387217599,-0.3970329545464143,-0.15390612715732935,1.1296502294945927,1.129650229503827,8.174557742314347e-12
922,256,0.6483698940629519,0.040507075343837094,-0.5476227869929857,0.3560206545872924,3.0164269086196054,3.016426977350532,2.2785543561942287e-08
923,256,-0.034141508019286636,0.6358796708425881,-0.6327280238425157,-0.0356570240687067,2.3986998410067533,2.398699845869841,2.0273848470611497e-09
924,256,-0.10313106142491167,-0.47357574530059976,0.7199877924913862,0.16968853210183002,2.676292117472262,2.676292133705409,6.0655364057085395e-09
925,256,0.3294339414185333,-0.28088050349397886,-0.3224851540609266,-0.037642841476413044,1.490406355437327,1.4904063555049836,4.5394698422092316e-11
926,256,0.26168300265024375,0.2626140770472969,0.06621330019542784,0.22908726792226422,0.43630059132653987,0.4363005913265758,8.231873978768794e-14
927,256,-0.03528066266410848,0.4916765093176951,-0.41233732510185545,0.4736603078163908,1.0640940461577544,1.0640940461639625,5.8342071657250666e-12
928,256,0.48013341339946475,-0.2756285869449228,-0.1151311980950456,0.7256957986161178,2.9422350288550234,2.9422350791560503,1.7096196057072196e-08
929,256,-0.21525753557500824,0.4048949064408809,0.4639982032362761,0.3189826244838412,1.6653348268923434,1.6653348270560109,9.827904955511178e-11
930,256,-0.4361592685045799,0.0988941514559567,-0.5211166703615536,0.5306910633534947,1.36395444166123,1.36395444169594,2.544807332391967e-11
931,256,0.5070094927003217,-0.05024549400014334,0.6085588769709793,0.15443296103198353,0.6697255649060355,0.6697255649064092,5.579913470098145e-13
932,256,-0.6484474875848949,-0.2602656769691007,0.4315074310272316,0.03696441234357472,2.638964402747327,2.638964416574136,5.239482964099233e-09
933,256,0.5326891160034285,-0.026865687007122035,0.3518405639125697,-0.23120314652865448,0.6970881958918074,0.6970881958922771,6.738535589717685e-13
934,256,-0.12003755178488501,0.3783494748871768,-0.30932649899210063,0.5397355786537859,0.6791630139249103,0.6791630139253151,5.960090677480359e-13
935,256,-0.699244532335957,0.13607127636168903,0.6823738236922127,-0.17312237424217486,3.5335201824451854,3.533520769076759,1.6601902444331963e-07
936,256,-0.0014249240628509113,-0.5223646725988476,0.031900431532627824,0.5906643755446236,2.5186395711073026,2.5186395793234664,3.2621435173197748e-09
937,256,0.3304945412228784,0.5685754974040595,0.6438569553288535,-0.03724976494131001,2.012320737495489,2.0123207383504993,4.248876776268676e-10
938,256,-0.3927631011656529,-0.07014179436814579,0.5507146927017694,0.0658346073231788,2.09433420810908,2.094334209354819,5.948138853071104e-10
939,256,-0.102032209317191,0.06897735701753628,0.2729732072672028,-0.13890082021646838,0.8791529241479897,0.8791529241498441,2.1093093898636032e-12
940,256,-0.1857225428817474,0.7114159786470765,0.45239637600065397,-0.22421611729268368,2.8290831282244313,2.829083159388297,1.1015535527860323e-08
941,256,0.3426286434026882,-0.5578847709465209,0.28678439110474035,0.3274316581383082,2.1611770622315656,2.161177063919051,7.808176813117756e-10
942,256,0.05475380744284353,0.6037560517163152,-0.08261920519363226,-0.4998125889279331,2.5210302373818223,2.521030245683827,3.2931000740280902e-09
943,256,0.5772786485130091,0.20469845913108536,-0.534066580194623,-0.35938225501122134,2.940562052859962,2.94056210280738,1.698567037847237e-08
944,256,-0.6611623785768259,0.050498496954080645,-0.5163093423139768,-0.1863718064463585,0.8606914030546264,0.8606914030562557,1.8929575488440327e-12
945,256,0.13440315296461328,-0.48489567074563555,-0.20983468821755386,-0.13242452230273516,1.1179077762196228,1.117907776228232,7.70109449570729e-12
946,256,-0.6842045538797733,-0.10167447121102395,0.575245475879298,-0.13385365112603193,3.027559910161167,3.027559982180246,2.378782956633441e-08
947,256,-0.4220680637223115,0.40702354298542015,-0.37388836038607465,-0.4280901807038874,2.1015385025162843,2.101538503803621,6.12568792911579e-10
948,256,0.11870100244460212,0.5436184525495498,0.08272461143932903,-0.6992974763206438,2.98154525887826,2.981545318236639,1.990859569349735e-08
949,256,0.41102871930406404,0.6240293361153217,-0.07778713487578,-0.3671816523583222,2.695245285542255,2.695245303150145,6.532945222951229e-09
950,256,-0.6522024613304028,0.34781989093969046,0.05126827576386716,-0.4184240330176271,2.604775719457606,2.604775731389832,4.580903371027517e-09
951,256,-0.4728295765237671,0.28150864131250847,-0.12161971591681692,-0.02218911233718881,1.069094768654001,1.0690947686604033,5.988442074095886e-12
952,256,-0.1539247025173276,0.2592192949172073,0.3299342419716861,0.3400945190604295,1.1105674289656395,1.1105674289738776,7.417898879851329e-12
953,256,0.5493386628573763,0.4938101415953758,0.4309449914874443,0.17083237834700526,1.0961715086240038,1.0961715086315562,6.889800626906851e-12
954,256,-0.7175796698247234,-0.1645557002345237,-0.3543921079441863,0.07973130006291528,1.2957821739450992,1.2957821739690236,1.846330230752663e-11
955,256,-0.6265355472965546,-0.19418023770525988,0.06665300710433429,-0.13986449710368573,1.6655547104909123,1.6655547106547581,9.837312744140859e-11
956,256,-0.17995416950565926,-0.40766480382441983,-0.0044819738949101965,0.4585501159869167,1.9153786635138899,1.9153786640584292,2.8429851126110444e-10
957,256,0.21973394391454434,0.5993121581378037,0.4647201757658191,0.07837149438739355,1.5393041485686816,1.5393041486556556,5.650214329090688e-11
958,256,0.37020648991059646,-0.32637076048633057,0.2584396161088093,-0.3559692576311174,0.29498722848154646,0.2949872284815511,1.580724944408011e-14
959,256,0.35613049570361965,-0.6055947437417253,-0.014286077057908615,0.5530692546869772,2.9333088559270966,2.9333089043695786,1.6514620316183473e-08
960,256,-0.5738493131795378,-0.16218484289451443,-0.03151245442112415,-0.7319774372704762,2.321811662342348,2.3218116658054666,1.491558827480219e-09
961,256,-0.1254796192035727,0.5128576263956778,-0.010433980685745919,0.6883171928078257,0.6686906594111808,0.668690659411551,5.537080165565998e-13
962,256,0.5490779375702878,-0.2136833391406525,-0.3138247614622423,-0.25193889525071506,1.9903179827693223,1.9903179835415938,3.880141699488302e-10
963,256,-0.5991113032457615,-0.3794045680613828,0.1673048083850916,-0.2005358478786928,1.9754605089308273,1.9754605096516622,3.6489463799897504e-10
964,256,-0.2818833698908811,-0.5927082215552928,0.5357395646346228,-0.3024943253702831,2.343241040388085,2.343241044195958,1.6250454231097695e-09
965,256,-0.3244719100544089,0.3248551640777762,-0.10052191573384495,-0.6299358034296106,2.3145812683821583,2.314581271735975,1.4489950409881002e-09
966,256,-0.4640155906342599,-0.19661398706999134,0.0336364880089758,0.49861224288521616,1.9576818872551456,1.957681887918766,3.389828021662937e-10
967,256,-0.5803273839284205,0.19162673082493833,-0.2666369408444418,0.3717779678308276,0.9873376018183515,0.987337601822178,3.875568670357453e-12
968,256,0.4610716698243341,0.14918847939890237,0.04529964608438955,0.6233488208933655,1.652519376337311,1.6525193764909283,9.295947948905204e-11
969,256,0.11212596298010694,-0.7390735270261282,0.6355628271070136,-0.35261014221149456,2.306243080731499,2.3062430839634414,1.4013883863191725e-09
970,256,-0.24900230283162095,0.06194371726143155,-0.10297347534058991,-0.10124015702262547,0.4540263782024883,0.4540263782025326,9.756679525520345e-14
971,256,-0.6166480205222525,-0.40542084608675644,0.6305581372433116,-0.11437978786940216,3.273750462607086,3.273750663656852,6.141267271923953e-08
972,256,0.1920391529901351,0.04156311805243086,-0.6149539364231682,-0.14339031704497646,1.8857627257333984,1.8857627262071184,2.512086731219313e-10
973,256,0.49396400025919857,0.5193342003273259,-0.1469512636913231,-0.34240927795850734,2.560273308405481,2.560273318248884,3.844668828630764e-09
974,256,0.2868795240113814,-0.04801461819185098,0.22916555197193467,0.16652236493320408,0.4796336314939967,0.4796336314940561,1.238381295999451e-13
975,256,-0.5723023106854312,0.2274004055448645,0.22438097687334785,-0.37290787895663996,2.2832273620410257,2.28322736495853,1.2777984832988802e-09
976,256,0.3134579097743033,-0.2965961456434612,0.15975676916288037,0.03880627233887766,0.8071619740286099,0.8071619740297168,1.3713385803182637e-12
977,256,0.5874713365613419,-0.4580272654332737,0.02238051909497731,-0.13957780559654828,1.7373513923994053,1.7373513926322797,1.340398882228562e-10
978,256,0.5755861256144696,0.011377459736663017,0.3598815990432176,0.28719478204560034,0.9308420084534643,0.9308420084561034,2.8351869897032017e-12
979,256,-0.044925803820122394,0.2166007328874611,0.10510905852604707,0.6183379075903598,1.0764528638732078,1.0764528638799058,6.222265490997388e-12
980,256,0.35891402940653594,-0.6116058809588226,-0.23052133161382912,-0.09097380576993479,1.968878860884651,1.9688788615837705,3.5508503997092066e-10
981,256,-0.6155451034732283,0.21680410567746178,-0.0951475862749679,0.121525152591864,1.3162972749534643,1.3162972749802504,2.034960443982778e-11
982,256,-0.5145200828876604,-0.38918932074870655,0.17390895787705543,-0.5530793477143399,1.9496676511857771,1.9496676518250637,3.278951790831646e-10
983,256,-0.4349368270904239,0.3918333625260839,-0.6582929877097237,0.3062837373661646,0.8337004090807799,0.8337004090821236,1.6117335580839704e-12
984,256,0.14090776016524154,0.47501584688331855,-0.12085552059638131,0.25655277667802245,0.7973525614635936,0.7973525614646227,1.290742381185053e-12
985,256,-0.6412108515086776,-0.05091754305155138,0.3818635267116749,0.22507663590474208,2.4377418504665087,2.43774185623865,2.367823086102418e-09
986,256,0.4850845997504126,0.035939255741989376,0.2829160450867237,-0.46218822631478856,1.3575240019142834,1.3575240019478094,2.469648474807411e-11
987,256,0.5664158386373503,-0.010922442956370034,0.17138690913738633,-0.4532111893766998,1.500525996198332,1.5005259962696191,4.750813951053601e-11
988,256,0.27065542345805343,-0.16092187281979578,0.6588841245014586,0.06714912400539882,1.1941161790986428,1.1941161791121166,1.1283565960580442e-11
989,256,-0.40583172166058834,-0.5492271206285589,0.03440881525923826,0.1035696134085885,1.879503670421203,1.8795036708811337,2.4470862567709805e-10
990,256,0.442161851217384,0.4397546588203709,0.2635188136139554,0.10937996697373617,0.9647163786127511,0.9647163786160542,3.4239447117241126e-12
991,256,-0.6410958356922836,-0.06664204223525429,-0.24945828816717303,0.03928578652634044,1.0481893964166638,1.0481893964222895,5.3670854996364825e-12
992,256,-0.31893327705526475,-0.1425162379224558,0.3242348495482803,-0.6229946249393908,2.0365549015152817,2.03655490247133,4.694438283205431e-10
993,256,0.6929691700601784,0.15822262750754837,-0.13485913386764703,-0.17858394054531282,2.161351170415108,2.1613511721039225,7.813697490521979e-10
994,256,-0.6712647754682922,0.2551410997904809,0.2990233634734269,-0.3240121357642877,2.7096701183960237,2.709670137126268,6.91237074925276e-09
995,256,0.31984538886685726,0.03336662252297119,-0.6299630553941656,0.041924836778819904,2.149013161993107,2.149013163590242,7.431945495026074e-10
996,256,-0.1718840628543049,-0.34943852384862095,-0.12166427460528274,-0.6510456813626492,0.8594597267525155,0.8594597267541304,1.879006498328662e-12
997,256,0.00020775921341945975,0.1673155884001247,-0.6716853191352747,-0.12124250836478234,1.7836513721422018,1.7836513724334877,1.6330875464300411e-10
998,256,0.4537928830394614,-0.02510061347830996,0.06509325810626536,0.6881290324310977,2.109948397405514,2.109948398743115,6.339496940329255e-10
999,256,-0.023103917719432227,-0.6832940752540432,0.3318429385876156,-0.6396454164744566,1.3164116446016194,1.3164116446284215,2.0359981007454435e-11
0,512,-0.4681119404803729,-0.012915358418824829,-0.24860213959253838,0.08214521649839718,0.5539199174691191,0.5539199174691269,1.4230547099397385e-14
1,512,-0.14555893603897102,-0.06207425576251886,0.07355698091980083,0.40621796631914825,1.0943508076080188,1.0943508076084856,4.264973866767545e-13
2,512,-0.35116194026246245,-0.47755049622842105,-0.7076244744747661,0.003613757992813424,1.835740143699594,1.8357401437229577,1.272715828272481e-11
3,512,0.5061564235959839,-0.5049501100740283,-0.052857144540530115,0.3217350737202434,2.4004352527370525,2.400435253043533,1.2767710285540687e-10
4,512,-0.09891726258451429,-0.32611101673745635,-0.08318710790894485,0.7279503073979993,2.547887423939578,2.5478874245231817,2.290540101748186e-10
5,512,0.1310553943757343,-0.16641839250564358,0.37042263954098514,0.34657271417684093,1.259372767094146,1.2593727670953667,9.693724287008977e-13
6,512,0.5309000680068642,-0.14623951426837184,0.4671918737903891,0.46053327570883845,1.7177356556847447,1.717735655697976,7.702695041862181e-12
7,512,0.2968078528644317,0.48438932668122103,-0.3495168485186101,-0.26161748671131135,2.196994142742354,2.1969941428663646,5.644556677252071e-11
8,512,-0.6384513102432371,-0.05790241594194403,0.6809735995625664,0.11889598832699227,3.2192036362178387,3.219203646276693,3.124640541797534e-09
9,512,0.10005176771456499,-0.6147842138085091,0.013794550538237863,0.40935568390778837,2.3221094698187588,2.3221094700356137,9.33870608760099e-11
10,512,-0.23364236040441203,0.27083086942544127,0.09438281141871234,-0.3558647888324439,1.4881950251652192,1.4881950251694,2.8093615389348948e-12
11,512,-0.30682019398785426,-0.18330333731854512,0.048913612281970144,-0.388590662565293,0.9228021946131449,0.922802194613301,1.6915581494443214e-13
12,512,0.1824673001387124,0.028618789799578884,-0.25707053085465464,0.0006854286999155733,0.8970561581222005,0.8970561581223316,1.4616402554183198e-13
13,512,-0.4391925699179757,-0.524351711829,-0.5843972422145975,-0.1729230723616136,1.2349163478038092,1.234916347804873,8.614475823303564e-13
14,512,0.2662656134014964,0.12053505189335799,0.2976127788783426,-0.4580621259044539,1.3434038240756374,1.3434038240775787,1.4450874309482731e-12
15,512,0.4799310646671185,-0.21500246142933352,-0.40466196614625105,0.15682607448861363,2.0979799658364855,2.0979799659156773,3.774667325087064e-11
16,512,-0.7024018250145267,-0.10862729530217646,-0.058066562049433036,0.03530843392310068,1.6776651260454631,1.677665126056335,6.480417231161833e-12
17,512,0.2697548675558376,-0.47809596150648953,-0.710680100847495,0.004861086691627759,2.757149857879781,2.7571498593159305,5.208818873240021e-10
18,512,-0.7324058883040659,0.019612022238111388,0.13463973707465515,-0.6721490706390477,3.0909208119621274,3.0909208178491894,1.9046304668355706e-09
19,512,-0.10852770088328186,-0.30965853738782356,0.12052968644681016,0.4838049004960898,1.7748470264361205,1.7748470264535732,9.833357854030025e-12
20,512,0.575590843745858,-0.17609193179715707,0.12529919064183473,-0.3628541377267524,1.241038398707475,1.2410383987085758,8.870774283574747e-13
21,512,0.549812921313479,0.02548389806339858,0.4866520496609057,-0.2691077141914432,0.8431889676316217,0.8431889676317118,1.0691566547980278e-13
22,512,0.3347495511765043,0.4959463120378787,-0.46087355306240024,0.0880926581365896,2.1121201211142053,2.1121201211986658,3.9988463628862336e-11
23,512,-0.508802988728167,0.3946964561024231,-0.18260291530403916,-0.33355008438901546,1.9377182615265554,1.9377182615643516,1.9505524283988346e-11
24,512,0.06689630430220349,0.1856326875125818,0.16905213425213936,0.008735451826697164,0.41975815276150974,0.41975815276151157,4.364103421410625e-15
25,512,-0.7409683009061172,-0.07695344019948326,-0.12407821915544705,0.13932635304831814,1.7590805653437347,1.7590805653599084,9.19442198463425e-12
26,512,0.21237712183218274,0.23766742515124958,0.7056879594694507,-0.03446690528721508,1.5270686864096683,1.527068686414775,3.344041999886783e-12
27,512,0.43437782961643984,-0.3104878091635192,-0.14170596897300528,0.4867018653433252,2.2165258072633023,2.2165258073986926,6.108224192190748e-11
28,512,-0.27424273155097323,0.17478582089916986,0.14714478101321032,-0.19428575636745826,1.1560900242056331,1.156090024206308,5.83685993511475e-13
29,512,-0.26755663904416993,0.24493115886552103,0.3116835208775095,0.1557339174748009,1.25740203499182,1.2574020349930275,9.602963316264837e-13
30,512,0.3765455508533384,0.22858170099823355,-0.0609027553389716,-0.2998470025700974,1.4694298377788333,1.469429837782626,2.581099008073438e-12
31,512,0.18319247481573758,0.1993848347442624,0.6893298565806704,-0.15492128708634728,1.6279655676525853,1.627965567661085,5.22102285257862e-12
32,512,0.048856340979546414,-0.14297327096661822,0.5163487033727664,0.4575764762576645,1.8512263877615556,1.8512263877867046,1.358504511640164e-11
33,512,-0.18409675264942263,-0.23573972704167367,-0.2687439298717751,-0.1078865686187982,0.3342126392976223,0.33421263929762296,1.9931436949094254e-15
34,512,-0.17661137349552755,0.6696177862470112,-0.5302276290407767,0.19430184077964222,1.7557561977752851,1.7557561977912008,9.064876554035896e-12
35,512,0.22932276621122136,0.24490112378736634,0.08586517734230735,-0.0026667144447131076,0.6006526577914991,0.6006526577915118,2.107131686932479e-14
36,512,-0.3158085790108989,0.051276541123111474,0.31445688608652334,0.3487201422701062,1.5166990917582759,1.5166990917631182,3.192689156681339e-12
37,512,-0.6195762744805587,0.007664849117872856,-0.013517624828834784,-0.24652057340776995,1.563824690987606,1.5638246909937636,3.937615910062243e-12
38,512,-0.5371807195346296,0.4188651939853589,0.334420299802035,-0.23742321380223314,2.5337701881728023,2.5337701887217094,2.1663651444158826e-10
39,512,-0.6635244356382104,-0.2141172662722287,0.5352558715058299,-0.2498677064092748,2.9519822717601603,2.9519822750431572,1.112133028976137e-09
40,512,0.2704481510518758,-0.12235362269085237,0.4403652252470703,-0.013859109661914174,0.4661120239609778,0.4661120239609809,6.66926470279318e-15
41,512,-0.08697284268831772,-0.07423781609130642,0.10768454761980266,0.1630104468326782,0.6199838080552312,0.6199838080552461,2.3995769464759605e-14
42,512,-0.2446462846922445,0.4704882417186809,0.09694196317987062,0.4954857540509629,0.9048367467770313,0.9048367467771697,1.53005292572266e-13
43,512,0.3257831893842752,0.40516505121724455,-0.4097850575656238,0.44891890660500544,1.8822231179501896,1.8822231179793134,1.5473093595244896e-11
44,512,0.46463091190090955,-0.07325306974282661,-0.0038512922969335243,-0.03182482278125764,1.0214551536463463,1.0214551536466436,2.910727161474148e-13
45,512,0.5871215930295294,-0.23558369464688644,0.7164244241029493,0.15062603657545012,1.421296152565655,1.421296152568601,2.0728176973019876e-12
46,512,-0.4294161042270695,0.11659683654153265,0.13194553664452427,-0.7338974579596582,2.60948230159023,2.609482302352117,2.9196863970720843e-10
47,512,-0.42386684751063014,0.5311026738977903,-0.15286803042501418,0.16665375852288922,1.1980436454146424,1.198043645415504,7.191165951311776e-13
48,512,-0.49965694410546424,-0.2477720066361893,-0.11477934620462274,-0.5846257193225204,1.4137680579325835,1.413768057935415,2.0028128278302223e-12
49,512,-0.06893420183367165,-0.2711514009299223,-0.3262327273499826,-0.35665853800212516,0.634504982100447,0.6345049821004642,2.7121074486639247e-14
50,512,0.02456190858666951,-0.3385754238628288,0.5477220329513062,-0.39820851140581,1.4034804368659228,1.4034804368686036,1.910069028996376e-12
51,512,-0.19184988620891816,0.5171584733926724,-0.6271848822287552,0.1568684507783034,1.5998625446321189,1.5998625446395038,4.61601000659701e-12
52,512,-0.009483926121500005,0.2952821588830221,-0.454128679643064,-0.08456588969937803,1.2891979536440499,1.2891979536454918,1.1184920518275045e-12
53,512,-0.5008478256135085,0.46858274366931785,0.3115436659535637,0.3679615952076183,2.137271774857899,2.1372717749525845,4.4302083531729035e-11
54,512,0.4752302349577382,0.36883831905330666,-0.18163490053099343,0.005937315505249419,1.6988932963184655,1.6988932963305323,7.102736844153116e-12
55,512,-0.11782824136308591,-0.12737920011694442,0.32437541236664863,0.016474283584355216,0.9610693673804496,0.9610693673806511,2.0966798631684804e-13
56,512,0.4526794624291417,0.19732635952011568,0.35174005296736477,-0.40514752536153276,1.515639291597701,1.5156392916025165,3.1771948468906124e-12
57,512,-0.6391791584911084,-0.07589647116546264,0.2365853736196919,0.6165409131333045,2.8353926027337133,2.835392604737828,7.068208649757206e-10
58,512,-0.20599170117072513,-0.7185799445526629,-0.7044041606146393,0.007831214696786512,2.7665870312604772,2.7665870327556625,5.404439809783048e-10
59,512,0.10874909576345614,0.23772442427297155,-0.15066680578857275,0.5963124254883223,1.1058497041488198,1.1058497041493203,4.5258278554792405e-13
60,512,0.043226896495328807,0.7274923399227705,-0.6737612717404251,-0.21646039964201788,3.2570995562520606,3.2570995680287407,3.6156954591592895e-09
61,512,-0.5387336737987335,0.45148662777117254,-0.11130685195305065,-0.398849361875837,2.355985238955378,2.355985239207319,1.0693644695492476e-10
62,512,0.44532479956293924,0.43671889414872933,0.3040775078057293,-0.5884312750636354,2.6687447529830237,2.668744753966449,3.6849733945589994e-10
63,512,-0.1391394885650241,0.25885603692611836,0.7029520803050282,-0.18930068788669216,2.3398494068609015,2.3398494070954894,1.0025769349488398e-10
64,512,0.7020495857174333,-0.17207076583970446,-0.5677131509387263,-0.3222168778042225,3.251317443791568,3.2513174552885054,3.5360857187319738e-09
65,512,-0.3973864418418704,0.02809444707601903,0.5767091979161221,0.04062349400951749,2.15895571017384,2.1589557102782955,4.8382444727433514e-11
66,512,0.33581925492860265,-0.12370399574415783,0.233782100359021,-0.2208760799035422,0.31739778551827774,0.3173977855182782,1.399156610764977e-15
67,512,-0.48999065571190165,-0.2988182029797008,-0.45568781486587073,-0.38385679981242254,0.27795064885547766,0.2779506488554779,7.988634163631146e-16
68,512,-0.026508109931123132,-0.4742755534496556,0.5370141030112056,0.33658208268685774,2.334180599913774,2.3341806001425467,9.800979258533411e-11
69,512,0.6107485166196747,-0.18265542367229398,0.06217755172699328,0.025442541729017738,1.4073919150528222,1.407391915055559,1.944518599567411e-12
70,512,-0.6074382520124139,0.24993863621739398,0.4798105194485195,0.4411259611940054,2.824157288457148,2.8241572903678183,6.765452818301001e-10
71,512,-0.34533855795399704,0.29014447716571,-0.33551902052050825,-0.0690198809317623,0.8327276685312602,0.8327276685313435,9.999274672084581e-14
72,512,0.10949554305271147,0.48287454011789777,-0.07140440119008291,0.48004883193457215,0.4719480734602466,0.4719480734602501,7.41014260727525e-15
73,512,-0.24465472375358996,-0.2473157592221854,-0.33072313425435285,-0.37873329625478086,0.38530267406723523,0.3853026740672365,3.3136455162419567e-15
74,512,-0.0861721633386899,0.6623936586170296,0.4961042220945462,-0.4928251172303361,3.2432118762022384,3.243211887318066,3.4274133908218365e-09
75,512,0.10544050458607862,-0.022398907176633228,-0.49703919698355264,0.05545852645553802,1.3145583396266072,1.3145583396282652,1.2612654874230659e-12
76,512,0.05630129224045396,-0.5685292336834976,0.1405433292336502,-0.21633458229823246,0.8842761120316882,0.884276112031808,1.3547020294579844e-13
77,512,0.392759958831263,-0.11682283602704567,0.15729857646698597,0.16668218483778777,0.8079580234591099,0.8079580234591797,8.629409439856673e-14
78,512,-0.47743326662208835,0.3642693866332723,0.3622466285966543,-0.14779021999071248,2.201038750500481,2.2010387506267697,5.7376889525827394e-11
79,512,0.21859230519791711,-0.010553303708555397,0.5002122158885046,-0.4333795340592009,1.296351067394695,1.296351067396195,1.1571968339474293e-12
80,512,0.26917902376507935,-0.3341887361785272,0.14418356942429675,0.694879945651171,2.5285089053568095,2.52850890589331,2.1218063364126208e-10
81,512,-0.04561054103180237,-0.3985214015075596,0.11138806497344834,0.7346511809622325,2.764204605967949,2.7642046074480096,5.354381203883466e-10
82,512,0.30727401649566194,-0.6105472665872477,-0.11661754082274249,0.25426021521336667,2.2458984839355693,2.245898484090007,6.876437069161754e-11
83,512,0.03544942588862345,0.5544110443129519,0.3528816731564957,-0.5458778686281789,2.712831758312555,2.712831759500746,4.379891511441148e-10
84,512,-0.47149732176527803,0.41762035577216766,-0.7157181159742092,0.15224656322104482,1.2744545797436975,1.2744545797450255,1.0420526577916123e-12
85,512,-0.08914704346943729,0.12783018968672435,-0.19179243974467036,-0.20022028504192496,0.7094017618329699,0.7094017618330023,4.569838145776635e-14
86,512,-0.12706882568557407,0.715812099326507,-0.12987140315159576,-0.3313783518892018,2.531622859633111,2.531622860176922,2.148073581376746e-10
87,512,-0.0887858230298287,0.09143329240274944,-0.2666568614249483,0.047352465312549746,0.3815442764723336,0.3815442764723347,2.9098143861310438e-15
88,512,-0.018945136758295778,-0.32686692944735474,-0.4606713965774125,-0.5840485739042487,1.48000393343544,1.4800039334394468,2.707286653334406e-12
89,512,-0.2565715443150866,-0.6048592196314203,0.6132750177258065,0.25258827936432077,3.0300763922175924,3.0300763967785382,1.5052247048748127e-09
90,512,-0.4956379427448091,-0.4262280836545871,0.14375227161550874,-0.1275423316354136,1.6915378214542542,1.6915378214658936,6.880931657536686e-12
91,512,-0.5677622128802429,0.4674717031286864,-0.6802550789673566,-0.1667687442313514,2.1955035246587524,2.1955035247819334,5.610604563167193e-11
92,512,0.3103834577883884,-0.6560949450872408,-0.05932976446603914,-0.45836664450360864,1.2844741967575677,1.2844741967589723,1.09356355643543e-12
93,512,-0.5023780515306503,0.4411101095775697,-0.45056300770600316,0.05824293797915653,1.1087156539412282,1.1087156539417375,4.594237682920124e-13
94,512,0.6576245990455297,0.19675514060192859,-0.3121761338947147,0.6216991291402572,2.9111823656943083,2.9111823684576095,9.492023502283067e-10
95,512,0.4226719717791568,-0.579219119090533,0.5024239734002484,0.5268104929006586,3.156804780661139,3.1568047884156485,2.456442516334961e-09
96,512,0.025918584435098185,0.42005625147157905,0.37381158087176514,-0.5995088263484374,2.579281325503726,2.579281326172378,2.5923957731301686e-10
97,512,-0.28211599899460693,-0.1883128568893615,0.5646409242031262,-0.045298273489149186,1.911064474349479,1.9110644743828378,1.7455649282721007e-11
98,512,0.4446297222434408,0.44871920550002786,0.20427938125797532,-0.40480426755949483,2.1365138334079252,2.1365138335022853,4.416544083799766e-11
99,512,-0.19136495518097632,-0.2547958042326485,0.05050568926836857,-0.046410691312459756,0.6630119917085415,0.6630119917085636,3.3322833472600054e-14
100,512,-0.0811720395692175,-0.20215871786366332,-0.4343296793790957,-0.11988055054918047,0.8100271602916838,0.8100271602917545,8.730720417221118e-14
101,512,-0.054273442236173086,-0.2465914081578913,0.3486867666499614,0.2823148331981885,1.4164203347237305,1.4164203347266018,2.0271233869609843e-12
102,512,-0.24776606157612888,-0.22749277017632444,-0.13487593061638317,0.1505507578163282,0.8314075440160759,0.8314075440161585,9.93503049456507e-14
103,512,0.6842735833980047,-0.12230831150374866,-0.4333956065030571,0.31383958226076647,2.8652491378633758,2.8652491401382445,7.939514605437083e-10
104,512,0.2682119400592709,0.03714864700975035,0.6235037605757799,-0.35876082180094343,1.4583175626624807,1.4583175626660598,2.4542919035083653e-12
105,512,-0.42333068045357886,-0.10648870537954928,-0.3187399658784816,0.6559315308514774,2.095333597610939,2.0953335976891805,3.7340790715823414e-11
106,512,-0.13630687000731137,0.44468231017968696,0.5341384617783953,0.2905911912455333,1.7326739229893486,1.7326739230035784,8.212583058946462e-12
107,512,-0.12592576969412336,0.08875077706759636,0.5495985247948524,0.06392154191071578,1.4984690574540247,1.4984690574584334,2.9421332451649653e-12
108,512,-0.11034600845956309,0.064169145644051,-0.25797813962341337,-0.4572189130568229,1.2088890947622395,1.2088890947631563,7.584005660302295e-13
109,512,0.10088963454679874,-0.2877630308553409,-0.07769305638800358,-0.2732093356324491,0.3899582544130722,0.38995825441307347,3.2740850177426852e-15
110,512,-0.16586072586398612,-0.20386448728676174,-0.03822216905588027,0.37166200922588777,1.2369920480669414,1.2369920480680174,8.698747555800545e-13
111,512,0.5395165499473588,0.3035769686585867,-0.2430575166530555,0.6585658283061775,2.4295658066156225,2.4295658069639363,1.4336463794513524e-10
112,512,-0.6256768668624229,0.26066050454564105,-0.22288349279086062,0.2605926930920175,1.1087238149492782,1.1087238149497878,4.596206570400579e-13
113,512,0.444875570348147,-0.3320527530919821,-0.71408597121887,-0.04796869430455258,2.9351703266165075,2.93517032967461,1.0418825211813338e-09
114,512,0.186193682291792,-0.7095565762210865,-0.6968439271825005,-0.17929117730101649,3.044759041645065,3.0447590464960954,1.5932394576443917e-09
115,512,0.31701061780514395,-0.016499840458449266,-0.14148240668807827,-0.6879659198402621,2.0377577886259504,2.037757788686054,2.9494907631217934e-11
116,512,0.3635616609659902,0.603197256319414,0.19361942926801035,0.43442558642725176,0.7494102763917582,0.7494102763918032,6.01473668292989e-14
117,512,-0.37153864066759407,0.6333555822507512,-0.1931758372786462,-0.413424609505684,2.6596727259358794,2.6596727268816935,3.5561296113171023e-10
118,512,0.14797231994677099,-0.7010182625254718,-0.5680628019043669,-0.08790981962983467,2.5517584914634064,2.551758492056894,2.3257980070105015e-10
119,512,-0.3886950151265247,0.10965846411717713,0.17974830868506544,-0.726625170687021,2.567854377062824,2.567854377699198,2.478232684219859e-10
120,512,0.5078944163871056,-0.4972595010728768,0.18040350965100302,0.5748770025339522,2.884496082594947,2.884496085063143,8.556767779618094e-10
121,512,0.10208873589387293,-0.13108968489206205,-0.42054395728773747,-0.09913321532932584,1.1183679785614398,1.1183679785619793,4.824605141698304e-13
122,512,-0.33744969821704796,-0.6121382009444899,-0.06986010675463028,-0.5537549047153957,0.8931543090065689,0.8931543090066968,1.43197755580528e-13
123,512,0.18060735236944667,-0.39754293766279253,-0.5179966655967675,-0.2675863803596032,1.7231566271541812,1.7231566271677667,7.884122019813078e-12
124,512,0.26305893132006564,0.2540606523417154,0.4571074554838376,-0.3124107967484451,1.4222197236266485,1.4222197236296095,2.081932037283843e-12
125,512,-0.2581558021964419,0.48554681260390403,-0.24782966631611889,0.4536099296352648,0.09385401160300139,0.09385401160300137,1.478656859817237e-16
126,512,-0.14315078363782993,0.27338043816612395,0.08545611274607903,0.706603560312884,1.3591948759366055,1.35919487593872,1.5557230314335716e-12
127,512,0.4540752001723188,0.4517583148858463,-0.4317056789494494,-0.1237036394405615,2.432910677092524,2.432910677445985,1.4528328704739334e-10
128,512,0.6241481008827857,0.20319307044747623,-0.2487773600583541,0.3916531981969779,2.2007637265719446,2.2007637266980766,5.7312828367507555e-11
129,512,-0.22702513626385853,0.04208891154130152,0.17434531644658863,0.5336597215092281,1.4468183744048064,1.4468183744081762,2.3290752895839645e-12
130,512,0.14811739439053878,-0.7346219312271474,0.5327215940143956,-0.4321990012494471,1.7847009048680893,1.78470090488639,1.025420799832496e-11
131,512,0.5035782721872634,0.04155608703921337,0.5146419325157818,-0.4127614726192686,1.3065704256880262,1.3065704256896136,1.2149340360073912e-12
132,512,0.045359539649189935,-0.5389113007078087,0.01513396765544031,0.2741490356901625,1.7711418250265225,1.7711418250436661,9.67941675523082e-12
133,512,0.19206992738424775,0.3503649416363419,0.18459383448203853,0.6736320977231915,0.9496873177667478,0.9496873177669348,1.9698333983152724e-13
134,512,-0.09439750947561058,0.08911271283673397,0.14421950893177699,-0.6074467298616681,1.692035356877146,1.6920353568888136,6.895574470692248e-12
135,512,0.47223604741885156,-0.2851500401731332,0.041664203877166246,0.1328492099840699,1.3485644634332967,1.3485644634352933,1.4805559108406979e-12
136,512,0.38881904934353934,-0.07821032442443272,-0.3903954705695375,-0.3808261348733567,1.882307361085003,1.8823073611141379,1.5478299295726712e-11
137,512,0.5862681990340814,0.027964193888402992,0.1826905579594723,0.63931135217682,2.0464196525543454,2.0464196526168905,3.056317415052385e-11
138,512,0.590745921311781,-0.39727153496562984,0.3856936970674552,-0.44554329512106305,0.7264769003158743,0.7264769003159115,5.119566955091256e-14
139,512,0.6529241087463413,-0.31738795953111876,-0.4320145470011895,-0.2816523861110825,2.7416497965944115,2.7416497979385355,4.902609826187108e-10
140,512,0.2515282005148948,-0.5462493871815818,0.3718746155589058,0.1508610245946139,1.715231137719842,1.715231137732913,7.620605451168524e-12
141,512,0.29492419067855136,-0.49104869777721505,0.5008774639856507,0.23404464392770508,1.905509487796788,1.9055094878292884,1.705604038521476e-11
142,512,-0.24819509981229548,0.03209469531440008,0.636269918640724,0.2263361662786469,2.1178008464494407,2.117800846536112,4.09250543434734e-11
143,512,-0.35137217333440457,0.32320813720288444,0.6556464984084247,0.11124801616307811,2.464013876263401,2.4640138766684263,1.643762441829345e-10
144,512,0.4155793241070227,0.5597277511627095,-0.02689912177042472,-0.43412569378250915,2.586574941931119,2.5865749426212044,2.667950234234985e-10
145,512,-0.48970885355986776,-0.3421542447510061,0.2777022917477797,0.3314968220159419,2.2901104231696126,2.2901104233577305,8.214362231012532e-11
146,512,0.48531097957462466,-0.2458992169740982,-0.14150408155303917,0.6741909269121041,2.730298044994102,2.7302980462745357,4.689720740649962e-10
147,512,0.4375075423461899,-0.008565664459151374,-0.4573079485599436,-0.543301101075111,2.546866097170067,2.5468660977510904,2.281326176411511e-10
148,512,0.06129778266773331,0.5776313196701865,0.04196878058875065,-0.5085516499365194,2.4463644180082142,2.4463644183831397,1.5325820686422583e-10
149,512,-0.11836814268168959,0.3132093732524492,0.3515895783341436,-0.5924743699966041,2.3828345382388916,2.382834538522521,1.1903032280580998e-10
150,512,0.40666564934669286,0.012108662528010282,0.2197897440749675,0.6739432908742841,1.8564064953555042,1.8564064953812789,1.3884198185891835e-11
151,512,-0.3202564463630644,-0.26877436826608203,0.37948431173115815,0.4174316818898766,2.1650137525286963,2.165013752636052,4.958650157828997e-11
152,512,0.5093898489281188,-0.11568189512557037,-0.2739157619752968,0.5822359361234666,2.5056211673211672,2.505621167806819,1.9382497618678905e-10
153,512,-0.03270399381938285,-0.5507797557748271,0.2054785733825796,-0.48106267509470746,0.6848410630575599,0.6848410630575866,3.90694663868563e-14
154,512,0.2205672914538542,0.26081686613328864,0.2925374312544949,-0.12480458089559188,0.8542735427546567,0.8542735427547536,1.1345601285654218e-13
155,512,0.26742046165544453,-0.2656982439095168,-0.19742074375273627,0.2020249223597651,1.3737505088851225,1.3737505088874096,1.66482881421016e-12
156,512,-0.49616633505118635,-0.5247624648996969,0.4411987137855353,-0.14226916636099665,2.552307061705887,2.552307062300789,2.3308398681369043e-10
157,512,0.1850961388503708,0.37259842998616544,0.2963646241019203,-0.2176489970458125,1.3221388064039428,1.3221388064056716,1.3076080102727845e-12
158,512,-0.0193781820569067,-0.6386544478541913,0.08469314830587156,0.295205917010752,2.1367428319923656,2.136742832086824,4.420663900683003e-11
159,512,-0.5949233065168776,-0.1791651626749945,-0.12901535479636908,0.5850130212826337,2.3066337575726457,2.3066337577751064,8.777323846717224e-11
160,512,-0.31539878935629245,-0.034602181689674695,0.4711819526685471,0.35803243527435313,1.9671570159731657,1.9671570160165242,2.204116275774572e-11
161,512,-0.4927656330220569,0.5520159869562479,-0.4821338092062402,0.4321108740178758,0.4654165605895272,0.4654165605895301,6.3214145442741e-15
162,512,-0.5944739371882071,-0.2640029055113587,-0.35600427066758866,0.3985219845335763,1.8963654944274184,1.89636549445855,1.6416424935167274e-11
163,512,0.11823639711831078,0.42387523367148655,-0.2462063451733211,0.5283194405012928,0.9973058506588578,0.9973058506591128,2.5570714198450137e-13
164,512,-0.2531834573469087,0.6041312476174037,-0.25224657350400886,-0.6357504927717434,3.099787003591323,3.0997870097010662,1.9710203865015864e-09
165,512,-0.6501559588501373,-0.2105406542484863,0.5657349718411071,0.14377193750749695,3.0061528635922823,3.0061528677168385,1.3720380962814486e-09
166,512,-0.7387571329777618,0.1028368964980232,-0.38957944618271556,-0.3713991313643276,1.8313193546139954,1.8313193546368716,1.2491619970468326e-11
167,512,-0.04052995396679617,-0.6451598854298775,0.6108347869381078,-0.09999964937524407,2.296143056896838,2.296143057090074,8.415662479009025e-11
168,512,0.18127351176936804,-0.4628857290278178,0.7227109113218937,0.17967936637274834,2.3345797463743803,2.334579746603558,9.8166518479207e-11
169,512,-0.26299022445701453,0.10667226272209712,0.4398192372461791,0.1208404469944558,1.502254158345671,1.5022541583501665,2.992512982132654e-12
170,512,0.3382322009927614,-0.25120476235359207,-0.03217332518707284,0.44821630559269643,1.7298443236111911,1.7298443236252263,8.113572557446466e-12
171,512,-0.29560549703159955,-0.3175789437313204,0.13518700527766517,-0.6157616216409697,1.3848885481007853,1.3848885481032134,1.7532513776541932e-12
172,512,-0.5586168510899298,0.06869229412717762,-0.4824011189054348,0.5622268323554434,1.6169022009698486,1.6169022009778915,4.9742647853223285e-12
173,512,0.167354209480047,0.16496141080432644,-0.15486288658728267,0.29272188933858917,0.7389385200566785,0.7389385200567196,5.5590892606302326e-14
174,512,-0.15938047045455625,0.2951530460525844,0.026787355257174843,-0.7145350400653782,2.4540626272506505,2.454062627638425,1.5801336809102545e-10
175,512,-0.6483109053774789,-0.20539849973393726,-0.5482013182253443,0.46373599904737156,2.18830912985589,2.188309129975145,5.4496538307537684e-11
176,512,-0.3016494748186797,-0.24336805178550366,-0.7237501959012069,0.18319977715940947,1.732170866186737,1.732170866200932,8.19497073028477e-12
177,512,0.14114194872228933,-0.15103720695303016,0.6317749017630968,-0.37923656540536244,1.493427666771547,1.4934276667758428,2.8765350120848766e-12
178,512,-0.5058651840254553,0.4189446241077186,-0.014616225658111772,-0.4364163425434953,2.338040350354405,2.3380403505871215,9.953485733967873e-11
179,512,-0.03299702896038341,-0.10063827806624662,0.3078028020577753,0.23859121497462826,1.0069652068288055,1.0069652068290766,2.692411423700321e-13
180,512,0.16513445820893174,0.034855208235345006,0.32500434077660373,-0.05820653374161348,0.39507731113648253,0.39507731113648387,3.372169426074548e-15
181,512,0.12254402505583928,0.27960975024672496,-0.4441240297434201,0.5645205275476229,1.701741367755829,1.7017413677680653,7.190406412779517e-12
182,512,0.43291688326999334,0.46286243676315764,-0.593208029869989,0.06279171517012769,2.6754995911544133,2.675499592166796,3.7839012404475897e-10
183,512,-0.32863641259007326,0.645491497997454,-0.3618920202829193,-0.21678953548829208,2.2531459651338697,2.253145965293394,7.080073646503939e-11
184,512,-0.15118201078604568,-0.08852956476222955,-0.20347051535784072,0.13881437949609088,0.48420866909429744,0.48420866909430127,7.910369391199112e-15
185,512,0.6627522199552127,-0.09513528239350127,-0.016693426157984893,0.5596891380896961,2.426226407616863,2.4262264079601126,1.4147460756449042e-10
186,512,-0.4098520030129671,0.6024004069534424,0.14459355331354537,0.221792772887299,1.7883676055765416,1.7883676055951678,1.04152030186945e-11
187,512,0.08539545468438624,0.6273197423159723,0.17384820123290207,-0.5033449244133872,2.6328640529621006,2.6328640538048287,3.200803735270381e-10
188,512,-0.016507785639311816,0.4766073451575788,0.07155609555471819,-0.6011736288711328,2.4397646498489887,2.4397646502132306,1.4929389600819341e-10
189,512,-0.3935142066626034,-0.5708129712453092,-0.5606851210106449,-0.02614398778779378,1.6988051885356563,1.6988051885477178,7.099968272362351e-12
190,512,0.14614811021842378,-0.5026629075117207,-0.4753886599776301,0.48500567869996897,2.764026200359751,2.7640262018386843,5.350649063967625e-10
191,512,-0.3635450330905445,0.14624157325004497,-0.03751005093121815,-0.32878430197596437,1.2452169700393532,1.2452169700404803,9.05142189448188e-13
192,512,-0.2999691300103504,0.551433495823068,-0.40971726167468636,-0.3455053765274942,2.2467346827690737,2.2467346829240906,6.899652611570288e-11
193,512,-0.5541576445434616,-0.04215131639683557,0.27686537860360855,0.38371754239521505,2.1262229134597916,2.1262229135498445,4.2353439751089634e-11
194,512,-0.6117103993752412,0.1264035720233909,-0.5807601207416467,0.3395444551203356,0.72925313230174,0.7292531323017782,5.2370940014424205e-14
195,512,0.6080473482718823,-0.05857273237674908,-0.28489667649121503,0.3525467804852789,2.2677386701902256,2.2677386703604934,7.50826372093042e-11
196,512,-0.5489485876727273,0.4763817309498194,-0.5383793090600648,-0.4982384515337085,2.9646784409760047,2.9646784444395813,1.1682806771949132e-09
197,512,0.1582137433043763,-0.4365884321294579,0.30666787100865756,0.028955344558132194,1.103088011474697,1.103088011475189,4.460667139841871e-13
198,512,-0.26003829823717356,0.3880432691656492,0.07668670321802683,-0.10664426538105079,1.2768796542074747,1.276879654208821,1.0543330651595749e-12
199,512,-0.22485697969437768,0.12452966616344219,0.25000905351086644,-0.6720003318777978,2.248591655680903,2.248591655837213,6.951465625112909e-11
200,512,0.21634629453577722,-0.30997289684855095,-0.09082687361118329,0.7438642551121805,2.6918135892571797,2.691813590342998,4.0337789601451695e-10
201,512,-0.04211064081307129,0.2895514391339676,-0.06895779558643846,0.7202663508747986,1.2288362085826443,1.2288362085836717,8.360759390164266e-13
202,512,0.45254556412929714,-0.08613365163859149,0.05369468518855307,0.414850647575724,1.4564463499900355,1.4564463499935798,2.433509469015181e-12
203,512,-0.02874564477593649,-0.0492001627365091,-0.36170364673589644,0.25565197111207333,0.9701869334135814,0.9701869334137952,2.2039974687192774e-13
204,512,0.6654935936544012,0.14623489026772035,-0.034838082001235435,-0.23260028601766086,1.9264450171566303,1.9264450171924838,1.8611246123267747e-11
205,512,-0.29917524393928013,-0.15610568431448615,0.32289494693907483,0.5310811132892354,2.103875170292421,2.103875170373769,3.866570532310525e-11
206,512,-0.005727719549822561,0.1279898189683473,0.2570875137421764,-0.05995212914424277,0.6633073057178639,0.6633073057178861,3.347537453770748e-14
207,512,-0.20547451343329584,0.2164013679246288,0.6147848447941068,-0.055783145751743896,1.9684141810598177,1.9684141811034301,2.2156133301000053e-11
208,512,-0.41505411170929285,0.03471002491001406,0.29287056685570056,0.15189054463723903,1.5212008863042608,1.5212008863092166,3.2578297724778895e-12
209,512,0.5760083691641028,-0.07624203303864024,-0.028756685173311248,0.13894755619719013,1.4602779015873433,1.4602779015909597,2.4765426337568088e-12
210,512,-0.6362288823717529,-0.1955087696550626,-0.27588706238157074,0.3096851411360949,1.6381269620622636,1.6381269620712045,5.457970150650312e-12
211,512,-0.12459111224870895,0.23120772617408317,-0.22653434825766017,-0.08874697843413289,0.7030354038541597,0.7030354038541905,4.374342687938997e-14
212,512,0.5252380049798531,-0.3767199980226712,0.06319176731127779,0.3047690964003805,1.9479934904057403,1.9479934904453948,2.0356588510001644e-11
213,512,-0.15362438834241499,0.11541736532108711,-0.08927747713140188,0.015845398144029865,0.24201898708824213,0.24201898708824224,4.587338530676356e-16
214,512,-0.1785918699150072,0.21895353062686676,-0.6094003806056237,0.15844986001079617,1.109724397304139,1.1097243973046516,4.618074085889621e-13
215,512,0.3907910157452718,0.10007385281227552,-0.18092006676237665,0.27938899741919954,1.2961661374720765,1.296166137473575,1.155991466461521e-12
216,512,-0.40021340224536356,0.4015880098063194,-0.28276267690601276,-0.5737712193038622,2.446044222080798,2.4460442224551984,1.530636720360873e-10
217,512,0.19636769806719917,0.4530382996719804,-0.1692593579239405,-0.6000661058103064,2.539623360712717,2.539623361275758,2.217024515778749e-10
218,512,0.6116743670664813,0.2688944913258423,-0.11003594340672643,0.3087079178937682,1.802481027926098,1.80248102794603,1.1057999308890725e-11
219,512,-0.13702716047225444,-0.16050430962073123,-0.6200157230835815,0.3369229571459605,1.7642338398647885,1.76423383988137,9.398642369682945e-12
220,512,-0.5071997888564732,-0.4732025260563778,-0.17282532283760887,0.09483159068204741,1.6669976150574646,1.6669976150677792,6.187554162893577e-12
221,512,0.2996639558461332,0.49499035115547585,0.19810359503388122,-0.15881691385550178,1.5252650187379106,1.5252650187429702,3.3171339443739968e-12
222,512,0.6462517393731921,-0.35581429025987227,-0.45922506526818235,-0.3350508880117454,2.8789680868166907,2.8789680892277616,8.3747746615531e-10
223,512,-0.47476633182577455,-0.4554044931555209,0.5387932868031303,-0.06539240015152413,2.618686187308913,2.618686188101669,3.027304634068798e-10
224,512,0.3155547753106707,0.5777765649524895,0.07105799231621748,-0.5516427076180032,2.7463613414021686,2.7463613427736355,4.993759995595604e-10
225,512,0.34795008443521785,-0.2933007302389381,-0.385118419789856,0.6068448153063423,2.7726419177494326,2.772641919283746,5.53376025683638e-10
226,512,0.27943490009137284,0.43785976855333164,0.3664925929688854,-0.6138470049065793,2.667891867840357,2.6678918688201834,3.672661752208406e-10
227,512,-0.21287039663840918,0.08831905170928622,-0.25486155546246864,0.5019219827749399,0.9925664737660518,0.992566473766299,2.4909834667889304e-13
228,512,-0.47658563988288943,-0.2247728481121075,0.5684332595707683,0.3406914273874301,2.764899121290164,2.7648991227746174,5.368924448713508e-10
229,512,0.2871714380162532,-0.03908142247021658,-0.5630122979884467,-0.4067070360095613,2.211416963621521,2.211416963753841,5.983490900413984e-11
230,512,0.7243230541639277,0.12229806318036053,-0.1973031411902978,0.4910530412232528,2.62604427354926,2.626044274367575,3.116151550175237e-10
231,512,0.06379483792184357,0.128889582118825,-0.4282629004284141,0.11921450429285509,1.0600613449258738,1.0600613449262524,3.5713598388369827e-13
232,512,0.5584359461856434,-0.010214905458741912,-0.39681958026442543,-0.5580308779058202,2.721754886580503,2.72175488781497,4.5355560900029104e-10
233,512,0.02736933499227204,0.6686011713003124,-0.6505767338236828,-0.048417315005441344,2.6538496460350203,2.653849646957437,3.475768911698825e-10
234,512,0.0763040024811152,0.4768143658149046,-0.07453246135444726,-0.6436013228903299,2.596423441368876,2.5964234420889785,2.77344069810467e-10
235,512,0.1267683921216771,-0.41548017409610216,0.4863853306423603,0.3875467487261602,2.0919636380634206,2.0919636381404683,3.6830325417831504e-11
236,512,-0.018908635584759293,-0.48104258377935033,0.09566761563414543,-0.7329666601956037,0.9063042460410767,0.9063042460412166,1.543500449367083e-13
237,512,-0.524290625785883,0.525900549845704,0.10595216823002908,-0.49700024916653834,2.9602429109851007,2.9602429143845037,1.148352714135466e-09
238,512,-0.7029264108525626,-0.030231362498428307,0.4188619094134064,-0.4371551083361701,2.9834578120243163,2.9834578157731086,1.256526025780131e-09
239,512,-0.5261468172581056,0.11962295279698652,0.22965929478003036,0.06978558128791765,1.657221439764501,1.6572214397743297,5.930759858983162e-12
240,512,0.5947089217154578,0.1474617225355862,-0.4375093838153805,-0.17344977384392482,2.4445680911859546,2.444568091557942,1.5216893780510358e-10
241,512,0.2659855032432921,-0.5955861824277477,0.43368119630696916,0.11999969008724622,1.8815037269804535,1.8815037270094785,1.542649329138791e-11
242,512,0.02279206653520687,-0.20395356789856578,0.3008986461908718,-0.5195105866550915,1.0288003650128754,1.028800365013187,3.0280761098478044e-13
243,512,-0.6877055389122877,0.14112933120574214,0.19025703137831956,0.1424603987800823,2.119092585661376,2.119092585748559,4.114173688231951e-11
244,512,0.24495877032705554,-0.6944525200696929,-0.6304589045548795,-0.2347154805886892,2.8650828526065895,2.865082854879852,7.934369036092749e-10
245,512,0.41352313073796587,0.18122195371966449,-0.30049598057624605,0.2817278138873518,1.5981055080356008,1.5981055080429212,4.58065284072931e-12
246,512,0.08418017049664832,-0.3516908538673963,0.12960870614033645,-0.4062938650574274,0.16826033588408085,0.16826033588408085,0.0
247,512,0.477992745398088,-0.08461990370625908,0.23964078820893356,-0.530663800783796,1.3241438989991812,1.3241438990009289,1.3198815375624082e-12
248,512,-0.5842546449085838,0.18442211617859183,0.2939328342298968,-0.49381755691977797,2.617340218013392,2.617340218801559,3.011329225644479e-10
249,512,0.5116259327522972,0.45444820843459244,-0.03886094344042467,0.07799165934148881,1.6444764156801785,1.6444764156894063,5.611348149166209e-12
250,512,-0.654645354371022,0.1792964155467073,0.3370036892980425,0.665712727189504,3.1076948768211006,3.107694883136467,2.0321706931777115e-09
251,512,0.3231394192945163,0.3614492113906791,0.47899642297805717,0.5688140905640282,0.8604435248261838,0.8604435248262853,1.1793264929413923e-13
252,512,0.6319063879251438,-0.3556456601926857,0.2160855594644297,0.4128517883919695,2.3152723073850354,2.3152723075954125,9.086492696500533e-11
253,512,0.4901144451803934,-0.2562187929846613,0.5286882922719996,0.05708787227906873,0.8673323371634716,0.8673323371635782,1.2288416538530024e-13
254,512,0.3628205972468626,0.04672544723521826,-0.3464390202883396,-0.3515234240887797,1.769698369448282,1.7696983694653066,9.620059690804576e-12
255,512,-0.5977123402152852,-0.03017297844588972,-0.558275640551015,0.25459136630929363,0.880194703273377,0.8801947032734937,1.325666235597231e-13
256,512,0.17485479556251435,0.6177232993858656,0.2942991745303024,0.05219479876513199,1.4496648317076617,1.4496648317110818,2.3592715880617865e-12
257,512,-0.5545267180905077,-0.12909016162951695,-0.2466892217346008,-0.5428518845143857,1.4362118611487942,1.4362118611519819,2.219500085282683e-12
258,512,-0.15479892292799666,0.710609212484982,-0.13614413898313923,-0.5836868455795153,3.184793655753217,3.1847936644683945,2.7364967437825036e-09
259,512,0.4350467569122185,0.1026736607753823,0.5603791915609571,0.3080760766105508,0.6862157790483343,0.6862157790483611,3.8991197390670406e-14
260,512,0.2026355842314019,-0.6585911456273085,0.4674423504437579,-0.01900445414923616,1.8746915404920403,1.874691540520146,1.499219436933018e-11
261,512,-0.42532592407527564,-0.2289387087804929,0.7105014444104981,-0.16600613471739703,2.7958534613499926,2.7958534630438656,6.058518678630724e-10
262,512,0.10699637936540048,0.08727754143607196,0.36849936334811717,0.6217770313969774,1.5718190608689964,1.5718190608754086,4.07947979551794e-12
263,512,-0.03054383800715233,-0.6345062164278505,0.5510358686885571,-0.05983769815116954,2.122400864179375,2.122400864267878,4.169946602167845e-11
264,512,0.4628604341370813,-0.4542133001118599,0.10082017693732004,0.20489593984550641,1.7834575325697921,1.7834575325879831,1.0199852772648693e-11
265,512,0.23797704852423204,-0.6437816589747053,-0.03930743888988411,0.265570515466096,2.2254995398630144,2.225499540003968,6.333565502596155e-11
266,512,0.5526317072109104,0.5021251387088423,-0.7090238832647782,-0.14110469450844063,3.687731661566465,3.687731731133358,1.886441301030708e-08
267,512,-0.07026293430861229,-0.1408457682038169,0.06674259548223037,-0.06544319355169428,0.31678306701582576,0.31678306701582626,1.577105638213805e-15
268,512,0.02282208794314597,-0.03517680251561167,-0.1195836132335242,0.3402012172869537,0.8369976287668603,0.8369976287669463,1.0266607592734608e-13
269,512,0.3704381958829047,-0.3039475141690708,0.37158406777015174,0.16716199660902736,1.116576165872425,1.1165761658729585,4.778654622436335e-13
270,512,0.565807738934723,-0.21811604006621566,0.4134762739239651,-0.5124658435888153,1.0576495715918521,1.057649571592225,3.524918854815141e-13
271,512,-0.1855982025907468,0.3942132206137075,0.02987779045103799,0.6038855166537799,0.8159084458015138,0.8159084458015876,9.04878868670683e-14
272,512,-0.05595421657798375,-0.5502647273245116,0.7224045257800125,0.17201399883451818,2.7988668176079714,2.7988668193237225,6.130163414563417e-10
273,512,-0.2392756348457536,0.05817759934146446,0.0919467922750018,0.6737355652189277,1.7394917802133718,1.7394917802280812,8.45611633269943e-12
274,512,0.4399473897460851,0.08246736493816063,0.305657205264067,-0.29137360467339185,0.9445929230764666,0.9445929230766476,1.9158131359327466e-13
275,512,0.6586512303745984,-0.17545977744389152,-0.30199095454223346,-0.3492558043866659,2.3940867390451137,2.394086739343152,1.2448942551725457e-10
276,512,0.42257252184437144,0.5073456005313235,-0.5932584304166206,0.38869525124395365,2.825378776381629,2.825378778302247,6.797735946088215e-10
277,512,0.6334314026224519,0.1390384360879346,-0.4387347612433463,-0.313770230652325,2.7161384469332654,2.7161384481384006,4.4369428376621747e-10
278,512,0.6229386188724055,-0.4081674810220613,0.4328043318007612,0.42803066695173025,2.5186943661264403,2.5186943666405277,2.0410870258771272e-10
279,512,0.4488365861695413,-0.38338367828986386,0.045852082999420736,-0.44826358389489707,1.0796607146202808,1.0796607146207078,3.954869983585623e-13
280,512,0.6508248325811055,0.32475628684183433,-0.012662221931760462,-0.2578001994680789,2.195281449059321,2.1952814491823793,5.60558885831302e-11
281,512,0.044310083868752174,-0.6321160011271588,-0.3971858530357986,0.311495067169514,2.4551590686951617,2.455159069084801,1.587023166028209e-10
282,512,0.6874468091703704,0.02717781446770304,0.6036737359083735,0.18964599054072792,0.6395986949788258,0.6395986949788438,2.812015274596981e-14
283,512,-0.34405714068355575,0.3496535488117143,-0.1608928712507049,0.5277020883862324,0.6891930357805853,0.689193035780613,4.0111480931980056e-14
284,512,0.2917350824975937,-0.3772566525983497,-0.192048754830049,0.43062129269387167,2.0508886201021554,2.050888620165996,3.1128208438752604e-11
285,512,0.4646042707989269,-0.3656939662777336,0.29165461029526046,-0.6804400271305272,1.243186877907243,1.2431868779083572,8.962609301261797e-13
286,512,-0.2872415675053051,0.28636963095465434,0.10708738339623444,0.5137210798329814,1.1118329461425238,1.111832946143043,4.669229204943668e-13
287,512,0.4106213790127091,-0.5978224066035792,-0.5096101445076306,0.2524440669595672,3.069605385374719,3.069605390758723,1.7539726555805307e-09
288,512,0.6008457624387231,0.16467907573285445,0.14792516560167607,0.09235956078501675,1.1298911886590708,1.1298911886596488,5.11537847556624e-13
289,512,0.20916774913110855,-0.6390209740213301,0.31532403767250866,0.01026052633640144,1.6717218878293756,1.6717218878399336,6.315643167948948e-12
290,512,0.495908851495046,0.1364233092792046,-0.015173287670942386,-0.26906763725536603,1.4496251038295458,1.4496251038329657,2.359183071554661e-12
291,512,-0.11732038252009683,-0.21803201329898553,0.49593869820062497,-0.1390652190099523,1.3775668018494789,1.3775668018518132,1.6945493521205802e-12
292,512,-0.4865456381370014,0.02927043832083492,0.16200504649685712,0.353184752971899,1.6192929785562122,1.619292978564352,5.026706862274729e-12
293,512,-0.4814372814334291,-0.0010447877689247374,0.19250583799515822,-0.2857776487101456,1.6016072355027837,1.6016072355102338,4.651602727122983e-12
294,512,-0.3613415563503092,-0.5354924171223686,-0.46687660952170695,0.019244106702908256,1.5221830071388107,1.5221830071437916,3.2722113926634345e-12
295,512,0.07909232220061152,0.5815002038457315,-0.4523388314172842,-0.30578348318108584,2.4167404020930134,2.416740402422263,1.362370225012707e-10
296,512,-0.27830780258850174,0.08956341059167958,-0.5141825552781218,-0.29347002159381,1.1095473687776616,1.1095473687781734,4.612807246941051e-13
297,512,-0.042349916004731133,0.4491965476174651,0.10260576804846736,0.5490410710659344,0.4711858374146257,0.4711858374146291,7.186506800982256e-15
298,512,0.04735050415105387,-0.05926911117807901,0.6576970466834641,-0.08363673384561918,1.493785091883425,1.4937850918877285,2.8809006807171113e-12
299,512,-0.27439236824775576,0.6733071871878484,0.37974525527070024,0.24738597458162612,2.126794313670881,2.126794313761168,4.2452101971421916e-11
300,512,-0.6424317980696196,0.23777756347006748,-0.6373103189050406,-0.18117845652803816,1.4147236704755681,1.4147236704784139,2.0115049434089086e-12
301,512,0.030660998947553003,-0.11682401895105367,-0.14143655689874424,0.6812880999664942,1.9607703669260483,1.9607703669681353,2.146452295547801e-11
302,512,-0.30154466232580857,0.6809182879381738,0.06337533450481662,-0.523479431107869,3.075177952990475,3.075177958501739,1.792177224847104e-09
303,512,-0.4258432849269323,0.5781387956907182,-0.22365400186985607,-0.6927468222119377,3.4358422905378494,3.4358423152326156,7.187398065362684e-09
304,512,-0.2442481878284012,-0.5935084862984701,0.4664432417050363,0.4372558164094442,2.9948983326963288,2.994898336630115,1.3134957346421885e-09
305,512,0.09077956009766534,0.37173263540275414,-0.059859227174206574,-0.6014887341646885,2.2028786200379535,2.2028786201652903,5.780473177527299e-11
306,512,0.3161643740674994,0.13678630385627952,0.46251362621941955,-0.1119568717858748,0.6855600918742257,0.6855600918742523,3.8704601687067405e-14
307,512,0.2002587138393695,0.5278574284912033,-0.5862989643607498,0.0009308402316274833,2.2944051039881863,2.2944051041799334,8.357158129526543e-11
308,512,-0.3218708572792857,-0.6748123370652942,-0.19794882973686403,0.6506867244847899,3.4619358732625685,3.461935900765121,7.944269820854206e-09
309,512,-0.4340321309040607,-0.5828270525939683,0.08759399484143013,0.2453569765632153,2.362434707992159,2.3624347082513797,1.0972605679736312e-10
310,512,0.5418703885551835,-0.42646370196069044,-0.1265561797975705,-0.46488859478956435,1.8394731697366746,1.8394731697604574,1.2929111408412016e-11
311,512,0.15053313576489624,-0.49308740951267216,0.3783604606900739,-0.42565698215533754,0.6624977241116397,0.6624977241116615,3.301353769093094e-14
312,512,0.2730766841105554,-0.13694692192330807,0.2692780722238322,-0.18311512387706583,0.1028637173929843,0.10286371739298432,1.3491431341913544e-16
313,512,-0.32697007341399775,-0.1391941056220544,-0.017422702816285815,-0.4697920741306501,1.049151441894567,1.049151441894921,3.3735749303394513e-13
314,512,-0.07894865721206606,0.02784802162260537,0.10201789391741287,-0.5921629757367455,1.4822681061565732,1.4822681061606275,2.7352085796669542e-12
315,512,0.6411147306713528,-0.11722384937832615,0.4415959796289848,0.42389438183664596,1.7079490668916413,1.7079490669042547,7.385153381843543e-12
316,512,-0.6328567908086394,0.21951283893281145,-0.419571672161418,-0.2976677236851392,1.585790575845312,1.5857905758521929,4.3391229376892235e-12
317,512,0.16256669707383606,0.1683461555425827,-0.2308521547535732,-0.22068730144879467,1.1385743635044956,1.1385743635051044,5.347444367449363e-13
318,512,-0.4809375592433862,-0.24925851371761618,-0.090090912609527,-0.3928651217873999,1.0356563551880582,1.0356563551883837,3.143102334953444e-13
319,512,0.17072410217179895,0.40026857683260153,-0.2681170963562989,-0.10175857647849627,1.4229864871243572,1.4229864871273301,2.0892364349496685e-12
320,512,0.12164536828094062,0.32038026536821046,0.3505877122224951,-0.5491334975867951,2.109638395417938,2.10963839550145,3.9586077102748834e-11
321,512,0.1898686696535004,0.3741340876016582,-0.4809501004500104,0.5252424949737929,1.8724168776101695,1.8724168776379742,1.4849603101636948e-11
322,512,0.2730277069718406,-0.02555295511749136,-0.5727810970172257,0.4031545816685251,2.254453475011203,2.2544534751716636,7.11749146867076e-11
323,512,-0.11732959624040182,-0.24089109804261516,-0.1167749784768937,-0.3896238801900805,0.3363907154960994,0.33639071549609995,1.6501986729744181e-15
324,512,-0.44003330595381734,0.08189448546406955,-0.26724906378516433,0.33204189643152116,0.7349930079381842,0.734993007938224,5.407668352257767e-14
325,512,0.39789144826376904,-0.39514751687637567,0.04409444916731399,0.00470099317275301,1.214834711448455,1.2148347114494034,7.806432419963389e-13
326,512,0.13078560935973285,0.6765325835067771,0.1978691836081953,-0.6577850863001431,3.3215126199969105,3.321512635384343,4.632658195770712e-09
327,512,-0.42505498984716,0.11216328109149523,-0.4944380544526981,0.5257148740798216,1.2632216408876045,1.263221640888852,9.875120486317078e-13
328,512,0.03480926201735889,0.1935527226708431,0.6824595301373391,0.2386979249189637,1.7033888359500624,1.7033888359623974,7.241459866628456e-12
329,512,0.30671282143147627,0.10771626658739462,0.6272873663919329,-0.16011371936327443,1.1024653073953719,1.1024653073958621,4.4470740656027224e-13
330,512,0.6028177460871005,-0.13279084567194283,0.6565378333262162,0.209912663496339,1.1523330828136242,1.1523330828142841,5.726786600848866e-13
331,512,0.4602983160433341,0.27507076314665485,0.1569589069009904,-0.3839056449869117,1.6831892624240794,1.6831892624352516,6.6375033076869295e-12
332,512,-0.3664680441082276,-0.08551742654122724,0.2572823422355408,0.6967349243486746,2.511396468927265,2.5113964694252826,1.9830306894957986e-10
333,512,-0.300046923782795,0.10570782688436861,0.34911695018736494,0.3688407891654456,1.5541779105653197,1.5541779105711833,3.7727546134808265e-12
334,512,0.21528388566842938,-0.3713544376723954,-0.5322893112324858,-0.24437911046837357,1.8129597275969223,1.812959727617879,1.155943595349887e-11
335,512,0.2555431784400231,-0.29607531735080284,0.3763882545588245,-0.5318533485964443,0.7418380169011575,0.7418380169011994,5.6570881209533004e-14
336,512,0.21392216053391072,0.7060251632564446,-0.7093528745675858,0.11881177209740613,3.1665812664356596,3.166581274513195,2.5508694865837084e-09
337,512,-0.1119226948784415,0.5382083255264738,0.7155279716909092,-0.06212549618612786,2.660494029914127,2.660494030863286,3.567604223004148e-10
338,512,-0.21185066638365055,0.33919018026062514,-0.11154611006636886,-0.3812894489628356,1.564992891448275,1.5649928914544695,3.958229089760222e-12
339,512,0.45462592637584576,0.4643805232513023,0.16069965264001512,-0.5075967726892753,2.4749094393093176,2.4749094397340894,1.7163123893104444e-10
340,512,0.05164697837313673,-0.11410107927511359,0.33605610461984387,-0.4973041113956509,1.1399933738016417,1.1399933738022554,5.383639081744133e-13
341,512,-0.4260823372828815,0.5046769496414647,0.40390671411767054,-0.441601127228021,2.9684877151221647,2.9684877186418093,1.185669240892974e-09
342,512,-0.43471043426042577,0.6110534804763277,-0.32776336516697485,0.009517629552177817,1.7308901268293027,1.7308901268434091,8.149849336033793e-12
343,512,-0.5152221421151906,0.4845053349582643,0.5862535353685296,0.23222175635879208,2.9397912314307515,2.9397912345491086,1.0607410127405052e-09
344,512,-0.399119248177809,-0.6135249890643993,-0.01296315936901421,-0.37808090971045694,1.3331408279112962,1.333140827913132,1.3770974191800184e-12
345,512,-0.4770211103931049,0.02406723777207571,0.6188977132109732,0.03703308078427101,2.487311091850082,2.4873110922984814,1.8027481210134601e-10
346,512,0.41970971754719233,0.40150584980777565,0.16300949435162063,-0.6136303168404168,2.565821197475888,2.565821198106681,2.4584439164605655e-10
347,512,-0.49281971845074823,0.3711709048125573,0.43008161341734663,0.06205762773053365,2.2445341351801567,2.244534135333655,6.838770896836192e-11
348,512,0.16862035756700924,-0.20722107590700203,0.2824953580407436,-0.4419487368490257,0.6257140471139756,0.6257140471139916,2.5550347843941145e-14
349,512,0.4848355982801349,0.5060356308113669,0.06765393370698014,0.39423733782562853,1.2401981656230727,1.2401981656241683,8.833814716615821e-13
350,512,0.17041249846272788,-0.6780732232579686,0.5278586244460651,-0.2537367598702928,1.7018526198226334,1.7018526198348762,7.1938505362628876e-12
351,512,-0.12165162271138608,-0.7241179306082745,0.49078848273662307,-0.23725931246516585,2.2463763149019087,2.246376315056677,6.889682607073515e-11
352,512,-0.6462368064196033,0.09382352512129376,0.16612184876293112,-0.28250508151735015,2.0967434232993747,2.0967434233781224,3.7557134636691713e-11
353,512,-0.4031536768264603,0.02386580443481816,-0.23116553187337968,0.6050744881746074,1.5722673428389158,1.5722673428453433,4.0880612371934276e-12
354,512,0.010661118933697018,0.251906917769241,0.3708404084865526,0.20646573702362564,0.8066092558051253,0.8066092558051942,8.533726464377416e-14
355,512,0.49269671704948503,-0.13412456237545284,-0.6027755519229521,-0.10282365383783726,2.5094659552273417,2.509465955721193,1.9679533055305457e-10
356,512,-0.7221110346393207,0.057211321140701335,-0.07286567004776726,-0.14141233702274372,1.7592548806997734,1.7592548807159603,9.200957650884146e-12
357,512,-0.6772701108589853,0.29724876505011427,-0.1833402568842327,0.46242321106892204,1.6059005721552917,1.6059005721629032,4.739687589755161e-12
358,512,-0.7189051268353505,0.05246349400847065,0.17965132370385595,0.37656238207327186,2.4076780489270875,2.407678049243485,1.3141191155005483e-10
359,512,0.4269707163775969,0.3752185695303781,0.09321456266501686,0.13846151670478823,0.9703600659503712,0.9703600659505852,2.2058924996886442e-13
360,512,0.4282531632177979,-0.4388392150834565,-0.07924380607151524,-0.5747307317957754,1.4910756614051293,1.491075661409373,2.846077230801348e-12
361,512,0.3350562719389197,0.6591767660512731,0.5007450983753973,0.32327092361768606,1.2936386632370689,1.293638663238547,1.142630455468268e-12
362,512,-0.49689324598789864,0.40388004878899925,-0.0002190099174020712,-0.4551214871644049,2.3343098545787395,2.3343098548076435,9.806067793929802e-11
363,512,-0.3615348991540569,-0.5660702812140653,0.42364332835328455,-0.5180764782320235,2.309439783748469,2.3094397839534664,8.876496969918142e-11
364,512,0.13494826690599648,0.6555039112575225,0.19511061067300936,0.19165213025779385,1.2298954454566644,1.2298954454576982,8.405915188563672e-13
365,512,-0.6674216428300845,0.3388276407849014,-0.5475479918901633,0.3305555407218628,0.46717238028909425,0.4671723802890974,6.7729509570400436e-15
366,512,0.26029164943080235,-0.18185440362846889,-0.4204362599973865,-0.20133876841171014,1.4836630184633715,1.483663018467455,2.7523920717560615e-12
367,512,-0.2533372576401949,-0.6697252992417035,0.10168358879150914,0.3627740768972347,2.589964601047331,2.589964601747606,2.7038012367272485e-10
368,512,0.3486165088608765,0.550168006453084,0.16411419921119766,-0.6259412775958002,2.9384127791250267,2.938412782225288,1.0550802810875703e-09
369,512,-0.3516975322027929,0.5437148818462139,0.29848224106776994,0.11997677790689133,1.867677754390469,1.8676777544176577,1.4557487594067612e-11
370,512,-0.28609628318010943,-0.6106868108972376,0.042258552906869494,-0.6939295760011379,1.2026606131257094,1.2026606131265942,7.357418551577361e-13
371,512,-0.4550459192305367,-0.5386197364556247,-0.1303188995168117,0.6017615115824939,2.9938710385116303,2.9938710424284416,1.3082765654707425e-09
372,512,-0.3782131228173337,-0.17092484048658146,-0.40207075886215116,-0.6101519390215687,1.3187641857567691,1.318764185758466,1.2867083358525908e-12
373,512,0.012060271125626795,-0.20412634184689704,0.3104239409849431,0.03167127057185278,0.7966037854858254,0.7966037854858894,8.027685454621394e-14
374,512,0.2913505988968027,-0.6588431826505176,-0.24915404464338678,0.0891134976942537,2.2522569741801495,2.252256974339042,7.05481020019628e-11
375,512,-0.40941147001902284,0.16404271238224621,-0.22813004451762048,-0.2886754555992039,1.1107396267687912,1.1107396267693064,4.637841947933884e-13
376,512,-0.12782055195741313,-0.031428876386445814,0.12898637241922353,0.4375048126474699,1.1480244304026466,1.1480244304032898,5.603218916188082e-13
377,512,-0.3290473232427723,0.077863462703344,0.2840756023334928,0.32196075625120696,1.428339037212986,1.4283390372160438,2.140791629128209e-12
378,512,0.2923767235216471,0.07289488483928933,0.4314544924565098,-0.6050152965630844,1.8798316671872466,1.879831667216043,1.5318551752029928e-11
379,512,0.08492397346733385,-0.13923518977824278,0.10649673963311679,-0.09788784598797023,0.09550783264924552,0.09550783264924555,2.9061046456327656e-16
380,512,-0.3462071931637189,-0.3868033907008458,0.09389235160078727,-0.23581741866087724,1.073337744657132,1.073337744657543,3.829219327859607e-13
381,512,-0.3229705562043135,-0.3770641676676877,-0.2449495352698257,0.28965579392545465,1.5207221945148413,1.5207221945197846,3.250678563958927e-12
382,512,-0.4572161479161137,0.21907448597750034,0.5454805810923745,-0.09132357417901205,2.3466031713021507,2.3466031715438542,1.0300145717972011e-10
383,512,0.08180197641538389,0.13733478608238758,-0.12539596933099906,-0.31949402624252743,1.0351936091081553,1.0351936091084792,3.129492645001188e-13
384,512,-0.28290054036223905,0.6587258835795647,-0.2934952048466212,-0.6682556934983377,3.495991143018851,3.4959911746669583,9.052685190345304e-09
385,512,0.5398686841342635,0.3574411797290477,0.10046581672351935,0.30092314596841424,1.1598705071903308,1.1598705071910211,5.951842662024343e-13
386,512,-0.4253115603531824,0.26485710776224647,-0.4316052576024635,-0.5719224182872071,2.2597654981156956,2.25976549828001,7.271300497735988e-11
387,512,0.36263747832813087,0.12499881389827838,-0.2803450832878554,-0.5210116218738758,2.062754812796094,2.0627548128635063,3.268071297075357e-11
388,512,0.5062666142349387,0.3099446800006922,-0.0012490223777273978,0.4255554323101122,1.329422411687519,1.3294224116893179,1.3530562811968623e-12
389,512,0.6886586595180167,0.016049354009750803,-0.11570172488625104,-0.4457935870420253,2.3237215354657623,2.323721535684172,9.399135456160883e-11
390,512,0.5331044533342716,0.16297521407646245,-0.4518453391019043,0.45970929539452027,2.519800414387956,2.519800414904523,2.0500305754140968e-10
391,512,-0.4925563594914927,-0.13117021098736473,-0.6490260167233338,0.15784826574837038,0.9861612551780747,0.986161255178312,2.405840415212358e-13
392,512,-0.3157133314720666,-0.18794060261549897,0.28038744729466386,-0.3219452087452549,1.3484132244230211,1.348413224425016,1.4794046027693524e-12
393,512,0.3669504794556443,-0.2866432935052598,0.2626407058141864,0.4767506466059416,1.8157609760465618,1.8157609760678017,1.1697519116725492e-11
394,512,0.058704627601029465,0.7193779328206339,-0.17620760673167654,-0.5037457399961804,2.9987590707103253,2.9987590747085484,1.3332925359010562e-09
395,512,-0.23715982604269825,-0.2795437394673312,-0.4599174835984149,0.39886232081107587,1.7162603177970424,1.7162603178101783,7.653813728922519e-12
396,512,-0.37267827171453205,-0.053047859265854765,0.10901604009033528,0.7095557971197446,2.2742580681721387,2.274258068347431,7.707666409227327e-11
397,512,0.6539313215068588,-0.29833859615492936,-0.362867372737432,-0.3803909670778504,2.626687547102283,2.626687547922872,3.124044696692704e-10
398,512,0.4673812497291738,-0.5179303614675624,0.04001485841534214,-0.6795059278044964,1.5735639129153716,1.5735639129218395,4.110374700242056e-12
399,512,-0.6724357363019414,-0.11031235797215257,-0.7003523301552953,-0.021930926899990637,0.3531608101484245,0.3531608101484253,2.3577567061274965e-15
400,512,-0.5386124310968206,-0.18342145167931373,0.005448225354097917,-0.21847038699638477,1.2713993123647043,1.2713993123660101,1.0270922037352214e-12
401,512,0.5708260171934335,-0.11187300544760485,-0.6211956244160993,0.13790116668456354,2.833799154846099,2.83379915683669,7.024459725377207e-10
402,512,0.3240377808619249,-0.5627071360959695,0.07347397875720656,0.31897203405326774,2.1268664502051817,2.126866450295499,4.246486051522103e-11
403,512,-0.40955916474354676,0.394452574963777,-0.4539195131693858,0.25251443655287703,0.42002165691828536,0.42002165691828725,4.4935281568825225e-15
404,512,-0.26586223940513376,-0.11051705082447588,0.11636712903841052,-0.07570087417293489,0.7887940614588238,0.7887940614588841,7.642693217752245e-14
405,512,0.2876912598655506,0.16979312203344465,0.1741981901312567,-0.06559184326480011,0.5571189005969248,0.5571189005969333,1.514523197491707e-14
406,512,-0.6369253009147582,0.3786203541861161,0.31377133918333966,0.509506875058891,2.6848805060129943,2.684880507066986,3.925655381440729e-10
407,512,0.2213274797704036,0.39777425035109937,0.5405829148008643,-0.10015260503934177,1.4579520249779105,1.4579520249814826,2.450033676165098e-12
408,512,-0.15791672439855284,0.3235024155463864,0.40951684774346486,-0.010621868931391033,1.4240298475663964,1.4240298475693853,2.098932428982311e-12
409,512,-0.1797670116510886,0.0776130036672629,-0.1273526057552495,-0.21156789646818663,0.6090848739130785,0.6090848739130922,2.242009904983819e-14
410,512,0.16713293459609038,0.0028441752630381668,-0.08133903881926163,-0.2294940598771642,0.6972608106796192,0.6972608106796486,4.2194986010887555e-14
411,512,-0.546758458505992,0.10953772924296229,0.3796489909803685,-0.5058244721217944,2.631526606937509,2.631526607775393,3.1840224689655715e-10
412,512,0.11526044833893588,-0.25205114940539325,-0.0757313681363802,0.37576677752853666,1.369398151859459,1.3693981518616927,1.6312047175707495e-12
413,512,-0.28553933689887,0.042103628109116,0.01344554213480665,0.1293757416780001,0.6449506132618866,0.6449506132619054,2.909179203857334e-14
414,512,0.3020133553867191,-0.6644414689764708,-0.25915931499410316,0.2694735866905538,2.620289357084174,2.6202893578824327,3.0464528287393703e-10
415,512,-0.30781721114370963,-0.6244757990882902,-0.3170055027806583,0.08598082385950284,1.829758825794442,1.8297588258171487,1.2409682122442983e-11
416,512,0.2934264778518051,0.6502191600173575,-0.18694262503123035,-0.2122958959625269,2.3546162190145874,2.3546162192650075,1.0635284300488355e-10
417,512,0.5379544624344198,-0.08719324382921852,-0.4760508579883702,0.04360018438749868,2.262328368009623,2.2623283681758277,7.346627042683022e-11
418,512,0.5127249405530746,-0.44237995056637647,0.3280600961525096,-0.3195361363800432,0.6657807224662671,0.6657807224662896,3.3851276613123294e-14
419,512,-0.4671071108424809,0.15477090135072627,-0.5252797806701333,0.11384986134497373,0.193465190298865,0.193465190298865,0.0
420,512,-0.6211996717295608,0.3437026083177632,-0.1585837602287689,-0.19986726197856564,1.830113266625992,1.8301132666487376,1.2428511179878679e-11
421,512,0.4354198966501948,0.3325472225810227,0.11209727905971628,0.23576904560500653,0.8132601396301596,0.8132601396302319,8.887134064626098e-14
422,512,0.1191151922826861,0.25966971983711556,-0.5912502934822531,-0.08410661821286254,1.8002420813332178,1.8002420813529365,1.0953344189001632e-11
423,512,0.612574326502966,0.30143985245642824,0.22210995643060927,-0.13793932226712408,1.5171699102437568,1.5171699102486105,3.199162457866332e-12
424,512,-0.2739152815948241,-0.5945188813591398,0.04664050297680945,-0.04184236271750716,1.5375914277742917,1.5375914277796812,3.5051357294192057e-12
425,512,0.08054289451117538,0.48860694614715994,-0.4359230233712028,0.585410875316778,1.595063216248516,1.595063216255726,4.520064313734671e-12
426,512,-0.6202897125902644,-0.23969387137751189,-0.1450387873149183,0.389552872457203,1.9813735830859298,1.9813735831322485,2.3377078925129522e-11
427,512,0.21427302350998936,-0.1764277442288274,0.49228165478420866,0.48155011075035903,1.7984354137712697,1.798435413790818,1.0869649684776573e-11
428,512,0.6754284984616689,-0.2851944102635519,0.3175904616343114,0.16024531523445013,1.616247208824143,1.61624720883216,4.960206840295644e-12
429,512,0.36764604948243057,-0.6487988182482187,-0.2533102766935771,0.19164983600169685,2.5545924277293217,2.55459242833015,2.3519535621369e-10
430,512,0.39297669568589516,0.23574380926510724,-0.5348725549703293,-0.12565093488083603,2.2061931236209906,2.2061931237502406,5.858505436218364e-11
431,512,-0.059309545360242674,0.14407166815375383,0.35651530120311675,-0.0425438321516727,0.9523590262881796,0.95235902628837,1.9992801398156663e-13
432,512,0.1594327247895082,0.4960885971746562,-0.39265581459779836,-0.3064686117533012,2.176582276488559,2.176582276601672,5.196820523824766e-11
433,512,0.1636473231476625,-0.0842150482470807,-0.2029014911429771,0.011518292056510933,0.7682529195360914,0.7682529195361433,6.748743015685877e-14
434,512,0.08165778296543895,0.1658562827279753,-0.4155930356956981,0.4407554416054363,1.3487346692094964,1.3487346692114948,1.481686123999882e-12
435,512,0.30550083967954417,-0.4514294840204356,0.09262303808988775,-0.534051989831764,0.6373759729464512,0.6373759729464689,2.769565663094592e-14
436,512,0.45261734443688834,-0.5275912064037784,0.3894208991798098,0.5234994858696969,2.8263962629976893,2.826396264926634,6.824749186411868e-10
437,512,-0.1894487628447277,0.13838134216963643,-0.5850724718580843,0.20259271844404456,1.0070150923866832,1.0070150923869547,2.6966880027557415e-13
438,512,0.2637106089927397,-0.08416483820162092,-0.33607547380498876,-0.506552202087395,1.7077325539262798,1.70773255393888,7.378288316930308e-12
439,512,0.0646190671332257,0.7055695851382061,0.06342783669850235,0.6685305869001719,0.1416232167159792,0.1416232167159792,0.0
440,512,-0.0622575550932297,-0.40251370224458694,0.04095683827761561,0.6843645118881921,2.5421559320792726,2.542155932648539,2.239305640554183e-10
441,512,-0.1602541553829348,0.6442095426433094,0.08201642979585216,-0.29948558861627195,2.2414356799721125,2.2414356801234963,6.753876354410131e-11
442,512,-0.19398791346165123,0.4296974251927096,0.5660752621492492,0.4525958935317634,2.0970051832859506,2.097005183364791,3.759670711389003e-11
443,512,0.014174452835665227,-0.2727325827563189,-0.15629822617461092,-0.12813791441874306,0.47018964181271333,0.47018964181271655,6.847549339879777e-15
444,512,-0.5468105538603983,-0.2396963504609217,0.44562117328757084,0.04381594248276297,2.320796794924028,2.3207967951396244,9.289759020244855e-11
445,512,-0.16620646729971994,-0.28333951571787575,-0.6684303609299129,0.2714559829544925,1.9594999366094712,1.9594999366513106,2.135209092642722e-11
446,512,0.21735458352532236,-0.12465632678704269,0.4353205298200878,-0.5277443012683084,1.2207335565691237,1.220733556570105,8.037913792764263e-13
447,512,0.47957842452339455,0.36882139053656154,0.058441666833363666,0.07143567181444903,1.2229032097962798,1.2229032097972734,8.125333215905489e-13
448,512,0.3670123690862167,-0.5724040934009627,-0.38209932668027485,-0.3133338542214474,2.086948041931406,2.086948042006709,3.6082774239532614e-11
449,512,-0.22941191832127736,0.6782387813031016,-0.6266758544012343,0.3187756794097144,1.8725937907588084,1.8725937907866363,1.4860650662287035e-11
450,512,-0.31278814982995234,0.3727287946840413,0.622686533951574,-0.18282097893111657,2.536756740513754,2.5367567410698295,2.192073134590525e-10
451,512,0.22479019984271875,0.6349459919097099,0.20933719028154185,0.041463696651397076,1.4997557496860663,1.4997557496905038,2.9588560873033062e-12
452,512,-0.35425707048229543,-0.5140336494449618,0.13221023471317972,-0.09516978275995037,1.516264608435643,1.5162646084404747,3.1865748077795086e-12
453,512,0.3766788531822917,-0.3400280288560891,0.6920332432295625,0.09441758296837481,1.5736048724095155,1.5736048724159863,4.1121020849516615e-12
454,512,0.2742488052154617,0.30299370354493094,-0.6027208618294343,0.3304287531347293,2.185490790497188,2.1854907906149377,5.3877971215676815e-11
455,512,-0.6013066511518909,0.15378759997451288,0.43242188367586154,0.01866632915344975,2.3615477630073447,2.3615477632655524,1.0933832527389731e-10
456,512,0.24215114293348033,0.022394894457889742,0.49903910436089255,-0.43299808388930794,1.3348487638630089,1.3348487638648618,1.3881439442899688e-12
457,512,-0.35495795486490306,-0.3520569079586859,-0.4322391382108123,0.11018046033080639,1.1455566429079875,1.145556642908622,5.53775703888759e-13
458,512,-0.5967910325208469,0.3905866581559434,-0.39560060418998044,-0.5142532539016754,2.639774556950119,2.6397745578183103,3.288884250916768e-10
459,512,0.14410782194493404,0.619683315752016,-0.5244716521869204,-0.31936912406234835,2.789551341646704,2.789551343295708,5.911359363798239e-10
460,512,0.4283165434698549,-0.06092062557107651,-0.28035826042713063,0.22134512948236698,1.6264350287346425,1.6264350287430773,5.186071535762113e-12
461,512,-0.06103743771368827,0.2596920287894105,-0.522292867627341,0.4836377075615639,1.3982523482145648,1.3982523482171718,1.8644887024532565e-12
462,512,-0.16381552705521654,0.6601092738427147,-0.08281957532685987,-0.14116356689053625,1.9189206702364323,1.9189206702710437,1.8036923242392125e-11
463,512,-0.06797824363992483,0.6403123925142744,0.16957796623062507,-0.12145207943340534,1.8550898062414467,1.8550898062670607,1.38073937525552e-11
464,512,0.18220110304675805,-0.18575271040178692,0.42009763547815326,0.284288202689828,1.1940035015526296,1.1940035015534711,7.048128850305341e-13
465,512,-0.20908563106462796,-0.5046477882885582,-0.32554850366662047,-0.5854380348535755,0.4519617381497829,0.4519617381497855,5.772665886607576e-15
466,512,-0.3479777439123253,0.11976108310888321,-0.6288411659778057,0.03127755864087705,0.7942380183031487,0.7942380183032114,7.897834080687279e-14
467,512,-0.08532102280897917,0.5236970203301443,-0.6875892343064682,0.04112188837636066,2.102632521760509,2.1026325218413975,3.847016931917926e-11
468,512,-0.14187073943046602,0.44037785981519323,-0.25196782159269016,0.05497182534575762,0.9047338910282233,0.9047338910283617,1.5289997450087692e-13
469,512,-0.5934519558646564,-0.017987234670133422,-0.26138269211332427,0.619481879729839,2.04057214748109,2.040572147541976,2.9837691851881636e-11
470,512,0.6967949536843088,0.206335618425802,0.011353172462646683,-0.31357833610680197,2.179942797469266,2.1799427975841073,5.268095557394794e-11
471,512,0.00589533014369637,0.37831820701616264,-0.03645238634848143,-0.564327283651529,2.0776257166957044,2.0776257167678662,3.473283541182944e-11
472,512,0.047303914154349806,-0.7051275048120885,-0.2630509558242502,-0.136830453336308,1.7031796929468137,1.7031796929591365,7.2351787016693106e-12
473,512,-0.33928362223617226,0.29799544988906107,-0.2566047045426277,0.31370454796756253,0.20598797115998424,0.20598797115998427,1.34743671969428e-16
474,512,0.42774245770802505,0.5190798205183612,0.36906170332211485,-0.3042083582962966,2.1201320096636977,2.120132009751293,4.131594824097295e-11
475,512,0.2722200333025511,-0.5649698579999964,-0.3203253785892134,-0.4999016610451419,1.6927172524688683,1.6927172524805745,6.915621350567493e-12
476,512,-0.2672041039060426,-0.2881388622078179,0.5309126820743172,-0.37880439532355126,1.9701867139272857,1.9701867139712583,2.231900308000528e-11
477,512,0.4701554927565751,0.17145514083105,0.48973679805217996,-0.17452713880573217,0.90584940079376,0.9058494007938993,1.5381473947917299e-13
478,512,0.39139843580105455,0.4677012703878852,0.47068256661114993,0.1807731522966775,0.8445819822474462,0.844581982247537,1.0752803792081182e-13
479,512,-0.19378199589858575,0.19965067452654833,-0.6913718929314452,-0.10241075507665014,1.5384295214587274,1.5384295214641395,3.517948092487842e-12
480,512,0.6014024670014185,0.16019363204245582,-0.3813551042072696,-0.09591122276711632,2.288930258402928,2.2889302585900606,8.175545366910304e-11
481,512,0.5308829360627532,-0.5259920130145542,-0.5715492120808314,0.19559792461063544,3.2857676712610995,3.2857676845274555,4.0375210121409946e-09
482,512,-0.615968907997492,-0.23771271474432487,0.5128294472374594,-0.02651392955503604,2.6832651446667923,2.6832651457135,3.900872828598313e-10
483,512,0.08229010551159599,0.37843612870065385,-0.5575867094580051,0.4488359578006377,1.762567340839943,1.7625673408563918,9.332319910343271e-12
484,512,-0.39606303010783384,0.003990068946973217,0.3419849391092546,-0.6430033226418851,2.455005822850889,2.4550058232402665,1.586054972140018e-10
485,512,0.6417800499297164,-0.11123472807368735,-0.265213947706522,0.6205788258672296,2.958885676992195,2.9588856803721977,1.1423227758986576e-09
486,512,0.35429672077176944,0.3217380081277813,-0.5524416514176215,-0.1505930571556205,2.299420487759842,2.299420487955914,8.527020113575188e-11
487,512,-0.1844738816258194,0.7018677393443553,0.33490355370447744,0.5739428460917435,1.8192959113939104,1.8192959114155123,1.1873731644999783e-11
488,512,0.5746640690735908,0.04197264759187892,-0.10081805841126693,-0.03511766331421545,1.5220083607104316,1.5220083607154073,3.2692314183099896e-12
489,512,0.16594305194930745,0.603113890005054,-0.024038875286837437,-0.6092712307003547,2.8733516884236643,2.87335169077803,8.19379542315725e-10
490,512,0.3678723771821276,0.14079126440713255,0.5062957283362143,-0.14763292338253245,0.7979803897340246,0.7979803897340894,8.111227189081739e-14
491,512,0.48946745567846606,0.06931293739978996,0.7106332455736432,0.23051954325031476,0.9150307957350821,0.91503079573523,1.6173524418229518e-13
492,512,-0.09514515834221322,-0.08494284672555734,-0.47768340104531953,-0.24157405217781353,0.9506197644302709,0.9506197644304589,1.978412267540192e-13
493,512,0.4331870343088691,-0.6101607434611104,-0.21610669786506828,-0.1903570482763655,2.0537710966230835,2.053771096687776,3.1499251139559007e-11
494,512,-0.159409641195286,0.21553678146242355,-0.18976028539022946,0.07915803141736064,0.2953052922109632,0.2953052922109634,7.519154271248374e-16
495,512,-0.09318941862526971,0.5231881160979654,0.28347725200221496,0.4013202194632692,1.027379713755029,1.0273797137553375,3.004166781897223e-13
496,512,0.34237317118823907,-0.44683477521383386,0.5197430253931876,0.2680568508868576,1.8988332421815453,1.8988332422130403,1.6586516449958045e-11
497,512,-0.5086189325117344,0.19334037875894688,-0.6083841360544889,0.32701877051814315,0.5431531522219734,0.5431531522219806,1.3286215187266983e-14
498,512,0.14151078383395385,-0.48516426898836523,-0.059985707901832185,0.407952635328342,1.9862959156712547,1.9862959157186424,2.3857295877317068e-11
499,512,0.1118269179748196,0.0927497139112863,-0.10833124768942498,-0.10847925281615005,0.6010539399437405,0.601053939943753,2.0872536297555173e-14
500,512,-0.27207103236781693,-0.6638397618929863,-0.37881083280651384,-0.23872148599534776,1.311342130363109,1.3113421303647386,1.242685122221746e-12
501,512,0.3825393842199002,-0.007539112124874658,-0.3828524431257814,-0.3627657948202817,1.8668158764021126,1.8668158764291904,1.4504856008394656e-11
502,512,0.33658340621920785,0.43505278666995684,0.23827366129514865,0.009482463696452377,1.0308337249722506,1.030833724972566,3.060875638376725e-13
503,512,0.11511978948294199,-0.3416452854230388,-0.14810392433747832,0.34162861689221474,1.5361221749698135,1.5361221749751628,3.4823249507182255e-12
504,512,0.27733020017906074,-0.07062300843501584,0.5364982099419933,0.4969961839851016,1.6981437856058335,1.6981437856178558,7.079720334030351e-12
505,512,0.49158703652456237,0.0875590633918318,-0.132853982357569,0.529676122516104,1.8382698647676932,1.8382698647913394,1.286328877249456e-11
506,512,0.6442594561402191,0.18438383144866133,-0.08029435089929708,-0.7393504490434332,3.1925220582507055,3.1925220672512897,2.819270819014111e-09
507,512,-0.3695055398351612,0.5978940242164977,0.12358753115362142,-0.004003135126583898,1.9038015585886054,1.9038015586208445,1.6934065492716475e-11
508,512,-0.32885256962380405,0.40069680235767324,-0.057548879305008446,0.37515686517301433,0.675919941487577,0.6759199414876015,3.6300051734258406e-14
509,512,0.31532058045125405,-0.5712943854230337,-0.6386881952961271,-0.3692784603427364,2.8019040995126816,2.8019041012507664,6.203227253596784e-10
510,512,-0.43433357650541493,0.4620654193957826,-0.5392328455763524,0.3727320034810119,0.46765948752903336,0.4676594875290366,6.884596286979148e-15
511,512,-0.37328739982750997,0.5578251197129304,-0.019431293110384825,0.7240816555922317,1.410216905071859,1.4102169050746374,1.9702246735478884e-12
512,512,-0.282208406811735,0.45654502740100017,-0.38975659921035527,0.16086466496501428,0.8009000803444632,0.8009000803445293,8.248003912895785e-14
513,512,-0.31966697751336415,0.08819435051333321,-0.23182932358400876,0.42329204337189824,0.8157056622263807,0.8157056622264545,9.037427622348832e-14
514,512,-0.34866251333541604,0.10069904878157573,-0.4737713900216559,-0.452453385144088,1.4739927979663658,1.4739927979702492,2.6345706036634817e-12
515,512,-0.27439799158209494,-0.373462516083635,-0.07057969942873321,-0.6751787628467717,1.0677454004635358,1.0677454004639326,3.7161827981536847e-13
516,512,0.1598387981056568,-0.5096019775828732,0.27307683432365404,-0.5981566195668038,0.4476212886769651,0.44762128867696754,5.456600738080661e-15
517,512,0.44182200255648896,0.07898684324605657,-0.7386005805847841,-0.08943397785980808,2.884531661754539,2.8845316642231063,8.557947763995091e-10
518,512,-0.37849179031359453,-0.502760992511971,-0.3194336245098502,0.17463004915926902,1.6757260343039628,1.6757260343147313,6.426168111377523e-12
519,512,0.0930082862402377,0.062453146697847,0.09982474373990854,0.14252016605993165,0.16405283009886903,0.1640528300988691,3.383736275552403e-16
520,512,-0.005044480064328973,-0.6665969667144283,0.11512711837393785,0.1265189899253797,1.8902547687397988,1.8902547687700464,1.6001854732453922e-11
521,512,-0.37393045152580034,0.23667936822645214,-0.499409534733658,0.08313788589155217,0.5073701553046037,0.5073701553046087,9.846861425685974e-15
522,512,-0.31302335397248987,-0.08766789518432483,-0.363418671767246,-0.05609994884450163,0.1351349313608519,0.13513493136085186,2.0539156927170057e-16
523,512,0.22310673622501506,-0.5442856373535947,0.14802090979691285,-0.7149628093089577,0.6626807410721315,0.6626807410721534,3.3004420122019097e-14
524,512,0.429082803671291,-0.19151084559459242,-0.43271055396033775,0.18187202185754708,2.0382886999894096,2.0382887000496597,2.955912339104901e-11
525,512,-0.2148928346267595,-0.65014012034311,0.420434810567673,-0.19005762634246928,2.0487732204827065,2.0487732205459297,3.0859054490480965e-11
526,512,0.6640158640989662,-0.2618101169534312,-0.6680161104720994,0.11668320448169656,3.4312904640386104,3.431290488273562,7.062926347135232e-09
527,512,0.24471090557743846,0.5652244412272052,0.4471338554953495,0.1047334419228151,1.3359722460811179,1.3359722460829822,1.395453018144036e-12
528,512,-0.4170051361454882,0.3385163971679116,0.40627534855225417,-0.27844948968461736,2.2776456148080246,2.277645614985983,7.813267157919368e-11
529,512,-0.508100589255618,0.4052802010302165,-0.3023166600672041,-0.03422360528686357,1.2563876095918183,1.256387609593019,9.557697117251078e-13
530,512,0.36423433331683286,0.327140414931321,0.42671786628011016,0.25526460347379387,0.2511186111715975,0.2511186111715976,4.421110085968519e-16
531,512,0.21365833223450195,-0.3427099855078149,0.13688773893347086,0.6711487485386077,2.417634760505715,2.41763476083626,1.3672244052929892e-10
532,512,0.01799784377176596,0.45334480232548935,0.2134053480261983,-0.045107996662891725,1.1643154387018175,1.1643154387025263,6.087408578133746e-13
533,512,0.5581835088378257,0.467484350597076,-0.5436264366647249,-0.017531946136586613,2.9687902857636717,2.9687902892878077,1.187061312803681e-09
534,512,0.6302633619529417,0.20059478262056082,0.271360841210256,-0.21737176381580814,1.439322899832396,1.439322899835636,2.2511104877462534e-12
535,512,0.33616876696282716,0.1397537334273062,0.3966279311605712,0.6007715547170732,1.3367330939377626,1.3367330939396342,1.4001403746200886e-12
536,512,0.6638997081832959,-0.11028232418790863,-0.29241477823619005,-0.4803717474440705,2.577822248360576,2.577822249025017,2.5775281718113485e-10
537,512,-0.39700533806455635,-0.03661655603990577,-0.21923636793961263,0.10878672161411147,0.5109807634837397,0.510980763483745,1.0429102030903229e-14
538,512,-0.6320457357941779,0.1998778206929732,-0.34415785017877476,0.2791670211678851,0.862785683490211,0.8627856834903143,1.1967136597869965e-13
539,512,0.3894569073743816,0.5091095157492359,-0.1521648257390521,0.099523173248864,1.617291187182956,1.6172911871910145,4.982678979396197e-12
540,512,0.7086191464979175,0.014401924787422903,0.3002990774212979,0.6153172077863718,2.2910629731584673,2.291062973347385,8.245856728059429e-11
541,512,-0.28619105081107143,0.1976738750079095,-0.3710625861064086,-0.35617611843525326,1.3002123592977182,1.300212359299251,1.1788642807744006e-12
542,512,0.004340384160332771,0.6580740792703889,-0.5208323622212474,0.4668869556174527,1.8168575944391785,1.81685759446053,1.1751932143904114e-11
543,512,-0.1411139695508361,-0.6216693368606289,0.30430215655667275,-0.45990676091163923,1.3659216826492224,1.365921682651415,1.6051201594350848e-12
544,512,-0.3404367836358517,-0.008122894767096158,-0.10340425105290214,0.6356932127328019,1.6967113535894187,1.6967113536013567,7.035967616963457e-12
545,512,0.6882406650027982,-0.15204475205068946,-0.5785585776539316,-0.23462752176667,3.133313208143928,3.133313215173557,2.243512988336166e-09
546,512,0.5616657614141833,0.09107017765054749,0.1543815519419772,-0.6982477813131654,2.4391285803964404,2.439128580759668,1.4891698333701092e-10
547,512,-0.5658242535284619,0.35425819919800405,0.2675639457985547,0.1854344994961661,2.041989067112041,2.0419890671733243,3.001163119230668e-11
548,512,-0.4452363156724927,0.3866989414495617,-0.6093337636751724,-0.08886252890255349,1.4506126426201988,1.4506126426236365,2.3698225649267253e-12
549,512,0.6374084528723158,0.2957193497072098,-0.5796816291931287,0.2876148262332775,3.095193404581315,3.0951934105746663,1.936341405946443e-09
550,512,-0.16381343957263708,-0.16478867195805877,0.4626299900948545,0.19088307319586065,1.5508195048318272,1.550819504837592,3.7172101686255206e-12
551,512,0.1152113596414286,0.37957318691679187,0.030199194167115997,0.03170897974750062,0.7623638608183093,0.7623638608183585,6.451365616688901e-14
552,512,-0.31654784279072046,-0.0054549745508682785,0.37152812768414817,-0.5186630574752908,1.9999842100850223,1.9999842101355128,2.524544964640072e-11
553,512,-0.016245394662784265,0.14837230575385343,-0.25288966594994083,-0.35346695341400686,1.1769662804118757,1.176966280412638,6.476643735629157e-13
554,512,-0.524641952070484,-0.12313857418168744,-0.07595974695010857,0.08694448690440114,1.1240727168973486,1.124072716897907,4.968025404333795e-13
555,512,-0.4453873546988672,0.37810574988211776,0.0034854310752349543,0.7077107898736312,1.7217862525473564,1.7217862525608512,7.837651650635198e-12
556,512,-0.07420786685049205,0.37324430423347704,-0.24011764173780512,-0.001136422528712853,0.8833191345664488,0.8833191345665682,1.3511421917264734e-13
557,512,-0.004797830505758282,0.6632651621387023,-0.023591177553904722,0.1947630476757294,1.203874460447458,1.2038744604483484,7.396110599592175e-13
558,512,-0.04662373038623721,0.7468981876318701,0.5269513108298921,0.1611557201473122,2.3684729518219196,2.368472952088143,1.1240300949797463e-10
559,512,0.042967055337547994,0.6133303621334655,-0.36833897436603197,-0.4046711799911665,2.5641238549450587,2.5641238555712293,2.4420453390435526e-10
560,512,0.06667531519271087,-0.7167886358231664,-0.10568584861556898,-0.3185837795828971,1.245253527071748,1.2452535270728755,9.054722426370154e-13
561,512,0.0714373387590834,-0.16545746013367085,0.6695468868089053,-0.2141778402045798,1.5543272080432262,1.5543272080490944,3.775392200942243e-12
562,512,-0.10634652274773138,-0.315366576751746,0.07803243004125483,0.26667246654133614,1.2624641199485702,1.2624641199498121,9.837075412458392e-13
563,512,-0.24297595526262558,-0.604208567341095,0.17324706636321802,-0.6216588984804396,1.3357257073254436,1.3357257073273054,1.393881993949494e-12
564,512,0.3906824848339116,0.11480728925568334,0.3921856856427457,-0.5431159886812111,1.720361425517994,1.7203614255313953,7.789805029841486e-12
565,512,0.13652128295187782,0.28163626262435215,0.44216083332290174,-0.45682114220598885,1.8874340674274865,1.8874340674573356,1.5814598594983176e-11
566,512,0.5422010979600249,0.1736969613209539,0.36632067903877635,0.1777325045571678,0.46440970789848157,0.46440970789848474,6.81324176985845e-15
567,512,0.06644808571902751,-0.29108271059329477,0.30751373573264085,0.0707144311146316,0.9266040306922368,0.9266040306923973,1.7313460954673913e-13
568,512,-0.4497180353909517,-0.5874463005209339,-0.5309459384858706,0.33430210312795416,2.667848334677573,2.667848335657217,3.6720375322897065e-10
569,512,0.067080648539343,0.24403766957117912,-0.3855764638213856,0.17983831386434404,1.0019433154135204,1.001943315413783,2.619476760649541e-13
570,512,-0.11982288482745905,-0.3400720801031825,0.3442459048900661,-0.44531335070614303,1.1670775458490483,1.1670775458497682,6.168130058943491e-13
571,512,-0.1770495403505389,-0.44337587061938155,0.5743108487757022,-0.2868115840522477,1.952904137240373,1.9529041372809461,2.0775776783523916e-11
572,512,0.030485864703336283,0.36924680914459884,0.24910529665824402,-0.5284509962338387,2.0645777418051794,2.064577741873158,3.292610897236108e-11
573,512,-0.48048176647080487,-0.11359485973780414,-0.02424579517194052,-0.3564143289911822,1.1994137748662763,1.1994137748671445,7.238489530884937e-13
574,512,-0.400324201699662,0.2791154626572987,0.5174044721489647,-0.44620874577499314,2.7349750626503395,2.734975063956647,4.776304999812685e-10
575,512,0.285905042766723,0.550075499003619,0.08904790324490512,-0.10291652479177184,1.5838967016307801,1.5838967016375953,4.30281536159968e-12
576,512,-0.27548999548067016,-0.004327472936714907,-0.7389580209363299,0.12682479062666913,1.3978346551006264,1.3978346551032275,1.860756916135103e-12
577,512,-0.407045739276309,0.20478639544833077,-0.18387912700657894,0.4890131872805287,0.9194760329696264,0.9194760329697792,1.661453727021376e-13
578,512,0.08915858198273306,-0.3511654819105282,-0.49037782336930325,0.48493303295076684,2.3975820019019882,2.3975820022046457,1.2623445388468783e-10
579,512,0.4453337061871924,-0.03796330005861079,0.03898310721159513,0.5936813846434402,1.8251008202272767,1.8251008202494845,1.2167980483846097e-11
580,512,-0.11739948026270308,0.409769241966064,0.0936795599961427,0.09882868103207285,0.8158925341524376,0.8158925341525114,9.04896515743566e-14
581,512,0.06986510728292726,-0.5833114024170317,-0.009430665072989224,-0.5651220543190342,0.2431310367679804,0.2431310367679805,4.56635664201375e-16
582,512,-0.18578180011513035,-0.07534988671370908,-0.4533201730166096,-0.5582473327955646,1.4823532551182703,1.4823532551223266,2.736399592178746e-12
583,512,-0.36841736143554477,-0.3542772531015492,0.5585930370117306,-0.08628619188358404,2.2301388123444488,2.2301388124883643,6.453210237420501e-11
584,512,-0.33220722220565774,0.5324090173377587,0.4008311967987757,-0.23062952436175765,2.4255996192670795,2.4255996196093865,1.4112266049923313e-10
585,512,-0.604681687306811,0.03690557298271919,0.3356464764860935,0.16381793147831716,2.1393378168484904,2.139337816944067,4.4675709886490276e-11
586,512,-0.26456160710839155,-0.6728942825131339,0.027132337172041086,0.6609533024822928,3.3928377054853307,3.3928377261596925,6.0935310123088835e-09
587,512,0.4598734392037793,-0.22916311323474517,0.17312724762953682,0.04775944748115725,0.9126730701959714,0.9126730701961175,1.6008508940589044e-13
588,512,-0.46690889737315167,-0.48324762609402255,0.378323802197324,0.24555368564646857,2.5899269338828166,2.589926934582978,2.7034016023446425e-10
589,512,-0.027684375481163023,0.08554173712494832,-0.33282765026008637,-0.22942286114100133,0.9290409324494034,0.9290409324495664,1.7542901967222965e-13
590,512,-0.21608464580687523,-0.6239613587616875,-0.19580741711303346,0.4458264760079967,2.5308219118019313,2.5308219123438516,2.141281786348008e-10
591,512,-0.6330684693190118,0.354008376776391,0.3345754468558897,-0.3550014836828128,2.8838672145561763,2.8838672170178072,8.535867694236831e-10
592,512,0.41341757962895304,-0.07965931526873808,0.5056501775519561,0.31613111592240245,1.0652082244736019,1.0652082244739922,3.6645831912451483e-13
593,512,-0.702932425667827,0.07082747568802351,-0.4788406147723271,-0.16203327309185545,1.0144244934178264,1.0144244934181106,2.801757017384785e-13
594,512,0.30929772790625615,-0.37962883518580726,-0.06626421359102222,-0.3540412938323059,0.895387684442641,0.8953876844427707,1.448244727164608e-13
595,512,-0.09676098468732439,-0.48827073818359645,-0.11003022224132306,0.12756429520852255,1.3387808380049018,1.3387808380067947,1.413920937057034e-12
596,512,0.1431623796417781,-0.291356520150528,-0.2872826330332428,-0.4126759125021568,1.045704373418173,1.0457043734185192,3.3103766980201086e-13
597,512,-0.2767083924225894,0.49712523342685055,-0.1218234111415919,-0.46390131154463865,2.215916393717611,2.215916393852631,6.09318995821283e-11
598,512,0.15725482025937923,0.04633127951454599,-0.19698438203297605,-0.4978544055444663,1.4329181998534142,1.432918199856547,2.186326708117568e-12
599,512,0.3995633212735581,0.10220716541536828,0.5309459611716932,0.13855891533586104,0.3561011810307991,0.35610118103079974,1.8706307371597292e-15
600,512,0.20652094397939721,-0.1864278624912063,0.6228556041429295,0.20075014215154774,1.4383737176300442,1.438373717633268,2.241326839743968e-12
601,512,0.5049171774198866,0.5170868091359986,-0.16430174117747384,-0.020670928605590194,2.107085348741123,2.10708534882367,3.917584937270688e-11
602,512,-0.04189904129766189,0.08117193658579845,0.2620635478075452,-0.4829496517854288,1.418418955010547,1.4184189550134494,2.0461831962429625e-12
603,512,-0.4007829197968744,-0.22871456913092697,-0.009158934453366269,0.44871206912856315,1.7442843956096068,1.7442843956246616,8.630958515948058e-12
604,512,-0.04495123918025567,-0.6560565883699032,0.17356224930866104,0.06141938770156963,1.7808698827724705,1.780869882790437,1.008861867826839e-11
605,512,0.12540932314508743,0.049797057803728846,0.48888274349627214,-0.31026085806691217,1.1943490525978169,1.1943490525986602,7.06096268650241e-13
606,512,0.09705062925497224,-0.5659565159822251,-0.3611880860424196,0.17908482093561726,1.9899367850442913,1.989936785092486,2.421925252158467e-11
607,512,0.039937879523509384,-0.6395814473135303,0.3663198507993421,0.35737996759767554,2.4879347602916675,2.487934760741289,1.8072084541865732e-10
608,512,0.3204811835181626,0.4554430402430185,-0.3656116095488971,-0.547884296726485,2.8374479930557253,2.8374479950774147,7.125027445217089e-10
609,512,0.5018083102830129,-0.3379237854562213,0.6129484499868691,0.09029159522248886,1.3181539492074783,1.3181539492091696,1.283092734904631e-12
610,512,-0.11333843868954162,0.08349199804232409,-0.6080890446463558,0.11790182861496766,1.2024052597211266,1.20240525972201,7.347901016347958e-13
611,512,-0.06211858213255294,0.21251413866234334,-0.7418486621774115,-0.04901288930121661,1.9231112586267787,1.923111258662077,1.835485632284089e-11
612,512,-0.1631102334696371,-0.1922802362421803,-0.3688761990480698,0.5517847101476694,1.8553473242039624,1.8553473242296075,1.382223226415006e-11
613,512,0.1670892156603611,0.45618231004866455,-0.4519362288699482,0.44966060413041353,1.6462961722584852,1.646296172267796,5.655588909584445e-12
614,512,0.5606928650388249,-0.08973578932688223,0.15228908206356834,-0.6606647846960487,1.9803975935031481,1.980397593549257,2.328264517770381e-11
615,512,0.6601583252852032,0.2683919472042442,0.30149455652066504,0.234592117440463,1.0608688504353772,1.0608688504357577,3.5874788168708417e-13
616,512,0.3035647958237262,-0.3903210514484579,0.7350534168024828,-0.13543326190237845,1.5695921312529333,1.5695921312592735,4.039432616146084e-12
617,512,0.3470628249635577,-0.6394209130239068,0.4240803321075976,0.5910176893244642,3.3809282741392965,3.3809282938199257,5.821072655377239e-09
618,512,-0.14968633663390635,-0.25441158433855393,-0.3648922070859127,0.5350952596098947,1.9329187318283199,1.9329187318652767,1.9119728827999045e-11
619,512,-0.41929560085121426,-0.4662773526813651,0.06808892800161608,0.7170434157417562,3.1943941369724556,3.1943941460435545,2.8396930980058775e-09
620,512,-0.5600522688318758,-0.43002545690415234,-0.2370788772516132,0.675680448708777,3.1647158951715024,3.164715903186393,2.5325782138196285e-09
621,512,-0.3886905026715936,-0.31887375637244975,0.4691562060802485,0.5313076280372955,2.8699154064704704,2.86991540879079,8.084975211702002e-10
622,512,0.1507059526938974,0.2869646296564035,-0.04586195628214401,-0.38644669200613657,1.4731458388483658,1.4731458388522327,2.624931417375744e-12
623,512,-0.09835889990074535,-0.6552671418027387,-0.02237895036573877,-0.42803489595509714,0.6941392483845836,0.6941392483846124,4.1425083518487553e-14
624,512,-0.17161811622291978,0.28937057755720574,-0.4759701569242108,-0.3090572794290468,1.5665738486431962,1.5665738486494403,3.985842314746165e-12
625,512,-0.6432795188599211,0.3449299250471187,-0.22162971538710965,0.6716650209407662,1.9059770860628826,1.9059770860954544,1.7089252192289065e-11
626,512,0.22957584037035805,-0.3117109336319769,0.21878477026604773,-0.2904816512863611,0.055446524182870535,0.05544652418287055,2.502913935965316e-16
627,512,0.7392567475404023,-0.022150925894162,0.06410746488312041,0.22122568990025795,1.8949707224612955,1.8949707224922232,1.632094072747322e-11
628,512,-0.6280112646717667,0.1618059913521506,-0.29022449028473796,-0.2352008475707826,1.3674219878228766,1.367421987825087,1.616511992430393e-12
629,512,-0.3849619781427631,-0.22748437897311574,0.6761107992022667,0.32272805369825125,2.9028239158524602,2.9028239185197737,9.188685082243092e-10
630,512,-0.31609020086129563,0.25537738496985757,0.0805561150800561,0.30296439030134664,0.8910792795767114,0.8910792795768373,1.412885406249134e-13
631,512,0.2999933111815969,-0.6081235341074408,0.32965132629850125,-0.27755851216855015,0.963175115063214,0.9631751150634184,2.1220654026145277e-13
632,512,-0.6446223889612598,-0.3278514137168685,0.22410814094057763,0.4260637994475158,2.7961665524875143,2.796166554183649,6.06592903654894e-10
633,512,0.44470535200581657,0.2747758272010864,0.0721707851197983,0.6758619242243398,1.581006112912742,1.581006112919459,4.248605548533921e-12
634,512,-0.7431413181163334,-0.0843925298305183,0.5923938151570679,0.11965516065977949,3.3346806651543797,3.334680681405114,4.873250595065348e-09
635,512,0.40076518261699473,0.5915751539165632,0.4484334798978583,-0.4664199685900103,2.8742149000825763,2.874214902445569,8.221350854400505e-10
636,512,-0.6086072190625765,0.18422616155421176,-0.29466611894023637,-0.5818733305128945,2.2935557032636837,2.293555703454709,8.32878911265983e-11
637,512,-0.45225733163812903,0.39027076994123794,0.07706320456323068,0.31217392556270274,1.312846198218658,1.3128461982203008,1.251409368492284e-12
638,512,0.0015504945535879564,-0.2971709642124068,0.42406082692020236,-0.1660214418083746,0.9988144393589911,0.9988144393592484,2.5765516292823174e-13
639,512,0.13454705072677448,-0.5291892949755954,0.5969107104508738,0.3957060546390831,2.6700292178093727,2.6700292187982413,3.7035869720466477e-10
640,512,-0.054948041016600065,0.3323041558561462,-0.10831057034069226,-0.03358436496971182,0.7712512658444327,0.7712512658444854,6.837667049007102e-14
641,512,0.6315675808648464,-0.1258451535704328,0.5228983312304482,-0.38944089720976083,0.9472224335961853,0.9472224335963692,1.940968946226469e-13
642,512,0.04571702227663861,0.2493912713607894,-0.07422011979993595,-0.5499631001600317,1.7690685791673058,1.7690685791842788,9.59436496716174e-12
643,512,0.5435161818438637,0.373225855543359,-0.08706499249667375,-0.13033985202800355,1.8827963781973507,1.882796378226553,1.5510130888014426e-11
644,512,0.01832251083707638,-0.5740926151142647,-0.48125281470055553,0.5191200917359159,2.95665888838458,2.9566588917329866,1.1324967023286033e-09
645,512,0.1547375057565758,-0.5750885207282561,0.42054443660256824,-0.5430174422002383,0.8876632497432104,0.8876632497433333,1.384553082056272e-13
646,512,-0.17563666977249512,0.38671748117495447,-0.19949623382701992,-0.4704053427718027,1.9031431398843297,1.9031431399164696,1.6887771427338392e-11
647,512,0.48263106573312975,0.38593797336225194,-0.5599034211102194,0.3361785490884339,2.6547816510353455,2.65478165196147,3.4885148089410735e-10
648,512,0.10033542016536,-0.3489863960398095,-0.07430937252624668,0.21009339653705283,1.2137996398236148,1.2137996398245579,7.769185343090437e-13
649,512,-0.1286549238447393,0.3375578499889709,0.16934926539306125,0.40679984174750494,0.71562233631348,0.7156223363135141,4.7628260223925986e-14
650,512,0.37317245364009244,0.37202732450233805,0.4736431982119889,-0.10959036111157008,1.2432191776875905,1.2432191776887052,8.965948536902009e-13
651,512,-0.4880023423200303,0.4424328480203707,-0.36111444696375705,-0.19611602173538298,1.6898613111602798,1.6898613111718237,6.831257032283485e-12
652,512,0.20770852569608933,0.5196969633372472,0.019753872252095357,0.055316125808857884,1.147181692614027,1.1471816926146676,5.584108335524552e-13
653,512,-0.04873017721424259,0.17082699437263596,-0.5737308667423678,-0.2279699950972299,1.544933932717872,1.5449339327234666,3.6212783907522298e-12
654,512,-0.23757116717530266,-0.31965305733250904,-0.06234351892861023,-0.46064598933263096,0.5470186096916007,0.5470186096916081,1.3598247176969425e-14
655,512,-0.0866238732033285,-0.2902992693056108,-0.046194645859478266,-0.44405254540978345,0.3707329893508017,0.3707329893508026,2.5454696453744182e-15
656,512,0.5754141474826097,-0.23105454587531787,0.0743758981965906,-0.18666988263044326,1.2299616321579643,1.2299616321589986,8.40907344342236e-13
657,512,-0.09407526088012681,0.13658801819627528,0.06599101429267436,0.19641801772191664,0.3524263158213863,0.352426315821387,2.0476477879480762e-15
658,512,0.2653439620828928,-0.6121352824463574,-0.297580190683323,-0.5461126547869077,1.7223765997835312,1.7223765997970648,7.857525858097217e-12
659,512,0.2362709827506052,0.5021676878676943,0.13800175876342902,0.12085027132034704,0.9292714695643425,0.9292714695645056,1.7550497100045002e-13
660,512,0.0589676837093208,0.6160254299390331,0.3413684948940294,-0.4450358637278957,2.589832320871589,2.5898323215714645,2.7023960710118634e-10
661,512,0.26485803659689117,0.29929330331800413,-0.39157413184738205,0.28182472911847994,1.493070823355902,1.4930708233601895,2.871571267370102e-12
662,512,-0.08963052173051482,0.4091552005610344,-0.08932578825730625,0.3329435605506079,0.1785818834035573,0.1785818834035573,0.0
663,512,0.08989353497597898,0.11998358384467939,0.42318602602748107,0.22898377973184328,0.7885798378929088,0.788579837892969,7.64476941209e-14
664,512,-0.1214207400203748,0.34387836634034824,0.3946231117082895,-0.3842313002794623,1.964927909499328,1.9649279095422376,2.1837786315267932e-11
665,512,-0.4266733852573611,-0.47603201917137894,0.6161842411334297,0.09404679178223377,2.8661346656546356,2.866134667938061,7.966916126050472e-10
666,512,-0.23671924281345097,0.4489093441832583,-0.2217473602394222,-0.2075176990544659,1.4650225079362926,1.465022507939999,2.5299055306867656e-12
667,512,-0.36844864748879863,0.10906411273308593,0.19106710592433554,0.03491048681245103,1.1772509550401058,1.17725095504087,6.492052751198838e-13
668,512,0.24598754527336902,-0.12270127615498819,0.3902617260860873,0.6176848207669926,1.9659058917291365,1.9659058917722427,2.1926881377824517e-11
669,512,-0.46063029621664414,0.027368922332815744,-0.46255027759242884,-0.23547484242860753,0.6800732892416076,0.6800732892416329,3.722111331512781e-14
670,512,0.255028169239704,0.13731013829227814,0.6796681590990193,0.19451680730884222,1.193761347736374,1.1937613477372144,7.040258350087266e-13
671,512,0.0970400125823258,-0.4573110564222333,-0.014284096731138634,0.5640815643073831,2.2850081335124903,2.285008133696384,8.047839584822507e-11
672,512,-0.10245990758318019,-0.2942452502338433,0.189643127671206,-0.46309409185954414,0.7988150599518831,0.798815059951948,8.130548633432603e-14
673,512,-0.26118160326237955,0.2510192553290508,-0.5633055835179841,0.4683018315169243,1.114475558351777,1.114475558352304,4.729882931408693e-13
674,512,-0.5704663206119326,-0.11467492732784414,0.1970304337182287,-0.3522292417481946,1.873276140897266,1.873276140925184,1.4903243367236258e-11
675,512,-0.4251058342513963,0.4754256842963724,0.07507934026551012,-0.2913697897780072,2.0906550975042237,2.0906550975808127,3.663395147760216e-11
676,512,-0.1173792072638142,-0.28347222435265396,0.33156101694805074,-0.024655584015267892,1.0985312707292882,1.098531270729767,4.357892951928e-13
677,512,0.719179343890861,0.12245651102130825,0.7365855611946662,0.13304766796205636,0.08981826412394572,0.08981826412394572,0.0
678,512,0.16704583978731388,-0.7291704233231626,0.16350072216985623,0.40721700274351885,2.8012660625670907,2.80126606430046,6.187807260219716e-10
679,512,0.028451146447667056,0.7464949596174244,0.5067413640414099,0.18638121943105057,2.1766956639693795,2.17669566408255,5.1991816698979936e-11
680,512,-0.11269398954353922,0.4050570160495388,0.4305560994709047,-0.21894424524730538,1.820693382515161,1.8206933825369067,1.194364550756362e-11
681,512,0.48333496987354035,-0.3406162575579188,0.28139105069316867,0.1826961443567464,1.3675842640396199,1.367584264041832,1.6176190798902005e-12
682,512,-0.12768043885099178,-0.6777340872989059,0.6410915284854459,-0.3177487222273749,2.579255391592305,2.57925539226088,2.59212397244964e-10
683,512,-0.511997971881777,-0.4704231668652165,0.40507515756905843,0.5177436602369396,3.286415172756711,3.2864151860587842,4.047593661010897e-09
684,512,-0.22261876605940675,-0.6894028696536239,-0.5242686066684196,0.11698636414454368,2.368098824184392,2.368098824450176,1.1223511310729337e-10
685,512,-0.34446851123813976,-0.5123199577672808,-0.48152020909752147,-0.32170619847725546,0.7166762818929396,0.716676281892974,4.802295629551922e-14
686,512,0.319791505824077,-0.4483512876849735,0.009060463316996406,-0.4202090502875212,0.802208922127921,0.8022089221279877,8.303744777708563e-14
687,512,0.3991396202934063,-0.13202792678486505,0.4603735071010862,-0.012111779986810364,0.33282370418087415,0.33282370418087465,1.5010960902286304e-15
688,512,-0.06960505599716221,0.09370211834730663,-0.2609122011179885,-0.4302885569776854,1.2223617592546339,1.2223617592556242,8.101684550157326e-13
689,512,0.45800849866526366,-0.15124837439977148,-0.25129922838584356,0.14360279561342676,1.6415858945032773,1.6415858945123727,5.5406123660018904e-12
690,512,0.6809054976433905,-0.1085835229317046,0.19505246856789946,-0.0975849370809259,1.2848490392291347,1.2848490392305425,1.0956639669274358e-12
691,512,0.4161574276102815,-0.3881686539707656,0.2881945806170334,0.035037192999295474,1.071742894986012,1.0717428949864187,3.795553188416207e-13
692,512,0.2695250226285616,0.6528263690677956,0.4961941279514375,-0.039836779333111395,2.01524887973437,2.0152488797885506,2.688534428843776e-11
693,512,0.42233295564663076,0.5920267838494386,0.1531810910798351,-0.4015773063749583,2.5617313718352293,2.561731372454943,2.419120211322988e-10
694,512,0.13589107420010937,-0.14182848384516591,-0.01682737406628223,0.06283137094844059,0.516220614877404,0.5162206148774094,1.0538309908361993e-14
695,512,0.1869066807404888,-0.10128373966359323,0.13722881625900635,0.3129786514737992,0.8800168433906007,0.8800168433907175,1.327195758442161e-13
696,512,-0.6712566332244886,-0.12527295605041372,-0.08728713704711977,0.5215335725884886,2.282196645696669,2.2821966458782734,7.957443524899144e-11
697,512,0.6340425735921815,-0.35762755437626365,0.6181358411061555,-0.014550403779768399,1.2011769659703875,1.201176965971265,7.305503714473969e-13
698,512,0.11079568538117772,0.230253462303057,-0.7405373167551285,-0.0448688980487294,2.252767979170381,2.252767979329637,7.069335199863734e-11
699,512,0.3372804623468882,-0.5894367661977841,0.22485762263130094,0.615266800596581,3.0440275770700707,3.0440275819062275,1.5887362009404095e-09
700,512,-0.5779726053788219,0.04210929424677488,-0.5910273225948938,-0.03318359084779117,0.2321569151012348,0.23215691510123496,7.173314377525847e-16
701,512,0.15060849700872825,0.07027211938854482,0.15081827723370533,-0.6941910011158976,1.9027009660470402,1.9027009660791137,1.685680281628034e-11
702,512,0.4886434848998723,-0.02848262917549789,-0.395502582570106,0.49763126722500856,2.420763568721738,2.4207635690568554,1.3843453016205967e-10
703,512,-0.28252407141976754,-0.5341606395830931,-0.22973765413304573,0.09870218381004003,1.5013425089117822,1.5013425089162566,2.980279854386791e-12
704,512,-0.0802374078503144,-0.03027017773016927,-0.1620920987992063,-0.4266388407392625,0.8840321141579717,0.8840321141580917,1.3575876604470658e-13
705,512,0.042013569931095694,-0.2486341828788284,0.39521676481262763,0.004574627529501675,0.9425406358137084,0.9425406358138867,1.8917149137115952e-13
706,512,0.1482787157726797,-0.7281509141975253,0.47901977574724036,0.49157981481375373,3.365199873315958,3.365199891756396,5.479745263170689e-09
707,512,-0.13561576470984302,-0.3290370108820417,0.08362282817414814,0.16783023714002185,1.1232652640910497,1.1232652640916052,4.945898527112258e-13
708,512,-0.5550353559067526,0.010563496444790854,0.11476609084280477,0.39277739511174115,1.7854774742518689,1.7854774742702384,1.0288300124615076e-11
709,512,0.19742183461111887,0.022104590443911908,-0.1417297619008032,-0.3608667229671126,1.0793387985447982,1.079338798545224,3.9457633953342384e-13
710,512,0.6817123928247214,-0.0017942864078110041,-0.7288081394645364,-0.03224965848065127,3.5195112078230926,3.519511242690418,9.906865872115486e-09
711,512,-0.4594868707387226,-0.34235230120006904,-0.4533082415332402,0.1234158302914338,1.2121201677472844,1.2121201677482183,7.70484340715462e-13
712,512,0.4924939392957477,-0.07361276862901042,0.22294809747004574,0.445384036409211,1.4303292313891993,1.43032923139229,2.160788431171014e-12
713,512,0.19238334327655227,0.34361827103145126,0.10199560674595001,-0.36844619781898047,1.5349582973831395,1.5349582973884568,3.4641346043113234e-12
714,512,0.3749628705666125,-0.015965198900294204,0.34058406680618986,0.31496707014143094,0.7896966642246378,0.7896966642246985,7.690193234717905e-14
715,512,0.3680660178794719,-0.5697344582354109,0.048835501850028724,0.09350239894213445,1.7731118651691065,1.7731118651864133,9.760705447662839e-12
716,512,0.14422901404598565,0.502443772978568,0.42270536000174075,0.1647597014032066,1.0965078312916707,1.0965078312921437,4.313284365084583e-13
717,512,-0.38606155000860637,-0.4760007883833179,-0.47332207148847366,-0.49132379086149464,0.305512703570127,0.30551270357012733,1.0901900428212315e-15
718,512,-0.05376199112757915,-0.06107337693010967,0.7005008129690222,-0.11371626380130358,1.8692456600067329,1.8692456600341238,1.4653493096377365e-11
719,512,0.08030411179713773,-0.6689691198237198,-0.29753449426245077,0.5707102803986013,3.133806029919828,3.1338060369639535,2.247786129680374e-09
720,512,-0.20987928774760028,-0.6781862008163719,0.37951035676576833,0.6008640266450261,3.534761516900056,3.534761554026193,1.0503151812077042e-08
721,512,0.03781349180428518,-0.11306837406671306,-0.46006624374550203,-0.5623320365701574,1.7386041554329752,1.7386041554476213,8.424034933476658e-12
722,512,0.15607895736748542,0.15395665462607533,-0.26581710660716146,-0.5786205617305219,1.9324143413753316,1.9324143414122015,1.9079676508582413e-11
723,512,-0.3080489483660438,-0.30751243088607566,-0.2716989686049192,-0.584246102949554,0.7900681707737299,0.7900681707737908,7.700629388711673e-14
724,512,-0.19399871769424748,-0.2902980416854186,-0.37323829455546825,-0.4333811627969824,0.5882220077598749,0.5882220077598861,1.906295990423326e-14
725,512,0.2278651944824565,0.3247154855796981,-0.16346025868988923,-0.394478196456706,1.7434390550753804,1.7434390550903736,8.59973729205271e-12
726,512,-0.6722380156613825,0.1702895575408405,0.5619021960566097,0.15413994536735112,2.981700618252194,2.9817006219733457,1.2479964649491126e-09
727,512,0.06634018780489714,0.053168947789559766,-0.43177572350875976,-0.25464662133434357,1.2710377323110118,1.271037732312315,1.025288040769298e-12
728,512,0.3498500647738316,-0.08311314661164393,-0.26370289855543044,-0.2589337083577657,1.364005525571343,1.3640055255735133,1.5910961706905067e-12
729,512,-0.43604905768961494,-0.3553913870723718,0.03922681699044224,0.03226471370473232,1.3747273299723406,1.3747273299746396,1.6723678865393845e-12
730,512,-0.26854090510405354,-0.26761125092923227,-0.5864056801833485,0.2818082121487358,1.6225783109636827,1.6225783109719571,5.099594975860919e-12
731,512,0.16585974215552793,-0.5217775530902837,-0.0329678527936764,-0.41741857736178895,0.5827116132653819,0.5827116132653928,1.8671647164120303e-14
732,512,-0.6701110078197023,-0.1341356744170138,0.09955801317538535,-0.5313893442979462,2.2879148001012215,2.28791480028751,8.142275144883102e-11
733,512,-0.43715700289755516,-0.2820103532441572,-0.05568341460786147,0.5922519260615865,2.263703353960271,2.2637033541274993,7.38738373182283e-11
734,512,0.5600798692991594,-0.27399770479147284,-0.33182539803286204,0.5495178520951172,2.909566962235721,2.90956696498021,9.432636100059702e-10
735,512,-0.11082112778560839,0.17871249905795467,-0.10813716894327546,0.5063805189206801,0.7647947084058568,0.7647947084059071,6.576026541861262e-14
736,512,0.667717620844813,0.16801586229278867,0.4630600110914532,-0.32872667861202215,1.6177755472343422,1.6177755472424202,4.993265438448679e-12
737,512,-0.3755688715183716,0.3387199784578074,0.2545353638531842,-0.25932863210343693,1.8748754735831608,1.87487547361129,1.5003277328044933e-11
738,512,-0.19306327394233472,-0.71477140655952,-0.6633977514729443,0.17784233220255116,2.944793683560083,2.944793686744989,1.0815379475974795e-09
739,512,-0.36094726864504006,0.54690909937277,0.28244333314212133,0.004452037382541886,1.9820102088271734,1.9820102088736287,2.343846860984869e-11
740,512,-0.308505330974722,-0.4307986323554484,-0.4779244891567269,-0.3269670516764779,0.5671425581389706,0.56714255813898,1.6443614172516632e-14
741,512,0.13910533156863117,-0.26753272870318595,0.2558178220962687,-0.3254243774477835,0.29909394658533567,0.299093946585336,1.11358625338316e-15
742,512,-0.5639620189896485,0.24864969912923346,-0.6464775340626039,-0.06196396793238134,1.0276092154835852,1.027609215483894,3.005656632860863e-13
743,512,-0.289480401401886,-0.2921570689848374,0.6362073273104107,0.06805436987640642,2.2967821867572256,2.2967821869510114,8.437277045771769e-11
744,512,-0.5490118015229445,0.009707471545698731,0.4991207466384424,0.4680194792398464,2.7743679809507755,2.7743679824964276,5.571186163503222e-10
745,512,-0.2762735890786101,-0.48068376260131784,0.032591015596562765,0.45957187148698914,2.205053708297443,2.2050537084260324,5.831585096630163e-11
746,512,-0.19505295783232174,0.42727255810189596,0.6186865044646913,-0.3492463393281061,2.710980609918761,2.710980611097566,4.348260733614233e-10
747,512,-0.21190079667319406,-0.11160484649507676,0.3059370328407914,0.5700632001153535,1.975414875184292,1.9754148752293468,2.280779055920083e-11
748,512,-0.569600946218386,-0.1881148328448352,0.3383326644893456,0.6120050818396549,2.988619110902766,2.988619114733929,1.2819174341991466e-09
749,512,-0.21557916237315525,-0.6522671563307122,-0.5781557342802458,-0.46582593013476076,1.5234091949348811,1.523409194939893,3.2898375527903466e-12
750,512,-0.34315340521171145,-0.3317356034135658,0.5847437804729906,-0.27109683018877484,2.2573036027672906,2.257303602929808,7.199632108408662e-11
751,512,0.3187692124904173,-0.13967865620679173,-0.3736308993149933,0.4682416228993608,2.0668659840458274,2.0668659841145227,3.323644214165138e-11
752,512,0.3811644858623722,-0.23086117958682797,0.06196676557590446,-0.3963802659411613,0.8510452713836887,0.8510452713837836,1.1153821282752293e-13
753,512,0.6286461462177548,0.052269082204322505,0.555296640861406,-0.3741782889597271,1.3876337398997327,1.3876337399021963,1.7753855508163382e-12
754,512,-0.08940038730178841,-0.042102630027275656,0.44017654313526267,-0.29023479874879904,1.2916250077002196,1.2916250077016809,1.1313465876705808e-12
755,512,-0.1536368340156249,-0.6936211973754236,0.3600862147897486,-0.1104528564969302,2.0218055212828503,2.021805521338695,2.7621183956615856e-11
756,512,0.7311201483951315,0.07992772413146473,0.06452610504534864,-0.4777914408933484,2.349448538943463,2.3494485391882276,1.041796187203317e-10
757,512,-0.2995239946173197,-0.4063650374731547,0.5385324308468152,-0.2666829922301498,2.0718332074427344,2.0718332075130093,3.391918652537843e-11
758,512,-0.4795005337534613,-0.15172860864179846,0.6427285335455376,0.16912379141369743,2.707974674866726,2.7079746760304473,4.2973855341739373e-10
759,512,0.2939894831595781,0.5683575505729839,-0.06363947908018901,0.3412587696251334,1.1167372363310581,1.1167372363315928,4.787907049792041e-13
760,512,0.08631238557052799,-0.1845815774286157,0.25237299155867066,-0.5301050139436613,0.9332044931410183,0.9332044931411859,1.7964302352867658e-13
761,512,0.6302320201178482,-0.09141323271674136,0.1380122461149563,0.4863979931785222,1.9553925507619976,1.9553925508030445,2.0991664106442856e-11
762,512,-0.4760698166991642,-0.08957337487676242,-0.6335961485503855,-0.029741183185076292,0.4932823588444145,0.49328235884441884,8.777670067466955e-15
763,512,0.033804851134150916,-0.5020364133222266,-0.2922485700041229,0.0870637352807282,1.4934709647529594,1.4934709647572557,2.876748970747553e-12
764,512,-0.5114416521792494,-0.39713245696908345,0.06749343238788783,-0.2087403212365549,1.494674630074925,1.494674630079248,2.892259175542929e-12
765,512,-0.22133292962805334,0.5205980615503523,-0.07822224321785189,-0.1617444771697117,1.556853266594139,1.5568532666000834,3.8181864957975294e-12
766,512,-0.32973274835299865,0.14266187373749623,-0.33525932929056956,0.5830661339880623,1.2018480875870297,1.2018480875879103,7.327289631926173e-13
767,512,-0.40821693033861645,0.5767920834266018,0.3125401228288202,0.028407902507467137,2.2148102662975027,2.2148102664318547,6.066076496808693e-11
768,512,-0.4347372524708071,0.2753092971477605,-0.42816581188460523,0.40743359817606545,0.38023308740388223,0.3802330874038833,2.7738561117738488e-15
769,512,0.19004246006935896,-0.44650986782143065,-0.715948886342011,-0.1325058711577076,2.4978119340553473,2.4978119345247545,1.8792735089175183e-10
770,512,-0.6905869386308586,0.041945046176729714,-0.24105084213714958,-0.6596637942304232,2.5203339710571178,2.5203339715748845,2.0543575745697194e-10
771,512,0.2979564732684444,0.04681212282414873,-0.30921972795627356,-0.5839528695855405,2.0617516383288903,2.0617516383959935,3.254669991695174e-11
772,512,0.5859857168578839,0.38671185173949174,0.035648599359525315,0.1675265166958713,1.5338733866275083,1.5338733866327958,3.447186855953854e-12
773,512,-0.015188441109207501,-0.5790113460543167,-0.560845002091617,0.3200415121124536,2.5910883354444247,2.5910883361481116,2.715796589843928e-10
774,512,-0.2542575420203727,0.5421956565432783,0.19375676907116035,-0.4279137364657891,2.402135393920609,2.4021353942293904,1.285445631579132e-10
775,512,0.6021058563912266,-0.1321411547407122,0.3990984354979306,-0.5956600242496937,1.6501521981972629,1.6501521982067526,5.750828520940808e-12
776,512,-0.032939207743215994,-0.41481631956258114,-0.6075927856943906,0.07292632765152232,1.8299185869514123,1.8299185869741368,1.2418305994200458e-11
777,512,-0.07945992864858738,-0.46059997116019225,-0.4331649492119677,0.027082353095501208,1.3965533490143585,1.3965533490169417,1.8497445411025646e-12
778,512,-0.6164168452354408,-0.23471963997670606,0.5856800444039616,0.3534034109042441,3.25010379524656,3.250103806685624,3.519599569419065e-09
779,512,0.6493092081887063,0.013585634798574856,-0.17900594877069462,0.2517302814370133,2.02131518118449,2.0213151812402086,2.756548875252931e-11
780,512,-0.28297817496528854,0.2712859847487013,-0.32792654314151704,0.5294348305431678,0.7128941877188885,0.7128941877189218,4.672038475349211e-14
781,512,0.13415270280533834,-0.16987239621654734,0.4498872341444741,0.0625360217861214,0.8734642170148127,0.873464217014924,1.274870420570586e-13
782,512,0.4047981284755848,0.3057968076684765,-0.6250773472965166,0.3021572118778092,2.5612649617981615,2.561264962416623,2.4146712324237733e-10
783,512,-0.3771053129642994,-0.5405083427147577,-0.6124672839795561,-0.0151010506232259,1.7179006408121675,1.7179006408254092,7.708030196929218e-12
784,512,-0.40939600515332925,0.20597105818358039,-0.2749889500088786,-0.3476622232061549,1.3299569046473827,1.329956904649187,1.3566864109023108e-12
785,512,0.6631831335202895,-0.20322339032689962,-0.6490908034603672,0.10260316201764565,3.280783792207926,3.2807838052025318,3.960823589374401e-09
786,512,-0.3073500968405009,-0.04411280948384089,0.47369112906168287,0.4676202388101242,2.1766436738521775,2.176643673965321,5.198081706121888e-11
787,512,-0.3740307630081622,-0.5800804671614599,-0.0493941395848975,0.496959931578403,2.6953989114376156,2.6953989125402615,4.090845217187494e-10
788,512,0.36284274266782285,0.5520532991094349,0.08200750614000848,0.15670215145797584,1.2330276596426644,1.2330276596437166,8.534029018008198e-13
789,512,-0.5119899130157183,-0.1963365164264418,0.13705054902681393,0.5775664874334465,2.3904641833229703,2.3904641836162934,1.2270551702819024e-10
790,512,0.5419282579133629,-0.22727141726170952,-0.11433774560519329,0.595906918053184,2.5367681981295256,2.5367681986856283,2.1921700210488423e-10
791,512,0.10768514355681755,0.20225614010194626,-0.32754496816387796,0.27822296927495976,0.9672046918655881,0.967204691865798,2.1706178198088476e-13
792,512,0.46646837517655604,-0.2440157683632462,0.6528169267987484,-0.22902727433335912,0.6000082493718937,0.6000082493719062,2.0908912821444186e-14
793,512,-0.2936278140764521,-0.23571571221122534,-0.31438170800593646,0.44090838907785596,1.571580610290702,1.571580610297107,4.075577562949618e-12
794,512,-0.7066754652223892,-0.12152577057325811,-0.12653089144605636,-0.5072484309206083,1.9964722540869984,1.9964722541366744,2.4881909055705938e-11
795,512,0.5060713841566983,-0.46471908852356414,-0.2945606641117975,-0.39159129420840877,2.1192223268604367,2.11922232694767,4.116289761749586e-11
796,512,0.24318197374240277,-0.628743059424089,0.4643374319633425,0.42121190838173683,2.7628287964128693,2.7628287978842643,5.325682893369565e-10
797,512,0.1535294698486645,-0.3145932223488412,0.21619459333590024,-0.5444305798051192,0.617717104071546,0.6177171040715607,2.3724361570138235e-14
798,512,0.4558407695150096,-0.15820193069513924,0.6655894708934491,0.03556775090327834,0.8489368780280587,0.8489368780281524,1.1037666722173682e-13
799,512,-0.016268502592258597,0.6311872679535104,-0.6482524068417864,-0.10648884672261145,2.562226364825422,2.5622263654464663,2.423845580379478e-10
800,512,0.06310229499786096,0.09845835815465041,-0.3025852315091541,0.665841938885534,1.757980531778904,1.757980531794992,9.151420914177428e-12
801,512,-0.21720877923759588,-0.6373029326984273,0.6815800162867534,0.150025466395383,3.1055462748465903,3.1055462811054197,2.015371500145341e-09
802,512,-0.13005089560601812,-0.6049381996280969,-0.37023730238436847,0.4342833331815505,2.5539235729201604,2.553923573519247,2.3457497494906023e-10
803,512,-0.4862768605095886,0.5458712702491287,-0.07526232149030916,-0.6783489663637278,3.3599587275450524,3.359958745589681,5.370491104602941e-09
804,512,-0.2607391868897544,-0.14429095325387042,-0.6384686648262946,-0.35969891694869915,1.2549717751062055,1.2549717751073965,9.490629864700122e-13
805,512,0.04008448056134344,-0.7200667240202917,0.26292475239709756,-0.13243842975597944,1.690090958084677,1.6900909580962333,6.83768610679962e-12
806,512,0.06270716864282276,-0.06478776744644812,0.006892319603022745,0.5692819339117127,1.4298728186530636,1.4298728186561467,2.1561982990125805e-12
807,512,-0.01848871720405049,0.5261760651529301,0.3012457770753466,0.6076530284928892,1.0124633093663618,1.0124633093666429,2.776480562155068e-13
808,512,0.08885315073441996,-0.5410005202363709,0.19165678640525088,0.25183718894714974,1.7736792917067892,1.7736792917241437,9.784498422502594e-12
809,512,-0.07160778770070485,-0.46154846026914553,-0.3041562961095598,-0.5479657740733357,0.7053932443222068,0.7053932443222385,4.485633574818296e-14
810,512,0.46397435965450423,-0.2709544373505239,-0.7130077145783846,0.07204905590981248,2.961302914552791,2.961302917967423,1.1530842291525116e-09
811,512,-0.2608492645532359,-0.4341246513287355,0.3911770777341677,0.0946311792262005,1.8511528376496065,1.8511528376747464,1.3580666954292092e-11
812,512,0.4884277961577215,-0.2626798619974291,-0.6234452604223576,0.2744729242952844,2.9112375999852245,2.9112376027491718,9.494062914255434e-10
813,512,0.3215033842521093,-0.05814549215752677,-0.6848193280378924,-0.005552481338133623,2.348329380228645,2.3483293804722014,1.0371470386596895e-10
814,512,0.04090176873079028,0.6302508176412625,0.18815047994529988,0.47038566121197295,0.6393498814245027,0.6393498814245208,2.8304744909109653e-14
815,512,0.07777127086772408,-0.3909125772852795,-0.4171686212129243,0.36110329370376054,2.0023040335926403,2.0023040336436755,2.5488225179074838e-11
816,512,0.5459709643132206,0.35552754298443173,-0.18669146314345716,0.32444356166523436,1.8221179102696996,1.8221179102915936,1.2015710954499812e-11
817,512,-0.32774034634631993,0.5622357490926533,0.35617572192391345,-0.5385843180657971,3.0883859645300187,3.088385970354904,1.8860613698403865e-09
818,512,0.4935734416449601,-0.07182632233785054,0.2691701901007958,-0.18423283890280198,0.6034547979725157,0.6034547979725285,2.1341427939459967e-14
819,512,0.0904942413601612,0.24100258312376652,0.5803481879804752,0.37859872919345045,1.3546331098811222,1.354633109883185,1.5227697925784233e-12
820,512,0.19368137307567213,-0.5586494985012339,-0.26727359748409146,-0.3581745677417923,1.2999778929571746,1.2999778929587047,1.1770272254843624e-12
821,512,-0.22776190499086424,0.3018385054361022,-0.4006468510105726,-0.17590361344452624,1.1553396719207136,1.1553396719213853,5.81374418469995e-13
822,512,0.06925909745434893,0.43321385486571623,-0.2517970313453904,0.009675511303094656,1.1567200126004158,1.1567200126010933,5.856716251526424e-13
823,512,-0.02110082168160127,0.14919267615895904,0.16538958703326265,-0.28066887778001626,0.9648061839845324,0.9648061839847392,2.1426430574010323e-13
824,512,0.1540308628664677,0.10570124047398877,-0.08251172582546612,0.3283432940234027,0.689112036210192,0.6891120362102194,3.9793977274077084e-14
825,512,-0.6299464749644412,0.11531764998517816,-0.459524017159045,-0.39855443617127717,1.6000118321455636,1.6000118321529542,4.619048735667335e-12
826,512,-0.0027106556910311106,-0.706018317481319,0.2910328318799568,-0.07715326636588168,1.801762266537549,1.801762266557412,1.1024206968069906e-11
827,512,-0.13156194645588962,-0.4464247433353528,-0.7325036290278222,0.06044161403991251,2.168958013926713,2.1689580140359994,5.038657135799422e-11
828,512,0.2730205133009517,0.5429960908761909,-0.5007348556424785,0.5294056395883323,2.302555736131156,2.3025557363299805,8.634948952144533e-11
829,512,0.20402880973401996,-0.5245074856741111,0.4304528651582872,0.4532188312183034,2.450244189134258,2.450244189515606,1.5563666833058672e-10
830,512,-0.4410963356124775,-0.12005014229096067,-0.3456299401760421,0.3666491862102246,1.2150630258859374,1.215063025886887,7.815930161910049e-13
831,512,0.38095663362980525,0.1492427702104577,-0.3802979588053443,0.4677260410383178,1.9453198890392516,1.945319889078414,2.0131625282039887e-11
832,512,-0.5238739092699689,0.2597394049975707,-0.5773550304950285,0.03308186230820975,0.6899936472037325,0.6899936472037599,3.974313215690289e-14
833,512,-0.2582575382679193,0.22043911398195504,-0.20730400452592396,-0.344304487891354,1.236445166496405,1.2364451664974776,8.675657566218042e-13
834,512,-0.5268644908781954,-0.4486512194139818,-0.11003252675187306,0.6666702140317142,3.0900510562472006,3.0900510621128556,1.89823888537664e-09
835,512,-0.2501520727934805,0.6133230191301077,-0.5505543654924492,0.18787266174858036,1.5496094030327867,1.549609403038516,3.697186455543493e-12
836,512,0.5869811001972619,-0.2208130283409515,-0.2668421461647736,0.13620406774100918,2.0893770439975055,2.0893770440736485,3.6442963729514774e-11
837,512,0.5361082021795209,-0.4218251666690758,0.6699810550822856,-0.21732284879260066,0.9100859128046547,0.9100859128047981,1.5761238885625853e-13
838,512,-0.5103543881438098,-0.4111406462980029,-0.05022124650687106,0.00533319286378044,1.5006284990286416,1.5006284990330994,2.9706003127092723e-12
839,512,0.04547878304281211,0.5170615071315555,-0.09868110095465406,0.4168060683088467,0.45086474597417814,0.4508647459741808,5.9098327888625355e-15
840,512,0.5119870750354767,-0.2899479906140898,0.10547166444935085,-0.12436966848034786,1.0513509939612564,1.0513509939616148,3.408756870041132e-13
841,512,-0.3516976788936028,-0.43143124753126894,-0.1440802478099947,0.42302664368551113,2.0102951804879834,2.0102951805409393,2.634233143061406e-11
842,512,-0.32165543039793404,0.028714399056035296,0.44597400963803524,0.22041553182782225,1.7109491551635012,1.7109491551763012,7.481217812276349e-12
843,512,-0.13600293468437413,0.17030935014393406,0.15900307524062102,-0.5619551381405251,1.7577946104012339,1.7577946104173066,9.143672777463825e-12
844,512,-0.1750341958462598,-0.6901188212494557,0.2435441175905681,0.2767183179968876,2.5127679315991402,2.512767932100142,1.9938248189468363e-10
845,512,0.5853699600717251,-0.08282653955845458,0.27425806015625565,0.2806085354495363,1.2138717407567636,1.213871740757707,7.772382325485824e-13
846,512,-0.5186931117977307,0.18609295895492903,0.5547264271324385,0.06560527645972065,2.4558447267705983,2.4558447271614083,1.591346744064805e-10
847,512,0.6315111342591452,-0.3614095476593016,-0.4835787394479766,0.014677901681664707,2.8513544231746772,2.8513544253193306,7.521524950999818e-10
848,512,-0.29822783333102404,0.47437744263908965,-0.012687227684616064,0.16786083613183184,0.9857774268232543,0.9857774268234909,2.4000197215921865e-13
849,512,-0.3754783441841301,-0.27974086739181314,-0.18389112548539913,-0.43092959045570395,0.6155246132144502,0.6155246132144648,2.380886744482832e-14
850,512,0.4147622521323001,-0.5047651639784777,0.26814135966329716,-0.402405274057066,0.5333252563087039,0.5333252563087103,1.20738582443931e-14
851,512,-0.09820981272056688,0.4123174634303642,0.2984879548238598,-0.5959004782198817,2.5027676290509713,2.5027676295306236,1.916487620730278e-10
852,512,0.27239428819240835,-0.12052909143774419,0.3550321740062417,0.2544617344881749,0.8669214041338863,0.8669214041339927,1.2268628419129907e-13
853,512,0.1320675890783228,0.4774237750913228,0.23206599365424743,0.23846345589697288,0.6223373815348621,0.6223373815348775,2.479699998773929e-14
854,512,0.13648966459922982,0.013089476456239856,-0.12311194229508084,-0.2082636503179049,0.6957943289662347,0.6957943289662639,4.1964793807709475e-14
855,512,-0.17236415337505262,0.20430584449038489,0.1469004860909546,0.13331017311835386,0.6794458541890541,0.6794458541890797,3.7582287696575616e-14
856,512,-0.3484782891255,0.051030288658912404,0.028824823421693076,-0.5122577330513991,1.533218488256757,1.5332184882620268,3.437073482382424e-12
857,512,-0.24426847833153353,0.291809703594702,-0.6944448854089934,-0.2026932918849995,1.8289947121866001,1.8289947122092247,1.2369947673590133e-11
858,512,-0.5173686111168623,-0.3073476815415575,0.16549084156392443,0.6052847189948086,2.732655157760341,2.7326551590537504,4.733159893688028e-10
859,512,0.2505073220217699,0.18204166577703917,-0.36644652388088417,0.09559462374414743,1.3182776569495498,1.318277656951242,1.2836460704714984e-12
860,512,-0.05445285769461487,0.2848156688022385,0.3982305199975256,-0.5425688444241927,2.196109977110864,2.1961099772343817,5.624383197901725e-11
861,512,-0.44808612285357924,0.012973584735691364,-0.23904277771361013,0.5242120159081542,1.3958211843690689,1.3958211843716424,1.8437153697766597e-12
862,512,-0.398410913364818,0.13470816779470665,0.01983807171111376,-0.025400133918107855,0.9514657847099329,0.9514657847101223,1.9906553766281155e-13
863,512,0.08801028424419619,-0.18126033729237487,0.5986932877969338,-0.346349026949967,1.4001655403083835,1.4001655403110174,1.8811297862969918e-12
864,512,0.20622793503299514,-0.34179587341889434,-0.4856932836028203,0.20601958522293778,1.944820200599304,1.9448202006383755,2.0089987115404472e-11
865,512,0.3563651651144702,-0.6589699658727044,-0.2954428529033594,0.6732418959538069,3.8204169031699604,3.820417022835983,3.132276540951147e-08
866,512,-0.0856679979946749,0.013802266552359362,0.5102240568459504,-0.01970697364040696,1.300035728746345,1.3000357287478763,1.1778288563189003e-12
867,512,0.596261994570981,-0.061210212982323216,-0.23588832934293402,0.6390730666032736,2.754618691398779,2.754618692819488,5.15755189023574e-10
868,512,-0.37911835604994376,-0.47979864990099624,-0.5818672070131035,-0.031425653964067914,1.410628308891159,1.410628308893944,1.974214906518382e-12
869,512,-0.24657392963442656,0.3209130474040287,0.15355424611844562,0.30242332923970217,0.9005221232481746,0.9005221232483089,1.4917677479714961e-13
870,512,0.7084994072230485,0.1045826421483306,-0.4012903363746959,-0.015357829347302624,2.648230101651669,2.64823010255205,3.3999336324952233e-10
871,512,-0.38284893937458764,-0.32060443897023116,0.04678860945534454,0.450501695539249,1.9576371889102888,1.957637188951767,2.1187865902613664e-11
872,512,0.33345092596252934,-0.386644420058899,-0.13237062564317656,-0.14453343670528612,1.1762795196768654,1.1762795196776252,6.459660525775295e-13
873,512,-0.3741696641984016,0.5948590622910851,0.16380831212050562,-0.0059780146815077845,1.9660205784360343,1.9660205784791627,2.1936896399483347e-11
874,512,-0.39192013751854343,-0.2979172035816353,0.5509543568854264,-0.11171758221514495,2.1993324954575275,2.19933249558285,5.6982024940629395e-11
875,512,0.22493219516229168,0.037058962221342674,0.09788159983683949,-0.3067094049928339,0.775563832456983,0.7755638324570375,7.028686515254528e-14
876,512,0.0467566735692606,-0.6728487250983763,0.24613617076385183,0.5106283018109898,2.8631763748371535,2.8631763770921097,7.875715382277191e-10
877,512,0.09596719512255905,-0.6107516560403305,0.4663964074409415,0.2620605856199918,2.3081258398371074,2.3081258400409124,8.829890007749871e-11
878,512,0.3240795558563146,-0.42352441349164366,-0.06105720223694517,-0.5818928574300697,1.1496589816242664,1.149658981624916,5.651262890955072e-13
879,512,-0.03661258232385262,-0.34375148324399724,-0.32905121527340125,0.16962674977799638,1.2687767334339208,1.2687767334352078,1.0143396361488436e-12
880,512,0.38272969054450984,0.018625153836719175,-0.5716313382757338,0.21617694241491267,2.1968716671539235,2.196871667277866,5.6417785247539154e-11
881,512,0.25731507374873885,-0.33357483238730123,-0.3714449148860288,-0.5133398435113783,1.6649976491528207,1.6649976491630334,6.1337741612537995e-12
882,512,0.14046114310756236,-0.19810930167083202,-0.45818513530692845,0.2502405150279779,1.6236441283164174,1.6236441283247354,5.1230517821178454e-12
883,512,0.012772136564669712,-0.27060435248736686,-0.14723183221490138,0.28190958568935615,1.189243887059137,1.1892438870599558,6.884024944480377e-13
884,512,0.5473253956639785,0.20925190227734772,-0.06844559398264917,0.43949935759986797,1.6263688681592068,1.6263688681676391,5.184780698721255e-12
885,512,-0.3553819277985881,-0.17087885426781751,-0.4335174233999849,0.2797450268340076,1.1048806165127971,1.1048806165132945,4.501662058312608e-13
886,512,-0.003629785936574741,-0.46813503034552495,-0.6719587040431112,0.1638878518471461,2.3235355469644325,2.3235355471826638,9.392204529220805e-11
887,512,0.031082870881360202,0.643562743886204,0.046828049185551064,-0.6608315716738573,3.1222549673562785,3.122254974068292,2.1497327033670906e-09
888,512,0.1559091619057507,0.0955718675612112,-0.4982253947555621,-0.43557082060124824,1.9582175973133091,1.9582175973548994,2.123884844419238e-11
889,512,-0.02180060841880896,-0.7360509587772305,0.4308546635054122,-0.5917474690935098,1.8057821092716704,1.805782109291919,1.1213252976844697e-11
890,512,0.04802960486939687,-0.006350626922618831,0.414973302313787,0.4870805091078759,1.4670863879958165,1.4670863879995633,2.553892323016811e-12
891,512,0.30452484643573413,0.3254044098520206,-0.5204230735007679,0.5323866201757465,2.3026584172232725,2.302658417422187,8.63847894378827e-11
892,512,0.12100792147408333,0.11893823512456389,-0.623204456858319,-0.3870126575572032,2.209617287268274,2.2096172873995283,5.940129064030489e-11
893,512,0.18416215482537934,0.5756844296259024,0.26962769391269664,-0.4488931771712888,2.405941400106836,2.4059414004208275,1.3050671119990892e-10
894,512,0.711203076868742,0.1181564142586006,0.4820157298373817,-0.2739832443956173,1.4458570880457609,1.4458570880491142,2.319259386908156e-12
895,512,0.5443905324415814,-0.3466454691604839,0.3485031615439446,0.31044439359676806,1.7838321375143202,1.7838321375325445,1.0216382229000873e-11
896,512,-0.3050219696353007,0.4810392547695407,0.43493848060484513,0.359030011059017,1.907308400952307,1.9073084009850831,1.7184544545194598e-11
897,512,-0.012598897553485503,0.7033672271669638,0.1749079220350353,0.0979804882019303,1.6328606530000422,1.6328606530087513,5.33360484764486e-12
898,512,0.0839555037108797,-0.33437702062213664,0.49583203378638047,0.242151905036847,1.6252792720340055,1.625279272042392,5.160113017083356e-12
899,512,0.10697935789795833,0.45224381663705626,-0.4264888279502523,0.11957354184975619,1.4527378672013351,1.4527378672048108,2.3924923273235105e-12
900,512,0.02474221237089503,0.49647717409698916,-0.08685087517482883,-0.7240753130205019,2.944138803950542,2.9441388071266577,1.0787928240794915e-09
901,512,-0.1377301535802161,0.20199437768066952,-0.27882897467833745,0.3217797897564552,0.4188466418262258,0.41884664182622755,4.241067402749378e-15
902,512,0.1469342676650087,-0.3646037987038287,-0.45287725715125027,-0.2750047453008432,1.4303123484519662,1.4303123484550564,2.1605034523306697e-12
903,512,-0.029047126351140116,-0.6234926919174111,0.20143068101954656,0.3297785519282062,2.2302119048955467,2.2302119050395084,6.455069633011707e-11
904,512,0.367766888347902,-0.00013451349406004714,0.3534406144297365,0.30711749430905366,0.7322083400008155,0.7322083400008546,5.337258309125786e-14
905,512,0.44103652758986217,-0.4345072548348575,-0.5136806149765241,0.014460783933716283,2.461715912503824,2.461715912904799,1.628844542801631e-10
906,512,0.25070013310653183,-0.03695950592477101,-0.17293948162048833,0.052790143544354164,0.8814949293467305,0.881494929346848,1.333786666191447e-13
907,512,-0.37179017490724764,-0.3974841527145925,-0.35963778587817674,-0.4548310019049966,0.17132235258135628,0.17132235258135622,3.240158122676789e-16
908,512,0.24239506096125746,-0.467205798033704,-0.19434402692697383,0.3097850218776547,1.93583773343948,1.9358377334769454,1.935356641583249e-11
909,512,0.04441542809427703,-0.428246869013494,0.06439453523775533,-0.19536326100756032,0.5232694057949367,0.5232694057949426,1.124503356272901e-14
910,512,-0.5309571426563207,-0.11180952147581684,0.1626800166071709,-0.3255814302656409,1.6586650122454212,1.6586650122553195,5.967633202166721e-12
911,512,-0.32209856699030276,0.4903994361973941,-0.06521220661088947,0.6045744247411344,0.8488489522817702,0.8488489522818639,1.103881002933242e-13
912,512,0.21727201233333615,-0.019583204946132252,0.0796219058209288,-0.38479701594333493,0.8444989599164728,0.8444989599165638,1.0767007424827818e-13
913,512,-0.12567319227169782,-0.43455616472233344,-0.26281525204952916,0.2075218565678343,1.4359997180329398,1.4359997180361244,2.217663195781874e-12
914,512,0.09377387003276293,0.3699382886177638,0.47879240397092443,-0.5543246579573241,2.4885531376710532,2.488553138121889,1.811638282106468e-10
915,512,-0.7291474857408238,0.05891188861575235,0.08098935559385234,0.12274539544036776,2.0383242109417976,2.0383242110020574,2.956340155737139e-11
916,512,-0.6900142007161695,0.21959334962268304,-0.1807079962501947,-0.2799175369460335,1.8967048773815203,1.896704877412701,1.6439476727791665e-11
917,512,-0.4086041436349021,-0.25661257583158076,-0.21919734193434084,-0.15835870704240979,0.5008190155362054,0.5008190155362101,9.310622318190636e-15
918,512,-0.18470009431412424,0.44185597992365955,-0.11355384566489068,-0.1212376697698759,1.2318990585010292,1.2318990585020746,8.485971255299681e-13
919,512,0.29749994445063405,-0.2305483968073118,0.38500023952178164,-0.4647471513605754,0.6645700370504781,0.6645700370505006,3.3745886583997064e-14
920,512,-0.4731985985660846,0.08894481741945888,-0.7277863619878298,0.1787609357706232,0.8997806371766924,0.8997806371768262,1.4868276659865513e-13
921,512,-0.015764681907120794,0.2094139387217599,-0.3970329545464143,-0.15390612715732935,1.1296502294945927,1.1296502294951702,5.112538397556896e-13
922,512,0.6483698940629519,0.040507075343837094,-0.5476227869929857,0.3560206545872924,3.0164269086196054,3.016426912926273,1.427738048213446e-09
923,512,-0.034141508019286636,0.6358796708425881,-0.6327280238425157,-0.0356570240687067,2.3986998410067533,2.3986998413109037,1.2679805842223077e-10
924,512,-0.10313106142491167,-0.47357574530059976,0.7199877924913862,0.16968853210183002,2.676292117472262,2.6762921184880972,3.7956821273480924e-10
925,512,0.3294339414185333,-0.28088050349397886,-0.3224851540609266,-0.037642841476413044,1.490406355437327,1.4904063554415556,2.837224519853514e-12
926,512,0.26168300265024375,0.2626140770472969,0.06621330019542784,0.22908726792226422,0.43630059132653987,0.43630059132654214,5.2164889200853254e-15
927,512,-0.03528066266410848,0.4916765093176951,-0.41233732510185545,0.4736603078163908,1.0640940461577544,1.0640940461581423,3.645466546915731e-13
928,512,0.48013341339946475,-0.2756285869449228,-0.1151311980950456,0.7256957986161178,2.9422350288550234,2.9422350320057187,1.0708509787104545e-09
929,512,-0.21525753557500824,0.4048949064408809,0.4639982032362761,0.3189826244838412,1.6653348268923434,1.6653348269025734,6.142932263775547e-12
930,512,-0.4361592685045799,0.0988941514559567,-0.5211166703615536,0.5306910633534947,1.36395444166123,1.3639544416633995,1.5906673774822103e-12
931,512,0.5070094927003217,-0.05024549400014334,0.6085588769709793,0.15443296103198353,0.6697255649060355,0.669725564906059,3.497806720709176e-14
932,512,-0.6484474875848949,-0.2602656769691007,0.4315074310272316,0.03696441234357472,2.638964402747327,2.6389644036124937,3.2784322673069104e-10
933,512,0.5326891160034285,-0.026865687007122035,0.3518405639125697,-0.23120314652865448,0.6970881958918074,0.6970881958918368,4.220543444280753e-14
934,512,-0.12003755178488501,0.3783494748871768,-0.30932649899210063,0.5397355786537859,0.6791630139249103,0.6791630139249357,3.743446969673621e-14
935,512,-0.699244532335957,0.13607127636168903,0.6823738236922127,-0.17312237424217486,3.5335201824451854,3.5335202193821558,1.0453306749094317e-08
936,512,-0.0014249240628509113,-0.5223646725988476,0.031900431532627824,0.5906643755446236,2.5186395711073026,2.5186395716212675,2.0406447852209733e-10
937,512,0.3304945412228784,0.5685754974040595,0.6438569553288535,-0.03724976494131001,2.012320737495489,2.0123207375489427,2.6563203830295126e-11
938,512,-0.3927631011656529,-0.07014179436814579,0.5507146927017694,0.0658346073231788,2.09433420810908,2.094334208186966,3.7188762705382396e-11
939,512,-0.102032209317191,0.06897735701753628,0.2729732072672028,-0.13890082021646838,0.8791529241479897,0.8791529241481059,1.3209229610233665e-13
940,512,-0.1857225428817474,0.7114159786470765,0.45239637600065397,-0.22421611729268368,2.8290831282244313,2.8290831301755297,6.896574987473828e-10
941,512,0.3426286434026882,-0.5578847709465209,0.28678439110474035,0.3274316581383082,2.1611770622315656,2.161177062337076,4.882074173085568e-11
942,512,0.05475380744284353,0.6037560517163152,-0.08261920519363226,-0.4998125889279331,2.5210302373818223,2.5210302379011584,2.060015472863252e-10
943,512,0.5772786485130091,0.20469845913108536,-0.534066580194623,-0.35938225501122134,2.940562052859962,2.9405620559884844,1.06391984724288e-09
944,512,-0.6611623785768259,0.050498496954080645,-0.5163093423139768,-0.1863718064463585,0.8606914030546264,0.8606914030547284,1.1841465279991974e-13
945,512,0.13440315296461328,-0.48489567074563555,-0.20983468821755386,-0.13242452230273516,1.1179077762196228,1.1179077762201606,4.810701245384054e-13
946,512,-0.6842045538797733,-0.10167447121102395,0.575245475879298,-0.13385365112603193,3.027559910161167,3.027559914674139,1.4906301946345793e-09
947,512,-0.4220680637223115,0.40702354298542015,-0.37388836038607465,-0.4280901807038874,2.1015385025162843,2.101538502596771,3.829895493080631e-11
948,512,0.11870100244460212,0.5436184525495498,0.08272461143932903,-0.6992974763206438,2.98154525887826,2.9815452625969763,1.2472446744905653e-09
949,512,0.41102871930406404,0.6240293361153217,-0.07778713487578,-0.3671816523583222,2.695245285542255,2.6952452866441745,4.0883827920607437e-10
950,512,-0.6522024613304028,0.34781989093969046,0.05126827576386716,-0.4184240330176271,2.604775719457606,2.6047757202041666,2.8661223519099997e-10
951,512,-0.4728295765237671,0.28150864131250847,-0.12161971591681692,-0.02218911233718881,1.069094768654001,1.0690947686544012,3.742646487538857e-13
952,512,-0.1539247025173276,0.2592192949172073,0.3299342419716861,0.3400945190604295,1.1105674289656395,1.110567428966155,4.64056044315111e-13
953,512,0.5493386628573763,0.4938101415953758,0.4309449914874443,0.17083237834700526,1.0961715086240038,1.0961715086244757,4.304479561396248e-13
954,512,-0.7175796698247234,-0.1645557002345237,-0.3543921079441863,0.07973130006291528,1.2957821739450992,1.295782173946595,1.154277693311115e-12
955,512,-0.6265355472965546,-0.19418023770525988,0.06665300710433429,-0.13986449710368573,1.6655547104909123,1.665554710501154,6.14905370148033e-12
956,512,-0.17995416950565926,-0.40766480382441983,-0.0044819738949101965,0.4585501159869167,1.9153786635138899,1.915378663547931,1.7772576744379007e-11
957,512,0.21973394391454434,0.5993121581378037,0.4647201757658191,0.07837149438739355,1.5393041485686816,1.539304148574118,3.5316724556576353e-12
958,512,0.37020648991059646,-0.32637076048633057,0.2584396161088093,-0.3559692576311174,0.29498722848154646,0.2949872284815468,1.129089246005722e-15
959,512,0.35613049570361965,-0.6055947437417253,-0.014286077057908615,0.5530692546869772,2.9333088559270966,2.933308858961253,1.0343801592823885e-09
960,512,-0.5738493131795378,-0.16218484289451443,-0.03151245442112415,-0.7319774372704762,2.321811662342348,2.321811662558918,9.32762448645444e-11
961,512,-0.1254796192035727,0.5128576263956778,-0.010433980685745919,0.6883171928078257,0.6686906594111808,0.6686906594112038,3.436808378627171e-14
962,512,0.5490779375702878,-0.2136833391406525,-0.3138247614622423,-0.25193889525071506,1.9903179827693223,1.9903179828176019,2.4257230731987517e-11
963,512,-0.5991113032457615,-0.3794045680613828,0.1673048083850916,-0.2005358478786928,1.9754605089308273,1.9754605089758919,2.281220935554924e-11
964,512,-0.2818833698908811,-0.5927082215552928,0.5357395646346228,-0.3024943253702831,2.343241040388085,2.343241040626221,1.0162683793064178e-10
965,512,-0.3244719100544089,0.3248551640777762,-0.10052191573384495,-0.6299358034296106,2.3145812683821583,2.3145812685918905,9.06134662225693e-11
966,512,-0.4640155906342599,-0.19661398706999134,0.0336364880089758,0.49861224288521616,1.9576818872551456,1.957681887296632,2.1191578757032278e-11
967,512,-0.5803273839284205,0.19162673082493833,-0.2666369408444418,0.3717779678308276,0.9873376018183515,0.9873376018185908,2.4232143227007226e-13
968,512,0.4610716698243341,0.14918847939890237,0.04529964608438955,0.6233488208933655,1.652519376337311,1.6525193763469135,5.810849253623421e-12
969,512,0.11212596298010694,-0.7390735270261282,0.6355628271070136,-0.35261014221149456,2.306243080731499,2.306243080933608,8.763560003464456e-11
970,512,-0.24900230283162095,0.06194371726143155,-0.10297347534058991,-0.10124015702262547,0.4540263782024883,0.4540263782024911,6.1132077227571085e-15
971,512,-0.6166480205222525,-0.40542084608675644,0.6305581372433116,-0.11437978786940216,3.273750462607086,3.2737504752275455,3.855046219435311e-09
972,512,0.1920391529901351,0.04156311805243086,-0.6149539364231682,-0.14339031704497646,1.8857627257333984,1.8857627257630127,1.5704155458868214e-11
973,512,0.49396400025919857,0.5193342003273259,-0.1469512636913231,-0.34240927795850734,2.560273308405481,2.5602733090212895,2.405244358973441e-10
974,512,0.2868795240113814,-0.04801461819185098,0.22916555197193467,0.16652236493320408,0.4796336314939967,0.4796336314940004,7.754350171211516e-15
975,512,-0.5723023106854312,0.2274004055448645,0.22438097687334785,-0.37290787895663996,2.2832273620410257,2.2832273622234665,7.990475772308328e-11
976,512,0.3134579097743033,-0.2965961456434612,0.15975676916288037,0.03880627233887766,0.8071619740286099,0.8071619740286792,8.582901445522532e-14
977,512,0.5874713365613419,-0.4580272654332737,0.02238051909497731,-0.13957780559654828,1.7373513923994053,1.7373513924139614,8.37834771914355e-12
978,512,0.5755861256144696,0.011377459736663017,0.3598815990432176,0.28719478204560034,0.9308420084534643,0.9308420084536292,1.771171881582287e-13
979,512,-0.044925803820122394,0.2166007328874611,0.10510905852604707,0.6183379075903598,1.0764528638732078,1.0764528638736268,3.8923968113747954e-13
980,512,0.35891402940653594,-0.6116058809588226,-0.23052133161382912,-0.09097380576993479,1.968878860884651,1.968878860928357,2.21983833714258e-11
981,512,-0.6155451034732283,0.21680410567746178,-0.0951475862749679,0.121525152591864,1.3162972749534643,1.3162972749551387,1.27208222458628e-12
982,512,-0.5145200828876604,-0.38918932074870655,0.17390895787705543,-0.5530793477143399,1.9496676511857771,1.9496676512257425,2.0498552318360425e-11
983,512,-0.4349368270904239,0.3918333625260839,-0.6582929877097237,0.3062837373661646,0.8337004090807799,0.8337004090808641,1.0094142254215066e-13
984,512,0.14090776016524154,0.47501584688331855,-0.12085552059638131,0.25655277667802245,0.7973525614635936,0.7973525614636578,8.061918432644507e-14
985,512,-0.6412108515086776,-0.05091754305155138,0.3818635267116749,0.22507663590474208,2.4377418504665087,2.437741850827535,1.480986675768838e-10
986,512,0.4850845997504126,0.035939255741989376,0.2829160450867237,-0.46218822631478856,1.3575240019142834,1.357524001916379,1.5437347541018057e-12
987,512,0.5664158386373503,-0.010922442956370034,0.17138690913738633,-0.4532111893766998,1.500525996198332,1.5005259962027875,2.9693234597161666e-12
988,512,0.27065542345805343,-0.16092187281979578,0.6588841245014586,0.06714912400539882,1.1941161790986428,1.1941161790994848,7.051182762729856e-13
989,512,-0.40583172166058834,-0.5492271206285589,0.03440881525923826,0.1035696134085885,1.879503670421203,1.8795036704499546,1.5297478885411946e-11
990,512,0.442161851217384,0.4397546588203709,0.2635188136139554,0.10937996697373617,0.9647163786127511,0.9647163786129574,2.1393900306181517e-13
991,512,-0.6410958356922836,-0.06664204223525429,-0.24945828816717303,0.03928578652634044,1.0481893964166638,1.0481893964170153,3.3533692555748945e-13
992,512,-0.31893327705526475,-0.1425162379224558,0.3242348495482803,-0.6229946249393908,2.0365549015152817,2.036554901575053,2.934922057680701e-11
993,512,0.6929691700601784,0.15822262750754837,-0.13485913386764703,-0.17858394054531282,2.161351170415108,2.1613511705207014,4.8855231541026456e-11
994,512,-0.6712647754682922,0.2551410997904809,0.2990233634734269,-0.3240121357642877,2.7096701183960237,2.709670119568228,4.3260030200598756e-10
995,512,0.31984538886685726,0.03336662252297119,-0.6299630553941656,0.041924836778819904,2.149013161993107,2.1490131620929667,4.646768937939375e-11
996,512,-0.1718840628543049,-0.34943852384862095,-0.12166427460528274,-0.6510456813626492,0.8594597267525155,0.8594597267526164,1.1742175903896285e-13
997,512,0.00020775921341945975,0.1673155884001247,-0.6716853191352747,-0.12124250836478234,1.7836513721422018,1.78365137216041,1.0208329933441036e-11
998,512,0.4537928830394614,-0.02510061347830996,0.06509325810626536,0.6881290324310977,2.109948397405514,2.109948397489144,3.9636036560599886e-11
999,512,-0.023103917719432227,-0.6832940752540432,0.3318429385876156,-0.6396454164744566,1.3164116446016194,1.316411644603294,1.2721403804137437e-12
