case,beta,invariant,boosted_invariant,normalized_error
0,-0.8243825232619499,1.182143295221317,1.1821432952213193,2.0661544704849588e-15
1,0.23980840530433278,3.468661100074314,3.4686611000743124,5.12115997542162e-16
2,0.6930832791951624,1.672449134131926,1.6724491341319263,1.3276613344673238e-16
3,-0.6531206572754102,7.146443589395062,7.146443589395062,0.0
4,0.3711038073200137,1.436157104440548,1.4361571044405474,3.0922049438529684e-16
5,0.01640175651048481,5.998724189536645,5.998724189536644,1.4806121962555675e-16
6,-0.33447278171960393,0.6437353042273497,0.6437353042273496,1.1102230246251565e-16
7,0.32332159131209237,4.746463346653461,4.746463346653461,0.0
8,0.2494270784226389,1.9736719534374783,1.9736719534374785,1.1250329850323083e-16
9,0.10933300026553039,7.357377537250173,7.357377537250174,1.2071942960699048e-16
10,0.7355793562121999,2.0173228719424676,2.0173228719424703,1.3208273678742913e-15
11,-0.47863824070367933,-1.8151267931994388,-1.8151267931994393,2.4466015901141947e-16
12,0.15527180077513036,4.876946227112419,4.876946227112419,0.0
13,0.2548601249703619,-0.04452752556440652,-0.044527525564406534,1.3877787807814457e-17
14,0.7117704206732987,0.23256561952951663,0.2325656195295166,2.7755575615628914e-17
15,0.10990296693501689,-0.43952682710168167,-0.4395268271016819,2.220446049250313e-16
16,0.22580437803790954,0.5292449743140041,0.5292449743140041,0.0
17,0.05453334849890945,0.22550182072555727,0.22550182072555722,5.551115123125783e-17
18,0.28912738329532583,-2.0128133487670867,-2.0128133487670867,0.0
19,0.3759690514976919,0.49922186891715176,0.49922186891715165,1.1102230246251565e-16
20,-0.19743872041436195,2.4164404209259747,2.416440420925974,1.837782574750544e-16
21,0.2776437957371005,-0.878167438094587,-0.8781674380945861,8.881784197001252e-16
22,-0.349600394246554,1.2910212579127438,1.2910212579127434,3.439828795445576e-16
23,0.015458466146946792,1.1387551612901126,1.1387551612901126,0.0
24,0.1010606602270887,-0.2737215461097008,-0.2737215461097008,0.0
25,0.4755238449164565,2.15458475095729,2.1545847509572895,2.0611359550964618e-16
26,-0.10386491445821489,2.021630939501558,2.021630939501558,0.0
27,0.7106373984164052,0.6781091266917638,0.6781091266917637,1.1102230246251565e-16
28,0.3981340407755356,2.522940673707553,2.5229406737075526,1.760204726484739e-16
29,-0.3933651950520749,9.439786498554668,9.439786498554668,0.0
30,0.7299469370366429,1.7215512836674158,1.721551283667416,1.2897937286655227e-16
31,0.40741112391395684,2.063428865811774,2.063428865811774,0.0
32,0.9650329968763085,0.902222059411015,0.902222059411014,9.992007221626409e-16
33,0.13290845594909895,1.4767718618176147,1.4767718618176147,0.0
34,0.9180085596931644,-0.06276082890093715,-0.06276082890093715,0.0
35,-0.9604480116372097,1.0071400869082563,1.0071400869082567,4.4094085383229926e-16
36,0.3102677000937022,6.848692220545519,6.848692220545518,2.5937168472417617e-16
37,-0.32916068422830214,2.9094177867024147,2.909417786702415,1.5263851478456835e-16
38,-0.5490647099519896,0.9411192963781514,0.9411192963781514,0.0
39,0.21462324947804712,4.620451165938755,4.620451165938755,0.0
40,-0.22109744401237807,3.8003209576985464,3.8003209576985464,0.0
41,0.9442559994615327,0.2380293436400207,0.23802934364002082,1.1102230246251565e-16
42,0.7866309304031873,-0.5675521421289205,-0.5675521421289247,4.218847493575595e-15
43,0.3733630000699999,2.367192665193804,2.3671926651938042,1.8760163309888622e-16
44,-0.12954003458689,0.06651436340618222,0.06651436340618211,1.1102230246251565e-16
45,0.9610844576720883,3.011941523671584,3.011941523671585,2.948856784634476e-16
46,0.9072632334118358,-0.7770907590966224,-0.7770907590966196,2.7755575615628914e-15
47,-0.07747754257018902,0.643316930575864,0.643316930575864,0.0
48,0.20757443615543592,1.5707659325047179,1.5707659325047176,1.4136072111709386e-16
49,0.7156411252075918,4.0501160513715915,4.050116051371592,2.1929702962445712e-16
50,0.9229759385626619,0.8495172160752882,0.8495172160752882,0.0
51,0.6036120216244902,2.78088143620505,2.78088143620505,0.0
52,-0.10129642344463408,5.116395920782389,5.116395920782389,0.0
53,-0.9347362419512698,3.1221565658436283,3.122156565843629,2.844759386562452e-16
54,0.5233034096486038,0.3071553128516946,0.3071553128516946,0.0
55,-0.4160470210240348,3.6683754382727107,3.6683754382727107,0.0
56,-0.13816591407089884,0.4431125861703702,0.4431125861703702,0.0
57,0.8409990446139264,1.1558677391269538,1.155867739126955,9.605104347524454e-16
58,-0.9152798215612421,1.3328266227383847,1.332826622738386,9.995805957214086e-16
59,-0.1900072975970052,0.6216166146700668,0.6216166146700668,0.0
60,-0.5041656844899705,3.142665969628776,3.1426659696287764,1.4130970779007742e-16
61,0.4488975763525327,0.7083056773606089,0.7083056773606089,0.0
62,0.13418347527908492,1.2140073428265306,1.2140073428265306,0.0
63,-0.1488756268992858,1.663654938831106,1.6636549388311055,2.66935888858108e-16
64,0.5006087500242744,2.171275936303129,2.171275936303129,0.0
65,0.17633347827808543,-0.7687652799106024,-0.7687652799106037,1.3322676295501878e-15
66,0.9879189534379451,2.8712060492113785,2.871206049211377,4.640097599112108e-16
67,0.24329376986160556,-6.741675258765429,-6.741675258765429,0.0
68,-0.7478903415132521,1.9929595266789433,1.9929595266789435,1.1141450789773198e-16
69,0.7612318821010753,2.572238322491091,2.5722383224910916,1.7264699229734795e-16
70,0.09815987498452694,-0.5046293609351316,-0.5046293609351318,2.220446049250313e-16
71,-0.8390786456332915,7.0987004834383445,7.098700483438345,1.2511845256357751e-16
72,0.33373455504754057,3.047972707260686,3.047972707260686,0.0
73,0.9662048749397654,-2.2567384141760396,-2.25673841417607,1.3381287826763879e-14
74,-0.6541056160716112,3.629085287640147,3.6290852876401463,2.447389216023835e-16
75,0.631785474839281,6.106035639115666,6.106035639115667,2.9091819052296255e-16
76,0.7190604922804562,4.892588764710057,4.892588764710058,1.815354738388196e-16
77,0.8626190510669023,3.384402714456808,3.3844027144568107,7.872985232279102e-16
78,-0.9820572994110676,1.9118723861042413,1.9118723861042421,4.645594685898136e-16
79,-0.3650868761751197,2.225190886901548,2.225190886901548,0.0
80,-0.3611975562782327,-0.26417770466588564,-0.26417770466588564,0.0
81,-0.9376793482280513,2.265186024347916,2.2651860243479165,1.9604977475432886e-16
82,-0.6742953883851999,3.0303966129308604,3.0303966129308613,2.9308982722268815e-16
83,0.36739230360675945,3.167096825259996,3.167096825259995,2.8043930094471054e-16
84,0.33134466062785695,6.521697585383917,6.521697585383919,2.723764504783735e-16
85,0.07144731450098218,3.087619245744346,3.087619245744346,0.0
86,0.7736879033277224,-1.0819211651053766,-1.081921165105376,6.156953355378846e-16
87,0.6676687439091915,-0.2826039106223206,-0.2826039106223206,0.0
88,-0.7953925184050317,5.518702652697456,5.518702652697456,0.0
89,0.8026086586972241,2.4062405752081397,2.40624057520814,1.8455727761620383e-16
90,-0.27910329094217634,2.5677517358215076,2.5677517358215067,3.458973105964888e-16
91,0.9599251481318152,2.4064314868471186,2.4064314868471186,0.0
92,-0.8376896469389038,4.6061335109131605,4.606133510913168,1.5426012599865693e-15
93,0.7990108824705786,0.602688473378885,0.602688473378885,0.0
94,0.41217334976607467,-1.5055275823439564,-1.5055275823439564,0.0
95,0.42912495908571335,0.9507128252750567,0.9507128252750565,2.220446049250313e-16
96,-0.47410793564727227,1.7023726109273234,1.7023726109273234,0.0
97,0.9832780064457363,3.662197802136106,3.662197802136104,4.850521286327374e-16
98,0.9821389948458263,-0.0607149500773064,-0.06071495007730476,1.6375789613221059e-15
99,-0.43036026882130696,-1.6418614733038526,-1.6418614733038526,0.0
100,0.6531618639659014,0.5079114968689922,0.5079114968689922,0.0
101,-0.6270321982634814,4.552342695835017,4.5523426958350175,1.951035936975326e-16
102,-0.1780996425143334,2.4845488138937624,2.4845488138937624,0.0
103,0.514231369064317,1.4647808842623251,1.464780884262325,1.5158895593920498e-16
104,-0.2560904957959613,-1.1011908290948442,-1.1011908290948442,0.0
105,-0.41162047823379655,0.5703875635785117,0.5703875635785117,0.0
106,-0.5858604840361448,4.825105882401528,4.825105882401528,0.0
107,0.7953872627299436,3.166538859613182,3.1665388596131834,4.207330743804404e-16
108,0.3171714728058026,-5.189353699626612,-5.1893536996266105,3.423079138984232e-16
109,0.45873103370081214,1.9313813897695227,1.9313813897695224,1.1496673111856408e-16
110,-0.4406969285764196,2.041301384314196,2.0413013843141954,2.1755200543268172e-16
111,0.34147185840848016,-0.5901684340050254,-0.5901684340050252,2.220446049250313e-16
112,0.8983788883944523,8.788111289464007,8.788111289464007,0.0
113,0.39792891357790205,3.460961466692669,3.46096146669267,2.566276533985447e-16
114,0.04100649890633168,-0.5654117388571755,-0.5654117388571755,0.0
115,-0.7469394884119648,0.10891974055931371,0.10891974055931386,1.5265566588595902e-16
116,0.015041660025521209,1.1638164097986852,1.1638164097986852,0.0
117,0.3427331883539788,0.46396151470086033,0.4639615147008603,5.551115123125783e-17
118,0.6317282658120229,4.8329049319955555,4.832904931995557,3.675546828244301e-16
119,-0.59159674317474,0.22352340075231178,0.2235234007523118,2.7755575615628914e-17
120,0.5796747624543874,5.7370425793667685,5.737042579366769,1.5481468150409975e-16
121,-0.41712398352335633,0.5888141286492996,0.5888141286492997,1.1102230246251565e-16
122,0.5550937188742151,0.6528061368694091,0.6528061368694092,1.1102230246251565e-16
123,0.7665155438227862,7.533357382343308,7.533357382343308,0.0
124,0.7309227947578352,-1.13391536192533,-1.1339153619253324,2.1540325990716988e-15
125,-0.8981156416442071,-1.7828692888602098,-1.782869288860212,1.2454340108521621e-15
126,-0.9832552604766043,-1.5445910321674154,-1.5445910321674177,1.4375624375693275e-15
127,-0.3618911194175136,6.337980917429788,6.337980917429789,1.4013586207834532e-16
128,-0.13863354180146426,1.7538915055580775,1.7538915055580775,0.0
129,-0.17448358378481765,-0.7413689554086116,-0.7413689554086114,2.220446049250313e-16
130,0.28483586411222284,1.5103207495008037,1.510320749500804,1.4701817809125793e-16
131,-0.06679837258569843,3.6614976864698057,3.661497686469806,1.2128621888553657e-16
132,0.36543712070819345,1.608185832673576,1.6081858326735763,1.380714842860459e-16
133,0.21582455143650336,3.585211562162994,3.5852115621629936,1.238669468035909e-16
134,-0.6401253546138884,-4.782748253196459,-4.782748253196459,0.0
135,-0.445046822703533,1.7994098317777814,1.799409831777781,2.4679714537922206e-16
136,0.526807258861304,1.0141660124244445,1.0141660124244443,2.1894305488922473e-16
137,0.2569749682394704,7.020146297039145,7.020146297039145,0.0
138,0.5410362496204009,2.927473546971848,2.927473546971848,0.0
139,0.618691566144892,2.914282616049719,2.9142826160497184,1.5238371440173538e-16
140,-0.18838547853163734,1.659094958428914,1.6590949584289143,1.3383477768825073e-16
141,0.9875161761158835,8.560619288769267,8.560619288769232,4.150066203109078e-15
142,-0.8968442486126834,-0.5032243655123638,-0.5032243655123665,2.6645352591003757e-15
143,-0.8009541930465431,3.6001281340451285,3.6001281340451285,0.0
144,-0.7297986383124528,0.06394826408360721,0.06394826408360732,1.1102230246251565e-16
145,0.5684843537359556,1.078028870590656,1.0780288705906558,2.0597278141852755e-16
146,0.14324369541025384,0.5571246616497357,0.5571246616497357,0.0
147,-0.41996053499257524,0.9929187460115243,0.9929187460115244,1.1102230246251565e-16
148,-0.1991919934959998,1.3125738627277577,1.3125738627277577,0.0
149,-0.27502032265210685,0.7077985477097427,0.7077985477097427,0.0
150,-0.20259651279643598,0.7263230709330675,0.7263230709330675,0.0
151,0.42682939400637987,1.9220987851899465,1.9220987851899465,0.0
152,0.6690506044390236,6.461365728414735,6.461365728414736,1.3745985864787682e-16
153,0.8580787407985608,-0.5922110005262982,-0.5922110005262962,1.9984014443252818e-15
154,0.4404124112568937,6.847983459064876,6.847983459064876,0.0
155,0.41735327698526214,0.46849472354291344,0.4684947235429135,5.551115123125783e-17
156,0.8960863204166087,0.09296564128567808,0.0929656412856783,2.220446049250313e-16
157,-0.3815942892388401,0.8129243522351879,0.812924352235188,1.1102230246251565e-16
158,-0.8076132769295846,2.429502465574855,2.4295024655748567,7.311607477541452e-16
159,0.42381767401176096,0.5030111508501275,0.5030111508501276,1.1102230246251565e-16
160,-0.6182322581812142,0.10505193073645597,0.10505193073645598,1.3877787807814457e-17
161,0.18552115773013367,0.275868066389409,0.2758680663894089,5.551115123125783e-17
162,-0.9485210153719004,-1.558907966164327,-1.5589079661643552,1.8089371173632455e-14
163,0.21842530562334184,4.208217662630459,4.20821766263046,2.1105809891614436e-16
164,-0.8303360155566732,2.241036941941332,2.241036941941332,0.0
165,-0.5408741660454703,4.540821436773698,4.540821436773697,1.9559862286308826e-16
166,-0.8312585698113752,-0.25928577445874224,-0.2592857744587427,4.440892098500626e-16
167,0.3863112442527734,1.458876723737557,1.4588767237375566,3.0440489084802994e-16
168,0.7033646476425597,5.270592124985562,5.270592124985562,0.0
169,-0.47045022612157406,1.0503804237804117,1.0503804237804117,0.0
170,0.34048153546784565,-0.002956143826790991,-0.002956143826790991,0.0
171,0.4112287859845358,3.6198817133089074,3.6198817133089056,4.907223440117593e-16
172,0.6094285796525194,2.8291484393023367,2.8291484393023385,6.278768603029882e-16
173,-0.6798519636764295,3.2859282897433384,3.2859282897433384,0.0
174,0.9366271332569103,4.297918526650769,4.29791852665077,2.0665315412394621e-16
175,0.22632697408223246,2.5010119756547984,2.501011975654798,1.775638078397422e-16
176,-0.7958181410159977,-0.5247990434430845,-0.5247990434430847,2.220446049250313e-16
177,0.9728328254442671,3.4496089890733757,3.44960898907334,1.02988880480475e-14
178,0.8892831394051097,2.024485211870214,2.0244852118702146,2.193590781726749e-16
179,0.5514982242010003,-1.9183255470466518,-1.9183255470466514,2.3149835570597383e-16
180,-0.25804931078609694,1.1976690512953951,1.1976690512953951,0.0
181,-0.7798734629306407,1.1932532465021772,1.1932532465021763,7.44333545543389e-16
182,-0.3042014636648901,1.3838455550356286,1.3838455550356286,0.0
183,-0.20836315096812497,3.42193501443624,3.421935014436241,2.595544380454728e-16
184,-0.45631564181969064,4.235473452382361,4.23547345238236,2.0969991423285735e-16
185,0.38758406087581787,1.733084045371123,1.7330840453711227,1.2812108305889033e-16
186,-0.06264849348541135,-3.0205736535526073,-3.020573653552606,4.4106444084992234e-16
187,0.020012117279329944,4.2541246852527825,4.254124685252783,2.0878053310920978e-16
188,-0.7241348452769416,0.7217456801182562,0.7217456801182559,3.3306690738754696e-16
189,0.9705691278183823,0.22569386764742916,0.22569386764740784,2.1316282072803006e-14
190,-0.2723953876360885,2.1181530212611026,2.118153021261103,2.0965870047748555e-16
191,-0.020868783674455216,-0.31814261197725613,-0.318142611977256,1.1102230246251565e-16
192,0.8877792433801199,3.688804998265746,3.688804998265746,0.0
193,-0.8718800837214018,3.2282784329647476,3.228278432964747,1.3756223915364861e-16
194,-0.0759131797254865,1.4308363916836844,1.430836391683684,3.1037036269918806e-16
195,0.27969759302232733,-0.37488054378112856,-0.3748805437811289,3.3306690738754696e-16
196,-0.2572483191709518,1.0807802697806645,1.0807802697806645,0.0
197,-0.913965094051593,2.3933777967568703,2.3933777967568712,3.7109829501370204e-16
198,-0.8788356426855402,1.5028092673247904,1.5028092673247908,2.9550603626540262e-16
199,0.0864397244981181,6.038448472794603,6.0384484727946015,2.941743806216748e-16
200,0.4629306526135848,-3.092664013615299,-3.0926640136152983,2.87188784746731e-16
201,-0.16467153717677174,2.215830013502142,2.215830013502142,0.0
202,0.714159918398745,2.045972149159416,2.0459721491594163,2.1705535436174725e-16
203,-0.3084093196856036,4.1221412575718634,4.1221412575718634,0.0
204,0.30058516133439794,1.9537041566759148,1.953704156675915,1.1365313635961344e-16
205,0.9354004428657661,-1.7223090599917164,-1.7223090599917015,8.637815869149902e-15
206,-0.183141617631859,3.9465122876202967,3.9465122876202967,0.0
207,0.06769246096583759,3.5612567841477474,3.561256784147746,3.7410041182105205e-16
208,-0.36530736475328573,0.7919353277942532,0.7919353277942532,0.0
209,-0.261667909182811,0.8042925189860156,0.8042925189860153,3.3306690738754696e-16
210,0.0046319059473775015,0.3697270917742115,0.36972709177421137,1.1102230246251565e-16
211,-0.2876839977303085,2.5434325107929823,2.543432510792982,1.7460231713072114e-16
212,0.5636279203720764,5.1822100423518185,5.1822100423518185,0.0
213,0.409184267426681,0.8033923556432012,0.8033923556432008,4.440892098500626e-16
214,-0.6183620532206067,1.248986647029855,1.248986647029855,0.0
215,-0.3660650586244777,-2.0910410092854965,-2.0910410092854965,0.0
216,0.5384826313150433,5.668153082765584,5.668153082765584,0.0
217,-0.21317235015610314,1.315522450402507,1.3155224504025071,1.687881532216291e-16
218,0.29652331154931866,1.704413912985388,1.704413912985388,0.0
219,-0.011258472723380986,-2.612171293248283,-2.6121712932482826,1.700076909190092e-16
220,0.6442509158892309,-0.032456942290691515,-0.032456942290691515,0.0
221,0.24277317474192128,1.255617429664552,1.255617429664552,0.0
222,-0.324450480831438,4.716430924918176,4.716430924918176,0.0
223,-0.5464042446039498,-1.0886647348663487,-1.0886647348663496,8.158420046637807e-16
224,0.9129454274541233,1.000740489972106,1.0007404899721062,2.218803047843307e-16
225,0.6131526060578205,-3.6250777318171163,-3.625077731817117,1.2250474133349336e-16
226,0.11321301025844566,2.3434916103468764,2.343491610346877,1.8949895441884254e-16
227,0.8377361928804914,1.2189078417985797,1.21890784179858,1.8216685241551133e-16
228,0.1656397871516999,0.8504275402366228,0.8504275402366228,0.0
229,-0.8062554003843152,0.6949496161469004,0.6949496161469004,0.0
230,0.22348188552446935,5.1013086529223814,5.101308652922382,1.7410795545400205e-16
231,-0.4920351546733634,-0.06148490178972632,-0.06148490178972654,2.220446049250313e-16
232,0.984309686816617,2.338226493754452,2.3382264937544903,1.633360675243297e-14
233,-0.06453100574097537,1.2362196265893228,1.2362196265893233,3.592316448455731e-16
234,-0.6922714968472266,2.4145510644568366,2.4145510644568366,0.0
235,0.285885583337703,2.5934175022288084,2.5934175022288084,0.0
236,-0.6723369378228561,0.8263514722875498,0.8263514722875493,4.440892098500626e-16
237,-0.26203688378331025,2.841933987548059,2.8419339875480585,1.5626302785210375e-16
238,0.9362526888394784,0.06744076391346576,0.0674407639134671,1.3322676295501878e-15
239,0.476973383890827,8.049521243321099,8.049521243321099,0.0
240,-0.524124151558192,2.392005426815468,2.392005426815468,0.0
241,0.33271608097381344,1.613363106375102,1.6133631063751017,1.3762841362098596e-16
242,0.5151026105131264,1.4994171877286628,1.4994171877286628,0.0
243,0.20993516153933367,-0.049389059913661715,-0.049389059913661604,1.1102230246251565e-16
244,0.19458760892546345,0.26519476788957963,0.26519476788957974,1.1102230246251565e-16
245,-0.3518579782524518,11.693857953795716,11.693857953795716,0.0
246,-0.10293920719427985,1.2817376909439737,1.281737690943974,1.732371658365605e-16
247,-0.43615704206386086,-0.4356316777541944,-0.435631677754194,4.440892098500626e-16
248,0.8789545656182567,1.5611002167444692,1.5611002167444692,0.0
249,0.6422508262450335,2.741962039477094,2.7419620394770945,1.619603785378271e-16
250,0.5226928979398535,1.037626729966488,1.037626729966488,0.0
251,0.07357607220873308,1.2091655523108096,1.2091655523108094,1.8363457716826846e-16
252,0.911808386987998,-0.28275816782838603,-0.2827581678283857,3.3306690738754696e-16
253,-0.24149208992298432,4.2203546239653384,4.220354623965339,2.1045113475929075e-16
254,-0.7681942317954087,0.8584960627713893,0.8584960627713891,2.220446049250313e-16
255,0.9044838388657046,0.6466211247341407,0.6466211247341427,1.9984014443252818e-15
256,-0.061184898747351,-0.2834402532779233,-0.28344025327792327,5.551115123125783e-17
257,-0.28828412429619066,5.98948428409136,5.98948428409136,0.0
258,0.35235227093888577,-0.4032617522411931,-0.4032617522411932,1.1102230246251565e-16
259,-0.8476485106127204,4.991084499815118,4.991084499815118,0.0
260,-0.7098683363633269,0.8469421644678715,0.8469421644678715,0.0
261,-0.7350302430075351,4.403807356036372,4.4038073560363715,2.0168421274892603e-16
262,0.4721339521067296,-2.448172671215677,-2.448172671215678,5.441885881720224e-16
263,-0.16444235735379453,0.4757381981606821,0.47573819816068164,4.440892098500626e-16
264,0.3950098531353685,-3.1223626165490224,-3.1223626165490224,0.0
265,0.8498583683544263,-0.0209472889431519,-0.02094728894315212,2.220446049250313e-16
266,-0.8132891910022191,4.483026510384083,4.483026510384084,1.9812026934099716e-16
267,-0.34143402241139587,1.387259668393009,1.3872596683930087,1.6005987197930009e-16
268,-0.05451356478748515,0.1338984726291068,0.1338984726291068,0.0
269,0.9837226727417938,-1.1153550535539518,-1.1153550535539125,3.523711570275271e-14
270,0.2793251827007226,4.797478879433286,4.797478879433286,0.0
271,-0.2550540701454025,1.772619730054691,1.7726197300546904,3.7579059032279955e-16
272,-0.5756435414455934,0.6135300712520682,0.6135300712520682,0.0
273,-0.4440464751574488,3.0086323341940995,3.0086323341941,1.476050113544424e-16
274,-0.9796910030217161,0.7881245373791468,0.7881245373791472,4.440892098500626e-16
275,-0.2527053528447555,0.7613989607413321,0.7613989607413321,0.0
276,0.04217805070751135,3.456859384286188,3.4568593842861874,1.2846609030982128e-16
277,-0.5831666105447684,1.129176161667987,1.1291761616679867,1.9664301502524932e-16
278,0.8996295444963114,0.13532020481627555,0.13532020481627555,0.0
279,0.7064570448316856,2.247482685211883,2.2474826852118834,1.9759405167928837e-16
280,0.900532729051041,2.9024409638779485,2.9024409638779503,6.120216953618453e-16
281,0.1898850065415234,1.1800005156068,1.1800005156068,0.0
282,0.7345596542293542,2.157985274980735,2.1579852749807347,2.0578880449220262e-16
283,0.28300080156892293,0.3148122095210808,0.3148122095210807,1.1102230246251565e-16
284,-0.8018759229230783,-0.5425109599336133,-0.5425109599336131,2.220446049250313e-16
285,0.7149842824419812,2.8437674592691566,2.843767459269155,6.246491194666005e-16
286,0.1672073181614604,7.213606902979131,7.213606902979131,0.0
287,-0.27963725024481223,-1.8376664873848272,-1.8376664873848274,1.208296535031347e-16
288,-0.624677594598861,1.0649305217995544,1.0649305217995544,0.0
289,-0.6865182793966855,-3.6929163419322277,-3.692916341932227,2.4050867592505703e-16
290,0.9410509614522606,-1.3478593339785816,-1.3478593339785812,3.2947741552466745e-16
291,-0.8146624814729072,1.9233779866042293,1.9233779866042302,4.617804851079875e-16
292,-0.8634999734987507,0.012711069677451725,0.012711069677450837,8.881784197001252e-16
293,0.7849810043557022,5.213280053583957,5.213280053583956,1.703684456946701e-16
294,-0.43952717562534904,-1.0215996510044212,-1.0215996510044238,2.6081990694501953e-15
295,-0.41494257192633355,3.552375521832982,3.5523755218329818,1.250118989731463e-16
296,0.08324747434375657,0.34350316428327554,0.3435031642832751,4.440892098500626e-16
297,-0.11649397014487195,3.2123143933717047,3.2123143933717047,0.0
298,-0.8909161229258961,0.21344551506491305,0.21344551506491244,6.106226635438361e-16
299,-0.24756974768466322,0.9138913136848443,0.9138913136848439,4.440892098500626e-16
300,0.14443456533344157,2.9028513801337295,2.9028513801337295,0.0
301,0.9161677695905688,2.731672347172156,2.7316723471721565,1.6257045260563058e-16
302,0.9249432844767882,-1.098253784277188,-1.0982537842771904,2.2239765427103546e-15
303,0.7839510561752421,4.1313523729444865,4.131352372944485,4.2996982078636154e-16
304,0.3961081976256797,2.544228155773194,2.5442281557731947,3.4909542907334376e-16
305,0.7985075530038381,3.4630710301498904,3.463071030149891,1.282356630816323e-16
306,0.1346479990385483,7.879827985743441,7.879827985743443,2.2543091582888858e-16
307,0.11052919330837185,2.9176466678755943,2.917646667875594,1.522080157065126e-16
308,-0.7639344871839071,1.2055701286321276,1.2055701286321276,0.0
309,-0.2696855090333041,-2.6953531444628194,-2.6953531444628194,0.0
310,-0.2406202917192668,-0.5730004059637019,-0.573000405963702,1.1102230246251565e-16
311,0.4164094851600455,5.762756410357091,5.762756410357091,0.0
312,0.5694604549841447,2.6155941546616734,2.6155941546616726,3.395704253724374e-16
313,-0.008058491397300083,2.4736158738532334,2.4736158738532334,0.0
314,-0.2017332344201419,1.4311267319974244,1.4311267319974246,1.55153698104097e-16
315,0.2764417644125621,2.260185832374771,2.2601858323747717,1.9648349418395357e-16
316,0.9503192263116287,-0.19550828005946563,-0.1955082800594674,1.7763568394002505e-15
317,-0.951861505694776,0.4379969225786424,0.43799692257864464,2.220446049250313e-15
318,-0.02746089235571869,-0.9652279210622083,-0.9652279210622083,0.0
319,0.842149641808065,3.981732166348465,3.9817321663484653,1.115316629288314e-16
320,-0.866280667291083,2.5232134362529672,2.523213436252967,1.7600144461403384e-16
321,-0.5190462639372151,2.714897912365942,2.714897912365942,0.0
322,0.19404091169370585,0.9754958246345874,0.9754958246345873,1.1102230246251565e-16
323,-0.9483785782766339,2.759728742114203,2.7597287421142056,9.655062174911798e-16
324,-0.548864641848519,0.5278393307686348,0.5278393307686347,1.1102230246251565e-16
325,0.6824575735928835,-1.0607296362827208,-1.060729636282721,2.0933195163960594e-16
326,0.24524268939273375,0.22891120706958212,0.228911207069582,1.1102230246251565e-16
327,0.18947879338802442,2.592705648617372,2.5927056486173727,3.425681662605123e-16
328,-0.49816699969399447,-0.8035077650168936,-0.8035077650168931,4.440892098500626e-16
329,-0.08260064068638118,1.0212864647600324,1.0212864647600326,2.1741657467006991e-16
330,0.9874277043063364,1.1230396437465016,1.1230396437464947,6.1292428909390526e-15
331,-0.6534112990446492,-1.0644282901093787,-1.0644282901093813,2.5032548306533387e-15
332,0.6959002216215282,1.5248188703684753,1.5248188703684753,0.0
333,0.03025532780943596,4.588728262999293,4.588728262999294,1.935565517927602e-16
334,0.7767552187404618,0.6587604847552884,0.6587604847552884,0.0
335,-0.46586382065871634,2.244419314772848,2.244419314772848,0.0
336,0.15590600702223623,-0.8886475331985432,-0.8886475331985436,4.440892098500626e-16
337,0.3152469196081229,1.2358776000209812,1.2358776000209812,0.0
338,-0.014068433967520888,2.3693879947031022,2.3693879947031027,1.8742781293855146e-16
339,-0.46894135811742255,-1.0734937287786095,-1.0734937287786095,0.0
340,-0.02266169679386132,0.9950504430852316,0.9950504430852315,1.1102230246251565e-16
341,-0.9499726897910993,2.057233229818824,2.0572332298188245,2.1586721593505106e-16
342,0.658266941756741,2.4054357901565977,2.4054357901565973,1.846190248217566e-16
343,0.1066107517225241,0.799776055465894,0.7997760554658941,1.1102230246251565e-16
344,-0.5840341873812986,0.0633264347456054,0.06332643474560529,1.1102230246251565e-16
345,0.6734635524764938,0.3641967804697659,0.3641967804697668,8.881784197001252e-16
346,-0.5470689913196096,3.2446961677341224,3.244696167734123,1.368661923622219e-16
347,0.04308575087843125,1.3368261504265166,1.3368261504265164,1.660983403520253e-16
348,0.9538546208662713,4.543271288190722,4.54327128819072,3.9098630187845407e-16
349,0.5975128907169649,4.652661535079783,4.652661535079783,0.0
350,0.9475571537060505,1.8907217280764959,1.890721728076495,4.697562875123371e-16
351,0.7611236517085254,1.2068199165375961,1.206819916537596,1.8399149855107148e-16
352,0.9749333252343444,-2.1284688912407144,-2.1284688912407255,5.216064135088166e-15
353,0.9323567590480648,9.937746398055086,9.937746398055111,2.5024784046079715e-15
354,-0.3929914809112396,4.785606393852778,4.785606393852779,1.8559370466426383e-16
355,-0.8333897217020259,3.0904994946897824,3.0904994946897824,0.0
356,0.22927276527473328,1.1788820958568,1.1788820958567998,1.8835183408536835e-16
357,0.4245927983375821,4.19092669492065,4.190926694920651,2.1192888455352517e-16
358,0.9382120460137995,0.6118232861284869,0.6118232861284865,4.440892098500626e-16
359,0.32643602166666463,-0.3815428315016516,-0.3815428315016517,1.1102230246251565e-16
360,0.14949498612929912,0.03879107251300595,0.03879107251300595,0.0
361,0.9387676520762132,-0.2622338625678753,-0.26223386256787506,2.220446049250313e-16
362,0.4772982199299467,4.4285717207303374,4.4285717207303374,0.0
363,0.1308627460636742,4.328062923046989,4.328062923046989,0.0
364,-0.8834603729754854,-1.144121180781502,-1.144121180781501,7.762975064349803e-16
365,0.9318032347294589,4.3753454445745845,4.375345444574583,4.0599236378076793e-16
366,-0.7752993532996411,3.555298894980088,3.5552988949800883,1.249091069324988e-16
367,-0.2723553116790568,10.577957776125874,10.577957776125874,0.0
368,0.08725933644479689,4.122468878719186,4.122468878719187,2.154481806485036e-16
369,0.0006118094825481313,4.918226315571103,4.918226315571103,0.0
370,-0.32166261077022495,6.520828899271833,6.520828899271832,1.3620636784371174e-16
371,0.32041659276676837,0.3420136165324123,0.34201361653241247,1.6653345369377348e-16
372,-0.8067481791579365,1.1136407937185153,1.113640793718515,1.9938619901270919e-16
373,-0.0914588219427549,0.6260856557621102,0.6260856557621102,0.0
374,0.3270802921724636,1.7982372038925472,1.7982372038925454,9.878323257660706e-16
375,-0.37103931693765635,5.481309625946849,5.4813096259468495,1.6203762974741645e-16
376,-0.9090100846501313,-2.260138637989667,-2.260138637989665,7.859503879727805e-16
377,-0.7709001939459341,4.294311268144035,4.2943112681440345,2.0682674455594095e-16
378,0.04338473006603971,0.24509337096791328,0.2450933709679124,8.881784197001252e-16
379,0.3837967227285892,0.6660753763471735,0.6660753763471736,1.1102230246251565e-16
380,0.4517664954138658,0.32198485306258906,0.3219848530625891,5.551115123125783e-17
381,0.5807642413625771,0.5936987147831891,0.5936987147831891,0.0
382,-0.5022885168542349,1.8849689419734155,1.8849689419734155,0.0
383,-0.7814252997879612,5.210296743941762,5.210296743941763,1.7046599519170357e-16
384,-0.65245842844467,3.9875755216724063,3.9875755216724063,0.0
385,-0.35664293751597187,2.6349783819519663,2.634978381951965,5.056085616016542e-16
386,-0.24884152935889747,1.7417341112781102,1.7417341112781102,0.0
387,-0.32139752153910517,1.953287378939217,1.9532873789392167,1.1367738680911272e-16
388,-0.8673919313488914,2.6542082307518555,2.6542082307518555,0.0
389,-0.343202784046198,1.984116170421807,1.9841161704218078,3.3573327242904293e-16
390,-0.3710860396507999,2.1880559124480077,2.1880559124480077,0.0
391,-0.033552095747570676,0.9850203196472824,0.985020319647282,4.440892098500626e-16
392,0.6772387447014248,-1.71166109172665,-1.7116610917266502,1.2972463182010072e-16
393,-0.8012107707150293,0.029016813165651523,0.029016813165651634,1.1102230246251565e-16
394,-0.7929063258594966,-0.6825282742559344,-0.6825282742559331,1.3322676295501878e-15
395,0.26926276850175035,0.6681926433037576,0.6681926433037576,0.0
396,0.5725145943356174,-0.042652282382931866,-0.04265228238293184,2.7755575615628914e-17
397,0.6706105167006182,9.907247771779357,9.907247771779353,3.585974390304794e-16
398,0.6656398398853871,0.664059601929334,0.6640596019293339,1.1102230246251565e-16
399,-0.5720651943338424,1.6049252760303143,1.6049252760303143,0.0
400,0.4869326057602481,9.40816707769699,9.40816707769699,0.0
401,0.7670952064672238,2.9754020062366724,2.9754020062366724,0.0
402,0.24329279917765922,-0.9616518715869071,-0.9616518715869073,2.220446049250313e-16
403,0.5357042017218638,-4.006813062218928,-4.00681306221893,4.433340941582446e-16
404,0.8691797635238079,2.3749079612536717,2.3749079612536717,0.0
405,-0.04626295036570294,5.7390389587127935,5.7390389587127935,0.0
406,0.7428275365878831,0.39682700236726653,0.39682700236726665,1.1102230246251565e-16
407,-0.8437673579860131,-3.40591778944117,-3.405917789441176,1.825425427817205e-15
408,-0.8691043261949051,3.687561882758952,3.687561882758951,2.408579023047092e-16
409,-0.38847304807646055,3.5930160935482904,3.5930160935482904,0.0
410,-0.32255957137509217,4.338276124832623,4.338276124832624,2.0473072578670691e-16
411,0.5668857034815857,4.464508334112045,4.464508334112046,1.989420454014623e-16
412,0.46644099069547296,0.5092509837682608,0.509250983768261,1.1102230246251565e-16
413,0.9528392694004673,3.7767806871156475,3.7767806871156395,2.1165130939614863e-15
414,-0.7714477394029357,3.132152652317345,3.132152652317348,9.924881747543501e-16
415,-0.20800686560126525,-5.962182248439396,-5.962182248439397,2.9793736007737986e-16
416,-0.49520245499796395,4.003286935102061,4.003286935102062,2.2186229318520776e-16
417,0.13618240794017322,-0.16876077196667638,-0.16876077196667638,0.0
418,-0.9634459643101771,-0.10891522913145324,-0.1089152291314548,1.5543122344752192e-15
419,0.015330635454482211,6.401782452879233,6.401782452879232,1.387392380540302e-16
420,0.964955198092045,1.3877502020868921,1.3877502020868988,4.8000988490101825e-15
421,0.06408583631637921,-0.09163152778641748,-0.09163152778641814,6.661338147750939e-16
422,-0.8333815703132847,9.38621149330852,9.386211493308522,1.8925173811250945e-16
423,0.7745431134245375,6.3257640567946725,6.325764056794673,1.4040650453064385e-16
424,0.70986820213421,3.034343382764635,3.034343382764635,0.0
425,-0.45806016840598207,3.7663198210793407,3.7663198210793416,2.3582129555997017e-16
426,0.38604159131242044,-1.4517061589290754,-1.4517061589290758,3.059084699190555e-16
427,-0.1673995823451514,2.1282890223720377,2.1282890223720377,0.0
428,0.4625961693245515,-0.6388656435187396,-0.6388656435187399,2.220446049250313e-16
429,-0.21956124774539476,0.04598068956618051,0.045980689566180954,4.440892098500626e-16
430,-0.6915349664251986,2.9654642593080065,2.9654642593080065,0.0
431,0.29857135412525615,1.3342819032454227,1.3342819032454227,0.0
432,0.26747023643866696,13.054722466172349,13.05472246617235,1.3607005771307518e-16
433,-0.9398943108933795,-0.1732087608865172,-0.17320876088651727,5.551115123125783e-17
434,-0.9792593170558601,1.533936520853837,1.5339365208538283,5.645435436439012e-15
435,-0.9025764935297351,3.0633252871386043,3.0633252871386043,0.0
436,0.5507751822701066,2.8497259821237866,2.849725982123787,1.558357584679425e-16
437,0.22314637569281737,-0.4417113978636371,-0.44171139786363756,4.440892098500626e-16
438,-0.8563622038748895,2.74387269847651,2.74387269847651,0.0
439,0.10484595341281855,2.35472527266162,2.3547252726616206,1.8859491381263962e-16
440,-0.3235702228725582,1.671175279356559,1.671175279356559,0.0
441,-0.4699356696797088,1.5935902103663175,1.5935902103663173,1.3933607490848607e-16
442,-0.6233445386785494,2.3312769286003583,2.3312769286003583,0.0
443,-0.7888805686884298,-0.18320090624545737,-0.18320090624545693,4.440892098500626e-16
444,-0.6730329000332553,1.4259135950401483,1.4259135950401483,0.0
445,-0.2235112696241084,0.7208208266010702,0.7208208266010703,1.1102230246251565e-16
446,-0.022841371556295065,3.0534880863306295,3.0534880863306295,0.0
447,-0.7721072586975293,1.011030477779327,1.0110304777793258,1.3177324114664086e-15
448,-0.003224007210153812,1.3698305355153775,1.3698305355153777,1.6209640475089167e-16
449,-0.7398642943249093,2.682058285189371,2.682058285189371,0.0
450,0.07072344052942903,0.023514256955974366,0.023514256955974366,0.0
451,-0.14576233519190496,-1.8420730422840226,-1.8420730422840232,3.6162182469656117e-16
452,-0.3735875516761691,6.529479379684025,6.529479379684023,2.7205183386094285e-16
453,0.9091251428586264,-0.135496509017357,-0.13549650901735683,1.6653345369377348e-16
454,0.05183149637394391,4.922993187120552,4.922993187120552,0.0
455,-0.188444205092427,-2.4436076744427,-2.4436076744427004,1.8173506921537377e-16
456,0.6057210920874287,0.2962123639980833,0.2962123639980831,2.220446049250313e-16
457,0.34700893148767653,2.992647856969298,2.992647856969298,0.0
458,-0.25157821340550424,2.6163682251287774,2.6163682251287774,0.0
459,0.3505044502840735,-1.8709098597837939,-1.8709098597837948,4.747307386592986e-16
460,0.12497096345938186,7.389095658335686,7.389095658335687,1.2020123446340358e-16
461,-0.9219063963073735,2.1875111843940935,2.187511184394093,2.030111722482774e-16
462,-0.7880252234174043,8.16541781398534,8.165417813985341,2.175463497235611e-16
463,0.9315044618293935,-2.6807898131360806,-2.68078981313608,1.6565610913395396e-16
464,-0.4358160368732469,-0.5938821749053709,-0.5938821749053707,2.220446049250313e-16
465,-0.6810505091384478,1.7039344617587724,1.7039344617587726,1.3031287875699199e-16
466,-0.6530516156276693,2.750194356279165,2.750194356279165,0.0
467,0.14480356179695097,2.72112681957315,2.7211268195731506,1.6320048248237276e-16
468,0.4121185948543351,1.1356638761502154,1.135663876150215,3.910393023642521e-16
469,-0.5925872055963268,1.5577370797040868,1.557737079704087,1.4254305673150676e-16
470,0.9575372725308877,3.0821247817893935,3.082124781789394,1.44085409024951e-16
471,0.048917539484082395,-0.6049210172766432,-0.6049210172766428,3.3306690738754696e-16
472,0.47266714453266,4.134479855550437,4.134479855550438,2.1482228738102751e-16
473,-0.415249850959425,2.8786534831920227,2.878653483192023,1.542697696833e-16
474,0.9569298384321054,5.554626737840327,5.55462673784033,4.796965457550012e-16
475,0.2519295706959219,2.4058766244817154,2.4058766244817154,0.0
476,0.8049723533466724,-0.32326661914701393,-0.32326661914701393,0.0
477,0.5562570304945413,-1.0367898140536833,-1.0367898140536829,4.283309922902738e-16
478,0.3010212511141017,1.6644539217806593,1.6644539217806595,1.334038762019224e-16
479,0.3682524620326231,0.666458453355333,0.6664584533553326,4.440892098500626e-16
480,-0.9842272510607224,1.1502483258830036,1.1502483258830267,2.0076220406124808e-14
481,-0.5864137685587906,0.2362009660850237,0.23620096608502375,5.551115123125783e-17
482,-0.08891399304730829,0.7175542324513033,0.7175542324513038,4.440892098500626e-16
483,0.818256462900063,2.99544113943837,2.9954411394383706,1.4825502795001576e-16
484,-0.6794308624336843,0.7556782466009151,0.7556782466009135,1.5543122344752192e-15
485,-0.5957633188813956,-0.49218653148519675,-0.49218653148519664,1.1102230246251565e-16
486,-0.025548414229335625,1.161405797484801,1.161405797484801,0.0
487,-0.9273431445921361,2.1364534064629828,2.1364534064629837,4.157256212624613e-16
488,0.40373433579151285,1.8903637043979027,1.8903637043979022,2.349226282841211e-16
489,-0.7204669208939594,0.6298344844866879,0.629834484486687,8.881784197001252e-16
490,-0.5637432369809374,4.0242951802924205,4.02429518029242,2.2070409348938138e-16
491,0.20142039695284342,3.82643956662853,3.8264395666285305,1.1605807490678571e-16
492,0.19378843409579205,1.3530588377695063,1.3530588377695065,1.6410565359527744e-16
493,0.3624980556665687,-1.4265899703770173,-1.4265899703770173,0.0
494,-0.16897470705330608,1.4174667564095298,1.4174667564095298,0.0
495,0.6126571319533278,5.033349166035624,5.033349166035623,1.764587336188469e-16
496,-0.5170946652067925,5.550788241313474,5.550788241313475,1.600094222816104e-16
497,0.9414141454624798,-5.1390027021868745,-5.139002702186872,5.184926752357024e-16
498,0.5367330458629056,2.556915821620879,2.5569158216208785,1.7368159174225212e-16
499,0.21447914333543316,0.6594747804177852,0.6594747804177853,1.1102230246251565e-16
500,0.875542866362188,5.573897624225319,5.573897624225324,9.560761387219424e-16
501,0.9345880485271723,4.0780329666102775,4.07803296661028,6.533873759522787e-16
502,-0.05479931513986935,8.691259857598704,8.691259857598705,2.04384274375043e-16
503,-0.16226396060661397,0.9392107886229021,0.9392107886229019,2.220446049250313e-16
504,0.7391206593265529,-0.4661626165091879,-0.46616261650918767,2.220446049250313e-16
505,-0.7773724132115674,-1.806679322216608,-1.8066793222166133,2.949649366475582e-15
506,-0.20049161993777487,4.3018462345126816,4.3018462345126816,0.0
507,0.0489886036575784,1.2334767341272819,1.2334767341272816,1.8001523561944916e-16
508,0.9188856698151668,8.57372364021067,8.573723640210666,4.143723110152878e-16
509,0.8238827604093413,9.873030366364025,9.873030366364025,0.0
510,-0.4228129501531658,2.2302739213665173,2.230273921366517,1.9911868474790913e-16
511,-0.07848804471796889,3.087238666446603,3.087238666446603,0.0
512,0.30970783274007685,0.5062325989797671,0.5062325989797671,0.0
513,-0.07349542598283376,2.4492284983612786,2.449228498361279,1.8131799876867034e-16
514,-0.16373430025761204,1.9348552973345987,1.9348552973345985,1.1476031578739435e-16
515,-0.6482901186192525,4.575082897921218,4.57508289792122,3.882676836757153e-16
516,0.17859840034466767,0.5598361895604456,0.5598361895604457,1.1102230246251565e-16
517,-0.7611931198352722,2.5894166460913106,2.5894166460913106,0.0
518,-0.8875019048088446,1.0252419981615093,1.0252419981615095,2.1657774976367285e-16
519,0.04017576579040072,0.8945385232440811,0.894538523244081,1.1102230246251565e-16
520,0.8828702921299199,0.9813354208241255,0.9813354208241254,1.1102230246251565e-16
521,-0.8160789416099804,-3.6226725498607784,-3.622672549860778,1.2258607526289653e-16
522,0.2273315182763913,2.319886280799244,2.3198862807992446,1.9142714603108287e-16
523,0.12853815152662817,3.2262000330386265,3.226200033038627,1.3765086023875373e-16
524,0.0353769390036891,1.5555766187345372,1.555576618734537,1.42741027507642e-16
525,0.8187596705241635,3.0913753479963444,3.0913753479963457,4.309627526834258e-16
526,0.7801706341507926,0.9252339781942313,0.9252339781942309,3.3306690738754696e-16
527,-0.3121062491080918,4.6381515318617925,4.6381515318617925,0.0
528,0.7561889718782759,0.24582163939052015,0.24582163939051993,2.220446049250313e-16
529,-0.21571950943214835,0.21451116071290258,0.2145111607129026,2.7755575615628914e-17
530,0.9204373248657416,2.650924975398212,2.650924975398211,3.350447213492741e-16
531,-0.6252095444615301,2.5298433790241925,2.5298433790241925,0.0
532,0.20647977239237947,1.141519348765611,1.141519348765611,0.0
533,-0.36133121399210155,-1.3720936007614737,-1.3720936007614735,1.6182905073079762e-16
534,0.20317726156849614,-0.33909618221596816,-0.3390961822159678,3.3306690738754696e-16
535,0.3019823812642237,3.102042564081687,3.1020425640816867,1.431602567263704e-16
536,0.49636877624497955,0.5713806126971339,0.5713806126971335,4.440892098500626e-16
537,0.1593604722658053,-5.0291628977118235,-5.029162897711825,3.5321123525516746e-16
538,0.5114829093684006,0.2685968342372105,0.2685968342372105,0.0
539,0.5939164411473266,6.128572665940308,6.1285726659403075,1.449241884062497e-16
540,0.98034765349249,-3.981553759436956,-3.981553759436963,1.7845865676835173e-15
541,0.6990027461871893,-0.727023456711601,-0.7270234567116013,3.3306690738754696e-16
542,-0.8614186986979484,-0.320579020807197,-0.3205790208071928,4.218847493575595e-15
543,0.018010708169270417,2.010682118850429,2.010682118850429,0.0
544,-0.6263041449627732,4.538323555296694,4.538323555296694,0.0
545,0.883486431008365,5.917114460584606,5.917114460584614,1.3509297192995936e-15
546,0.4047340317535175,4.565162369914881,4.565162369914882,1.945557129694569e-16
547,0.37239956691192067,2.9251289151786515,2.9251289151786515,0.0
548,-0.49122350819290533,0.5449373630477191,0.5449373630477193,2.220446049250313e-16
549,-0.941187321320977,5.455031778861032,5.455031778861029,4.884545804894853e-16
550,-0.05603876140102804,1.1140734449666212,1.1140734449666214,1.9930876723453722e-16
551,-0.6148488152082665,4.0323499449796385,4.032349944979638,2.2026322908951051e-16
552,0.3494518976670833,3.853318427482004,3.853318427482004,0.0
553,-0.0822136933146912,3.1258356309642856,3.125835630964285,1.4207055721386924e-16
554,0.7661944367244822,4.266529624262876,4.266529624262876,0.0
555,0.09146192769830885,-3.1212670680869694,-3.1212670680869694,0.0
556,0.6850572429519846,0.11852268203195648,0.1185226820319567,2.220446049250313e-16
557,0.3108352510157626,2.5389525535081616,2.538952553508162,1.7491040123473307e-16
558,0.9475340370312078,-1.0365715390863985,-1.0365715390863954,2.998948313485707e-15
559,-0.562343532407372,0.9041787172213662,0.9041787172213662,0.0
560,-0.08062619005362359,0.3297804333787333,0.3297804333787333,0.0
561,-0.7388626065394239,3.8338331826248653,3.8338331826248653,0.0
562,-0.1891312619991713,1.0020739902407587,1.002073990240759,2.2158503971516392e-16
563,0.8387033656608607,2.16776343618268,2.16776343618268,0.0
564,-0.9342460768565449,8.789982175240029,8.789982175240029,0.0
565,-0.19867333283575683,17.981663309792147,17.981663309792147,0.0
566,0.6931268717120298,2.066975142200343,2.0669751422003433,2.148498067457741e-16
567,0.5270811277936398,6.217420881903717,6.217420881903717,0.0
568,-0.9682084164117322,-0.10780285176619242,-0.10780285176619486,2.4424906541753444e-15
569,-0.7657029888604977,0.9632538980367711,0.9632538980367715,4.440892098500626e-16
570,-0.5123537609440387,3.607430319347855,3.6074303193478543,2.462080597749948e-16
571,-0.943266906706524,0.8890922516272708,0.8890922516272699,8.881784197001252e-16
572,-0.5727586654401092,2.0812759850292184,2.081275985029219,2.1337353289252899e-16
573,0.5234561968473985,1.3332491756917937,1.3332491756917937,0.0
574,0.940506622419752,-1.854046625094024,-1.8540466250940284,2.3952429450232494e-15
575,0.08081745762282266,-4.456431977971387,-4.456431977971389,3.9860517296818837e-16
576,0.5866203206729217,12.199254642103638,12.199254642103636,1.4561191576979294e-16
577,0.7585370937394633,3.2987603528235856,3.2987603528235816,1.211607531668521e-15
578,0.15812957895975588,-3.23961567724852,-3.239615677248519,2.741616624273394e-16
579,0.6764305799214225,4.280875116793258,4.280875116793259,2.0747590048023803e-16
580,0.08850559617763509,1.7559357375446776,1.755935737544677,3.7936115800373645e-16
581,-0.7539943243147804,1.3215414952295328,1.3215414952295326,1.680193968381336e-16
582,0.29262628385784417,0.27426137587725163,0.2742613758772521,4.440892098500626e-16
583,-0.5435194045864403,1.255515451863186,1.255515451863186,0.0
584,-0.012402261220316957,5.485932020949899,5.4859320209499,1.6190109835636199e-16
585,-0.6735610364775044,-9.77186041647423,-9.771860416474228,1.8178287078328686e-16
586,-0.032667505383091267,-1.167630954105492,-1.1676309541054914,3.8033353628439395e-16
587,-0.7920009861900952,1.4321671984018374,1.4321671984018376,1.5504097927449532e-16
588,0.5893157075132738,2.2611073070325047,2.261107307032505,1.9640342077921496e-16
589,0.8023227452419763,4.012338347265398,4.012338347265398,0.0
590,0.5314634243037735,-0.8112256536636421,-0.8112256536636419,2.220446049250313e-16
591,0.7332992139764061,-0.02051650620813039,-0.020516506208130503,1.1102230246251565e-16
592,-0.06152939197025986,2.2909066190027665,2.2909066190027665,0.0
593,0.24301067543265575,1.532426372904474,1.5324263729044743,1.4489740508979924e-16
594,0.9545451487973353,4.716591668753218,4.7165916687532246,1.3181656107924945e-15
595,0.014652121439530985,4.5823392993188214,4.58233929931882,3.876528391654261e-16
596,-0.8330490848567635,2.8484410845625976,2.8484410845625976,0.0
597,-0.7066631131303803,0.4443889572876032,0.4443889572876031,1.1102230246251565e-16
598,-0.8769078023159983,0.42165869700684766,0.4216586970068477,5.551115123125783e-17
599,-0.9761080448047212,3.572823624131763,3.5728236241317646,4.971857069580158e-16
600,-0.0027116655549370705,1.4400756880340762,1.4400756880340764,1.5418953793196537e-16
601,-0.9507724710821053,6.744664609845502,6.744664609845508,7.901164589298715e-16
602,-0.36735426860513776,2.8013533493274094,2.8013533493274085,3.170533342084005e-16
603,-0.7530124713423862,0.19959049622029426,0.19959049622029432,5.551115123125783e-17
604,0.7846122561270616,1.4923021762577835,1.4923021762577833,1.487933264842166e-16
605,0.14232029260583268,4.1525053574721715,4.1525053574721715,0.0
606,-0.8882013527923769,3.2403413344467364,3.240341334446738,5.482005307640067e-16
607,-0.007674678125331735,-2.110735164881251,-2.1107351648812513,2.1039551396067583e-16
608,0.775152520154353,1.4274463269822792,1.4274463269822792,0.0
609,-0.772354985172247,2.5750185690251457,2.57501856902514,2.2419876103015543e-15
610,0.8285083078276634,0.5599478526921686,0.5599478526921686,0.0
611,0.4298073927627857,3.864222387880028,3.864222387880028,0.0
612,-0.4491773907172314,4.236688637826036,4.236688637826036,0.0
613,-0.9834753723709642,-2.6463653754110883,-2.646365375410994,3.557593118583953e-14
614,-0.03840611685694428,5.310580826960973,5.310580826960974,1.6724694504054712e-16
615,0.48474768164281135,1.6085035533522256,1.6085035533522247,5.521768465161944e-16
616,-0.6684178182375162,-7.4507778880402915,-7.450777888040287,5.960306648825191e-16
617,-0.8653374465752032,3.302449468173762,3.3024494681737626,1.3447267373197439e-16
618,-0.9313900336223385,5.096022030229609,5.096022030229598,2.0914629044335755e-15
619,-0.8522907685787929,3.200386990218215,3.2003869902182167,5.550443883285288e-16
620,0.31656389242491745,1.486206192530178,1.4862061925301782,1.4940363325159717e-16
621,0.24740225163475782,-1.1330534299515862,-1.1330534299515862,0.0
622,-0.3681018805939683,0.6060159374665008,0.6060159374665011,2.220446049250313e-16
623,0.40210513648197654,3.033236209748749,3.0332362097487495,1.4640772400869092e-16
624,-0.23135429503080351,2.583724305647133,2.5837243056471326,1.7187948763706573e-16
625,-0.6040062410290581,1.2048246339063537,1.204824633906354,1.8429620268063837e-16
626,-0.3743169334824392,2.651282625322957,2.651282625322957,0.0
627,0.6032473018424853,6.813597593674043,6.813597593674043,0.0
628,0.6398093595761358,9.519286308410866,9.519286308410866,0.0
629,-0.9102426008427674,7.88789955945294,7.887899559452933,9.008009425127358e-16
630,0.9596905814940133,1.0627393124898499,1.0627393124898497,2.0893609779505736e-16
631,0.14457770021087524,6.3244645452845,6.324464545284499,1.4043535438305969e-16
632,-0.38898801554969253,1.549088154042435,1.549088154042435,0.0
633,0.576491328068047,2.1242370217278315,2.124237021727831,2.0905821963730075e-16
634,-0.016457225887465232,2.3923400162065844,2.392340016206585,1.85629637443524e-16
635,0.023660340366483013,2.452265601912776,2.4522656019127766,1.8109343845286227e-16
636,0.42688422540093063,2.556161741472441,2.5561617414724416,1.7373282865670748e-16
637,-0.5972517399645781,3.0499532689337396,3.0499532689337396,0.0
638,-0.03791949724898336,3.287195994835748,3.287195994835749,2.701933261951741e-16
639,-0.3565548016730533,2.2772900343418616,2.277290034341863,5.850232554744456e-16
640,0.36726689613816776,-1.288040273102547,-1.2880402731025473,1.723894893365289e-16
641,0.25236027913552705,5.307360010877896,5.307360010877899,5.020453207694935e-16
642,0.6928520383044048,3.8265205829431466,3.8265205829431466,0.0
643,0.19182216361993865,1.5696702744448698,1.5696702744448716,1.1316751475264304e-15
644,0.8034109690545455,-1.269856117610186,-1.2698561176101855,3.497161636594067e-16
645,-0.46748308942833394,1.670066928128807,1.6700669281288072,1.3295551285110275e-16
646,0.18530005488266466,0.5394435931292992,0.5394435931292993,1.1102230246251565e-16
647,-0.39414401571510116,0.0995930235314389,0.09959302353143884,5.551115123125783e-17
648,0.7636320384769504,-0.8807529585959354,-0.8807529585959357,3.3306690738754696e-16
649,0.5169659822762336,2.3004329082755524,2.300432908275553,1.9304592985628963e-16
650,-0.03944399066947213,7.0771967783651,7.077196778365101,1.2549861866428178e-16
651,0.34790021120578984,-1.3279183031981259,-1.3279183031981259,0.0
652,0.7245668567886345,4.999928655618593,4.999928655618593,0.0
653,0.7419177883238599,2.3672444953672307,2.3672444953672307,0.0
654,-0.5771257065209976,4.013084751980923,4.013084751980923,0.0
655,-0.09816508389207101,3.2902234728251774,3.2902234728251774,0.0
656,-0.4387730505767078,3.9822894510284206,3.982289451028421,1.1151605510126273e-16
657,0.24075114557783084,5.011140757133599,5.011140757133599,0.0
658,0.39032570630329766,0.01626289516636148,0.016262895166361258,2.220446049250313e-16
659,0.8162193333074175,2.659988825915647,2.659988825915647,0.0
660,-0.15588515820944748,0.6473932084811145,0.6473932084811146,1.1102230246251565e-16
661,-0.42599563409214325,0.47840247426870164,0.4784024742687025,8.881784197001252e-16
662,-0.6210875432440781,4.271057179983664,4.2710571799836625,4.159056562682321e-16
663,0.5925020027305292,-0.49879846627315616,-0.49879846627315627,1.1102230246251565e-16
664,0.2844661219114619,4.963026545292209,4.963026545292209,0.0
665,-0.6607415829430682,0.3334783848745928,0.3334783848745928,0.0
666,-0.37514626712889576,1.6573079958496089,1.6573079958496084,2.679581652669231e-16
667,0.5402380268473674,0.3675697808364483,0.36756978083644853,2.220446049250313e-16
668,-0.4781456907466891,5.159495692997432,5.159495692997432,0.0
669,0.8320630583778119,-1.0249331634145895,-1.0249331634145893,2.1664300936978598e-16
670,0.0158282458498602,-0.14756348642080885,-0.14756348642080885,0.0
671,-0.206242973169112,5.184208452855593,5.184208452855593,0.0
672,0.8752937670713596,0.28609722288667705,0.286097222886677,5.551115123125783e-17
673,-0.7546114171703855,0.7547144359457254,0.7547144359457254,0.0
674,0.8796991642839513,0.9292352082499862,0.9292352082499861,1.1102230246251565e-16
675,0.07990165391338877,-0.5948841428482994,-0.5948841428482994,0.0
676,0.15569119668353215,5.194306202811837,5.194306202811835,3.419815409493291e-16
677,0.4130035266659573,3.2792387414072914,3.2792387414072905,2.7084896518359677e-16
678,-0.8077219823987014,3.8852436927367386,3.885243692736738,1.1430150718223012e-16
679,-0.6216100271139643,0.39968468600753737,0.3996846860075376,2.220446049250313e-16
680,-0.47029435120792873,1.2840877409568854,1.2840877409568852,1.7292011896287287e-16
681,0.20017779491220522,-2.4335643806575433,-2.433564380657543,1.8248508787347996e-16
682,0.09055459260220666,0.5468017524148072,0.546801752414807,2.220446049250313e-16
683,-0.3530353787529986,2.090141087343791,2.090141087343792,4.2493706529105506e-16
684,0.0963815118176623,1.7358456366994888,1.7358456366994892,2.558345053621515e-16
685,-0.8550604454799556,-4.982892708601556,-4.982892708601554,3.564910872621986e-16
686,0.8069291887339936,2.555878309696406,2.5558783096964066,1.7375209459906278e-16
687,0.5105469516054124,0.0916975363916141,0.0916975363916141,0.0
688,0.9043350562964754,1.9630631523027642,1.9630631523027633,4.524451588112439e-16
689,0.7273948915655724,0.5080229634029074,0.5080229634029076,2.220446049250313e-16
690,0.9291553936140295,-2.5814802803700196,-2.5814802803700303,4.128693570680232e-15
691,0.8562688145765625,1.0613323688442913,1.0613323688442913,0.0
692,0.688944463015813,0.393577032051859,0.39357703205185857,4.440892098500626e-16
693,-0.3657000005197085,-0.5718553856660461,-0.5718553856660459,2.220446049250313e-16
694,-0.14936626030099442,20.07158860749838,20.07158860749838,0.0
695,-0.9009397504273327,2.4510609811984367,2.4510609811984363,1.8118244028058695e-16
696,0.05710694736313404,-0.4765054845388541,-0.47650548453885366,4.440892098500626e-16
697,-0.8112807135187389,-0.7339610597433225,-0.7339610597433222,3.3306690738754696e-16
698,-0.8357236115345292,4.8413252625996,4.8413252625996,0.0
699,-0.42219778682791587,0.5520065175161999,0.5520065175161997,2.220446049250313e-16
700,0.8438064321162833,0.9198951729748596,0.9198951729748597,1.1102230246251565e-16
701,-0.6356954674090175,0.9209837930937059,0.9209837930937064,4.440892098500626e-16
702,0.8613709196053119,2.2284863796526873,2.2284863796526855,7.971136173949145e-16
703,-0.5299200390641858,4.095583094428471,4.095583094428472,2.1686250754096065e-16
704,-0.9533437739646069,5.32838655484369,5.328386554843689,1.666880603646783e-16
705,-0.20661891473272775,1.2465950246736448,1.246595024673645,1.7812088170587876e-16
706,0.04766954816715119,1.0261129180574384,1.0261129180574393,8.655757120586293e-16
707,-0.19295966533376774,1.8904542487236635,1.8904542487236637,1.1745568826907305e-16
708,-0.563750284621317,4.985477843945243,4.985477843945243,0.0
709,0.016969516564808274,2.7608732468543153,2.760873246854316,1.6085099537113814e-16
710,-0.9018545128659684,0.21968139129522551,0.21968139129522601,4.996003610813204e-16
711,-0.7892606224026332,0.6483041725101513,0.6483041725101524,1.1102230246251565e-15
712,0.1551721414154137,0.3309589896488601,0.3309589896488601,0.0
713,-0.7773108266794059,1.1085399457415281,1.108539945741528,2.0030365687589228e-16
714,-0.5356312263352079,1.6351387956030021,1.6351387956030021,0.0
715,0.3153551088042097,11.115687296714638,11.115687296714636,1.5980629825069584e-16
716,0.6067239650073835,-5.31740804598294,-5.317408045982942,5.010966313020328e-16
717,0.15496322126954198,0.16570888403127942,0.1657088840312794,2.7755575615628914e-17
718,-0.651915735850997,3.262648606072519,3.262648606072519,0.0
719,-0.6836858793146138,0.3237137172985992,0.32371371729859977,5.551115123125783e-16
720,0.6203821313791451,-0.08031146129520028,-0.08031146129520028,0.0
721,0.8250975536605538,1.2018379436974458,1.2018379436974458,0.0
722,0.3722690762438745,-5.206828594686437,-5.206828594686438,1.705795386862764e-16
723,0.6089805416315643,-0.5011768069468517,-0.5011768069468521,3.3306690738754696e-16
724,0.6170014484895574,1.4379075971206026,1.4379075971206026,0.0
725,0.7404035036347909,2.1493544802096984,2.1493544802096984,0.0
726,0.40926367792297524,3.074466800204108,3.0744668002041067,4.333329048997183e-16
727,-0.08480004830670285,0.8966086365340162,0.8966086365340161,1.1102230246251565e-16
728,0.39920083788145866,0.9418546333202622,0.9418546333202624,2.220446049250313e-16
729,-0.8303140311976747,1.9159054142660583,1.9159054142660583,0.0
730,0.7189322342327338,4.784521009921496,4.784521009921495,1.8563580719121942e-16
731,-0.2293377134777188,3.8599217693771024,3.8599217693771024,0.0
732,-0.6792112290648337,0.11546730097113447,0.11546730097113433,1.3877787807814457e-16
733,-0.808846042733173,0.37793656902230177,0.3779365690223031,1.3322676295501878e-15
734,-0.968875122072436,0.28314274342417894,0.28314274342417894,0.0
735,0.7515862435561818,0.899457391506454,0.899457391506453,9.992007221626409e-16
736,0.7298596256839889,1.1010390858641166,1.1010390858641173,6.050046935911447e-16
737,0.5472585210442622,0.3151593358140433,0.3151593358140433,0.0
738,0.3032090402648344,9.920942834495701,9.9209428344957,1.7905121207066664e-16
739,-0.6543364088548078,2.853182376584887,2.853182376584887,0.0
740,0.274426419675621,12.612636583999144,12.612636583999144,0.0
741,0.5943891941202011,1.1906821007393038,1.1906821007393038,0.0
742,-0.4522057486066592,2.7927054915382965,2.792705491538296,1.590175588495178e-16
743,-0.015608489006203263,0.8180776485832385,0.8180776485832385,0.0
744,0.013712558111360185,5.68651818118565,5.68651818118565,0.0
745,0.3952847825743908,2.2981737165078,2.2981737165078,0.0
746,-0.24848757257288134,0.21280701379011768,0.21280701379011757,1.1102230246251565e-16
747,0.9233230856611263,2.235771049712176,2.235771049712176,0.0
748,0.06295028378539791,0.10185397522721651,0.10185397522721651,0.0
749,0.616209664978109,4.856841506746305,4.856841506746305,0.0
750,0.6958837793761687,0.45046131167514397,0.450461311675144,5.551115123125783e-17
751,0.2602306775247525,-0.3147474100005594,-0.31474741000055984,4.440892098500626e-16
752,0.7831812120719435,4.540932298738173,4.540932298738172,1.9559384753367296e-16
753,-0.9618974884561516,1.4870374654037004,1.4870374654037006,1.4932011471866361e-16
754,-0.8392725694894223,1.5669175547300722,1.5669175547300727,2.834158111953532e-16
755,-0.6816438917310177,6.631443082787624,6.631443082787624,0.0
756,-0.8025781912950491,2.9994548089582374,2.9994548089582382,2.9611328600366713e-16
757,-0.7688852919799373,-1.998345366647363,-1.9983453666473632,1.1111422911724063e-16
758,0.1504288494268171,3.463822951008797,3.4638229510087966,1.2820782589962542e-16
759,0.8721986987775587,3.0915926288755364,3.091592628875536,1.4364415469951008e-16
760,0.39069726403786964,3.212637046353014,3.2126370463530143,1.3823198931052383e-16
761,0.10295234959296828,2.1127851905037844,2.1127851905037844,0.0
762,0.6414331799064694,4.85166409315194,4.851664093151939,1.8306675867230327e-16
763,-0.8412055985873136,0.5750787961372568,0.5750787961372567,1.1102230246251565e-16
764,-0.40233555388243325,8.087962288270406,8.087962288270408,2.1962971340462576e-16
765,-0.5210700742700385,11.308577640476223,11.308577640476223,0.0
766,0.8304015512448273,0.1672696319640572,0.1672696319640568,3.885780586188048e-16
767,0.9467457934629997,0.18459065438470182,0.18459065438470187,5.551115123125783e-17
768,0.5334257011759649,1.0908067567436377,1.090806756743638,2.0355998306051602e-16
769,-0.5740983406390587,3.3880439792283807,3.38804397922838,2.6215079412942147e-16
770,0.21638831082282062,2.319051430861791,2.3190514308617907,1.9149605909560748e-16
771,-0.4387896382560753,2.23175268648309,2.23175268648309,0.0
772,-0.16457091707089389,1.9135192384459303,1.913519238445931,3.4811973738821473e-16
773,0.9153136037709926,1.3526403823418236,1.3526403823418285,3.611441275983e-15
774,0.5413025953524131,0.5430596699078433,0.5430596699078433,0.0
775,-0.04133014810324387,-0.0033272398761122757,-0.00332723987611222,5.551115123125783e-17
776,-0.7934979646335366,0.5948566532507464,0.5948566532507464,0.0
777,-0.6392291452024484,0.4373701591946174,0.4373701591946171,3.3306690738754696e-16
778,-0.596900468731351,2.5779167231209783,2.5779167231209783,0.0
779,0.294948694031943,3.436133650073892,3.4361336500738924,1.2924095948378281e-16
780,0.40631636985854147,-1.587745528201705,-1.5877455282017052,1.3984898775090303e-16
781,0.7276751677736879,0.09275858766168882,0.09275858766168887,5.551115123125783e-17
782,0.35657243476010025,0.429192792052875,0.42919279205287497,5.551115123125783e-17
783,-0.20651913040812553,5.352312497182926,5.352312497182927,1.6594293030677837e-16
784,-0.5441672160554469,-2.9004971993112987,-2.900497199311296,9.186477614020968e-16
785,-0.12458238974020697,0.9372014098032317,0.9372014098032316,1.1102230246251565e-16
786,-0.8780471442088025,5.228642028312855,5.2286420283128585,6.794715835512778e-16
787,-0.19175855861578683,3.9402007179585956,3.9402007179585965,2.2541451141105505e-16
788,-0.35462309183159046,0.39061265761415354,0.39061265761415354,0.0
789,-0.8681620866961756,5.425026213806022,5.425026213806021,1.6371873327355006e-16
790,-0.7187928847893524,1.5564088140665873,1.5564088140665873,0.0
791,-0.08074854474319648,3.517694000150204,3.517694000150204,0.0
792,-0.40046198973396396,2.8091853673469824,2.809185367346982,1.5808469423627394e-16
793,0.7864401408917012,2.95372914827317,2.95372914827317,0.0
794,0.2734712354966302,2.0244176058169296,2.0244176058169305,4.3873280747413347e-16
795,0.6266643524877344,7.506243123723232,7.506243123723232,0.0
796,0.11388156733756549,4.416596591401356,4.416596591401356,0.0
797,-0.7334874563298097,2.417418681827574,2.417418681827574,0.0
798,0.8732081210541787,-0.2634472684216025,-0.2634472684216034,8.881784197001252e-16
799,0.14079790753522303,2.48641285517532,2.4864128551753195,1.786063842638673e-16
800,0.7745258465822249,0.9873115152336415,0.9873115152336414,1.1102230246251565e-16
801,-0.8883034060604337,2.677454540907632,2.6774545409076316,1.658624649139778e-16
802,0.7658052350696678,1.1576664902796638,1.157666490279663,7.672144155140597e-16
803,0.6523289098778688,0.017202063155045577,0.017202063155045688,1.1102230246251565e-16
804,0.5944468750210752,3.1633815603031583,3.1633815603031588,1.4038433283637903e-16
805,0.7685215750164414,0.1424694733718641,0.14246947337186366,4.440892098500626e-16
806,0.24774221345254466,1.5488083461562596,1.5488083461562594,1.4336480396434354e-16
807,-0.7296221538110128,0.3712198274650775,0.3712198274650772,2.7755575615628914e-16
808,0.7597388014218596,5.453413816393015,5.453413816393014,1.6286649970157267e-16
809,0.3584567586842755,0.6351617688756092,0.635161768875609,1.1102230246251565e-16
810,-0.019711000034298265,4.24276178439563,4.242761784395631,2.0933968599574436e-16
811,0.27038678312416065,3.4811517522778117,3.481151752277812,1.2756962104840244e-16
812,0.2013904498712844,0.9926384247761061,0.9926384247761061,0.0
813,0.00044018536897239,0.9241453376649392,0.9241453376649391,1.1102230246251565e-16
814,-0.009628989868546989,-0.9930058349515155,-0.9930058349515156,1.1102230246251565e-16
815,0.9477484553816351,2.183890217032515,2.1838902170325163,6.100433158954676e-16
816,-0.3238021795359157,3.972312825201678,3.972312825201678,0.0
817,0.8193659013313797,0.8181785415847547,0.8181785415847544,2.220446049250313e-16
818,-0.5672260541769371,1.70614521374385,1.70614521374385,0.0
819,0.46477756116859803,6.778320843847746,6.778320843847747,1.3103221876938278e-16
820,0.5881645469637198,2.874839909736055,2.874839909736055,0.0
821,0.007883695270343605,1.6061502984290004,1.6061502984290006,1.382464674334752e-16
822,0.055755276986570124,6.048781113865552,6.048781113865552,0.0
823,0.22100839164191188,0.7274421109155028,0.727442110915503,2.220446049250313e-16
824,0.1996233141584285,5.185766567346021,5.18576656734602,1.7127234868087756e-16
825,0.5867568296475616,0.2593856490062796,0.2593856490062789,6.661338147750939e-16
826,-0.6323251226409808,0.44727114878472285,0.44727114878472274,1.1102230246251565e-16
827,0.767458620208636,2.8984511187869164,2.8984511187869173,3.0643208503438655e-16
828,-0.5131358438521982,1.000717302970109,1.000717302970109,0.0
829,-0.8869497633790666,6.036680392190249,6.036680392190248,1.471302706118376e-16
830,-0.5283528394624911,5.431653101301576,5.431653101301576,0.0
831,0.5964579382179707,3.6478311271773194,3.6478311271773203,2.4348123274757925e-16
832,0.5560189594118412,0.4149526211787319,0.4149526211787318,1.1102230246251565e-16
833,0.4487520651460317,1.1815079561991575,1.1815079561991573,1.8793322868458365e-16
834,0.9219722204539849,1.935655949062778,1.9356559490627783,1.1471284710102677e-16
835,0.24324676531380396,-0.9378805972895973,-0.9378805972895972,1.1102230246251565e-16
836,0.42291236672167587,3.097126406257542,3.0971264062575425,1.4338749911944482e-16
837,-0.0003955252617304783,0.1401402614432568,0.14014026144325678,2.7755575615628914e-17
838,0.08389944277514028,1.1065789130303847,1.1065789130303845,2.0065862661069375e-16
839,-0.544400549313043,-0.8393852988183765,-0.8393852988183763,2.220446049250313e-16
840,-0.06220250624837986,1.2592170989397982,1.2592170989397982,0.0
841,0.9051146367783691,3.9506238980846597,3.95062389808466,1.1240989304635296e-16
842,0.9427409592295577,1.7607103266093234,1.760710326609323,2.522216193877073e-16
843,-0.13278935267246195,1.5576495994056725,1.5576495994056725,0.0
844,0.8221521396763531,3.4919812398696486,3.4919812398696477,2.5434799292715556e-16
845,0.6561108414795271,3.509026697720333,3.5090266977203335,1.265562357044957e-16
846,-0.7252674708890142,3.347262360725977,3.3472623607259773,1.3267236385789178e-16
847,0.8594058381754677,1.9733384105485936,1.9733384105485934,1.1252231433700329e-16
848,0.4452101979489036,0.9036896944116971,0.903689694411697,1.1102230246251565e-16
849,0.8950069505365761,1.6074545899401782,1.607454589940179,5.525371760163868e-16
850,0.8260788566097226,-2.7224103189445,-2.722410318944492,2.9362237285378462e-15
851,0.17841248294108358,-0.4636419924987476,-0.4636419924987478,2.220446049250313e-16
852,-0.3927298482322672,-2.098606299955697,-2.098606299955697,0.0
853,0.6660497531348191,-1.1680805898140814,-1.1680805898140822,7.603742647940867e-16
854,-0.22424307170467828,0.6103523487105685,0.6103523487105684,1.1102230246251565e-16
855,0.812346146369096,3.5339231642811506,3.5339231642811555,1.3823111259818129e-15
856,-0.8447001704875869,-0.9237319716600881,-0.9237319716600885,3.3306690738754696e-16
857,-0.6296015666021402,5.361140600659383,5.3611406006593825,1.6566967476862766e-16
858,0.0588010144284723,3.9831778152165764,3.983177815216576,1.1149118378635985e-16
859,-0.5430260611147024,-2.5803951365277333,-2.5803951365277333,0.0
860,-0.2695368137365144,8.726881086356503,8.726881086356503,0.0
861,0.33358448199745316,-0.877096247833008,-0.877096247833008,0.0
862,0.28711459954123275,3.75820917706985,3.75820917706985,0.0
863,-0.9717736476872932,0.13529144555865621,0.13529144555865627,5.551115123125783e-17
864,-0.7400352367412582,4.286910081030294,4.286910081030295,2.0718382305949018e-16
865,-0.44314245219309967,0.897699952391618,0.897699952391618,0.0
866,-0.15760492595181053,-6.394334590557423,-6.394334590557421,2.7780167181483027e-16
867,0.6364954192170238,0.32935177862921594,0.32935177862921594,0.0
868,0.061360406476320906,2.1900077829130904,2.190007782913091,2.02779740471674e-16
869,-0.6758829644954747,3.4362074698634757,3.4362074698634757,0.0
870,0.7982752829915156,0.6232463734510039,0.6232463734510036,2.220446049250313e-16
871,0.10663522538239989,4.306693937648963,4.306693937648964,2.0623207326986984e-16
872,-0.14990031811739113,1.470248450210417,1.4702484502104172,1.5102522631005192e-16
873,0.8188970925909145,1.6543749075485608,1.6543749075485632,1.476382797533243e-15
874,0.2048523237606663,2.6390526427893697,2.6390526427893697,0.0
875,0.1866608706954087,1.1062604004932663,1.1062604004932668,4.0143279977485346e-16
876,0.1977035688889428,-0.2642456003601391,-0.26424560036013905,5.551115123125783e-17
877,-0.4797106759484904,2.0388851407755664,2.038885140775566,2.178098221271732e-16
878,0.23453894908915962,4.181834695486521,4.18183469548652,2.1238965295752638e-16
879,-0.6921262022463899,2.289627115689509,2.2896271156895103,5.818710044185438e-16
880,-0.32633684149995157,1.7488482732243793,1.7488482732243795,1.2696619159284994e-16
881,-0.8065170090907414,0.561101933595258,0.561101933595257,9.992007221626409e-16
882,-0.48423710078959636,5.839369402701372,5.839369402701372,0.0
883,-0.851712238979538,-0.07669204463738927,-0.07669204463738932,5.551115123125783e-17
884,-0.3600934937696525,-1.7049857349150614,-1.704985734915061,2.604650588892969e-16
885,0.9649760398673457,0.562332109478402,0.5623321094784021,1.1102230246251565e-16
886,-0.8748312331095269,13.812638433011806,13.812638433011799,5.144149245678679e-16
887,-0.40888164245628933,4.4021505011110715,4.4021505011110715,0.0
888,-0.16953716536058128,5.84754392059303,5.84754392059303,0.0
889,-0.5569132018959324,1.8100562837076422,1.810056283707642,1.2267276267796744e-16
890,0.5902318159131645,2.068758190513441,2.0687581905134413,2.1466462918986438e-16
891,-0.17581476289084075,3.2441971096880513,3.244197109688052,2.7377449324758473e-16
892,0.4419991685387812,3.366727738314331,3.3667277383143315,1.3190529331974177e-16
893,-0.2029818457083824,-0.23197886711551308,-0.23197886711551252,5.551115123125783e-16
894,-0.4979916298251752,0.1985776421086619,0.19857764210866186,5.551115123125783e-17
895,0.8885764260868259,3.5103841174596098,3.510384117459613,8.855510864150342e-16
896,-0.8436336290152661,-0.6570001416812492,-0.6570001416812494,2.220446049250313e-16
897,-0.7564049341434543,5.806407366208264,5.806407366208265,1.5296522680600844e-16
898,-0.819179452598395,3.514062276421318,3.514062276421317,2.527497664624875e-16
899,-0.6928861250666988,0.8408602653385902,0.8408602653385899,2.220446049250313e-16
900,0.177007917459177,3.4526128164254657,3.4526128164254652,1.2862409817207186e-16
901,0.3288441988870514,0.14950084760650295,0.14950084760650295,0.0
902,-0.3954325781859189,1.2612905928954439,1.261290592895444,1.7604555696820133e-16
903,-0.14371934224484062,3.943955692915845,3.943955692915846,2.2519989798452257e-16
904,-0.7308803335770844,1.0182478346431918,1.018247834643192,2.1806538385896871e-16
905,-0.6331774315534113,2.2369778986763285,2.2369778986763285,0.0
906,-0.8095779772067574,1.894366117286806,1.8943661172868058,1.1721314211587213e-16
907,-0.2700384652264449,0.3150603761067452,0.3150603761067452,0.0
908,-0.7485845796251839,0.23268529303275334,0.23268529303275343,8.326672684688674e-17
909,-0.7832702976756948,8.679136311174258,8.679136311174258,0.0
910,-0.6376486398045379,3.1215324157011475,3.1215324157011475,0.0
911,0.7899378131842185,3.15147944038014,3.15147944038014,0.0
912,0.17944869943345276,1.3247970457439995,1.3247970457439995,0.0
913,-0.928170660471836,-0.9829574242796004,-0.9829574242795971,3.3306690738754696e-15
914,-0.1256275532396156,3.6437025022648752,3.643702502264876,2.43757117697739e-16
915,0.3829802545831422,1.7740607414572056,1.7740607414572058,1.2516178264710646e-16
916,0.8598480782642202,1.8734033134634218,1.8734033134634214,2.370494418679448e-16
917,-0.4106094102105352,-0.2706196433243404,-0.27061964332434085,4.440892098500626e-16
918,0.9730800112478952,1.702871941783943,1.7028719417839426,2.607883769491386e-16
919,0.8459249079164366,1.0927358031152095,1.092735803115211,1.4224044183819469e-15
920,0.5294943358541218,3.2897620932171505,3.289762093217151,1.3499128425295197e-16
921,0.6854068515531357,3.0774721009719683,3.0774721009719683,0.0
922,0.3523652154209702,-3.348775309091112,-3.34877530909111,6.630621180293407e-16
923,-0.18594192931069697,0.06034196436813488,0.06034196436813516,2.7755575615628914e-16
924,-0.16349984159092057,1.9093229234025741,1.909322923402574,1.1629494529365893e-16
925,-0.08569834071666438,1.9693539224731846,1.9693539224731849,1.1274997469534568e-16
926,-0.22356650834552616,3.059929282642142,3.0599292826421425,1.45130546764338e-16
927,-0.35853641050275764,1.754828209816185,1.7548282098161845,2.5306705657334977e-16
928,0.9220782995920063,2.7354080154224554,2.7354080154224594,1.4611359132225468e-15
929,-0.0840335412195411,-1.1159966130858847,-1.1159966130858845,1.9896530358729972e-16
930,0.6064631554601032,1.4084736074173572,1.4084736074173567,3.152982118453503e-16
931,0.3046876966750196,2.089125220164815,2.089125220164815,0.0
932,0.9794209514837382,2.0822747308253735,2.0822747308253646,4.2654238009605414e-15
933,-0.8638457869441981,-0.17244465971884826,-0.17244465971884804,2.220446049250313e-16
934,0.7453972862852161,0.17511909640724482,0.17511909640724482,0.0
935,-0.4798030714766057,1.2305662739205085,1.2305662739205085,0.0
936,-0.22148236529415144,0.7062476302135776,0.7062476302135776,0.0
937,-0.3359664183829213,9.689037328185911,9.689037328185911,0.0
938,0.2472502204570759,1.7741348217919044,1.7741348217919044,0.0
939,-0.011667984352991101,4.648630628503591,4.64863062850359,1.9106237743523036e-16
940,0.38225822397807185,-1.2448170398037137,-1.2448170398037133,3.5675058715462947e-16
941,-0.3307034737467597,3.964765520390272,3.9647655203902734,3.360268400989943e-16
942,-0.15514634189539211,0.85724800112618,0.85724800112618,0.0
943,-0.9377704778631907,-0.42371080410828676,-0.42371080410828554,1.2212453270876722e-15
944,0.318762472324986,2.5067978331432808,2.5067978331432808,0.0
945,-0.26535186178091785,2.896629505006683,2.896629505006683,0.0
946,-0.9529003667733988,0.8652225129729532,0.8652225129729496,3.552713678800501e-15
947,-0.8881758163068562,1.7507025963095804,1.750702596309579,7.609902631997926e-16
948,0.3855642742200538,7.466914758754325,7.466914758754324,1.189485146671604e-16
949,-0.5498844913897953,2.126658258847343,2.1266582588473426,2.088202032473053e-16
950,-0.3386563539185181,1.0272033766833877,1.0272033766833881,4.3232841706958596e-16
951,-0.27475204005448306,2.177342387566222,2.177342387566222,0.0
952,0.879265438986012,4.9438990357828025,4.943899035782801,3.5930281475074404e-16
953,0.4689270626675499,0.581135816902341,0.5811358169023411,1.1102230246251565e-16
954,-0.5412523624784905,5.816603254806692,5.816603254806692,0.0
955,-0.053271315723661394,-8.619410392868298,-8.6194103928683,2.060879756775485e-16
956,-0.32901732025438,0.8222024725496413,0.8222024725496413,0.0
957,-0.16473807797221673,1.9964320653947583,1.9964320653947583,0.0
958,-0.9874319785501066,0.45168882102365365,0.4516888210236538,1.6653345369377348e-16
959,0.2914635574495825,1.3644218228358467,1.3644218228358471,3.254779441500408e-16
960,0.4223532336273874,-0.18451974227156476,-0.18451974227156465,1.1102230246251565e-16
961,-0.2603844295965644,-1.6268601307630512,-1.6268601307630512,0.0
962,-0.7739835818635451,2.379171895138127,2.379171895138126,3.7331410206851004e-16
963,0.2132092312379652,2.5904487366145124,2.5904487366145132,3.428666265987938e-16
964,-0.7698731383575993,0.4322344904936777,0.4322344904936779,2.220446049250313e-16
965,-0.565253676541225,2.8285872171341278,2.8285872171341278,0.0
966,0.8296240378539594,1.8757905318779862,1.875790531877986,1.1837388085263807e-16
967,-0.5678983691180559,-3.841367506050012,-3.8413675060500125,1.156070615869579e-16
968,-0.9359089075725266,-0.5864489900497982,-0.5864489900498029,4.6629367034256575e-15
969,0.9432035840668502,0.15954592096069653,0.15954592096069575,7.771561172376096e-16
970,-0.6442641534132512,0.17190732674809928,0.17190732674809928,0.0
971,0.10924646676403471,-0.4065344530598707,-0.40653445305987024,4.440892098500626e-16
972,0.21776143070416554,-0.88862168505161,-0.8886216850516098,2.220446049250313e-16
973,-0.26205857822198375,3.881839828506859,3.8818398285068576,3.432052038228073e-16
974,0.7363937193113361,-15.339208864760973,-15.339208864760977,2.316099682925767e-16
975,-0.223357788153707,0.6464437149429956,0.6464437149429955,1.1102230246251565e-16
976,-0.8171281011244942,1.4897951431336476,1.489795143133647,4.471311494370578e-16
977,0.4931622589859179,-0.21185579861602177,-0.21185579861602177,0.0
978,0.6494395718967294,2.7444441981149863,2.744444198114985,4.854416899659508e-16
979,-0.45340942297678555,5.154243440869043,5.154243440869043,0.0
980,0.023189664364340556,3.499633732250331,3.4996337322503317,2.53791821559855e-16
981,-0.9871333800610905,1.4893191817884255,1.4893191817884253,1.4909134834239666e-16
982,-0.8686779459314039,2.3654521291540043,2.3654521291540043,0.0
983,-0.4338732707039681,0.21506249844417225,0.21506249844417236,1.1102230246251565e-16
984,-0.128395303271033,0.40818844933995013,0.40818844933995013,0.0
985,-0.9151632658627038,2.044466008926387,2.0444660089263866,2.1721525714348644e-16
986,-0.8913798031257356,4.302226255005527,4.3022262550055235,8.25784946727758e-16
987,0.5807761508189031,3.3657801448902496,3.3657801448902487,2.6388485922008633e-16
988,0.568662759985449,-0.5430852108963682,-0.5430852108963682,0.0
989,0.6559822353211071,-1.5731426191049684,-1.5731426191049707,1.4114715489137436e-15
990,-0.4231748633864457,5.585178098354424,5.585178098354423,1.5902418939188557e-16
991,0.4878872032035486,0.6144008224653272,0.6144008224653272,0.0
992,-0.1330947505592771,0.2820154325503508,0.282015432550351,2.220446049250313e-16
993,0.47254664144730274,1.607712031302897,1.607712031302897,0.0
994,-0.8014866807367398,3.7227352140891226,3.7227352140891243,4.771644334728461e-16
995,0.9075566241741846,-0.3251791353296718,-0.32517913532967135,4.440892098500626e-16
996,0.2207488208543813,5.910765702536412,5.910765702536413,1.502645282182294e-16
997,-0.5497220976164297,0.5561433576506055,0.5561433576506061,5.551115123125783e-16
998,0.4243661734498021,3.0972939123978316,3.0972939123978316,0.0
999,0.10000167676040972,0.5580832980656592,0.5580832980656596,4.440892098500626e-16
1000,0.35758764286748024,7.408769552961797,7.408769552961797,0.0
1001,-0.5240017292898331,3.4126640198544402,3.41266401985444,1.301297775774025e-16
1002,-0.858148711007411,1.1478586667040365,1.1478586667040365,0.0
1003,-0.9884784164981228,0.8712834528894049,0.8712834528894056,6.661338147750939e-16
1004,0.1893126945788277,0.6607667749326445,0.6607667749326445,0.0
1005,-0.8357891377273207,11.652587641476638,11.652587641476638,0.0
1006,-0.8906780794973994,-1.009285321691185,-1.009285321691186,8.8000726911580375e-16
1007,0.3808517242033431,-0.7560831902467062,-0.7560831902467062,0.0
1008,0.42483334168872267,2.2930587913971996,2.2930587913972005,3.8733347048591943e-16
1009,0.3673315951269338,0.3090627715976598,0.30906277159765977,5.551115123125783e-17
1010,0.032261614391549065,2.8385734866980648,2.8385734866980648,0.0
1011,-0.8097082389795617,-6.116962656227915,-6.116962656227884,5.0819739201537026e-15
1012,0.7793217007853859,-0.21881054949386458,-0.21881054949386525,6.661338147750939e-16
1013,0.5629352844844464,3.127875987622907,3.1278759876229074,1.4197788262940605e-16
1014,-0.8948374284271133,1.9790210299688333,1.9790210299688318,7.853945010880947e-16
1015,0.10945287464700448,1.4279743910829983,1.4279743910829985,1.554962093939438e-16
1016,0.3516676245117676,3.4062353303311514,3.4062353303311514,0.0
1017,-0.8310357374041049,2.9562347125261086,2.9562347125261086,0.0
1018,0.17474117936667888,7.053275517780331,7.053275517780331,0.0
1019,-0.21761044476197666,0.29374392083433043,0.2937439208343305,5.551115123125783e-17
1020,0.17252740128907762,9.192304232467395,9.192304232467395,0.0
1021,-0.33946136117933945,-1.7815809714143713,-1.7815809714143707,3.7390038705131653e-16
1022,0.4936577258217576,0.20604555533792968,0.20604555533792968,0.0
1023,-0.5728548322873765,-6.784025878581772,-6.784025878581769,5.236881082687157e-16
1024,0.48677243491645905,5.300220725063202,5.300220725063201,1.6757385508497558e-16
1025,0.658200527879949,6.391968360451304,6.391968360451304,0.0
1026,0.453057757256736,0.02455038449335234,0.02455038449335256,2.220446049250313e-16
1027,0.4642080482901041,1.5948385894768875,1.5948385894768875,0.0
1028,-0.40873551298324085,4.571704780592041,4.571704780592041,0.0
1029,-0.9367463273522739,2.884690898597439,2.8846908985974373,6.157875841269267e-16
1030,-0.8823957299633398,4.268856647996966,4.268856647996966,0.0
1031,0.5665161444674747,3.0388282263981763,3.038828226398176,1.4613830620377877e-16
1032,0.9127896023852335,-4.83167543228814,-4.831675432288144,7.352964263822745e-16
1033,-0.8852370347396724,-0.9507049776780563,-0.9507049776780532,3.1086244689504383e-15
1034,-0.22675490478838023,6.9156389211597995,6.915638921159799,1.2843042122725107e-16
1035,-0.2274424672715939,0.581780661324934,0.581780661324934,0.0
1036,-0.01829346101277851,2.596256596679205,2.596256596679206,3.420996294573379e-16
1037,0.1818346080722255,0.8280412442751219,0.8280412442751224,4.440892098500626e-16
1038,0.8683343162607209,0.2199198971677434,0.2199198971677463,2.886579864025407e-15
1039,-0.8769613425858697,3.402369091627548,3.4023690916275493,3.915705773452368e-16
1040,-0.012442585521388216,0.6784762686599869,0.678476268659987,1.1102230246251565e-16
1041,0.6946183293691721,1.4422512248707915,1.4422512248707928,9.237417216751146e-16
1042,-0.2163589118266629,1.9514351217492794,1.9514351217492796,1.1378528676166752e-16
1043,0.07394787556403881,7.850105025587571,7.850105025587571,0.0
1044,0.8492372252238691,1.331640372805804,1.331640372805804,0.0
1045,0.7109676373196965,1.6509273650995737,1.650927365099574,1.3449689527173047e-16
1046,0.7459421580745902,2.9274150482078607,2.927415048207859,6.068004741888997e-16
1047,-0.04602170722294019,1.1114617731356198,1.1114617731356198,0.0
1048,-0.1879646055873163,6.77911039354024,6.779110393540241,1.3101695770384022e-16
1049,0.8459823507597839,-0.9942751711449298,-0.9942751711449276,2.220446049250313e-15
1050,0.8277718214633443,5.647940997244217,5.647940997244215,3.1451405747102935e-16
1051,-0.40062377594370846,3.215201722398557,3.2152017223985574,1.3812172553788313e-16
1052,0.06669235549767083,0.5505097947353895,0.5505097947353895,0.0
1053,-0.15072142530664379,-4.277154454191617,-4.277154454191616,2.076563821139798e-16
1054,-0.5124773123925952,2.2568688918832787,2.256868891883279,1.9677226774103196e-16
1055,-0.011444173680038361,1.8258799739839362,1.8258799739839373,6.080481961816643e-16
1056,0.393120589398922,10.194564461593398,10.194564461593394,3.4849097204543216e-16
1057,0.6904980822215419,4.18013546183666,4.180135461836659,4.249519795752643e-16
1058,-0.40781608668941793,0.16054242645838546,0.16054242645838457,8.881784197001252e-16
1059,0.8652351123617932,3.674370534700405,3.674370534700406,2.4172260563061155e-16
1060,0.5762058130775807,2.160347720961281,2.160347720961281,0.0
1061,0.444586899326723,1.7088461096160525,1.7088461096160528,1.2993832719958663e-16
1062,0.23231670310628516,5.284390411816975,5.284390411816974,1.6807585179815198e-16
1063,-0.9440860504977544,2.338781132233767,2.3387811322337666,1.8988061932324276e-16
1064,0.17836244078015628,-4.944576628481704,-4.944576628481702,3.5925357677098106e-16
1065,-0.44029607635003176,0.15968749792279124,0.15968749792279135,1.1102230246251565e-16
1066,0.7569335962208368,3.6865735282235743,3.686573528223573,3.6138371291136546e-16
1067,0.6030258875860908,0.36807999077827247,0.36807999077827236,1.1102230246251565e-16
1068,-0.42786513418481154,4.93132425363979,4.931324253639791,1.801095150140582e-16
1069,-0.8901473589509479,2.3630711399584916,2.363071139958492,1.879288364792366e-16
1070,0.6892659637065714,-2.65818680755946,-2.6581868075594617,6.682588425872006e-16
1071,0.2452663923936762,-3.5343506724341602,-3.5343506724341602,0.0
1072,-0.13367545645442946,3.9728258827990124,3.9728258827990124,0.0
1073,-0.18520659875133583,0.9830666051747605,0.9830666051747603,2.220446049250313e-16
1074,-0.6636065298638434,-0.1254470287184466,-0.12544702871844926,2.6645352591003757e-15
1075,0.7643185390654914,2.6791513917686336,2.6791513917686336,0.0
1076,0.018241442953975007,-0.719761964979447,-0.7197619649794471,1.1102230246251565e-16
1077,0.06721407444160343,5.3781501889539065,5.3781501889539065,0.0
1078,0.031096022236485554,6.0952861261093005,6.0952861261093005,0.0
1079,0.131794655737969,-3.1115239634922895,-3.111523963492289,1.4272402046733042e-16
1080,0.7201187571812924,0.35247896215953506,0.3524789621595351,5.551115123125783e-17
1081,-0.07365194990586243,0.6256127528465892,0.6256127528465893,1.1102230246251565e-16
1082,0.2319930549983662,5.64351457906349,5.64351457906349,0.0
1083,0.41508350954420803,2.2628412841924304,2.2628412841924304,0.0
1084,-0.21863222839838037,3.4063094570004506,3.406309457000451,1.3037253821357779e-16
1085,0.5728881425357197,2.4683337282509488,2.4683337282509488,0.0
1086,-0.23625723452943814,5.0119458548819065,5.0119458548819065,0.0
1087,-0.2497671773928859,2.5650530763238386,2.565053076323838,1.7313061236398221e-16
1088,-0.4492885843457869,-0.5471320402056552,-0.5471320402056543,8.881784197001252e-16
1089,0.2413737629983539,6.6110289064256795,6.6110289064256795,0.0
1090,0.9446889751105736,-1.5632782209968912,-1.5632782209968852,3.835020697181303e-15
1091,-0.7924247221030654,0.24932049150092142,0.2493204915009214,2.7755575615628914e-17
1092,-0.05971708198146275,0.6587920004015753,0.6587920004015752,1.1102230246251565e-16
1093,0.9644971730160956,0.8314658660014369,0.8314658660014363,5.551115123125783e-16
1094,-0.18860176465218714,1.537202335574152,1.537202335574152,0.0
1095,0.6308636424582252,3.482569110301073,3.4825691103010725,1.2751770195643598e-16
1096,-0.09165274880891272,0.7866233070012226,0.7866233070012227,1.1102230246251565e-16
1097,0.03299144006632848,-0.3005294104589131,-0.3005294104589131,0.0
1098,0.5466852598220906,0.28091560339669075,0.2809156033966909,1.6653345369377348e-16
1099,-0.4384120670395685,4.31897487663703,4.31897487663703,0.0
1100,0.13955195290452993,0.41644424831633853,0.41644424831633864,1.1102230246251565e-16
1101,-0.13680423002010722,0.17299518019767418,0.1729951801976742,2.7755575615628914e-17
1102,0.8803248179478986,-1.3395250164080597,-1.339525016408059,4.972910596036002e-16
1103,0.3525978742700091,0.3629704643564611,0.362970464356461,5.551115123125783e-17
1104,-0.5587967512547173,-0.4631022510948424,-0.46310225109484243,5.551115123125783e-17
1105,-0.5342133189432441,3.1453941848477784,3.145394184847778,1.4118714022851617e-16
1106,-0.280169747249136,2.3115727945974083,2.3115727945974083,0.0
1107,0.8676309900734689,2.306886648521706,2.306886648521706,0.0
1108,0.5057583180318204,2.246547232214498,2.2465472322144975,1.9767632902705935e-16
1109,-0.5739473139524933,0.7705672349784172,0.7705672349784163,8.881784197001252e-16
1110,-0.4213933371018824,0.8209121187706803,0.8209121187706803,0.0
1111,0.19521082557201264,2.135520403211584,2.135520403211584,0.0
1112,-0.3948038779102466,-1.1279755356405075,-1.1279755356405068,5.905569701889303e-16
1113,0.44533550792680776,0.48625329862354905,0.4862532986235495,4.440892098500626e-16
1114,-0.7546152743417114,-0.10067219343012429,-0.10067219343012446,1.6653345369377348e-16
1115,-0.12787430343684736,-0.20147542936894758,-0.20147542936894713,4.440892098500626e-16
1116,-0.7482233571016929,0.5659801854171437,0.5659801854171453,1.6653345369377348e-15
1117,-0.43617778160321385,2.061273185100142,2.0612731851001413,2.1544413087025516e-16
1118,0.49202968576095363,-0.5463632483648728,-0.5463632483648728,0.0
1119,0.9878698624294624,-1.371290251536926,-1.3712902515369336,5.50541109658561e-15
1120,0.11077559963001837,-2.2540692858231037,-2.254069285823105,5.910499903128276e-16
1121,-0.9111097485926718,0.7030427972991888,0.703042797299189,1.1102230246251565e-16
1122,-0.7640556284397115,4.388606318523989,4.38860631852399,2.0238279655005477e-16
1123,-0.13835294876420823,1.347025450422249,1.3470254504222492,1.6484069017064785e-16
1124,0.3302231289227806,-1.407080954461855,-1.4070809544618577,1.893661662217182e-15
1125,-0.7959303571271726,-0.14765949916798826,-0.14765949916798826,0.0
1126,-0.13485555668346016,1.4264729614779474,1.426472961477947,3.113197528749149e-16
1127,0.9069346716628508,-0.6911231620209879,-0.6911231620209879,0.0
1128,0.4025513749780776,2.785066825242018,2.785066825242018,0.0
1129,-0.21919303594250938,-0.31200126613834467,-0.31200126613834445,2.220446049250313e-16
1130,-0.20475073797051102,3.9174839904191847,3.917483990419185,1.1336082315490037e-16
1131,0.6634699901963841,1.6314023075191766,1.6314023075191768,1.3610658995737706e-16
1132,-0.7540215471589495,1.5424746681474322,1.542474668147432,1.4395348559708595e-16
1133,0.37723872050391627,0.08333976116715824,0.0833397611671578,4.440892098500626e-16
1134,0.6694630166200501,1.4940652384655344,1.4940652384655346,1.4861774386309938e-16
1135,0.10837613855725237,3.8058267260575356,3.805826726057536,1.1668666017017955e-16
1136,-0.9435181910004502,-0.2902765793004931,-0.29027657930049244,6.661338147750939e-16
1137,0.9490052892186336,3.6297061025415394,3.629706102541539,1.2234853106677396e-16
1138,0.9093142635824596,-4.0453928211360815,-4.045392821136076,1.3173184295868134e-15
1139,-0.14141571377707518,0.8872285909121582,0.887228590912158,2.220446049250313e-16
1140,-0.45361894300408223,2.7730948485693223,2.7730948485693228,1.601420918145567e-16
1141,-0.3826239955661803,3.2772416006227205,3.2772416006227205,0.0
1142,0.05202591447249061,3.9807496581566952,3.9807496581566952,0.0
1143,0.9464475999704036,0.8121776093377935,0.8121776093377934,1.1102230246251565e-16
1144,-0.6394196901640645,1.8612612662154289,1.861261266215429,1.192979239161425e-16
1145,0.5585969445835244,5.242861880160928,5.242861880160929,1.6940717493646102e-16
1146,0.9621510485500355,4.433884705662738,4.43388470566272,4.006321673478734e-15
1147,0.15463121576007177,2.1359117869708997,2.1359117869708997,0.0
1148,0.4837024545688049,-0.4250840944440105,-0.4250840944440106,5.551115123125783e-17
1149,0.48210154593474885,0.233682612960477,0.2336826129604772,2.220446049250313e-16
1150,0.35094036961548447,1.3164916125774184,1.316491612577418,3.373277927541276e-16
1151,-0.6073367464161463,1.8736385842581857,1.8736385842581855,1.1850983791142602e-16
1152,-0.40839895499149026,-0.4847768866797608,-0.4847768866797608,0.0
1153,0.5626628460843821,0.2492781745707,0.2492781745707,0.0
1154,0.38074731866074374,2.518614990326278,2.5186149903262787,3.526455703279463e-16
1155,0.8506263234077229,0.37292679596379785,0.37292679596379796,1.1102230246251565e-16
1156,-0.6693952944214255,0.606919383452321,0.6069193834523209,1.1102230246251565e-16
1157,-0.49458551991252214,0.9861407947385037,0.9861407947385037,0.0
1158,0.6116503293861009,-0.2192365082065833,-0.2192365082065834,1.1102230246251565e-16
1159,0.6435854676918877,-0.9782758101320017,-0.9782758101320017,0.0
1160,-0.3432783172347763,0.54187226644965,0.54187226644965,0.0
1161,-0.681617054641143,11.110168204789312,11.110168204789312,0.0
1162,0.7555023700623043,1.6392881124303513,1.6392881124303516,1.354518484220786e-16
1163,0.6551497465863525,-0.4150943457916079,-0.4150943457916072,7.216449660063518e-16
1164,-0.15576185895773653,0.9576518521138114,0.9576518521138115,1.1102230246251565e-16
1165,0.05538937619763362,2.422677400069359,2.422677400069359,0.0
1166,-0.0532569111846084,1.1756931088833857,1.1756931088833855,1.8886272552530152e-16
1167,-0.09290179599516635,1.0772939968352775,1.077293996835277,4.12226570606209e-16
1168,0.6647682510882453,-5.064440164627012,-5.064440164627013,1.753754395014238e-16
1169,0.8895091503828663,3.936369409150112,3.936369409150114,4.51267819344165e-16
1170,0.7721884031826054,2.4404067424171103,2.440406742417112,7.278937598905545e-16
1171,0.5892029379144454,1.3352515133120684,1.3352515133120686,1.6629421701552952e-16
1172,0.39587858471738513,1.0360934886366648,1.0360934886366653,4.286188599007738e-16
1173,-0.8310527291522424,5.7727254480041115,5.772725448004103,1.538577276366414e-15
1174,0.3545201526847759,-1.3708679722447836,-1.3708679722447834,1.6197373446651855e-16
1175,-0.05800482249347649,3.4688371695956786,3.4688371695956777,2.560450019058259e-16
1176,0.9056857108873264,-0.42007588454076084,-0.4200758845407506,1.021405182655144e-14
1177,-0.6185613672511716,7.460007171091161,7.460007171091159,2.381173098980314e-16
1178,0.6074840411955815,1.5929876270506975,1.5929876270506975,0.0
1179,-0.19260163793079,1.2842635555779505,1.2842635555779505,0.0
1180,0.36438507094562467,2.934277219874014,2.934277219874014,0.0
1181,-0.9157426620265293,-3.5233876085913196,-3.5233876085913245,1.386444482133984e-15
1182,0.37189834620542395,1.5951852140856344,1.5951852140856344,0.0
1183,0.048566343518745114,6.27889735935183,6.278897359351831,1.4145452121099998e-16
1184,-0.22846242213269352,-4.196298513456875,-4.196298513456875,0.0
1185,0.46747439531389334,0.43865531126175294,0.438655311261753,5.551115123125783e-17
1186,-0.7077496997739267,0.41908094472124624,0.41908094472124624,0.0
1187,0.961170685932113,0.5479326074265206,0.5479326074265192,1.4432899320127035e-15
1188,0.9082246771320854,3.1183506987020175,3.1183506987020175,0.0
1189,-0.8728969476562951,3.4445525345962023,3.4445525345962023,0.0
1190,-0.9696181590990468,-1.5757026265847864,-1.5757026265847962,6.200384800955124e-15
1191,-0.4679929060355039,-2.2879931478115996,-2.287993147811598,7.76382062638293e-16
1192,0.7965648805658532,0.8896694813360722,0.8896694813360724,2.220446049250313e-16
1193,-0.27417196816566236,1.6101981985042801,1.6101981985042808,4.1369678303818027e-16
1194,-0.861818368333311,-7.399914322093155,-7.399914322093171,2.1604590078659287e-15
1195,-0.6228962164393984,-5.297173573482317,-5.297173573482317,0.0
1196,0.6146176457970962,2.9063888374442586,2.9063888374442577,3.0559517992133065e-16
1197,-0.6992574667373053,1.2221548388513759,1.2221548388513757,1.81682875087838e-16
1198,0.8848462666424091,2.0246479107511552,2.0246479107511535,8.773658026995975e-16
1199,-0.35152859182283624,-0.8148814321933315,-0.8148814321933315,0.0
1200,-0.863626498228567,1.9029521537452916,1.9029521537452916,0.0
1201,-0.674375081641587,6.242388366387225,6.242388366387225,0.0
1202,0.626092870670957,1.9264056175797848,1.9264056175797848,0.0
1203,0.8216953709189607,3.3935461734716976,3.3935461734716976,0.0
1204,0.05810781528435882,6.361538311347349,6.361538311347349,0.0
1205,0.337633696924879,-0.8834118506637654,-0.8834118506637658,4.440892098500626e-16
1206,-0.2469255663012737,4.052536541337743,4.052536541337743,0.0
1207,-0.5027670287004281,-2.5199991601068445,-2.5199991601068445,0.0
1208,0.5402557496849196,3.331220462723404,3.3312204627234037,1.3331126379038937e-16
1209,0.23722950139634014,0.3300725476575429,0.33007254765754257,3.3306690738754696e-16
1210,0.30829276345137635,3.348575512514019,3.348575512514019,0.0
1211,-0.7698086908136541,2.5235403433154504,2.5235403433154513,3.519572897072168e-16
1212,0.13457591847905093,1.0951953453959287,1.0951953453959282,4.0548858403841925e-16
1213,-0.2060796132479037,0.40545566851491305,0.405455668514913,5.551115123125783e-17
1214,-0.7216261744041789,0.868662238083108,0.8686622380831077,3.3306690738754696e-16
1215,0.8721871382750739,-0.3204471783082492,-0.32044717830824787,1.3322676295501878e-15
1216,0.9299103296433449,3.2198043511839485,3.2198043511839485,0.0
1217,-0.9558633276503232,10.887345616778596,10.887345616778596,0.0
1218,-0.5620079102108058,4.898741047842486,4.898741047842486,0.0
1219,0.06768682866753717,8.158128812199434,8.158128812199436,2.1774071975229625e-16
1220,-0.12031246931622364,-0.8846845212167205,-0.8846845212167205,0.0
1221,0.47234921555190423,-0.3673231975135123,-0.3673231975135123,0.0
1222,-0.6151262503084677,-0.4226027828620954,-0.42260278286209574,3.3306690738754696e-16
1223,0.3650849430479539,1.382218758666717,1.3822187586667172,1.606436054588166e-16
1224,-0.4154340026663288,2.7452138353807136,2.745213835380713,1.617685311528656e-16
1225,-0.17662858131991854,-5.0401269214884845,-5.0401269214884845,0.0
1226,-0.06148798776426723,3.2731784301412787,3.2731784301412787,0.0
1227,0.3169524329120308,1.8271943931955956,1.8271943931955954,1.2152215755035e-16
1228,-0.27918299673732083,-0.014994684421754112,-0.014994684421753446,6.661338147750939e-16
1229,-0.6110277151331428,-7.292201959703964,-7.292201959703961,3.653951541419659e-16
1230,0.09232070544464022,0.2145377978125697,0.21453779781256968,2.7755575615628914e-17
1231,-0.4378213062740747,-0.7737441657753852,-0.7737441657753847,4.440892098500626e-16
1232,-0.4732358556460674,-0.132500527194795,-0.13250052719479521,2.220446049250313e-16
1233,-0.04922044727457542,2.85712173396335,2.8571217339633495,1.5543237257658943e-16
1234,-0.12674781345953445,2.7329976222175434,2.732997622217544,1.6249161954620743e-16
1235,0.6755539726482278,-0.4268825682557411,-0.4268825682557491,7.993605777301127e-15
1236,0.3295421267865428,6.679181143106788,6.679181143106787,1.3297714205831428e-16
1237,0.4763643307929375,6.301808716745548,6.301808716745548,0.0
1238,-0.5641076152055284,-0.15333830814919566,-0.15333830814919563,2.7755575615628914e-17
1239,0.24143203258214418,1.6769507094717362,1.6769507094717362,0.0
1240,-0.5914702913570697,0.8633107244784245,0.8633107244784246,1.1102230246251565e-16
1241,0.32369697766651306,3.504637865089283,3.5046378650892813,5.068588846496974e-16
1242,0.563288580841095,0.9169320226462547,0.9169320226462547,0.0
1243,0.7534277238219202,-1.5669659396006168,-1.5669659396006175,4.251105897967865e-16
1244,-0.27310714370122013,4.929621177680309,4.92962117768031,1.8017173889983733e-16
1245,-0.7755119782763182,2.989295194957017,2.989295194957017,0.0
1246,-0.5790048084616108,0.20415355722897544,0.2041535572289754,2.7755575615628914e-17
1247,0.7105946316872029,-0.35571993185802464,-0.35571993185802453,1.1102230246251565e-16
1248,0.1877595111611421,4.354922568660619,4.35492256866062,2.0394815423165823e-16
1249,-0.7192704613694116,2.5733692897019744,2.573369289701973,5.177133475873879e-16
1250,0.3630920921557461,7.8972428892099185,7.8972428892099185,0.0
1251,0.7334717722463333,-0.8242551832460224,-0.8242551832460228,3.3306690738754696e-16
1252,0.07997874603798372,3.3696599950772357,3.3696599950772357,0.0
1253,0.22708839799920177,1.4016397585310827,1.4016397585310827,0.0
1254,0.26112131690724794,0.5750602788814901,0.5750602788814902,1.1102230246251565e-16
1255,0.48499885023393996,2.755557062221383,2.7555570622213827,1.6116131868162496e-16
1256,-0.7425479293619828,4.205558811139435,4.2055588111394355,2.1119153472484345e-16
1257,-0.9636079962597954,0.2552800460024889,0.25528004600247556,1.3322676295501878e-14
1258,0.6262125558264169,3.1768191438260533,3.1768191438260533,0.0
1259,-0.23418605535240122,1.044122900397777,1.0441229003977774,4.253227370847618e-16
1260,-0.9136947029325513,-0.6869397676729654,-0.6869397676729623,3.1086244689504383e-15
1261,0.6554764547210601,1.3052271648516902,1.3052271648516904,1.701195093884379e-16
1262,-0.9152068332145683,2.3017897337504496,2.301789733750449,1.929321359542604e-16
1263,0.10365166548705496,-14.556426947530444,-14.556426947530445,1.220324771871037e-16
1264,-0.12390944259049796,0.0390430881424495,0.03904308814244939,1.1102230246251565e-16
1265,0.6318502448736503,1.2024333722519045,1.2024333722519043,1.8466270984244932e-16
1266,0.11589990150987006,2.0609834275722854,2.0609834275722854,0.0
1267,0.4154848132156803,1.6597196847137643,1.6597196847137643,0.0
1268,-0.6253924432775886,3.274339219007982,3.274339219007981,2.7125424712996423e-16
1269,0.8439084820597336,4.048798764780973,4.048798764780972,4.387367568998815e-16
1270,-0.9499630125009543,3.329010585219871,3.3290105852198906,5.86958939696859e-15
1271,-0.5061905208466659,1.8407619991328756,1.8407619991328756,0.0
1272,0.08657603546475201,5.429802003007708,5.429802003007707,1.635747342551607e-16
1273,-0.19949805054909442,0.48572201426712724,0.48572201426712736,1.1102230246251565e-16
1274,0.07515799070403295,14.546469847837614,14.546469847837615,1.221160087623811e-16
1275,0.9853451377917795,1.1131194428870332,1.1131194428870295,3.3911529511470583e-15
1276,-0.8562879545180868,-0.96095589939651,-0.9609558993965099,1.1102230246251565e-16
1277,-0.48763289979742863,1.3814692650924225,1.3814692650924223,1.6073076002177738e-16
1278,-0.9236686441993343,0.19517812708377325,0.19517812708377322,2.7755575615628914e-17
1279,-0.5629261886177708,1.5709627238604966,1.5709627238604964,1.4134301314252516e-16
1280,-0.2646995775195873,3.4429007240831617,3.4429007240831617,0.0
1281,-0.7384952539777438,3.5104187100790005,3.510418710079001,1.2650605142201643e-16
1282,-0.491171853828004,-0.22833320308536198,-0.22833320308536198,0.0
1283,-0.489879954590135,0.70544383778551,0.70544383778551,0.0
1284,-0.8025564297709594,0.058708317315869896,0.05870831731587156,1.6653345369377348e-15
1285,-0.51767958279504,-0.558419743705926,-0.5584197437059256,3.3306690738754696e-16
1286,0.7091061343933691,0.7079957197761186,0.7079957197761191,4.440892098500626e-16
1287,-0.5293762755196463,1.7280773325690355,1.7280773325690357,1.284922848880438e-16
1288,-0.09834244777441092,3.013896871425395,3.0138968714253953,1.473471816704978e-16
1289,0.08604826099207474,4.713925148068876,4.713925148068876,0.0
1290,-0.061873854648759274,-0.5095224901037976,-0.5095224901037976,0.0
1291,-0.00023124731002888144,0.9160401761830193,0.9160401761830195,2.220446049250313e-16
1292,0.6228509600851566,4.148079116962641,4.148079116962641,0.0
1293,0.15146315740262528,3.1594584532395085,3.1594584532395085,0.0
1294,0.808293850673834,2.7931571121386645,2.7931571121386645,0.0
1295,0.07812164321373061,1.3356465214988673,1.3356465214988678,3.3249007331049245e-16
1296,-0.7781353968500437,0.7557867064246813,0.7557867064246815,2.220446049250313e-16
1297,0.45397842617801487,0.36823834866169214,0.3682383486616922,5.551115123125783e-17
1298,0.9663970261054322,-1.5988362704818628,-1.5988362704818542,5.416276670697693e-15
1299,-0.17006345841040582,0.9811361324597372,0.9811361324597374,2.220446049250313e-16
1300,-0.2219848837937609,5.531446836166398,5.5314468361663955,4.817067465384965e-16
1301,-0.576328503462449,2.693420330908233,2.6934203309082294,1.3190342547100736e-15
1302,0.4421103063772045,-3.696935561573845,-3.696935561573847,4.804944013262776e-16
1303,0.9859546420667715,3.225904590558674,3.2259045905586845,3.3039232057869657e-15
1304,-0.09896682245233901,3.7338464602463444,3.733846460246345,1.189361197837694e-16
1305,0.0036570082441899077,2.4605957884516987,2.460595788451699,1.804803584295739e-16
1306,0.3840366843117793,0.6401204479716895,0.6401204479716895,0.0
1307,-0.9804124478437752,3.483648850865046,3.483648850865046,0.0
1308,-0.27752650309597626,0.19508065095675864,0.19508065095675864,0.0
1309,0.577693302424034,-2.278531486285232,-2.2785314862852326,1.9490150235934482e-16
1310,-0.06019702347967548,-0.0376285656726093,-0.037628565672609283,1.3877787807814457e-17
1311,-0.9299667859280787,0.41679834629300383,0.41679834629300316,6.661338147750939e-16
1312,-0.15986216978724566,1.1228883855960663,1.1228883855960665,1.977441460552312e-16
1313,0.783779273413322,1.62101267440642,1.6210126744064202,1.3697894435423787e-16
1314,0.8136821207644458,0.9370325111769555,0.9370325111769554,1.1102230246251565e-16
1315,-0.584007702741838,11.858768431517671,11.858768431517671,0.0
1316,-0.846021235580112,0.602374363940508,0.6023743639405068,1.2212453270876722e-15
1317,-0.16153405035182067,3.0061249601907853,3.0061249601907853,0.0
1318,-0.19562183780007336,0.22812495209263206,0.22812495209263295,8.881784197001252e-16
1319,0.82993916319688,0.7722936756457001,0.7722936756456995,5.551115123125783e-16
1320,-0.7765987717662708,3.7930403578539362,3.793040357853936,1.1708001179858888e-16
1321,0.24749248787160738,1.8359177636749566,1.8359177636749564,1.209447445404987e-16
1322,-0.4614370573347236,0.7101974450114733,0.7101974450114734,1.1102230246251565e-16
1323,0.2832514489045104,1.554887450686957,1.554887450686957,0.0
1324,0.06865747714798354,0.48851757182807365,0.48851757182807387,2.220446049250313e-16
1325,-0.7964162401995173,0.2760439409172627,0.27604394091726103,1.6653345369377348e-15
1326,-0.005181238149822187,0.8856336929586599,0.8856336929586598,1.1102230246251565e-16
1327,-0.2052681664910656,-0.6081862059498391,-0.6081862059498389,2.220446049250313e-16
1328,-0.6871881408432898,3.2382413971244386,3.2382413971244386,0.0
1329,0.3788635911343159,1.3073016761721057,1.3073016761721052,3.3969910537435773e-16
1330,-0.3651225613724457,2.4260336454095026,2.4260336454095035,3.6610309233786617e-16
1331,-0.5842885264000719,3.5891454141157477,3.5891454141157477,0.0
1332,0.5316471604775701,0.5120670217018715,0.5120670217018715,0.0
1333,-0.6976568022352471,3.7136034501508326,3.713603450150832,1.1958444562303103e-16
1334,0.49018022285768037,3.886154600459453,3.8861546004594545,3.4282414533705794e-16
1335,-0.5731018711529907,4.6322951832531105,4.63229518325311,1.9173614473255272e-16
1336,-0.8292574028402271,0.384958966273272,0.384958966273272,0.0
1337,0.771777271641366,3.7100861529977895,3.7100861529977895,0.0
1338,0.49824751293227854,4.066630455255334,4.066630455255334,0.0
1339,-0.5909782080675023,1.5139117994536075,1.5139117994536075,0.0
1340,-0.07521534493097037,8.722289703242554,8.722289703242554,0.0
1341,0.8510783551084793,2.8229425789141525,2.822942578914155,9.438857449680368e-16
1342,-0.12012722955322552,0.06839259188349775,0.06839259188349774,1.3877787807814457e-17
1343,-0.768753969294221,0.6341617018991349,0.6341617018991348,1.1102230246251565e-16
1344,-0.4555673122763878,2.1806152232617673,2.1806152232617673,0.0
1345,0.07060395669368225,1.6128901612684061,1.612890161268406,1.3766877017242848e-16
1346,0.4424159113570556,0.026911772305914017,0.026911772305914017,0.0
1347,-0.4483747354561124,1.968352825909621,1.968352825909622,4.512292755693724e-16
1348,0.3909311189263045,9.41035149085429,9.410351490854291,1.8876625821327207e-16
1349,0.6207829057145682,3.0543876591855983,3.0543876591855983,0.0
1350,-0.3892104418644595,-0.4448478094261459,-0.44484780942614544,4.440892098500626e-16
1351,0.2460624516463168,-5.45161150115226,-5.451611501152259,1.6292034373916751e-16
1352,-0.47728877905612654,4.542383725862989,4.542383725862988,1.955313494637408e-16
1353,-0.3200947210873264,1.5505635529432356,1.5505635529432351,2.864050357736741e-16
1354,-0.297307738536833,1.4499345787935052,1.4499345787935045,4.594233591762366e-16
1355,0.4723652694861731,4.206717093840102,4.206717093840103,2.1113338498580883e-16
1356,0.8250489069985814,1.7180066398804268,1.718006639880425,1.0339638963932554e-15
1357,0.8239592474919457,-0.8270527605074198,-0.8270527605074198,0.0
1358,-0.8491801286726759,0.5088257507528412,0.508825750752842,7.771561172376096e-16
1359,-0.05241956870049558,3.333376311129994,3.333376311129994,0.0
1360,0.26244721851294606,1.84440690539225,1.84440690539225,0.0
1361,0.4118097995008878,5.151641511705333,5.151641511705333,0.0
1362,-0.96175468137663,0.5734150053315971,0.5734150053315972,1.1102230246251565e-16
1363,-0.12378901392950004,5.359730576229227,5.359730576229227,0.0
1364,-0.7914547423285443,2.1776432806251984,2.1776432806251993,4.078622185747201e-16
1365,0.7810539383230721,4.424145654396977,4.424145654396977,0.0
1366,-0.7244441677286717,4.7345121189021455,4.734512118902146,1.8759660919530584e-16
1367,0.6858682804812564,1.4172403065434616,1.4172403065434616,0.0
1368,-0.04889553682860093,2.2712791936618983,2.271279193661899,1.9552383127944487e-16
1369,-0.8309455163394068,0.9170276062711818,0.9170276062711822,3.3306690738754696e-16
1370,-0.23733393620775523,2.766974146049275,2.7669741460492756,1.6049633513350296e-16
1371,-0.5142981028924429,8.445284427701491,8.44528442770149,2.1033712417945315e-16
1372,-0.2623368774252053,0.2680197542907553,0.2680197542907553,0.0
1373,-0.9342295889941729,0.5344142489109904,0.5344142489109913,8.881784197001252e-16
1374,-0.1105718592071896,7.19620008249306,7.196200082493059,1.2342325248305544e-16
1375,-0.4428892423172265,-0.4491917136991841,-0.44919171369918454,4.440892098500626e-16
1376,-0.5383893519879117,0.43398308409978703,0.4339830840997871,5.551115123125783e-17
1377,-0.2521700887758942,4.654210547445618,4.654210547445618,0.0
1378,0.04468340606920429,6.720449794287087,6.720449794287087,0.0
1379,-0.0077216930783595705,0.01958775620018849,0.0195877562001886,1.1102230246251565e-16
1380,-0.1364104237079612,4.452939245912714,4.452939245912713,1.9945891256328522e-16
1381,0.9325880181199742,3.6219855581516422,3.6219855581516445,6.130466324618485e-16
1382,0.8874258299991264,1.1728615198618324,1.1728615198618326,1.8931868866427557e-16
1383,0.029441470408113624,-0.03457758000432154,-0.03457758000432154,0.0
1384,-0.9221143985975162,0.6351221187346914,0.6351221187346914,0.0
1385,0.9667776129096708,4.862574091440127,4.862574091440127,0.0
1386,0.39517394505987125,3.349614925188568,3.349614925188568,0.0
1387,-0.8143354499137895,-1.9666359315710564,-1.966635931571056,2.2581160179215267e-16
1388,-0.7234430637044291,0.17776124325605636,0.17776124325605633,2.7755575615628914e-17
1389,-0.42159138109189365,1.7438358725659207,1.743835872565921,2.5466227460765526e-16
1390,-0.9495643967355479,6.380171883236013,6.38017188323602,1.1136733441728438e-15
1391,-0.06525920783472894,1.7574126536838373,1.7574126536838377,2.5269489719399467e-16
1392,0.7658857425432666,0.6244062615036832,0.6244062615036841,8.881784197001252e-16
1393,-0.31706307451574345,-0.7655422361355484,-0.7655422361355471,1.3322676295501878e-15
1394,0.8560337599801628,0.5438036899719694,0.5438036899719694,0.0
1395,-0.755935416551802,4.507204213080604,4.507204213080604,0.0
1396,0.7125043536815321,1.0588290585549576,1.0588290585549567,8.388307938131877e-16
1397,-0.9857243835609542,5.183012867724076,5.183012867724088,2.227723478751801e-15
1398,0.7485025788703694,4.472486797420905,4.4724867974209035,3.971743058972473e-16
1399,-0.06685844128439211,0.11406931051164033,0.11406931051164029,4.163336342344337e-17
1400,0.516752328363806,-1.6517407094166148,-1.6517407094166137,6.721533339317409e-16
1401,-0.8966362004056404,2.9876417659433936,2.987641765943393,1.4864205438292722e-16
1402,-0.9204397951621336,2.781527628102751,2.7815276281027543,1.2772527020426426e-15
1403,0.5309240894162346,1.4526340205545525,1.4526340205545525,0.0
1404,-0.473468641269707,2.6903525763851515,2.6903525763851515,0.0
1405,0.11033783319555579,-0.22801617410608443,-0.2280161741060842,2.220446049250313e-16
1406,0.4102633104801858,1.1501958183546155,1.1501958183546155,0.0
1407,-0.9668194391535884,1.9285413825752724,1.9285413825752722,1.151360333416982e-16
1408,0.34338141964072255,2.5316148983626157,2.5316148983626157,0.0
1409,0.3180146362901337,0.983224887817607,0.983224887817607,0.0
1410,-0.37959466789527085,4.272159994468939,4.2721599944689395,2.0789914723466073e-16
1411,0.2478710844180756,-0.3921950856095997,-0.39219508560959976,5.551115123125783e-17
1412,-0.5633943552237577,2.6274694982952194,2.627469498295219,1.6901783641568473e-16
1413,0.18586395984270987,-2.4243819916145246,-2.424381991614525,1.8317625332397393e-16
1414,0.37923970519027006,1.1250981560877729,1.1250981560877733,3.9471152578745997e-16
1415,-0.16046004258871183,2.3781853887259183,2.3781853887259183,0.0
1416,-0.09749602455892659,0.7444538625517565,0.7444538625517567,2.220446049250313e-16
1417,0.85341303792472,4.84203308616375,4.842033086163751,1.8343088613708999e-16
1418,0.2367051485537861,-0.5350733866636725,-0.5350733866636723,2.220446049250313e-16
1419,-0.47205065962993753,4.132068357156245,4.132068357156246,2.1494765887933752e-16
1420,0.7354744497434638,1.9210811893311917,1.9210811893311912,2.311662892314658e-16
1421,0.3108135717544196,5.098454594866787,5.098454594866787,0.0
1422,0.2800912169068108,0.1528462463600397,0.15284624636003968,2.7755575615628914e-17
1423,0.10229646337912635,9.06197316778098,9.061973167780982,1.9602318463223058e-16
1424,0.739369658447973,1.1443711533035632,1.1443711533035632,0.0
1425,-0.24019533270225268,4.884526167580724,4.884526167580724,0.0
1426,-0.2828801311815762,-1.0599890659858402,-1.059989065985841,8.379128126893244e-16
1427,-0.4545286537676412,0.5851223889559137,0.5851223889559135,2.220446049250313e-16
1428,0.791781423170737,5.586215449353419,5.586215449353418,1.5899465886209745e-16
1429,-0.8977180270573677,6.284794966353815,6.284794966353815,0.0
1430,-0.7540009018438324,0.9098879672327038,0.9098879672327039,1.1102230246251565e-16
1431,-0.7499394499006662,4.4452551514992535,4.445255151499252,3.996073968445068e-16
1432,0.1306438092431108,-1.069090785649474,-1.069090785649474,0.0
1433,-0.5255945219345033,0.020202952304363808,0.020202952304363808,0.0
1434,0.5278841956467026,0.12628174545427218,0.12628174545427207,1.1102230246251565e-16
1435,-0.48200309758783455,0.9443488882781693,0.9443488882781694,1.1102230246251565e-16
1436,-0.25850146297720167,0.6806212257615525,0.680621225761552,4.440892098500626e-16
1437,0.3352961953159943,0.7262785605017956,0.7262785605017952,4.440892098500626e-16
1438,-0.8645904512695762,3.2801272368857664,3.2801272368857664,0.0
1439,-0.3620818666527513,5.462389463600653,5.462389463600653,0.0
1440,0.20219555761043173,2.017134434379885,2.017134434379885,0.0
1441,-0.7602534497813508,-2.3675341633014155,-2.367534163301417,5.627237191341742e-16
1442,-0.034617496700245165,3.0872041507611128,3.087204150761112,2.876966913513496e-16
1443,-0.5212658352993568,0.6415487355783414,0.6415487355783416,2.220446049250313e-16
1444,-0.3638433417615886,4.19720976169607,4.19720976169607,0.0
1445,-0.3332990300311044,3.219496362166772,3.219496362166772,0.0
1446,-0.24395856243001957,-0.08427467933758959,-0.08427467933758959,0.0
1447,0.86894147237107,3.977604032856314,3.9776040328563154,3.3494224627318863e-16
1448,-0.43004035442590605,5.137080601914072,5.137080601914072,0.0
1449,-0.15957587640640924,0.8557431506474886,0.8557431506474893,6.661338147750939e-16
1450,0.037557731462060095,1.7489617886584643,1.7489617886584639,2.5391590183951353e-16
1451,-0.10357948793830696,4.823087037680976,4.823087037680976,0.0
1452,0.47465404476662076,0.7425677633394157,0.7425677633394157,0.0
1453,0.5159131620179598,6.225647575133354,6.225647575133355,1.4266442309515094e-16
1454,-0.5394776484034521,0.7381242326953548,0.7381242326953548,0.0
1455,-0.6651349276185394,6.082317681398312,6.082317681398312,0.0
1456,0.26242641054451354,1.9646174912159178,1.9646174912159178,0.0
1457,-0.5948303196817886,3.474015463148854,3.474015463148854,0.0
1458,0.9349170872084416,1.0525186072205812,1.0525186072205814,2.1096501610683295e-16
1459,0.10038444255082046,11.253665883702864,11.253665883702864,0.0
1460,0.1837666352876035,5.534394855511481,5.53439485551148,1.604833848845505e-16
1461,-0.9326791215047033,2.7822302705822377,2.782230270582237,3.1923253409009026e-16
1462,-0.5462067294018009,0.28634492382329085,0.2863449238232909,5.551115123125783e-17
1463,0.12253472524889242,-0.6241986149855914,-0.6241986149855909,4.440892098500626e-16
1464,0.45579624910194605,0.08419307523108355,0.08419307523108333,2.220446049250313e-16
1465,0.48310917892055083,1.4115277176741512,1.4115277176741503,6.292320076885375e-16
1466,0.7362754643768403,2.847629562225845,2.8476295622258454,1.5595048448048173e-16
1467,-0.4392203576000939,3.6459088912041673,3.645908891204167,1.2180480179343957e-16
1468,-0.6176868552884069,1.5527573087046878,1.5527573087046878,0.0
1469,0.9784867963253572,-0.12147504419246796,-0.12147504419247213,4.163336342344337e-15
1470,-0.11473035226874617,3.017202631508177,3.017202631508178,2.943714851714023e-16
1471,0.05358759510920996,1.5177983543049023,1.5177983543049023,0.0
1472,0.5160538406379769,0.5781626799061944,0.5781626799061944,0.0
1473,0.6122441757340276,2.9112884640637295,2.911288464063729,1.5254043538859064e-16
1474,0.2528376766969067,6.358456277678763,6.358456277678763,0.0
1475,-0.14421253407937362,-0.716483388498262,-0.7164833884982618,2.220446049250313e-16
1476,0.7139798247472702,1.6086429044153527,1.6086429044153525,1.380322533457054e-16
1477,-0.5017221843741978,1.2328699922940807,1.2328699922940811,3.602076558159366e-16
1478,-0.5182975906349994,1.5292039088448381,1.5292039088448381,0.0
1479,-0.5943648531077361,0.1521319849743608,0.1521319849743612,3.885780586188048e-16
1480,0.4247918444098806,0.6548747367069752,0.6548747367069748,3.3306690738754696e-16
1481,0.6981060071229523,4.699365794070223,4.69936579407022,7.559985399058323e-16
1482,-0.9280500120337537,2.488328634217388,2.4883286342173907,1.070813244866431e-15
1483,0.17135786821621157,1.428148629008258,1.4281486290082581,1.5547723844346972e-16
1484,0.8980317519141119,0.23627727481738303,0.2362772748173831,5.551115123125783e-17
1485,-0.6629483002527066,1.0623423279212405,1.0623423279212396,8.360566988214486e-16
1486,-0.8708347505259759,-2.489519652135993,-2.4895196521359946,7.135339694451285e-16
1487,0.16829294545948437,-1.1358653927328837,-1.135865392732884,1.9548496357547583e-16
1488,-0.1154848624317103,1.5630568202900794,1.5630568202900792,1.4205792268244172e-16
1489,-0.60069746602754,1.0314884934592348,1.0314884934592348,0.0
1490,-0.9899891257858254,2.5265960979381314,2.526596097938132,1.757658100606063e-16
1491,-0.2734466360499246,0.6580544307446783,0.6580544307446785,2.220446049250313e-16
1492,-0.47016422851987383,-5.197008391539175,-5.197008391539174,1.7090186368490304e-16
1493,-0.5117743055564865,-0.5809501422419272,-0.5809501422419268,4.440892098500626e-16
1494,0.7294754642829533,0.9132912548829011,0.9132912548829006,4.440892098500626e-16
1495,-0.1556125471764871,1.3502105643114137,1.3502105643114142,3.2890366998168256e-16
1496,0.22939826972384925,6.345506105268482,6.345506105268482,0.0
1497,-0.11337036104788045,0.25329955791672604,0.253299557916726,5.551115123125783e-17
1498,-0.23699535716213582,3.4526538534104843,3.452653853410485,2.5724513878586317e-16
1499,0.7656204949120897,-5.97282209463862,-5.9728220946386195,1.487033107008796e-16
1500,-0.8762056620710267,0.473664835077658,0.4736648350776582,2.220446049250313e-16
1501,-0.2556577428011598,3.1270571582796274,3.1270571582796274,0.0
1502,-0.8771028512673176,0.8379463690986917,0.8379463690986935,1.7763568394002505e-15
1503,0.689903323943422,0.8994645147981931,0.8994645147981929,2.220446049250313e-16
1504,0.9348258194098984,1.1672950736010004,1.1672950736010002,1.9022148722005968e-16
1505,0.5532459222646995,2.786019448607981,2.7860194486079806,1.593991779461372e-16
1506,-0.9810279409127276,0.8553293744857875,0.8553293744857839,3.552713678800501e-15
1507,0.699049554701479,-0.6806848045787355,-0.6806848045787337,1.7763568394002505e-15
1508,0.3584926478695507,3.0163822340759703,3.0163822340759703,0.0
1509,-0.3518194644308785,1.4056965722806891,1.4056965722806893,1.5796055087818304e-16
1510,0.5966240983992863,-0.20077395811378174,-0.20077395811378174,0.0
1511,0.6990472597453636,-0.7846124954479928,-0.7846124954479929,1.1102230246251565e-16
1512,0.9139209852030581,4.089209360083425,4.089209360083426,2.1720052496456315e-16
1513,-0.6582835795624422,2.2057784329342685,2.205778432934274,2.4159591183923576e-15
1514,0.7201436464413831,-0.18909936793260296,-0.1890993679326014,1.5543122344752192e-15
1515,-0.3219439122312052,-0.9535010252344551,-0.9535010252344547,4.440892098500626e-16
1516,0.6933059020057957,-0.23012779883132434,-0.23012779883132425,8.326672684688674e-17
1517,0.7575892799572428,1.6913247820250314,1.6913247820250314,0.0
1518,0.17135309523270648,2.949062391199295,2.949062391199295,0.0
1519,0.04480680561020178,2.8333558405123496,2.833355840512349,1.567361231160287e-16
1520,0.6042436276496228,2.3130561071691567,2.313056107169157,1.9199240713341927e-16
1521,0.14998003343167743,1.9362743363814903,1.9362743363814907,2.2935242259109655e-16
1522,-0.4008409373918398,2.090943933351352,2.090943933351352,0.0
1523,0.1510468083996661,0.768976076460693,0.768976076460693,0.0
1524,-0.26100836244154624,1.7391926201807488,1.7391926201807486,1.276710827475538e-16
1525,0.9503588321661054,-1.2464532842077702,-1.2464532842077674,2.315834777442205e-15
1526,0.1294646061781548,1.5213477669038147,1.5213477669038151,2.9190512485771413e-16
1527,-0.6046859560031816,-0.12209026171377887,-0.12209026171377887,0.0
1528,0.7726488701951337,1.725369355260386,1.725369355260386,0.0
1529,-0.6599593759417404,3.696090493714851,3.696090493714851,0.0
1530,0.3285414030522731,2.6842443832999443,2.6842443832999447,1.6544291295269853e-16
1531,0.10807695385166882,-0.41676176366753603,-0.4167617636675356,4.440892098500626e-16
1532,-0.9449592931804764,0.7126636503426739,0.7126636503426753,1.4432899320127035e-15
1533,-0.8778059167650801,1.3657196706100985,1.3657196706100985,0.0
1534,-0.16355121603952127,4.318829837321857,4.31882983732186,6.169576851753614e-16
1535,-0.35430512270528813,0.9541993779624114,0.9541993779624114,0.0
1536,-0.5056469436313713,8.44146038432971,8.44146038432971,0.0
1537,-0.17813138618860125,0.5020525366883389,0.502052536688339,1.1102230246251565e-16
1538,0.20685298151096965,1.9353424070486662,1.9353424070486664,1.147314315628737e-16
1539,-0.6461602045155967,3.4799138902988838,3.479913890298884,1.2761499963779866e-16
1540,0.2762257960677066,2.348228219783091,2.348228219783091,0.0
1541,0.45617890021157437,2.336846422166618,2.3368464221666176,1.9003782432493926e-16
1542,0.5496291431661022,4.512917073871723,4.512917073871723,0.0
1543,-0.04102768827008707,0.8396340606421023,0.8396340606421024,1.1102230246251565e-16
1544,0.14801919475055803,-0.9110164312980822,-0.9110164312980822,0.0
1545,-0.21023749174338757,-0.5055331198833974,-0.5055331198833979,4.440892098500626e-16
1546,-0.7434070340998198,3.6166831992518724,3.6166831992518707,4.911563279215879e-16
1547,-0.5984741263863371,-5.491317331339222,-5.491317331339221,1.617423226720566e-16
1548,0.1217126702776572,1.6502688700632218,1.6502688700632215,1.3455056261015502e-16
1549,0.726746041855163,4.1388809879307455,4.1388809879307455,0.0
1550,-0.8717771733737301,1.024340055375918,1.024340055375918,0.0
1551,-0.9293028970769521,1.1757687077681007,1.1757687077680998,7.554023285635039e-16
1552,0.1970680421397053,-3.9676262618592633,-3.967626261859264,2.2385637181560475e-16
1553,-0.2718907393233576,0.631159135649584,0.6311591356495838,2.220446049250313e-16
1554,0.23616917776733337,0.8934846659450297,0.8934846659450297,0.0
1555,-0.9611581679590333,-0.4326841999559523,-0.4326841999559434,8.881784197001252e-15
1556,0.24171322716630983,3.9707557728688196,3.9707557728688196,0.0
1557,-0.6443126533350738,3.98913269498489,3.989132694984894,1.0019227722545595e-15
1558,0.8489840590577238,13.999421051963472,13.999421051963463,6.344393931744447e-16
1559,-0.8968464057641908,-0.23917627610588843,-0.23917627610588887,4.440892098500626e-16
1560,-0.18749217680877905,-0.3500293098821421,-0.3500293098821421,0.0
1561,-0.6633307105422019,1.4340573943791046,1.4340573943791048,1.548366235517154e-16
1562,0.22929172207914994,1.2040673191956466,1.2040673191956466,0.0
1563,0.7764254508297985,3.626138339612531,3.626138339612531,0.0
1564,0.02493555710916251,-2.5681261191994813,-2.568126119199481,1.729234427117976e-16
1565,0.3564057419831683,7.951088351879131,7.95108835187913,1.1170526353039661e-16
1566,-0.14868194452187955,3.007332429421796,3.0073324294217954,1.476688129005563e-16
1567,0.07084828313613567,2.8110483488680047,2.8110483488680056,3.159598517961423e-16
1568,0.46824094018808293,1.5599156480192462,1.5599156480192462,0.0
1569,0.6800065837537255,1.2212221715635556,1.2212221715635556,0.0
1570,0.38036770412356,-0.5556293345543586,-0.5556293345543586,0.0
1571,-0.8157630238176246,2.5675997198384026,2.5675997198384017,3.4591778961403867e-16
1572,0.5935870391049121,1.3754861576373885,1.3754861576373882,1.6142990875780783e-16
1573,0.6919322595136579,2.4295935982714485,2.429593598271448,1.8278333058088934e-16
1574,-0.40927329485363684,1.482538631490673,1.482538631490673,0.0
1575,0.5347282737455115,2.4459246702886435,2.445924670288643,1.8156291370889017e-16
1576,-0.9112510688973754,0.4702763207689723,0.4702763207689721,2.220446049250313e-16
1577,0.5244458062630466,4.344289249099727,4.344289249099727,0.0
1578,-0.35176545977034446,0.15927091643727992,0.15927091643727992,0.0
1579,-0.2947736186009202,4.238402964123875,4.238402964123875,0.0
1580,0.6334133334347656,-2.0022788163872125,-2.002278816387213,2.2179189342438813e-16
1581,-0.582612089864528,6.351234493025442,6.3512344930254425,1.398434305449549e-16
1582,-0.47897442533148393,0.07848141585840207,0.07848141585840207,0.0
1583,0.7603288686421716,0.7539260285163196,0.7539260285163194,2.220446049250313e-16
1584,-0.024135156103770483,5.798417844650484,5.798417844650484,0.0
1585,0.09126629701422595,1.9979784783552146,1.9979784783552148,1.1113463299555855e-16
1586,0.5918468801428405,1.287248061157797,1.2872480611577974,3.4499116623305137e-16
1587,0.3881521240020609,-0.7268944947689313,-0.7268944947689322,8.881784197001252e-16
1588,-0.24221877456411,0.1726482102161326,0.1726482102161326,0.0
1589,0.1320929337310477,5.125135743486361,5.12513574348636,1.732985162059228e-16
1590,-0.8006409313218142,2.5136785685638396,2.5136785685638374,8.83345260217156e-16
1591,0.19981014343449566,0.043526437523819794,0.043526437523821127,1.3322676295501878e-15
1592,0.6228981722962239,3.040078358229631,3.040078358229633,5.843128466052762e-16
1593,-0.3409332167278758,1.0342140458204334,1.0342140458204336,2.1469888735545568e-16
1594,0.8093800864854412,2.446338563328658,2.4463385633286587,3.6306439060160507e-16
1595,-0.9603718926254666,4.21193368479682,4.211933684796821,2.108718907199438e-16
1596,0.6478017513393908,9.51322753882077,9.51322753882077,0.0
1597,0.2932585612535208,2.981552532447154,2.9815525324471546,1.4894562648727497e-16
1598,0.01616546132029839,0.09332880106833752,0.09332880106833774,2.220446049250313e-16
1599,-0.42064903821657806,2.0243816766268523,2.0243816766268523,0.0
1600,-0.4413549128160986,2.325555701261308,2.3255557012613086,1.9096047005419077e-16
1601,0.5395074160816027,2.029082674396525,2.0290826743965256,2.188620579406112e-16
1602,0.1787002286775281,3.1299311167516874,3.1299311167516866,2.8376931841934486e-16
1603,0.2682800206861147,4.795815564956925,4.795815564956926,1.8519861901905786e-16
1604,0.7908159434554023,3.835286465931061,3.835286465931061,0.0
1605,0.3945044501635353,2.6724782640641327,2.6724782640641327,0.0
1606,-0.2874832098395126,3.012492643269553,3.012492643269553,0.0
1607,-0.6047726110901581,0.4471445368057203,0.4471445368057204,1.1102230246251565e-16
1608,0.1170406152988448,-1.4576484117828028,-1.4576484117828024,3.0466140275000294e-16
1609,-0.9037886731643601,0.36663519694663327,0.36663519694663194,1.3322676295501878e-15
1610,-0.06479280656804043,-2.0767540682354735,-2.076754068235473,2.1383813165098826e-16
1611,0.976703998820958,1.9192175047526674,1.919217504752667,2.3139076667982616e-16
1612,0.4753536612424174,0.08741765744773408,0.08741765744773408,0.0
1613,-0.9211926992491462,-0.20544552491981605,-0.2054455249198162,1.6653345369377348e-16
1614,0.2984256929048721,-0.904770893358374,-0.9047708933583749,8.881784197001252e-16
1615,0.41056429608529155,4.224570361200869,4.22457036120087,2.1024112365538946e-16
1616,0.046192460566104376,7.928175782009783,7.928175782009781,2.240561874814973e-16
1617,-0.5598853849194713,8.255358630391848,8.255358630391846,2.1517621691935316e-16
1618,0.8902717253360841,3.256114129488138,3.2561141294881395,4.0915876304361007e-16
1619,-0.8405551956472725,-2.3874097359585287,-2.3874097359585322,1.4881038747938718e-15
1620,-0.3014695864580562,9.45807684467035,9.458076844670353,3.7562749141782075e-16
1621,0.13388830426909148,3.3906256216165644,3.390625621616564,1.309755954826803e-16
1622,0.09585830141654883,0.9311214691292526,0.9311214691292524,2.220446049250313e-16
1623,0.4140314499508029,3.6970436442469907,3.6970436442469907,0.0
1624,0.6147591915971036,0.4878413983977712,0.48784139839777163,4.440892098500626e-16
1625,0.010478076935142688,2.9604380332613847,2.9604380332613847,0.0
1626,0.9045849595760462,2.626211920308533,2.6262119203085277,2.0291852599521676e-15
1627,-0.10583591616268662,0.21421603790899724,0.21421603790899657,6.661338147750939e-16
1628,-0.5285737663140575,2.696874231317621,2.6968742313176204,1.6466812011218353e-16
1629,-0.027682571779867438,0.9830998460425597,0.9830998460425606,8.881784197001252e-16
1630,-0.16384265711894175,-4.357184007727957,-4.357184007727959,4.0768460460923416e-16
1631,-0.8305641218095777,-1.8979545650330563,-1.8979545650330625,3.275762788237553e-15
1632,-0.33629376751076534,4.050606678334084,4.050606678334084,0.0
1633,0.4782693143220398,0.6760494483881034,0.6760494483881034,0.0
1634,-0.6825907095283225,3.209509602027557,3.2095096020275578,2.7673337357801723e-16
1635,-0.9838846565635083,14.512772989060787,14.512772989060771,1.101595922891707e-15
1636,0.5615700823094611,-0.9711701328983076,-0.9711701328983069,6.661338147750939e-16
1637,0.721534364870237,1.378558287762281,1.378558287762281,0.0
1638,-0.35987836283076957,5.347052929583516,5.347052929583516,0.0
1639,-0.4459006315966445,-0.45144655935415884,-0.4514465593541589,5.551115123125783e-17
1640,0.13677365907068317,0.82546533417344,0.8254653341734401,1.1102230246251565e-16
1641,-0.8466702352016929,7.691950024433621,7.691950024433606,1.9629655792016034e-15
1642,-0.8238416086083318,1.7722567365207047,1.772256736520705,1.2528918657741959e-16
1643,0.31300886440054665,-0.5432387960339251,-0.5432387960339247,4.440892098500626e-16
1644,-0.5050502922492682,-0.21388053292700582,-0.21388053292700596,1.3877787807814457e-16
1645,-0.1431175294736725,2.1643574666239673,2.164357466623967,2.051829315158216e-16
1646,-0.910165320054521,-0.06945496547198449,-0.06945496547198449,0.0
1647,0.2750410455940233,0.5083192269430192,0.5083192269430192,0.0
1648,0.8649363852369516,-2.9241364766738998,-2.924136476673902,7.5935103130890485e-16
1649,0.05736091730433324,0.17277087514989456,0.17277087514989448,8.326672684688674e-17
1650,-0.07730390285630806,-2.1332424471390494,-2.1332424471390503,4.16351372011787e-16
1651,-0.7868074784942248,1.5197667688947707,1.5197667688947702,2.9220879080875045e-16
1652,0.5845602618054335,2.3590006699799795,2.3590006699799795,0.0
1653,-0.3899201457321321,1.2486423692721011,1.2486423692721011,0.0
1654,-0.3590634544336021,0.5028187611095547,0.5028187611095536,1.1102230246251565e-15
1655,-0.13863064211780785,3.3580609510113195,3.3580609510113186,2.644914528524683e-16
1656,0.1313906627404493,-0.5988501487876832,-0.5988501487876828,3.3306690738754696e-16
1657,0.06236562131034118,0.1583704262296448,0.1583704262296447,1.1102230246251565e-16
1658,-0.8585683078609379,-0.8203592611243011,-0.8203592611243025,1.3322676295501878e-15
1659,0.05422143689369885,-0.2912848827572809,-0.2912848827572809,0.0
1660,-0.2279152039313488,-2.4760384359347123,-2.4760384359347123,0.0
1661,0.5409582499130932,-1.3633561763841362,-1.3633561763841353,6.514646979894373e-16
1662,-0.5309614628750947,-3.0154730929071754,-3.0154730929071754,0.0
1663,0.6652113852533277,1.1178527843143304,1.1178527843143296,7.945397034055043e-16
1664,-0.6864940801151334,-1.6420678207997876,-1.6420678207997863,8.113353252981304e-16
1665,-0.3393050971343293,1.8821133822896658,1.882113382289666,1.1797621068657682e-16
1666,0.5883974942576535,1.1962617112088754,1.1962617112088751,1.8561540743508827e-16
1667,0.8275917722682593,-1.5980662835829857,-1.5980662835829846,6.947290209614788e-16
1668,0.44023215277824,0.9431297204588593,0.9431297204588595,1.1102230246251565e-16
1669,0.13863384106154952,8.660473997435087,8.660473997435089,2.0511081032358527e-16
1670,0.955995037873443,-0.09086274212445833,-0.09086274212445797,3.608224830031759e-16
1671,0.6797412153200684,5.2627091774576185,5.262709177457619,1.6876828829998137e-16
1672,-0.9319464423041237,0.30720201039555806,0.30720201039555306,4.9960036108132044e-15
1673,-0.11007952804074284,8.003372543295269,8.003372543295269,0.0
1674,-0.7186966592405477,4.1352032556585945,4.1352032556585945,0.0
1675,0.2964065991800624,0.12085620020843124,0.12085620020843119,5.551115123125783e-17
1676,-0.5416572041209005,2.7602549499256996,2.760254949925699,1.608870259836022e-16
1677,0.0067839143984088635,1.2432449014589377,1.243244901458938,1.7860085705114396e-16
1678,0.006898859655352418,0.1687574816568671,0.16875748165686777,6.661338147750939e-16
1679,0.8986422745324347,0.12745046981291352,0.12745046981291352,0.0
1680,0.09841344795817264,3.255824755939839,3.255824755939839,0.0
1681,0.7927748509886072,2.1709839535754605,2.170983953575461,2.0455665235050605e-16
1682,0.36096088823462047,3.013033308056027,3.0130333080560265,1.4738941274319455e-16
1683,-0.11926088720219852,1.8099919358176588,1.8099919358176586,1.2267712387609244e-16
1684,0.7063611497829143,16.154348347960372,16.154348347960372,0.0
1685,0.41213041038611564,0.3243717478586672,0.32437174785866785,6.661338147750939e-16
1686,0.09770300787387476,4.318472543910579,4.318472543910579,0.0
1687,-0.9463245825444573,4.116415559731794,4.116415559731794,0.0
1688,0.7635032020992505,10.340459540974699,10.340459540974702,3.435740611645602e-16
1689,-0.6548910941595969,5.727067993546028,5.727067993546028,0.0
1690,-0.5473531687308236,2.732469373610935,2.732469373610935,0.0
1691,-0.15120869358341482,-0.8486756067583738,-0.8486756067583747,8.881784197001252e-16
1692,0.7585584606753486,4.71354592123638,4.713545921236383,5.652931579801939e-16
1693,0.5605340052616472,0.3492169105795248,0.3492169105795248,0.0
1694,-0.591052348542987,0.26162146033462075,0.2616214603346207,5.551115123125783e-17
1695,0.2277863629013015,2.178202465012649,2.178202465012649,0.0
1696,-0.342271174539272,0.5601720604409179,0.5601720604409175,4.440892098500626e-16
1697,-0.5937397740364889,1.5937978428659012,1.5937978428659028,9.752254600121176e-16
1698,-0.1225651612599713,1.5558578799484684,1.5558578799484684,0.0
1699,0.41820439037788537,4.2935153923998906,4.2935153923998906,0.0
1700,0.44106254838437065,3.521643403186591,3.5216434031865913,1.261028329694666e-16
1701,-0.17250294133823085,2.6875563700474974,2.687556370047497,1.6523903081601752e-16
1702,0.5724833243385061,-1.6631293794123998,-1.6631293794124016,1.0680809691593898e-15
1703,-0.9821592731555734,0.7809469585035954,0.7809469585035984,2.9976021664879227e-15
1704,0.3805044274305156,-1.2245109213632581,-1.2245109213632577,3.6266659782474983e-16
1705,-0.8612794377011668,4.179265244278097,4.179265244278097,0.0
1706,-0.06485802904800964,3.7180650806058617,3.7180650806058617,0.0
1707,0.6921188651485077,1.509919865505202,1.509919865505202,0.0
1708,0.8238662026886592,3.758912531956959,3.7589125319569607,4.725720070095503e-16
1709,-0.22444873266052368,1.6891692985343887,1.6891692985343887,0.0
1710,0.783722585234764,-1.5817633430594649,-1.581763343059466,7.018894637409856e-16
1711,-0.9034013340574535,-0.5238105419628707,-0.5238105419628709,2.220446049250313e-16
1712,0.8300514836020796,0.38729373906324743,0.3872937390632474,5.551115123125783e-17
1713,0.4574281443986048,2.4682481589531102,2.4682481589531107,1.799208107333988e-16
1714,-0.746660873466158,4.171376619020986,4.171376619020987,2.1292213598027478e-16
1715,0.22108428711466654,2.0814267593218947,2.0814267593218947,0.0
1716,-0.9876326954103557,-0.23471439435538421,-0.2347143943553931,8.881784197001252e-15
1717,0.04305402168917771,0.0648712953153785,0.06487129531537783,6.661338147750939e-16
1718,0.1922147635642839,3.3521758801529713,3.3521758801529717,1.3247789666388188e-16
1719,0.13942299530047597,5.116663440976753,5.116663440976752,1.7358546833218623e-16
1720,-0.6078505894202237,0.31552924655488024,0.31552924655488035,1.1102230246251565e-16
1721,-0.07446737995013086,-0.7272452799877455,-0.7272452799877459,4.440892098500626e-16
1722,0.14927571724577615,5.2070961716612825,5.207096171661283,1.7057077311801578e-16
1723,-0.4406164610121971,1.163550868938408,1.163550868938408,0.0
1724,0.8334101154956028,-0.019034597201414094,-0.01903459720141143,2.6645352591003757e-15
1725,0.9884322073841161,2.322956848160356,2.3229568481603664,4.3970045481647074e-15
1726,0.12819722810146827,4.064414562675935,4.064414562675935,0.0
1727,0.7946422329568106,-2.4177906049068323,-2.417790604906834,7.347025155094855e-16
1728,0.842365905020876,1.8933359350681074,1.8933359350681078,2.3455383781858437e-16
1729,-0.1163653627652369,3.4849328658428664,3.4849328658428664,0.0
1730,0.9776151813103813,3.982237670565706,3.982237670565705,2.2303501025692246e-16
1731,-0.4651259716815159,-0.8119770196244414,-0.8119770196244411,2.220446049250313e-16
1732,0.905426523283809,1.248540737652847,1.2485407376528466,3.556865999301821e-16
1733,-0.4273763941962887,7.262687340057887,7.262687340057887,0.0
1734,0.2697506851677356,2.3804430601369644,2.3804430601369644,0.0
1735,0.24639680837579925,2.7263297871777046,2.726329787177705,1.6288902829682376e-16
1736,-0.4401514545642349,1.6915718395930108,1.6915718395930108,0.0
1737,-0.5032862319090341,10.094671341714545,10.094671341714545,0.0
1738,0.9233752183858075,6.642839817819249,6.642839817819247,2.6740925389096666e-16
1739,-0.32392542594313123,0.9072606198864692,0.9072606198864693,1.1102230246251565e-16
1740,0.03951172305858108,5.697620316492817,5.697620316492817,0.0
1741,0.2180465120510029,0.7116534420138187,0.7116534420138186,1.1102230246251565e-16
1742,0.06785306226800492,0.45808075032181583,0.45808075032181583,0.0
1743,0.11502306862807354,5.2590859529425895,5.2590859529425895,0.0
1744,-0.9456398116279773,1.386306973799959,1.3863069737999592,1.6016986794518704e-16
1745,-0.10175906642288512,-5.07107306991964,-5.071073069919643,5.254381513265397e-16
1746,0.9497535288399708,0.8577194697543673,0.8577194697543575,9.769962616701378e-15
1747,0.49018457711932295,9.313746141304666,9.313746141304666,0.0
1748,0.942710694199782,0.964656143349705,0.964656143349705,0.0
1749,0.2788686100548057,1.0466713082229404,1.0466713082229397,6.364307586744394e-16
1750,-0.9514747866207485,0.48451457601676534,0.4845145760167654,5.551115123125783e-17
1751,0.77925695034277,2.5199064144065106,2.5199064144065098,3.5246484338558637e-16
1752,-0.4956091121077357,0.019857921651086574,0.019857921651085242,1.3322676295501878e-15
1753,-0.1004623302397406,4.1890908096730595,4.1890908096730595,0.0
1754,0.8414101053000476,-0.111870890588736,-0.1118708905887349,1.1102230246251565e-15
1755,0.08624690693076476,-4.61611729442383,-4.616117294423831,1.9240811336683874e-16
1756,-0.24437351114142603,2.4271637204566807,2.4271637204566807,0.0
1757,-0.5430936413019619,5.249682970184413,5.249682970184413,0.0
1758,0.6875834184905687,1.5436205127380187,1.5436205127380185,1.4384662751803975e-16
1759,-0.5270185197671167,3.937394752917415,3.9373947529174145,1.1278757597800283e-16
1760,-0.7715923241253465,1.629893667038116,1.6298936670381163,2.7246514225499923e-16
1761,-0.8330677626108228,6.842846962917031,6.842846962917031,0.0
1762,0.17804571364130273,0.6450830629789993,0.6450830629789993,0.0
1763,-0.4790630553124722,-2.0813324573037564,-2.0813324573037555,4.267354869633408e-16
1764,0.018441451308468304,6.60680875115506,6.60680875115506,0.0
1765,0.7502830388336581,5.899694655641547,5.899694655641547,0.0
1766,-0.9819990288906498,2.7752154109851843,2.775215410985183,4.800591782088876e-16
1767,0.10991988604305769,2.340150633303526,2.340150633303526,0.0
1768,0.5393758532922179,2.292811376733623,2.2928113767336225,1.9368763359972484e-16
1769,0.8148042134821623,3.8659999702283074,3.8659999702283074,0.0
1770,-0.5323182745648503,3.9403006055035013,3.940300605503501,1.1270439855014967e-16
1771,-0.09787100931268955,2.9865742499677395,2.9865742499677395,0.0
1772,-0.35809718328704343,0.3836458756940936,0.3836458756940935,1.1102230246251565e-16
1773,0.7336715863279137,2.0473981065895286,2.0473981065895286,0.0
1774,0.6426520269882245,3.8190999407486648,3.8190999407486648,0.0
1775,0.842145389274245,3.060492220538417,3.060492220538417,0.0
1776,0.5530931778902175,3.0264383113709785,3.0264383113709785,0.0
1777,0.04359262016240106,6.652406769545196,6.6524067695451965,1.3351234379806983e-16
1778,0.3493414170155513,-1.9326142948724785,-1.9326142948724783,1.1489338846046498e-16
1779,0.29427855038663076,1.9297745923591914,1.9297745923591911,1.150624564154806e-16
1780,-0.12622050760567316,5.037451313680061,5.037451313680062,1.763150379812356e-16
1781,0.1650428279673699,2.2971314706233343,2.2971314706233343,0.0
1782,0.621276779605443,-0.9398488914176917,-0.9398488914176917,0.0
1783,-0.49490047820518523,-5.943225870601418,-5.943225870601417,1.4944382714672883e-16
1784,0.19278445985451875,1.2915181054185705,1.29151810541857,3.438505492001112e-16
1785,0.16797448655303082,2.638507774608724,2.6385077746087235,1.6831074523398687e-16
1786,-0.9306666066546095,4.513370011807823,4.513370011807822,1.9678830172941367e-16
1787,0.728465338531737,2.1719127230430635,2.171912723043063,2.0446917831387346e-16
1788,-0.079489833487699,-0.024719004147592316,-0.024719004147592094,2.220446049250313e-16
1789,-0.8342470557048479,1.353216161953791,1.3532161619537904,4.922597242803554e-16
1790,-0.11307307709355163,1.0617719959684668,1.0617719959684668,0.0
1791,0.3135233614269657,3.1388739761036906,3.1388739761036906,0.0
1792,0.4441932671557791,-1.952922050424253,-1.9529220504242542,5.684932608467253e-16
1793,0.8929346351957601,1.9457205024863808,1.9457205024863808,0.0
1794,-0.6096189789334325,3.627404460730139,3.6274044607301392,1.224261630203417e-16
1795,-0.41012389803219407,4.927422346232303,4.927422346232303,0.0
1796,-0.5253103298518433,-3.5362825264801496,-3.53628252648015,1.2558080598047925e-16
1797,-0.8815066822795568,1.7140802955418344,1.7140802955418342,1.2954154219178001e-16
1798,0.19853308254053337,-0.2824740302990665,-0.2824740302990665,0.0
1799,0.004712597604842994,0.5010156954174083,0.501015695417409,6.661338147750939e-16
1800,0.06351652884276371,4.121839942858182,4.121839942858182,0.0
1801,-0.6649768929318453,1.6114569882957857,1.6114569882957857,0.0
1802,-0.6440533618992841,2.868245751009724,2.8682457510097263,7.741477690566219e-16
1803,-0.6137002044240203,1.835800142713452,1.835800142713452,0.0
1804,-0.9603028951292706,3.277085532798424,3.277085532798424,0.0
1805,0.3013160432742905,5.256769493251179,5.256769493251179,0.0
1806,-0.007381861929102729,-0.4333387539651641,-0.43333875396516497,8.881784197001252e-16
1807,0.11943615916007211,4.777929986394921,4.777929986394921,0.0
1808,-0.11975101931735399,-0.9221001442839025,-0.9221001442839021,4.440892098500626e-16
1809,-0.3996715965350174,0.27416812858861117,0.2741681285886113,1.1102230246251565e-16
1810,0.9406731456584108,3.184294509246359,3.1842945092463593,1.39462354553118e-16
1811,0.9641622251496358,-0.5877249156510326,-0.5877249156510329,3.3306690738754696e-16
1812,-0.9231582219866981,2.123683718398149,2.1236837183981487,2.0911268754512557e-16
1813,-0.9049407941460261,2.3534447805298093,2.3534447805298075,7.547901077162115e-16
1814,-0.6654214246555648,2.706924470241363,2.706924470241363,0.0
1815,0.14580903121381805,4.992516789298341,4.992516789298342,3.558038789589937e-16
1816,-0.21379452497824447,6.993972097004465,6.993972097004465,0.0
1817,0.9251779846874515,8.904169600546172,8.904169600546172,0.0
1818,0.15533498849679073,-0.611227457140957,-0.6112274571409575,4.440892098500626e-16
1819,-0.631929486738654,-1.1668537419094387,-1.1668537419094387,0.0
1820,0.46016518599303424,0.009611321731512135,0.009611321731512357,2.220446049250313e-16
1821,0.9317192592519414,0.7246071592321179,0.7246071592321186,6.661338147750939e-16
1822,-0.13111829929151297,2.993384385180126,2.993384385180125,2.967137879443035e-16
1823,-0.7635149394975426,4.1250968014821705,4.125096801482174,8.612437113049058e-16
1824,-0.6758002372253283,1.0953874487550936,1.0953874487550936,0.0
1825,0.4686348634856301,0.6192844896213993,0.6192844896213994,1.1102230246251565e-16
1826,0.005113655200902567,3.3496176877990385,3.3496176877990393,2.651581471328234e-16
1827,-0.2595072941108548,2.7787610591094345,2.7787610591094354,3.1963108767069656e-16
1828,-0.4305249011412151,2.6540181209270273,2.6540181209270273,0.0
1829,0.8539380450885767,1.3585353678370897,1.35853536783709,1.6344411060754808e-16
1830,-0.4250104069688364,0.020412028360193568,0.020412028360193513,5.551115123125783e-17
1831,0.07412165940566129,0.23665386260953825,0.23665386260953825,0.0
1832,-0.24335534680909554,1.9721087174252707,1.972108717425271,1.1259247675499677e-16
1833,-0.39897696636199576,3.5023983329387978,3.5023983329387973,1.2679574612446653e-16
1834,-0.2120261752406133,0.9870335351634092,0.9870335351634092,0.0
1835,-0.91235959459406,-0.990574384334967,-0.9905743843349626,4.440892098500626e-15
1836,0.5512953777803349,2.8738517929248757,2.8738517929248744,4.635825802952304e-16
1837,0.967977152486245,2.451588615098294,2.4515886150982915,1.0868606758453003e-15
1838,0.09171368324167783,0.2883848302805774,0.28838483028057743,5.551115123125783e-17
1839,0.7091582927724753,0.261469091932195,0.26146909193219503,5.551115123125783e-17
1840,0.28373013477010667,0.4361949386332742,0.43619493863327374,4.440892098500626e-16
1841,0.6013771226800781,-1.0752777856450697,-1.0752777856450701,4.1299952047614293e-16
1842,-0.8754971667737452,5.5393949473189705,5.539394947318968,4.81015577412474e-16
1843,-0.921074340415532,1.235158060848976,1.235158060848976,0.0
1844,0.5741005274450051,0.5230726062577209,0.5230726062577211,2.220446049250313e-16
1845,0.3457402709371058,7.388064490463502,7.388064490463503,1.202180112053142e-16
1846,0.5699529488148023,1.6486404367488576,1.6486404367488565,6.734173200401006e-16
1847,0.5218870774959818,0.984751600413927,0.9847516004139263,6.661338147750939e-16
1848,0.016242107969972164,0.4821243539631161,0.48212435396311615,5.551115123125783e-17
1849,-0.5738860415408805,0.17424198641199307,0.1742419864119924,6.661338147750939e-16
1850,-0.2334553516126926,3.2451217600009823,3.245121760000982,1.3684824259103553e-16
1851,-0.7212989740079776,0.03697310750963306,0.03697310750963295,1.1102230246251565e-16
1852,0.8921574615123893,1.738017467600324,1.738017467600323,5.110296278704442e-16
1853,-0.9507861649604021,3.2515840104429645,3.2515840104429645,0.0
1854,-0.07215305070873013,1.1856059061451507,1.1856059061451507,0.0
1855,-0.28844895525837455,-0.10113691197446473,-0.10113691197446473,0.0
1856,-0.7750033200000441,0.6129016278054011,0.6129016278054011,0.0
1857,0.2972438011787042,9.005909544746759,9.005909544746759,0.0
1858,0.8204928646319285,-0.4502221866638747,-0.45022218666387026,4.440892098500626e-15
1859,0.6838278979025103,1.1206097989089363,1.1206097989089359,3.962924563772715e-16
1860,-0.3245283061065737,2.4819218318022185,2.4819218318022185,0.0
1861,0.2632256909217856,-0.2692112277064909,-0.2692112277064909,0.0
1862,-0.7769052873886119,1.4944217615579811,1.4944217615579811,0.0
1863,-0.6631711709285859,1.9143166111850294,1.9143166111850296,1.1599157821003176e-16
1864,0.7616540905099041,1.0817082441583177,1.0817082441583175,2.052721758608813e-16
1865,0.5637251473796563,-1.3544492656669593,-1.3544492656669593,0.0
1866,-0.931312314689185,-0.17438974259016285,-0.17438974259016238,4.718447854656915e-16
1867,-0.6229500819286642,1.0209422203742564,1.0209422203742566,2.174898838483086e-16
1868,-0.8851082749350544,0.3410878128856283,0.3410878128856285,2.220446049250313e-16
1869,-0.24674846063182332,1.434540799848585,1.4345407998485846,3.095688947271043e-16
1870,0.714334324720888,4.080448793478871,4.080448793478871,0.0
1871,0.3711013093567288,1.970957482751656,1.970957482751656,0.0
1872,-0.04570334053306224,-0.732004467733387,-0.7320044677333869,1.1102230246251565e-16
1873,0.1511594499898823,4.435809115584995,4.435809115584996,2.0022917951531198e-16
1874,0.544049393822688,0.9242305374033136,0.9242305374033136,0.0
1875,-0.40291968915015985,-0.824829889455694,-0.8248298894556941,1.1102230246251565e-16
1876,-0.3098949331923532,0.14012855103538013,0.14012855103538036,2.220446049250313e-16
1877,0.48904985071239526,-0.6146887021460672,-0.6146887021460669,3.3306690738754696e-16
1878,-0.19976779428518499,0.10629875908213893,0.10629875908213898,5.551115123125783e-17
1879,-0.9261439945926779,-4.165518884170779,-4.165518884170794,3.624766458814857e-15
1880,-0.7770810365158879,3.0541045553879544,3.054104555387954,1.454073368466101e-16
1881,0.25443599700789776,6.419741938420834,6.4197419384208345,1.383511094713263e-16
1882,0.5520993941955292,5.788095130151937,5.7880951301519366,1.5344917450878362e-16
1883,-0.24139265080561512,0.08139837493318547,0.08139837493318591,4.440892098500626e-16
1884,-0.7487284347856435,-1.7426982806946978,-1.7426982806947002,1.4015568163650716e-15
1885,0.9045169867595424,1.2120359073102565,1.2120359073102562,1.8319969201060347e-16
1886,-0.9019468210362461,0.1703466697818875,0.17034666978188762,1.1102230246251565e-16
1887,0.5058937243895059,1.6167153330704571,1.6167153330704571,0.0
1888,-0.9605033611384011,4.6741883370565,4.6741883370565,0.0
1889,-0.16278016071780887,0.6490502306695056,0.6490502306695055,1.1102230246251565e-16
1890,0.5104079131276027,5.113287387827358,5.113287387827359,1.7370007831253805e-16
1891,0.07041195450196458,7.10117961941301,7.10117961941301,0.0
1892,-0.7958418589650241,0.14524954377434063,0.14524954377434052,1.1102230246251565e-16
1893,-0.06788817802177471,-1.188913697957343,-1.1889136979573434,3.7352518573303214e-16
1894,-0.6415743526654998,5.664458386210888,5.664458386210887,1.56798472006121e-16
1895,0.8937494179345191,0.17387877870919333,0.17387877870919421,8.881784197001252e-16
1896,-0.2223998290092959,4.97512396613549,4.97512396613549,0.0
1897,0.525149513107743,2.4099689144462517,2.4099689144462517,0.0
1898,-0.9102464358679149,1.4376562135052269,1.4376562135052247,1.544490281050241e-15
1899,0.46872959808980164,-0.9214570410504315,-0.9214570410504311,3.3306690738754696e-16
1900,0.2216741129839912,0.4943011229543605,0.49430112295436035,1.6653345369377348e-16
1901,0.7012704843185038,-0.4478009404134935,-0.4478009404134937,2.220446049250313e-16
1902,0.5804427303208022,0.6823275735430403,0.6823275735430402,1.1102230246251565e-16
1903,-0.8765996818458075,0.5407113877870802,0.5407113877870801,1.1102230246251565e-16
1904,-0.7265938820130635,1.5116341515496208,1.5116341515496206,1.4689043952692312e-16
1905,-0.35618108915414437,0.49611280957351583,0.49611280957351583,0.0
1906,-0.9163483660654403,10.08565735721945,10.08565735721945,0.0
1907,0.6835900811424744,5.773006045038605,5.773006045038605,0.0
1908,0.9683831600101434,0.863900168090757,0.8639001680907581,1.1102230246251565e-15
1909,-0.0432336908332801,1.3483648964559567,1.3483648964559558,6.587077593273261e-16
1910,-0.9668586844212395,1.093831957793456,1.0938319577934545,1.4209789935290166e-15
1911,0.6174687541460879,3.388572241717953,3.388572241717953,0.0
1912,-0.3752749953013933,0.3835615548276874,0.3835615548276874,0.0
1913,0.15218384575648192,0.549498456176543,0.5494984561765431,1.1102230246251565e-16
1914,-0.1072246627036314,4.749934629592286,4.749934629592286,0.0
1915,-0.20491778084953616,0.6304215651627787,0.6304215651627788,1.1102230246251565e-16
1916,0.9685084884177813,3.5281023939468175,3.5281023939468152,6.293598658190713e-16
1917,-0.29066467440534927,0.2199239817170629,0.2199239817170629,0.0
1918,-0.7899295723589741,3.7332707843811357,3.733270784381136,1.1895445990898816e-16
1919,-0.5094125539716317,6.550493244994755,6.550493244994755,0.0
1920,0.5560223643273072,1.9794829296113279,1.9794829296113279,0.0
1921,0.25525869862591555,5.709923988928423,5.709923988928423,0.0
1922,0.24875375296728897,0.206641476085212,0.20664147608521194,5.551115123125783e-17
1923,0.7927802502821524,-0.031795956308778184,-0.031795956308775075,3.1086244689504383e-15
1924,0.7795798365572031,-0.49432686893025424,-0.49432686893025424,0.0
1925,-0.2795466374801787,1.8619110038602777,1.861911003860278,1.192562933806551e-16
1926,0.8733128593419295,2.47167999853454,2.4716799985345403,1.7967099710049977e-16
1927,0.9852286490865989,1.5722936754035128,1.5722936754035142,8.4734019502322e-16
1928,0.934016340202487,4.014211782032034,4.014211782032028,1.5488093990780036e-15
1929,0.4207121688215232,0.8963309287180781,0.8963309287180776,4.440892098500626e-16
1930,0.8500422818677864,1.2065174806824792,1.206517480682479,1.8403761941304776e-16
1931,0.035813934269183445,0.9007554644735181,0.900755464473518,1.1102230246251565e-16
1932,-0.8465282802517955,1.3928637584901449,1.3928637584901438,7.970794112904704e-16
1933,0.034987209717096235,1.9559720152182178,1.955972015218218,1.1352136083616662e-16
1934,-0.19244050713998884,0.6145772912288128,0.6145772912288132,4.440892098500626e-16
1935,0.3210208981213958,0.15058184901278104,0.15058184901278093,1.1102230246251565e-16
1936,0.7423160587973765,6.1122711446862406,6.1122711446862406,0.0
1937,0.11964532932686156,3.287875510961431,3.2878755109614315,1.350687422226042e-16
1938,0.35770813787630273,4.748284383669818,4.748284383669818,0.0
1939,-0.19943464509427333,0.9554484300334991,0.9554484300334991,0.0
1940,-0.8050812353248114,2.3909616333850408,2.3909616333850403,1.857366524201965e-16
1941,-0.055300580440453495,4.3356114125192855,4.3356114125192855,0.0
1942,-0.943136866623226,0.4057535506885841,0.4057535506886012,1.709743457922741e-14
1943,-0.4640484430765879,0.12951824477678536,0.1295182447767853,5.551115123125783e-17
1944,0.4216542899826168,0.9425347045272834,0.9425347045272834,0.0
1945,0.6525481039768208,2.563089177590565,2.563089177590565,0.0
1946,0.14198625948663102,-0.1685698817289153,-0.16856988172891524,5.551115123125783e-17
1947,0.3558211816564196,2.3287189319816615,2.3287189319816615,0.0
1948,0.915744561408689,0.6496311907592912,0.6496311907592922,9.992007221626409e-16
1949,-0.8669838998907052,3.8402236838241026,3.840223683824105,5.782074774975577e-16
1950,0.5716253666173887,6.981203777847144,6.981203777847144,0.0
1951,0.5761964114500326,-2.1186209218949705,-2.1186209218949723,8.384495881459592e-16
1952,0.49586684145024984,2.7164281731238438,2.716428173123844,1.634827727984311e-16
1953,0.7276647023230058,-6.444404604797461,-6.444404604797459,2.7564328255830844e-16
1954,0.21185928185489566,1.238919722768266,1.2389197227682667,5.376731054750438e-16
1955,-0.17337436911280868,4.441123144454065,4.441123144454065,0.0
1956,-0.36175451357808497,10.008443075053655,10.008443075053657,1.7748583132054506e-16
1957,-0.6270401502926055,3.7249265323470215,3.724926532347022,1.1922093120323867e-16
1958,0.664594250507843,7.557523692938495,7.557523692938494,1.1752241286785648e-16
1959,-0.4181461886429906,-0.005520051109466517,-0.005520051109466628,1.1102230246251565e-16
1960,-0.30126411871857184,2.894108857815045,2.8941088578150453,1.5344592469314891e-16
1961,0.9603992202309262,0.13834230214306717,0.1383423021430672,2.7755575615628914e-17
1962,-0.2815034887338189,0.5084922857571483,0.5084922857571483,0.0
1963,0.3753729765043994,4.107095030234958,4.107095030234957,2.1625465521534681e-16
1964,-0.6778692325509381,-0.3497590339169001,-0.3497590339169001,0.0
1965,-0.4372978050858721,0.2238242788786262,0.2238242788786262,0.0
1966,-0.2741246208636061,1.2541043727864432,1.2541043727864432,0.0
1967,-0.44681122708750287,14.06025346344798,14.06025346344798,0.0
1968,-0.012759240514763626,3.2077128175512963,3.207712817551297,1.384441922045476e-16
1969,-0.30285229580985407,1.4517448860911681,1.451744886091168,1.5295015470857814e-16
1970,-0.29032286066156576,3.7581964601462796,3.75819646014628,1.181655122501971e-16
1971,-0.3003621445290743,0.7745378522411006,0.7745378522411006,0.0
1972,-0.12141258377636666,2.535346012278185,2.535346012278185,0.0
1973,0.19601226611358302,4.402596258246441,4.402596258246442,2.0173969349028787e-16
1974,0.26806832481136444,-0.1707177881603661,-0.17071778816036604,5.551115123125783e-17
1975,-0.18522325053871935,0.1396145344429614,0.13961453444296143,2.7755575615628914e-17
1976,0.45064803023707767,0.08207365693133195,0.08207365693133195,0.0
1977,0.8920117861796701,0.7837160135707011,0.7837160135707011,0.0
1978,-0.5467332722964926,7.750481145489733,7.750481145489732,1.1459655252719197e-16
1979,-0.46553084957822244,0.388345996336254,0.3883459963362539,1.1102230246251565e-16
1980,-0.09664853106234583,4.009105996731943,4.009105996731942,2.2154026868437288e-16
1981,-0.6455577672850291,1.435257056974827,1.4352570569748277,4.641216091138002e-16
1982,0.42911747458255145,-0.5797281309474716,-0.5797281309474713,2.220446049250313e-16
1983,-0.03162247835395848,2.9814824136459572,2.981482413645957,1.489491294053955e-16
1984,0.1359255701972728,0.17435744465443728,0.17435744465443728,0.0
1985,0.5282465340254852,-2.7371241386749787,-2.737124138674977,6.489865820481827e-16
1986,0.897167420287994,2.048541019863192,2.048541019863192,0.0
1987,0.7444975536794796,-4.392973958853402,-4.3929739588534025,2.0218158086508356e-16
1988,0.7644114454930451,4.4208073191640285,4.420807319164032,8.036345903155798e-16
1989,0.2503363822440421,-1.1773718644865125,-1.1773718644865123,1.8859343561931613e-16
1990,-0.16392243529092965,0.32880494315349185,0.32880494315349174,1.1102230246251565e-16
1991,-0.8289954001011189,-0.20008195272933174,-0.2000819527293316,1.3877787807814457e-16
1992,0.8109559926750911,-0.8428660806950079,-0.8428660806950057,2.220446049250313e-15
1993,0.7601681721980915,3.376801749598657,3.3768017495986555,3.94535340935704e-16
1994,-0.9775213279672895,-1.5889241065228175,-1.5889241065228106,4.332102914430245e-15
1995,0.8653268980713678,0.6533310966158273,0.6533310966158279,5.551115123125783e-16
1996,0.039256629968105416,6.066128772700653,6.066128772700653,0.0
1997,0.311470721167721,-3.7708717132490164,-3.770871713249017,1.1776831555678446e-16
1998,0.13315035197549174,-0.988851515310673,-0.9888515153106727,2.220446049250313e-16
1999,-0.3677788653589603,1.2525340092345183,1.2525340092345183,0.0
2000,-0.10080003782191471,1.9811856824322307,1.9811856824322311,2.241532501410318e-16
2001,0.4356157035184296,-0.09634751927043284,-0.09634751927043306,2.220446049250313e-16
2002,0.6721064076613061,9.57558978708002,9.57558978708002,0.0
2003,-0.8322833803450249,-0.15256299755163605,-0.15256299755163616,1.1102230246251565e-16
2004,0.7335213206120061,9.326075711433413,9.326075711433411,1.9047205859829176e-16
2005,-0.5004862143534037,-1.8196301374954618,-1.8196301374954613,2.4405465742686963e-16
2006,0.15967038742233686,1.283123280462296,1.283123280462296,0.0
2007,-0.8834354189401211,6.337908061305185,6.337908061305182,4.204124189443764e-16
2008,0.5168970336689052,0.25585013214672003,0.2558501321467199,1.1102230246251565e-16
2009,-0.48380613917544435,3.474924431129853,3.474924431129853,0.0
2010,-0.43076537715358765,-0.2616476203578628,-0.2616476203578628,0.0
2011,-0.48998784687656194,1.4775248921025774,1.477524892102577,3.005629294123809e-16
2012,-0.5241099030347358,4.288826887128016,4.288826887128016,0.0
2013,-0.3862360072500629,3.783022754266694,3.7830227542666934,1.173900446010258e-16
2014,-0.9393367393439154,5.747042440791878,5.747042440791876,3.090906075082836e-16
2015,-0.654974455893784,3.2365589794393532,3.2365589794393532,0.0
2016,-0.6770185838109786,-0.23427948323092895,-0.23427948323092984,8.881784197001252e-16
2017,-0.8824897124422265,-0.4852837799865126,-0.48528377998649574,1.687538997430238e-14
2018,0.006532258124110846,4.298056179277831,4.298056179277831,0.0
2019,0.10574787551053477,5.708369389128571,5.7083693891285705,1.555923170269317e-16
2020,-0.03768571285564282,0.09214047527309505,0.09214047527309516,1.1102230246251565e-16
2021,0.4519334890050981,1.8906435000044537,1.8906435000044526,5.872196554361207e-16
2022,-0.04553268085466411,0.19999568766151576,0.19999568766151588,1.1102230246251565e-16
2023,-0.34001340574613836,2.0903227305763514,2.090322730576352,2.1245006972086876e-16
2024,0.19158598360716939,6.91795981018882,6.917959810188822,2.567746688530945e-16
2025,-0.12143642730634974,-3.3077667646710607,-3.307766764671061,1.3425650641187963e-16
2026,-0.1999824720793939,0.7166272964441285,0.7166272964441283,2.220446049250313e-16
2027,0.4808599543999641,2.77259763334859,2.77259763334859,0.0
2028,-0.34584262223793594,2.066113587935365,2.066113587935365,0.0
2029,0.35463600711201493,3.846219406506472,3.8462194065064716,1.1546122644454898e-16
2030,0.5506539242923194,0.4054993044615145,0.40549930446151455,5.551115123125783e-17
2031,-0.2557215168800151,2.821595965906621,2.821595965906621,0.0
2032,0.14315022758675244,1.1429380483102336,1.1429380483102336,0.0
2033,-0.7866567591890796,0.537913937921088,0.5379139379210875,4.440892098500626e-16
2034,0.963237360850264,0.35124615714031093,0.3512461571403236,1.2656542480726785e-14
2035,-0.47341089148748483,0.1994722993990634,0.19947229939906386,4.440892098500626e-16
2036,-0.6954480841266903,-2.1091828157236923,-2.109182815723699,3.15825546182697e-15
2037,-0.5938577147786596,-1.2028586659028386,-1.2028586659028395,7.383896752603753e-16
2038,0.7377564428798766,3.7982285719384357,3.7982285719384365,2.3384017124773537e-16
2039,-0.5232795830661364,7.164116233269409,7.164116233269409,0.0
2040,-0.9479305228964555,0.9731453760961541,0.9731453760961548,6.661338147750939e-16
2041,-0.6133329353709587,-0.10727699369278954,-0.10727699369278998,4.440892098500626e-16
2042,-0.10504369010906311,5.482792335032763,5.482792335032763,0.0
2043,0.3089492000011034,1.1246534386220832,1.1246534386220834,1.9743380253838789e-16
2044,0.7809553192641365,6.954608365746446,6.954608365746445,1.2771077435138882e-16
2045,0.38025962053564055,8.05526689512399,8.05526689512399,0.0
2046,0.07469084745244814,-0.07310021112668796,-0.07310021112668799,2.7755575615628914e-17
2047,-0.745086227252278,-0.9027179093100743,-0.902717909310073,1.3322676295501878e-15
2048,-0.4542621236411425,-0.09129882090259245,-0.09129882090259289,4.440892098500626e-16
2049,0.3883953103469595,2.8557263500295518,2.855726350029551,3.1101664194502885e-16
2050,-0.07514647219645565,2.014729159608286,2.0147291596082857,2.2042129470960985e-16
2051,-0.9567714843194894,8.602544624291436,8.602544624291426,1.2389521358954159e-15
2052,-0.8717768594309114,-0.3175953305257794,-0.31759533052577993,5.551115123125783e-16
2053,-0.23264186707936707,0.16341639548669004,0.16341639548669007,2.7755575615628914e-17
2054,0.4529378836903244,-3.365316138419069,-3.365316138419068,2.6392124340430215e-16
2055,0.764965633940182,2.542846093120169,2.542846093120169,0.0
2056,-0.21566475891916015,6.135178087812117,6.135178087812117,0.0
2057,0.21387219000861935,1.7965233797996962,1.7965233797996965,1.2359683565587008e-16
2058,0.8441903346171025,1.986673735576629,1.9866737355766269,1.117670208996764e-15
2059,-0.32264495161832685,0.41960269655368193,0.419602696553682,5.551115123125783e-17
2060,-0.9417084673679086,3.6843555664554097,3.684355566455408,4.821350185561003e-16
2061,0.7157357579713142,3.2431405366430295,3.243140536643031,4.1079552813003176e-16
2062,0.20872153634141144,-0.3150053485820713,-0.31500534858207163,3.3306690738754696e-16
2063,0.6417012385099459,1.6090001602557624,1.6090001602557624,0.0
2064,-0.5968656513270157,2.790427431393882,2.790427431393882,0.0
2065,0.4564416571934917,3.5636063415679287,3.5636063415679287,0.0
2066,0.11735553656016506,0.8349553925451435,0.8349553925451435,0.0
2067,-0.4751262533879931,4.136312543508645,4.136312543508648,6.441813163470892e-16
2068,-0.04917755793008016,3.893736236881827,3.8937362368818276,1.140522066296142e-16
2069,-0.19678014307984293,3.7209556586968646,3.7209556586968646,0.0
2070,-0.4548992585662147,6.053871920525239,6.053871920525239,0.0
2071,-0.3371117952256045,5.110972048223098,5.110972048223097,1.737787668020828e-16
2072,0.38063883800094933,-1.5426824321734118,-1.5426824321734118,0.0
2073,-0.5619568553073957,-0.8214932103287576,-0.8214932103287569,6.661338147750939e-16
2074,-0.6267742018725162,-2.4769608678740322,-2.476960867874033,3.5857587869865946e-16
2075,-0.8854838469997337,2.675403751219015,2.6754037512190156,1.659896042411239e-16
2076,-0.469642456000647,1.9266881608711688,1.9266881608711688,0.0
2077,-0.31748843551147377,4.5436473564166775,4.543647356416678,1.9547697037839271e-16
2078,0.24048236376759924,0.5827129898599218,0.582712989859922,2.220446049250313e-16
2079,0.17659661476888733,-1.2099208239152341,-1.2099208239152346,3.670398930840908e-16
2080,-0.41853997301309187,11.318635911023858,11.318635911023858,0.0
2081,0.22263609968441922,7.033507304954266,7.033507304954266,0.0
2082,-0.873793720660731,2.458582067726526,2.458582067726526,0.0
2083,-0.7494390678994547,-1.0331280605812827,-1.0331280605812827,0.0
2084,0.07078603199768851,6.866293138595097,6.866293138595095,2.5870681655221444e-16
2085,0.9099303689064933,2.8902795727251984,2.890279572725199,1.5364922273983966e-16
2086,0.4535391509972524,2.851927518363216,2.851927518363216,0.0
2087,-0.045210759611375884,8.471647495912858,8.471647495912858,0.0
2088,-0.9153617915551435,-0.039660901545925026,-0.039660901545925054,2.7755575615628914e-17
2089,0.29919284674577074,1.7916214753611708,1.7916214753611706,1.2393499853548563e-16
2090,0.45195705264799746,0.29473799336773193,0.294737993367732,5.551115123125783e-17
2091,-0.07310210410655116,8.90764996014202,8.90764996014202,0.0
2092,0.3787920865656178,2.241213100499558,2.2412131004995586,1.9814680261822349e-16
2093,0.19724574861228916,4.38822914200534,4.38822914200534,0.0
2094,0.6314239268363966,-1.677244604460947,-1.677244604460947,0.0
2095,0.11168735011499131,3.5483485982743277,3.548348598274328,1.2515377155052833e-16
2096,0.5043921460418697,4.361424926104016,4.361424926104017,2.0364409218285442e-16
2097,0.09218487536202358,0.6126370252606042,0.6126370252606042,0.0
2098,-0.052662599393527576,1.8202985039075172,1.8202985039075172,0.0
2099,0.5019255414575166,2.916141444215653,2.916141444215653,0.0
2100,0.3727506785833059,5.139931930553139,5.13993193055314,1.7279964631837896e-16
2101,-0.25050634639873515,0.09380652339784312,0.09380652339784312,0.0
2102,0.08270055527968334,1.6196698203254996,1.6196698203254996,0.0
2103,0.8968932077037752,3.4153304021161297,3.415330402116126,1.0402254717725842e-15
2104,-0.7775654854603212,3.785803060276172,3.785803060276171,2.3460766594534188e-16
2105,0.3987422461949426,0.7767636912788177,0.7767636912788175,2.220446049250313e-16
2106,0.23330260378467593,4.308855890508063,4.308855890508063,0.0
2107,0.3664811723658872,14.851551806125073,14.851551806125073,0.0
2108,0.30001202152289497,0.7314922747490181,0.731492274749018,1.1102230246251565e-16
2109,0.7930257681346491,2.690538241035579,2.690538241035579,0.0
2110,-0.48347194741713717,0.18650309491098738,0.1865030949109875,1.1102230246251565e-16
2111,0.6451442261680349,4.443432667909187,4.443432667909187,0.0
2112,-0.7743103432442305,0.7068871469772984,0.7068871469772979,4.440892098500626e-16
2113,0.8602319632940714,2.280417176889369,2.280417176889369,0.0
2114,-0.9624720410701413,3.6060816834749074,3.6060816834749048,7.389004168460114e-16
2115,0.8347491976024692,3.904045636436569,3.9040456364365665,6.825061762168434e-16
2116,0.34692315786727224,3.972600733449733,3.9726007334497324,1.1178802997008555e-16
2117,-0.2016133383851686,-2.8871748697857837,-2.887174869785783,3.076288966750477e-16
2118,0.8880854688750337,0.8670543315562567,0.8670543315562611,4.440892098500626e-15
2119,0.8725180026676227,2.985655350081391,2.985655350081391,0.0
2120,-0.2708025538104307,1.896021970089813,1.8960219700898127,2.342215527328655e-16
2121,0.11298338638237215,-0.45140634764478915,-0.45140634764478915,0.0
2122,-0.19955159157700575,-0.782235434258912,-0.7822354342589128,8.881784197001252e-16
2123,0.282040985823629,-0.7867771103984142,-0.7867771103984136,6.661338147750939e-16
2124,0.4060085816638721,0.21518048407921453,0.21518048407921464,1.1102230246251565e-16
2125,-0.34450123489030127,2.9169391382844636,2.9169391382844636,0.0
2126,0.33527111858575487,2.281294448625263,2.281294448625264,3.893308994967102e-16
2127,0.7176001754262011,-0.23139406034288257,-0.23139406034288168,8.881784197001252e-16
2128,0.7826693720350351,2.6977123352084105,2.6977123352084122,6.584678493020342e-16
2129,-0.49832558949411176,0.015918412402520593,0.01591841240252062,2.7755575615628914e-17
2130,0.7685702252538591,-0.6919104824863627,-0.691910482486362,6.661338147750939e-16
2131,0.022876655374928223,3.915111493343439,3.915111493343438,2.2685903612457174e-16
2132,-0.2893071022799044,4.252945113284691,4.252945113284691,0.0
2133,0.5498888603318541,4.173128348442548,4.173128348442548,0.0
2134,-0.30968750528058075,-0.01615384756832247,-0.0161538475683225,2.7755575615628914e-17
2135,-0.9085319508730955,-0.6051144574284457,-0.6051144574284422,3.552713678800501e-15
2136,-0.3574282721213149,-1.802991679133032,-1.802991679133032,0.0
2137,0.517869532660914,-0.3240412886646338,-0.32404128866463355,2.220446049250313e-16
2138,-0.9334948307743783,1.5215899632364458,1.5215899632364511,3.5023039366438345e-15
2139,0.9037369145389011,-0.7509267506592705,-0.7509267506592705,0.0
2140,-0.16186357312027877,3.0392860855277677,3.039286085527768,1.461162909160449e-16
2141,0.19903671402235057,0.8040231702765871,0.8040231702765871,0.0
2142,0.9551998221422622,9.485156625917124,9.485156625917131,7.491101768616262e-16
2143,-0.2499250887611224,2.0473266088779196,2.047326608877919,2.1691175600626568e-16
2144,0.8156000280755644,5.391710434463523,5.391710434463526,6.589214539586078e-16
2145,0.34681138442449666,6.781841878993378,6.781841878993378,0.0
2146,0.9358501383666225,1.208267078383941,1.2082670783839409,1.8377112883189391e-16
2147,0.36497632051608453,4.5848574289632085,4.5848574289632085,0.0
2148,0.6145739213472241,0.7401228028208252,0.7401228028208249,3.3306690738754696e-16
2149,-0.37678909820276807,-0.8976093881593941,-0.8976093881593936,4.440892098500626e-16
2150,-0.9665708463340748,6.193790194626707,6.193790194626686,3.298158802799755e-15
2151,-0.8022413682187977,0.3455498722793604,0.34554987227936174,1.3322676295501878e-15
2152,-0.6000917135323822,-0.00039759731046445923,-0.0003975973104644037,5.551115123125783e-17
2153,-0.3162927384704055,4.978358087159817,4.978358087159817,0.0
2154,0.5880126157113301,-0.02639734231817381,-0.0263973423181727,1.1102230246251565e-15
2155,-0.17316353702541976,0.7136854302778879,0.7136854302778874,4.440892098500626e-16
2156,0.887776519586148,3.717087997526272,3.7170879975262707,3.584170271020794e-16
2157,-0.9660805611857355,2.085021610125538,2.0850216101255405,1.27794131540917e-15
2158,-0.7351860632661912,-1.6924861843887473,-1.6924861843887467,3.935830146912972e-16
2159,-0.46130567261566713,2.1607145787142783,2.160714578714278,2.055288626387274e-16
2160,0.015314179487738278,6.474227546097409,6.474227546097408,1.3718677840347288e-16
2161,-0.11746130380757547,1.2593063994170444,1.2593063994170446,1.763229385857324e-16
2162,0.9297161340453235,-0.9289398797964141,-0.9289398797964137,4.440892098500626e-16
2163,-0.9310432719952302,2.013045448269579,2.013045448269579,0.0
2164,-0.8643286842643685,3.917628667322101,3.9176286673221004,1.1335663677221872e-16
2165,-0.7997221975250464,0.4599401037408172,0.45994010374081773,5.551115123125783e-16
2166,-0.8925151020717419,0.6152971608570353,0.6152971608570353,0.0
2167,-0.0801457420247973,-0.6344509729516415,-0.6344509729516412,3.3306690738754696e-16
2168,0.2312239226720867,-1.4455969534112603,-1.4455969534112607,3.072012629814411e-16
2169,0.38916876826210967,4.407242198165423,4.407242198165423,0.0
2170,0.4144305613043022,-5.097424427749562,-5.097424427749562,0.0
2171,0.9148878822485664,0.6029104892345902,0.6029104892345991,8.881784197001252e-15
2172,0.38853512677376,6.024344063826334,6.024344063826334,0.0
2173,-0.9036401613663931,7.302562303414281,7.30256230341428,1.2162558603366675e-16
2174,0.39907877398563607,-0.2420841178613431,-0.24208411786134398,8.881784197001252e-16
2175,-0.8494645899133748,-0.8841297651912905,-0.8841297651912896,8.881784197001252e-16
2176,0.02775152248118573,-1.56762014759199,-1.5676201475919902,1.4164439342407817e-16
2177,0.7469874442278073,1.3556537967353555,1.3556537967353555,0.0
2178,0.6957246731630795,3.2436177884628354,3.2436177884628354,0.0
2179,-0.4749643740868025,6.578551627070007,6.5785516270700075,1.3501124108312384e-16
2180,0.20647315614770712,-7.103363684422098,-7.103363684422099,1.2503631506970827e-16
2181,0.3849411230808921,5.318633603022528,5.318633603022527,1.6699372169486953e-16
2182,0.9665755376064267,0.6755190320514328,0.6755190320514339,1.1102230246251565e-15
2183,0.16386208597688445,6.184097953572884,6.184097953572885,1.436229546116709e-16
2184,0.27983443655777807,2.0279014354645977,2.0279014354645977,0.0
2185,-0.8625239884105399,2.508904569321026,2.508904569321027,3.5401044366565487e-16
2186,-0.9248802954702938,0.9574518819749391,0.9574518819749391,0.0
2187,-0.32706690167920127,1.62797099480034,1.62797099480034,0.0
2188,0.15467353577329046,-0.2159463395525829,-0.21594633955258302,1.1102230246251565e-16
2189,0.9492839435316591,0.8997994688221687,0.8997994688221689,2.220446049250313e-16
2190,-0.07994507514127724,3.377535395138575,3.3775353951385747,1.314832142068025e-16
2191,-0.6105142122081675,-0.29482505389594266,-0.29482505389594293,2.7755575615628914e-16
2192,-0.8421060506598393,0.5513504232224747,0.5513504232224751,3.3306690738754696e-16
2193,-0.9000288581169059,-2.5903389565736106,-2.5903389565736106,0.0
2194,0.852481753256791,0.6119970247926383,0.6119970247926387,4.440892098500626e-16
2195,0.11437282349908551,1.303262586709546,1.3032625867095462,1.7037595277375801e-16
2196,-0.43006724717897427,10.615156879411428,10.615156879411428,0.0
2197,-0.2594501186933088,-0.5505751730871409,-0.5505751730871413,4.440892098500626e-16
2198,0.7524391448356116,0.8387491120054749,0.838749112005475,1.1102230246251565e-16
2199,-0.12024695175595423,3.734958918479999,3.7349589184799985,1.1890069463757096e-16
2200,0.06246866359142644,-1.2733209373894723,-1.2733209373894727,3.487645548030665e-16
2201,0.24541854645605254,1.0233825445716938,1.0233825445716938,0.0
2202,-0.29070644304307636,-3.458428846466165,-3.458428846466165,0.0
2203,0.8826972620979314,4.970249692375506,4.9702496923755035,5.360968611270864e-16
2204,0.9135089031852139,-0.14761255818587893,-0.1476125581858787,2.220446049250313e-16
2205,-0.1789431245531109,-4.176502006162181,-4.1765020061621785,6.379825162705565e-16
2206,0.6059095426204424,3.7055237106405645,3.7055237106405645,0.0
2207,0.08588844568607845,1.7966130568424286,1.7966130568424283,1.2359066638159564e-16
2208,0.7060899734253152,1.6189729588405233,1.6189729588405233,0.0
2209,0.15718604341164855,1.837676768413375,1.837676768413375,0.0
2210,-0.21124550596685565,2.576298849614744,2.5762988496147434,1.7237488186452867e-16
2211,-0.14578984278261886,-1.9827167119771558,-1.9827167119771554,2.2398016174848245e-16
2212,0.232177810290497,-3.8014549739730112,-3.8014549739730112,0.0
2213,-0.43976575566523246,-0.45693549406478784,-0.4569354940647874,4.440892098500626e-16
2214,0.46985239281426083,0.05460921198642238,0.054609211986422324,5.551115123125783e-17
2215,0.08369792178905522,0.23525944430567158,0.23525944430567158,0.0
2216,-0.6545941089383848,0.02694287357970905,0.026942873579709037,1.3877787807814457e-17
2217,0.9379878873783078,5.022712295010765,5.022712295010765,0.0
2218,-0.1917567712126419,1.1863756965878622,1.1863756965878625,1.8716213216745276e-16
2219,-0.29676322417217316,-1.118891479998425,-1.1188914799984242,7.938021118020984e-16
2220,0.01459413712987967,5.433383306665228,5.4333833066652275,1.6346691730925386e-16
2221,0.40840984275032155,-3.316046365784388,-3.316046365784388,0.0
2222,0.13480308948393827,2.5040743139176587,2.5040743139176587,0.0
2223,0.25440050881573684,1.8569056690438837,1.8569056690438837,0.0
2224,-0.19547821315152725,-1.8299832055215406,-1.8299832055215401,2.4267392646562476e-16
2225,-0.961643010854702,7.229922910543906,7.229922910543898,1.1056280787784733e-15
2226,-0.8750097260455179,2.292915044087783,2.2929150440877883,2.3241465190529452e-15
2227,0.4506433274780486,2.895147138209542,2.895147138209542,0.0
2228,-0.9710425592011787,2.1216563934989265,2.1216563934989097,7.95387510720921e-15
2229,0.7042575926406189,6.120996878512024,6.120996878512022,2.902071140791158e-16
2230,-0.6690995496510235,-0.3377603852047277,-0.33776038520472706,6.106226635438361e-16
2231,0.13417654288911884,5.392946041029137,5.392946041029137,0.0
2232,0.9028669915642258,1.2630935001938792,1.2630935001938792,0.0
2233,0.1453098663911323,6.466488392152375,6.466488392152375,0.0
2234,-0.44877418458523943,0.7811864674362146,0.7811864674362143,2.220446049250313e-16
2235,-0.054538027960075675,3.1920511738081667,3.1920511738081667,0.0
2236,-0.8097517429686708,0.5398875336777907,0.5398875336777893,1.4432899320127035e-15
2237,-0.614277985504268,1.6087702832551913,1.6087702832551913,0.0
2238,0.2438362539018466,0.6588555528260361,0.6588555528260361,0.0
2239,-0.5449067771958405,2.45610580008238,2.456105800082379,3.6162058640565684e-16
2240,-0.40186478423888794,6.704215947287532,6.704215947287531,1.324805803815843e-16
2241,-0.8379843322982389,1.4897411399680738,1.4897411399680767,1.937638551142696e-15
2242,0.17544444324363684,0.9722582105356836,0.9722582105356836,0.0
2243,0.3705423563523442,0.7300876394464876,0.7300876394464877,1.1102230246251565e-16
2244,0.6606135606741752,0.2869414636071437,0.2869414636071437,0.0
2245,0.6540319175681173,-3.581921582904781,-3.5819215829047795,3.719421541522909e-16
2246,-0.8553203274410544,5.369129800837513,5.369129800837514,1.654231602971456e-16
2247,0.12049156609661393,-3.7332068519989763,-3.7332068519989767,1.1895649704282296e-16
2248,0.9585131326153744,0.5734178599577895,0.5734178599577877,1.7763568394002505e-15
2249,0.6175427433287524,1.5316718906399625,1.531671890639962,2.8993755944983325e-16
2250,0.027710484838739502,3.27036546321778,3.2703654632177805,1.357919213753909e-16
2251,0.6571019891365859,3.4955772322721614,3.4955772322721614,0.0
2252,0.22808509148675116,4.341719851985592,4.3417198519855935,4.0913667854177004e-16
2253,0.6492020401905141,-3.177519588210391,-3.1775195882103935,8.385582480708064e-16
2254,0.6034966803013353,4.1718670886087565,4.1718670886087565,0.0
2255,-0.9213067809988624,-0.4803119759073485,-0.48031197590734886,3.885780586188048e-16
2256,-0.28236323831526566,-6.336838994967684,-6.336838994967685,1.4016111509310244e-16
2257,-0.7233114620278942,5.865561836615,5.865561836615,0.0
2258,-0.7035209021600957,1.8589555582952144,1.8589555582952149,2.3889178408187546e-16
2259,0.3334178869219968,6.5952027172291405,6.59520271722914,1.3467037447990347e-16
2260,-0.8786451795175809,4.746165326751314,4.746165326751314,0.0
2261,0.16149763683558827,3.1129787085848237,3.1129787085848237,0.0
2262,-0.8615197611831982,2.077321772868853,2.0773217728688516,6.413390775326445e-16
2263,0.48305437692315234,1.1044577989625513,1.1044577989625513,0.0
2264,0.16493418897114465,4.312155587679907,4.312155587679907,0.0
2265,0.9248008947007917,-0.26153812525123366,-0.261538125251235,1.3322676295501878e-15
2266,-0.2664033079802782,1.9836492187074333,1.9836492187074333,0.0
2267,0.4456985525579633,1.9675114120837551,1.9675114120837551,0.0
2268,0.11781221425385868,0.4699754548225282,0.4699754548225282,0.0
2269,-0.9390717589254111,1.037472115828658,1.0374721158286588,8.560985940241028e-16
2270,0.1465316385484332,-0.046640335811522715,-0.04664033581152294,2.220446049250313e-16
2271,-0.6679684701175281,6.3175678555816415,6.3175678555816415,0.0
2272,0.8792857485760577,0.4010621857335883,0.4010621857335882,1.1102230246251565e-16
2273,0.6254204264534504,6.636822129447028,6.636822129447026,2.6765171715521844e-16
2274,-0.039449852939993924,2.0219989871501007,2.0219989871501003,2.1962879935760135e-16
2275,0.9740872165233059,0.6541119216519212,0.6541119216519231,1.887379141862766e-15
2276,0.9242073169195961,-0.08872098215948243,-0.08872098215948032,2.1094237467877974e-15
2277,-0.877597270864739,1.339402766538871,1.339402766538871,0.0
2278,-0.41490447760308413,13.868007309317216,13.868007309317216,0.0
2279,-0.7655157011455441,3.381419363589481,3.3814193635894814,1.3133218985847654e-16
2280,0.9406912700667145,0.24502926143728532,0.24502926143728554,2.220446049250313e-16
2281,-0.5750619906500527,2.3781847590096974,2.3781847590096974,0.0
2282,-0.6592378529672802,1.625770327057714,1.625770327057714,0.0
2283,0.9034024228837527,0.508332710062131,0.508332710062131,0.0
2284,-0.7714154257903919,1.819515876878358,1.8195158768783575,2.4406998339138526e-16
2285,0.009309673876336855,2.756433588785138,2.7564335887851383,1.6111007051172567e-16
2286,-0.182529684316855,1.190937850891905,1.190937850891905,0.0
2287,0.1658599822790796,-0.1060716231138063,-0.10607162311380625,5.551115123125783e-17
2288,0.6720963368650679,-0.004937484502867379,-0.004937484502867573,1.942890293094024e-16
2289,0.3470170466621274,1.670825873500747,1.670825873500747,0.0
2290,0.4685307976955595,2.961083733602429,2.9610837336024294,1.4997522859976252e-16
2291,0.5410843971776955,3.2365432731159074,3.236543273115908,1.372109600816571e-16
2292,0.04899119496286031,4.264697538589198,4.264697538589197,2.0826293345856902e-16
2293,-0.10719010588958533,1.4708381737734944,1.4708381737734944,0.0
2294,-0.7869571020178197,-5.6567260617980475,-5.656726061798045,4.710384116167411e-16
2295,-0.7725805492899265,1.8260734681103972,1.826073468110394,1.7023545455524372e-15
2296,0.8356163205150875,4.930775270950298,4.930775270950297,1.8012956804842343e-16
2297,0.5838323283667557,6.360162900457226,6.360162900457225,1.396471181007447e-16
2298,0.4689890605492055,2.2545777503585285,2.254577750358528,1.9697223117696538e-16
2299,-0.8596073222594565,-1.5103857896096817,-1.5103857896096806,7.350592360327116e-16
2300,0.5832117200562636,5.485518348942341,5.485518348942344,6.476532303434e-16
2301,0.6927648261069745,0.9807173502380253,0.9807173502380255,2.220446049250313e-16
2302,-0.8892059756488704,2.984267117500961,2.984267117500961,0.0
2303,0.23594856442527679,1.5844930206361771,1.5844930206361774,1.4013605742225356e-16
2304,-0.07261912467851284,-0.11094431940113547,-0.11094431940113525,2.220446049250313e-16
2305,-0.1301238290196084,1.509761337138705,1.509761337138705,0.0
2306,0.48656062102320896,5.934156085279654,5.934156085279654,0.0
2307,-0.6288855969223117,1.6445068437595318,1.6445068437595314,2.7004400227050657e-16
2308,0.5155171395996423,-1.699756072546533,-1.6997560725465337,3.918996528584884e-16
2309,-0.4827167625116484,0.610552441188124,0.610552441188124,0.0
2310,-0.16188817714164694,0.4533571271044055,0.45335712710440557,5.551115123125783e-17
2311,0.3207735709025976,2.7539879737894384,2.753987973789439,1.6125314056437356e-16
2312,-0.02835184484807285,3.0680024407048316,3.0680024407048316,0.0
2313,-0.7279837517301742,2.8326381712573436,2.8326381712573445,3.1355166668035225e-16
2314,0.2801854054155313,3.5940402877174646,3.594040287717465,1.2356266883477224e-16
2315,0.2132163255892945,5.726201007696769,5.726201007696769,0.0
2316,0.39067228118858344,8.02008982599024,8.02008982599024,0.0
2317,-0.3916467221713892,0.5331406731394301,0.5331406731394295,6.661338147750939e-16
2318,0.9312318053423956,1.2545428526201299,1.2545428526201303,3.5398488694314126e-16
2319,0.9788466841900998,0.47054960696700776,0.470549606967019,1.1213252548714081e-14
2320,0.8986778425842223,2.2679806502257533,2.2679806502257525,3.916164009652007e-16
2321,0.16099130860859123,3.7965851201428915,3.796585120142891,1.1697069756027189e-16
2322,0.6364893336947501,0.15352950104343477,0.1535295010434341,6.661338147750939e-16
2323,0.13256620824669385,-0.6860036472573406,-0.6860036472573406,0.0
2324,-0.08211251321951929,3.0761285124636046,3.0761285124636046,0.0
2325,0.4761306155953602,-0.4601159927598629,-0.4601159927598629,0.0
2326,0.7364015262798087,6.4957736458876685,6.4957736458876685,0.0
2327,-0.588027866816456,2.252707027451885,2.252707027451885,0.0
2328,0.9300813307297751,12.204061774730063,12.204061774730063,0.0
2329,-0.21178673775739376,2.3825964819582435,2.382596481958242,5.591662875516395e-16
2330,0.6289454821115985,1.4847595259031823,1.4847595259031823,0.0
2331,-0.5085100867911292,2.7477897142469763,2.7477897142469763,0.0
2332,-0.3804755709627883,-1.1644561916807086,-1.164456191680709,3.8137047406574393e-16
2333,-0.6036219592046728,3.6038945270960365,3.603894527096036,1.2322480763828096e-16
2334,-0.06701502183966446,8.395377331759782,8.395377331759782,0.0
2335,-0.1852623000904663,1.7749193028567254,1.774919302856725,2.5020247914105324e-16
2336,-0.2889970423049125,2.187279023183519,2.18727902318352,6.090981605131989e-16
2337,0.05090320041488683,-1.791805238989115,-1.791805238989115,0.0
2338,0.34727409853970737,5.689408701808809,5.689408701808809,0.0
2339,0.8367192501136342,7.187865390863389,7.18786539086339,1.2356636795523508e-16
2340,0.304493892099025,-2.664013644749741,-2.664013644749741,0.0
2341,-0.6165369712438853,4.618108544526208,4.618108544526208,0.0
2342,-0.5655920968017136,0.8471697743621627,0.8471697743621627,0.0
2343,-0.5521302664935455,1.1996554148019645,1.1996554148019642,1.850903202580766e-16
2344,-0.4016215937257941,4.84819650768403,4.84819650768403,0.0
2345,-0.18244323682301167,1.5282504605891418,1.528250460589142,1.4529333420873495e-16
2346,-0.514324187018688,2.0898515852148067,2.0898515852148063,2.1249796540189078e-16
2347,0.7806969405742892,0.08675875178169068,0.08675875178169057,1.1102230246251565e-16
2348,-0.6553614131962253,1.5531105011453419,1.5531105011453417,1.4296767986649013e-16
2349,-0.007854688699069357,3.8872777706783856,3.8872777706783856,0.0
2350,0.42739295501071606,2.9418406716037655,2.941840671603767,4.528687234526174e-16
2351,-0.21669452365727992,4.460276802632898,4.460276802632899,1.9913078470283149e-16
2352,-0.38272976186925034,0.3098815073904055,0.3098815073904055,0.0
2353,-0.349488544224148,0.26940657402329227,0.26940657402329227,0.0
2354,0.017071197556954187,0.5342682643795398,0.53426826437954,2.220446049250313e-16
2355,0.6989992910630045,4.058235251761769,4.0582352517617695,2.188582880488625e-16
2356,-0.16329312609613167,0.687217031033386,0.687217031033386,0.0
2357,-0.5569311580719662,-0.3176011908213152,-0.31760119082131455,6.661338147750939e-16
2358,0.8414212317437981,0.530635343905415,0.530635343905415,0.0
2359,-0.9408089850934503,-1.4572412896835776,-1.45724128968358,1.6761058525219951e-15
2360,0.24163307228052577,1.0617922691428694,1.0617922691428694,0.0
2361,-0.008328627099170705,0.37605089986841556,0.37605089986841556,0.0
2362,-0.3460097564436815,-1.0570821517146944,-1.057082151714694,4.201085120297461e-16
2363,0.7492043716784555,-1.8209296366903769,-1.8209296366903738,1.7071634215369826e-15
2364,-0.008196575792958294,0.5218176231108185,0.5218176231108186,1.1102230246251565e-16
2365,0.42968736718374845,-2.028130234512192,-2.02813023451219,8.758593551698133e-16
2366,0.12069503355673716,0.057519760144916776,0.05751976014491675,2.7755575615628914e-17
2367,-0.39191830992398446,2.2548985498069873,2.254898549806987,1.9694420837162512e-16
2368,0.47144451353301053,2.9925993128617985,2.992599312861799,1.4839581361307728e-16
2369,0.5407712277543484,2.2472273203433315,2.2472273203433324,3.9523301076832283e-16
2370,-0.27846016242748506,1.6669101195503209,1.6669101195503209,0.0
2371,-0.30296959590494554,1.6447094195417487,1.6447094195417489,1.3500537072797802e-16
2372,0.5235785934870327,0.595275922713421,0.5952759227134209,1.1102230246251565e-16
2373,-0.10022490865852107,4.236753095880393,4.236753095880393,0.0
2374,-0.6607189317016355,0.19232526640292924,0.19232526640292935,1.1102230246251565e-16
2375,0.9837379411298599,4.800155024041401,4.8001550240414,1.8503119487843957e-16
2376,-0.21713003062015435,5.889925610468942,5.889925610468941,1.5079620328675265e-16
2377,-0.9195626616306343,0.07665139501264362,0.07665139501264356,5.551115123125783e-17
2378,-0.7311433368889133,5.944713220975383,5.944713220975381,2.988128734507387e-16
2379,-0.7760470720737529,2.8751473043991655,2.8751473043991673,6.178315930743121e-16
2380,0.6563567569953541,0.8746037292081393,0.8746037292081393,0.0
2381,-0.06378849395054476,2.776104150319461,2.7761041503194614,1.5996849750718427e-16
2382,0.5503935186157249,2.5755935723107006,2.575593572310701,1.7242208344682534e-16
2383,-0.7171345783847387,4.77192012901592,4.77192012901592,0.0
2384,0.40183162661685645,0.15616230846972673,0.15616230846972667,5.551115123125783e-17
2385,0.6894980093493701,1.8231238725672925,1.8231238725672925,0.0
2386,0.6486093411697573,6.406033344996916,6.406033344996917,1.3864717397916585e-16
2387,-0.7132729385224837,-1.3612810758517928,-1.3612810758517928,0.0
2388,0.6511116440421483,1.479182380898781,1.4791823808987814,3.0022613545479434e-16
2389,-0.11696112685175664,-0.22950150423800175,-0.22950150423800197,2.220446049250313e-16
2390,0.2880215938414581,3.6193613483520837,3.6193613483520832,1.2269822410858728e-16
2391,-0.3340079772693212,2.5045142848348485,2.5045142848348485,0.0
2392,0.21423261608213084,-0.3818335453911548,-0.381833545391155,1.6653345369377348e-16
2393,0.9145236274246868,5.241803561431607,5.24180356143161,5.083241345985608e-16
2394,0.15100552135094203,0.6306487540195742,0.6306487540195742,0.0
2395,-0.004628242200767407,1.0863618367521053,1.086361836752105,2.0439286194816804e-16
2396,-0.09256999328852489,1.0882716278250588,1.0882716278250593,4.0806835214255035e-16
2397,0.3269948325326977,0.4016951535290938,0.401695153529094,2.220446049250313e-16
2398,-0.949080977701461,0.9443590635744448,0.9443590635744386,6.217248937900877e-15
2399,0.8841125828237411,0.6158017959210964,0.6158017959210977,1.3322676295501878e-15
2400,0.6795524939209974,1.3913434039727743,1.3913434039727746,1.595900798401142e-16
2401,-0.3036532099440761,1.6259510243616648,1.6259510243616648,0.0
2402,-0.09120811470730172,0.39870268711209544,0.3987026871120951,3.3306690738754696e-16
2403,0.49564940124682333,0.8074677152313773,0.8074677152313772,1.1102230246251565e-16
2404,0.8297415847072702,0.24212632273766846,0.24212632273766846,0.0
2405,0.0024352830387683877,1.4631214877329008,1.4631214877329008,0.0
2406,-0.09198418652362728,-0.08387303112417777,-0.08387303112417777,0.0
2407,-0.938398751633207,-0.3369495569926162,-0.3369495569926171,8.881784197001252e-16
2408,-0.15906183081577985,3.8412647261000856,3.8412647261000865,2.3122030972384054e-16
2409,0.6751047102693679,-2.5151543234683786,-2.5151543234683755,1.2359577461885794e-15
2410,-0.8442632211442775,3.0272811919120954,3.027281191912095,1.4669572520601113e-16
2411,-0.441774228733673,6.389934077278014,6.389934077278014,0.0
2412,0.9021009764551458,2.600809005419658,2.600809005419661,1.1952528857261631e-15
2413,0.6763000649200399,5.48401216041591,5.484012160415909,1.6195777721119522e-16
2414,-0.8289638511270538,1.6731981551656574,1.6731981551656565,5.308267983430749e-16
2415,0.4042676326328625,2.179132455350165,2.1791324553501648,2.0379174692191983e-16
2416,-0.2710568521553758,5.348360254709663,5.3483602547096645,3.3213111211721854e-16
2417,-0.9779046978246192,4.873563614389536,4.873563614389582,9.476695387342696e-15
2418,0.8530553554804285,10.981320458206033,10.981320458206035,1.6176167940466838e-16
2419,0.07372746929864582,-0.23363014343960886,-0.23363014343960886,0.0
2420,0.4010988785569576,7.512368594389211,7.512368594389211,0.0
2421,0.5108927088561857,1.0744210061108117,1.0744210061108115,2.0666443010900187e-16
2422,-0.0004493452980908197,-1.3267754508193152,-1.3267754508193148,3.347131645945265e-16
2423,0.5430473232700426,3.466540094910799,3.466540094910799,0.0
2424,-0.8579114997953441,6.951368728829933,6.951368728829962,4.216419671214539e-15
2425,0.96756222063153,-3.1868221006808186,-3.1868221006808,5.852773146551843e-15
2426,-0.7859084677985537,1.5891304986706745,1.589130498670675,2.794542111057262e-16
2427,0.26511739896971265,-0.3171203991456935,-0.3171203991456934,1.1102230246251565e-16
2428,-0.857632621437989,0.4645026349547786,0.4645026349547787,1.1102230246251565e-16
2429,0.603818430044047,9.853055361548083,9.853055361548083,0.0
2430,0.05635400300231774,2.312669323327313,2.312669323327312,3.840490340496556e-16
2431,0.6017305491073475,1.1795665057679101,1.1795665057679106,3.764850965829654e-16
2432,0.7004755026816536,0.4515233557977737,0.4515233557977738,1.1102230246251565e-16
2433,-0.6651305762067001,3.2925285937535387,3.292528593753539,1.3487785973751965e-16
2434,-0.6053906034148717,5.034985713291687,5.034985713291684,5.29204134992153e-16
2435,-0.26478828525359865,-1.597251827374312,-1.5972518273743121,1.390166541803528e-16
2436,-0.928801454833644,1.5193541540032651,1.519354154003267,1.1691525867881578e-15
2437,-0.9759058024284796,2.2157608040405408,2.2157608040405385,1.0021145085702521e-15
2438,0.10786232128954665,2.0638637611741872,2.0638637611741872,0.0
2439,-0.4884108902440851,6.3817213623872755,6.3817213623872755,0.0
2440,-0.5789619581975024,0.8275430988644392,0.8275430988644394,2.220446049250313e-16
2441,0.06984954634968066,2.4314493856673627,2.4314493856673627,0.0
2442,-0.48967580670000177,4.563342093461478,4.563342093461479,1.9463331950780973e-16
2443,0.3851337803062207,0.028011279327534333,0.02801127932753439,5.551115123125783e-17
2444,-0.6262040475161368,1.476811173539902,1.4768111735399017,3.0070818653517163e-16
2445,0.0025653876371418693,-0.46959011968845443,-0.4695901196884549,4.440892098500626e-16
2446,0.009152049143429042,5.130482998155036,5.130482998155036,0.0
2447,0.9872335001350698,11.186873541154728,11.186873541154682,4.128524172057387e-15
2448,0.7722149567029322,0.1439229253391736,0.14392292533917583,2.220446049250313e-15
2449,-0.8547429882057687,-0.8309855572476972,-0.8309855572476961,1.1102230246251565e-15
2450,0.38140947560447924,-1.458641121642429,-1.4586411216424287,3.044540588229258e-16
2451,0.5081396822969559,3.7884874224730725,3.7884874224730725,0.0
2452,0.751624225461692,1.2195436458808397,1.2195436458808397,0.0
2453,0.8172581835330082,0.09865805586199294,0.09865805586199317,2.220446049250313e-16
2454,0.4413829999128165,3.0313848417889036,3.031384841788904,1.4649714009521582e-16
2455,0.01655555313624335,0.07333037493480976,0.0733303749348102,4.440892098500626e-16
2456,0.2530002617834879,1.8272992110616375,1.8272992110616368,3.6454556032346703e-16
2457,0.7447220961112451,2.0365666052054445,2.03656660520544,2.180577883949265e-15
2458,0.9421565335408113,1.3913371421169807,1.3913371421169796,7.979539904583467e-16
2459,-0.1095823289556741,2.340380001193346,2.340380001193346,0.0
2460,-0.8524967005077428,2.8856051933918154,2.885605193391816,1.5389811844913842e-16
2461,-0.14616205937198878,4.834039351754832,4.834039351754832,0.0
2462,-0.5070607635614639,0.9571392700049648,0.9571392700049649,1.1102230246251565e-16
2463,-0.7826378551345713,2.649345329654951,2.6493453296549507,1.676222442122713e-16
2464,-0.9853098948228854,20.45668194218401,20.45668194218422,1.0246534977746789e-14
2465,-0.6481418728498949,1.3520997049599834,1.3520997049599837,1.6422206447534348e-16
2466,-0.8042336053362262,0.5942237775921835,0.5942237775921833,2.220446049250313e-16
2467,0.3828693461937265,0.22148914081928506,0.22148914081928517,1.1102230246251565e-16
2468,-0.6613341383931569,7.113742752664841,7.113742752664838,3.745616550587563e-16
2469,0.04726421871450559,1.059360808614752,1.059360808614752,0.0
2470,-0.8275405924956671,8.522883342413934,8.522883342413934,0.0
2471,0.7352847602486787,2.3288743195698443,2.3288743195698443,0.0
2472,-0.27206943910281833,5.916649335125933,5.916649335125932,1.5011510221286773e-16
2473,-0.020252503563841673,2.1065868211959518,2.1065868211959518,0.0
2474,-0.7421139654516219,4.9192677522654895,4.919267752265487,5.416528217788647e-16
2475,0.9361154329338663,1.0140180562437182,1.014018056243718,2.1897500104442235e-16
2476,-0.6277695078360533,0.017520364382794584,0.017520364382794473,1.1102230246251565e-16
2477,0.711547127037939,1.0572846431911291,1.0572846431911294,2.1001402635987356e-16
2478,0.7522544171737717,6.336084085922514,6.336084085922511,4.2053344352238466e-16
2479,0.7750522779173443,-2.983734224549962,-2.983734224549961,2.9767343632427237e-16
2480,0.6312673134883129,0.5481716113490931,0.5481716113490931,0.0
2481,0.7779316842086477,-0.26140881840923447,-0.261408818409234,4.440892098500626e-16
2482,-0.08401321206547141,0.5991461251784529,0.5991461251784529,0.0
2483,0.7296119319152661,4.291051185022722,4.291051185022722,0.0
2484,-0.5240993298487131,1.4230800633362675,1.423080063336268,3.120619993852913e-16
2485,-0.9466182846885305,0.6379119364697148,0.6379119364697163,1.5543122344752192e-15
2486,-0.7006619028863776,1.9069200010457303,1.90692000104573,2.328829786286419e-16
2487,0.9608410054621459,4.566107157108375,4.566107157108366,1.945154568520006e-15
2488,-0.6153761556150613,0.47774970811616035,0.47774970811616035,0.0
2489,0.6619538247490984,2.621831785613953,2.621831785613953,0.0
2490,-0.23558064778862686,-5.38689636996442,-5.38689636996442,0.0
2491,0.1476671144128101,0.7838828059977216,0.7838828059977216,0.0
2492,0.7010606837123332,0.49008690409555894,0.49008690409555894,0.0
2493,0.05717643860932342,3.631717354268747,3.631717354268747,0.0
2494,-0.17334398227566794,4.596036219006827,4.596036219006827,0.0
2495,0.20969694631015634,0.7902752402250734,0.7902752402250734,0.0
2496,-0.4932118303825654,6.172936651243555,6.172936651243556,1.438826396381695e-16
2497,0.6198337829968574,5.265514409711476,5.265514409711477,1.6867837605040245e-16
2498,0.018561206620029802,0.6968848919384238,0.6968848919384238,0.0
2499,-0.6542928428116046,1.2524846542384833,1.2524846542384833,0.0
2500,-0.28056326006284793,1.0598246199049797,1.05982461990498,2.0951070654023785e-16
2501,-0.39576607996596835,0.9330683840743634,0.9330683840743635,1.1102230246251565e-16
2502,-0.4043592825995179,0.9200943490564968,0.9200943490564972,4.440892098500626e-16
2503,0.4740531837965989,-0.7508495021745745,-0.7508495021745747,2.220446049250313e-16
2504,0.06010424654297841,1.7873402852871223,1.7873402852871225,1.2423185822690812e-16
2505,-0.6033239041655385,0.7326703350863107,0.7326703350863107,0.0
2506,0.3839304696174939,7.9554658078973866,7.955465807897388,2.2328759651469583e-16
2507,0.24394111048924527,1.8763328715721632,1.8763328715721632,0.0
2508,-0.07868480355577778,2.881798742053409,2.8817987420534092,1.5410139624588407e-16
2509,-0.8892691223524808,0.7505824026448469,0.7505824026448495,2.6645352591003757e-15
2510,0.0533533836633755,2.080027805508541,2.0800278055085406,2.1350157371645727e-16
2511,0.7071525313031497,6.164301416310771,6.16430141631077,1.4408419701054866e-16
2512,-0.19893326140942535,-1.548238610555747,-1.5482386105557482,7.17087803556738e-16
2513,0.32444898518634013,1.2281320064805208,1.228132006480521,1.8079864685014471e-16
2514,-0.799071734172338,2.8996525657774423,2.8996525657774432,3.06305117441541e-16
2515,0.4277283926487012,1.68672009731395,1.6867200973139505,2.6328565750610374e-16
2516,0.39444191166295606,2.2411450519223237,2.2411450519223233,1.981528190105985e-16
2517,0.3546782430521933,8.198976515853088,8.198976515853087,2.1665592479324523e-16
2518,-0.2737276128108136,1.2518966798075293,1.2518966798075288,3.54733115769856e-16
2519,0.19066487778692398,2.327821538614024,2.3278215386140246,1.9077459439372298e-16
2520,-0.33835593581709544,5.540514818502694,5.540514818502693,1.6030611753514858e-16
2521,0.8228475500451518,1.1895516953354002,1.1895516953354004,1.866624256816554e-16
2522,0.04677881897110314,5.4441227831565655,5.444122783156565,1.6314445046097014e-16
2523,0.04747335361123772,1.9921027424667557,1.9921027424667552,2.2292485241005265e-16
2524,-0.8061734529217095,2.433940699591097,2.4339406995910973,1.8245687330207749e-16
2525,0.12932857087825167,0.0013232198714553944,0.001323219871455339,5.551115123125783e-17
2526,0.058202167845988306,1.3942417802251292,1.3942417802251295,1.5925832095576536e-16
2527,0.21381444589800003,-0.4953216169539926,-0.4953216169539926,0.0
2528,-0.6440349154283999,2.2087255539135193,2.208725553913519,2.0106129032790216e-16
2529,0.22839114377726966,2.622404443514519,2.622404443514519,0.0
2530,0.4801754824018021,-0.5232262127768283,-0.5232262127768275,8.881784197001252e-16
2531,0.003363015602840802,7.806607947048253,7.806607947048251,2.275452861792434e-16
2532,-0.6323489490235188,5.874023799492543,5.874023799492543,0.0
2533,0.2944052755934561,2.6142868798964978,2.6142868798964978,0.0
2534,-0.814456816631234,3.449381345664817,3.4493813456648175,1.2874459659503697e-16
2535,-0.8322697827883558,3.5194312713472793,3.5194312713472784,2.523641893311132e-16
2536,-0.969644272133478,1.8401728884799164,1.8401728884799162,1.2066507789300835e-16
2537,0.8129349354090223,0.19905215955618544,0.1990521595561855,5.551115123125783e-17
2538,-0.4721686246201572,4.398886865214884,4.398886865214885,2.0190981193982994e-16
2539,0.11391970351497616,4.313027523092996,4.313027523092996,0.0
2540,0.8256545047022468,1.690596711886346,1.690596711886346,0.0
2541,0.8605827601087987,0.5933467180040849,0.5933467180040841,7.771561172376096e-16
2542,-0.47644638644250736,6.114010611496499,6.114010611496499,0.0
2543,0.7435971937477974,-1.0284056703663895,-1.0284056703663929,3.2386724128901913e-15
2544,-0.960672474747842,3.2759551450872104,3.2759551450872095,2.7112044590478685e-16
2545,0.6412315820895576,3.0158624328769377,3.0158624328769377,0.0
2546,0.8442286771533338,-1.564288716784977,-1.5642887167849757,8.516763019862131e-16
2547,0.4082093061291332,0.9490310791518743,0.9490310791518746,2.220446049250313e-16
2548,-0.40503435880379035,1.7382080898993681,1.738208089899368,1.277433963259752e-16
2549,-0.11362676396172977,-4.609271074227365,-4.6092710742273635,3.853878001085051e-16
2550,0.6129943777432836,0.09796764861763262,0.09796764861763262,0.0
2551,0.13532838235521893,-1.9159851093630702,-1.9159851093630704,1.158905692115976e-16
2552,0.18466141042134598,1.1220826229772698,1.12208262297727,1.9788614526073924e-16
2553,0.18064574398152033,2.622506075834033,2.622506075834033,0.0
2554,0.9047007351696115,8.166880604578157,8.166880604578152,6.525221533437629e-16
2555,0.7051722823178723,-0.3489899219830672,-0.34898992198306455,2.6645352591003757e-15
2556,0.33728422897977794,1.3561910624360725,1.3561910624360727,1.6372663931745823e-16
2557,0.21230882898260717,0.788323178450153,0.7883231784501527,3.3306690738754696e-16
2558,-0.35349767204569793,1.2603401513611086,1.2603401513611092,5.285349467409258e-16
2559,0.8895186410879641,3.395983986223017,3.395983986223018,3.9230680561362836e-16
2560,0.5365257997031161,1.3576798335598448,1.357679833559845,1.635471039905108e-16
2561,0.2383020972160348,-3.3327246687908674,-3.332724668790868,1.332510945199625e-16
2562,-0.7288117217469741,0.725690973328504,0.7256909733285037,2.220446049250313e-16
2563,0.46757956155275293,1.8665980215010811,1.866598021501081,1.1895684146630962e-16
2564,0.17465162578073734,5.799015563070285,5.799015563070285,0.0
2565,-0.47340986614112246,2.563152160660203,2.563152160660203,0.0
2566,0.5211089658773891,8.977870182912138,8.977870182912138,0.0
2567,-0.6444261045510453,0.25969856360274257,0.2596985636027427,1.1102230246251565e-16
2568,0.932800259106553,1.337188551053637,1.337188551053637,0.0
2569,-0.1305827319053635,2.4829392214049886,2.4829392214049886,0.0
2570,-0.6795843234720929,2.4058566619257924,2.4058566619257924,0.0
2571,0.4830972087846326,3.297042452723998,3.297042452723998,0.0
2572,0.4084261081840712,3.554848870071952,3.5548488700719516,1.2492491975926785e-16
2573,-0.7813464735485978,0.7207902483210857,0.7207902483210857,0.0
2574,-0.8522229157133427,2.636377598873936,2.6363775988739357,1.6844673920751884e-16
2575,-0.6900036482522001,-1.4139648082938852,-1.4139648082938834,1.2562949438208678e-15
2576,0.521327906166678,6.719878313434248,6.719878313434249,1.3217180107629279e-16
2577,0.1728935984122033,0.3982846595257043,0.3982846595257043,0.0
2578,0.49285929782289295,3.0930826220765115,3.093082622076512,1.4357495874194514e-16
2579,-0.23012647652127172,1.203191264540541,1.203191264540541,0.0
2580,0.868927363632175,3.5371849769353347,3.537184976935338,8.788413637456396e-16
2581,-0.837650909211603,0.8983933590550479,0.8983933590550484,4.440892098500626e-16
2582,-0.9015982325030577,4.534715518167259,4.534715518167275,3.5255158764763292e-15
2583,-0.5099249926424576,1.4568574370535698,1.4568574370535698,0.0
2584,-0.38874132810629924,0.8262196655173474,0.8262196655173474,0.0
2585,0.3017275981106986,2.5776616865103668,2.5776616865103668,0.0
2586,-0.0012456774858113917,3.66587599496957,3.6658759949695696,1.2114136169893791e-16
2587,0.39727645787912724,0.12716826998069797,0.12716826998069797,0.0
2588,-0.15397576989438078,6.000049748094167,6.000049748094165,2.960570185213024e-16
2589,0.47522132048304777,-0.4784622728352623,-0.47846227283526166,6.661338147750939e-16
2590,0.6252569407664221,3.4704774689043316,3.4704774689043303,3.8388597577347175e-16
2591,-0.7793043283303651,-2.0736902323073325,-2.073690232307333,2.1415407322237225e-16
2592,-0.2544640721593484,0.4455632186092151,0.4455632186092151,0.0
2593,0.4113835036601621,6.3214629845520705,6.3214629845520705,0.0
2594,-0.9695719118994169,3.4256384413326115,3.425638441332609,7.778215082336131e-16
2595,-0.9354846042562045,5.633957564002914,5.6339575640029125,3.1529467860211445e-16
2596,0.8626762599676523,1.0144331808341986,1.0144331808341986,0.0
2597,0.7759073039647046,-7.655320325265155,-7.655320325265144,1.3922527841488254e-15
2598,0.9654706019440356,0.7393632449781294,0.7393632449781293,1.1102230246251565e-16
2599,-0.845166666230239,1.1690132422784396,1.16901324227844,3.798838146474032e-16
2600,-0.004967092872447898,2.0681248779209565,2.0681248779209565,0.0
2601,0.29699009055337977,0.9423823230156951,0.9423823230156951,0.0
2602,0.17485564441038415,0.2775165355180431,0.27751653551804356,4.440892098500626e-16
2603,-0.9770187996917005,-0.3142041239036616,-0.31420412390365726,4.3298697960381105e-15
2604,0.8790658220399896,0.628933175345851,0.6289331753458525,1.4432899320127035e-15
2605,-0.2822366507986823,1.8265661603164758,1.8265661603164758,0.0
2606,0.6949492813235099,6.138615879147204,6.138615879147204,0.0
2607,0.31096558565116705,1.9446564667536061,1.944656466753606,1.141819178457318e-16
2608,0.9020654146846603,0.3315487107800201,0.33154871078002,5.551115123125783e-17
2609,0.901723531618577,8.24116753590307,8.24116753590307,0.0
2610,-0.5619835081029636,0.6335883143099657,0.6335883143099657,0.0
2611,0.18221024338675162,3.390009879654305,3.390009879654305,0.0
2612,-0.17434114587554117,-0.2770576305280348,-0.2770576305280352,4.440892098500626e-16
2613,0.475785724415698,2.0704370997153654,2.070437099715366,2.1449055849661604e-16
2614,-0.03353108784434855,3.6802587320032822,3.680258732003282,1.206679318462837e-16
2615,0.5944629289992074,2.928848633910338,2.9288486339103375,1.516258657782373e-16
2616,0.7094922738082816,5.24790998794091,5.247909987940911,1.692442175534749e-16
2617,-0.6059620644837723,1.68757740637002,1.68757740637002,0.0
2618,-0.5080936827148503,-2.151365983605296,-2.1513659836052965,2.0642197247436732e-16
2619,-0.4803383358756922,0.7158471096276613,0.7158471096276613,0.0
2620,0.6933543561289166,3.5654168258892978,3.565416825889301,8.718824812790508e-16
2621,0.5396071804415281,5.322189245724495,5.322189245724495,0.0
2622,0.48118185251807555,-1.919190870263769,-1.919190870263769,0.0
2623,0.04723764609722414,4.498307630455869,4.498307630455869,0.0
2624,-0.27131321882665205,6.009558078520832,6.009558078520832,0.0
2625,0.00022527526493310024,0.9581894111301309,0.9581894111301307,2.220446049250313e-16
2626,0.2961548621540646,0.7627749867070567,0.7627749867070568,1.1102230246251565e-16
2627,0.9173966923871177,0.531996483314711,0.5319964833147113,2.220446049250313e-16
2628,-0.6333263785982339,1.5858338217561585,1.5858338217561585,0.0
2629,-0.605983205633233,2.3087216990016226,2.3087216990016226,0.0
2630,0.6566541520755254,0.31436463326889086,0.31436463326889086,0.0
2631,0.6025692497704664,0.6762341635503525,0.6762341635503525,0.0
2632,-0.801371378004159,1.5017875026174747,1.501787502617474,4.435606326554757e-16
2633,-0.9142396964344581,0.26659619133917456,0.26659619133918255,7.993605777301127e-15
2634,-0.4182788935680355,3.3859941177589907,3.3859941177589907,0.0
2635,-0.7209292811038468,1.0679273456208818,1.0679273456208815,2.0792107799799518e-16
2636,0.6934212929225521,1.4659458370556264,1.4659458370556262,1.5146849174933443e-16
2637,0.20412749691849918,2.0601413534599633,2.0601413534599633,0.0
2638,-0.6185821593388257,0.07816339678812312,0.0781633967881229,2.220446049250313e-16
2639,-0.8138372716962321,-1.0931284935480576,-1.0931284935480594,1.6250210747270726e-15
2640,0.4272464608825266,0.405159758732862,0.405159758732862,0.0
2641,0.7274018012276939,-1.2028315474791293,-1.2028315474791285,7.384063226156248e-16
2642,0.37501869254927644,3.577467158855097,3.5774671588550966,1.2413509059079253e-16
2643,0.018286005471823685,16.462727422375853,16.462727422375853,0.0
2644,0.9431320065099256,0.7948498311602179,0.7948498311602175,4.440892098500626e-16
2645,0.8191117026555452,3.0338656264138066,3.0338656264138013,1.7565281968338199e-15
2646,-0.40828097836722854,-1.2143164785182639,-1.2143164785182634,3.6571126037254326e-16
2647,0.4392430933264788,1.4445433961007925,1.4445433961007925,0.0
2648,0.14334463405724396,6.683980395512126,6.683980395512126,0.0
2649,-0.6549081575587741,1.3175680750810979,1.3175680750810979,0.0
2650,-0.6023308706437531,1.8148162949725708,1.8148162949725706,1.2235100904710981e-16
2651,-0.5836099265707733,3.2001093259162197,3.200109325916219,1.3877313698428597e-16
2652,-0.5434778579345664,2.032212967418889,2.032212967418889,0.0
2653,0.8983666293322632,3.6403495095427543,3.6403495095427543,0.0
2654,0.9406329917261462,3.0194835450317266,3.0194835450317257,2.9414911737523407e-16
2655,0.032540415126752764,1.790688317309508,1.7906883173095078,1.2399958316512121e-16
2656,-0.2337974761058247,2.0946648103753667,2.094664810375367,2.1200967699002938e-16
2657,-0.4407996511604817,0.020715831721853983,0.020715831721853872,1.1102230246251565e-16
2658,0.5449700802482189,1.5938791632856453,1.5938791632856462,5.572432591873662e-16
2659,-0.1303090601089748,-0.9164492929275556,-0.9164492929275554,2.220446049250313e-16
2660,-0.44886720794919877,1.470176255877007,1.4701762558770106,2.4165222806439583e-15
2661,-0.6221182949221338,6.6424879018063265,6.642487901806327,1.3371171055631102e-16
2662,-0.17973089140421417,2.6279293539772612,2.6279293539772612,0.0
2663,-0.5998674080509865,1.8173257476663505,1.8173257476663505,0.0
2664,-0.21919785314183982,6.5363572517831425,6.536357251783142,1.358827838637227e-16
2665,0.522533698669966,4.113281880921851,4.113281880921851,0.0
2666,-0.5621235947937273,-0.3514210726950675,-0.3514210726950697,2.220446049250313e-15
2667,-0.23017719899175249,1.695969085802431,1.6959690858024308,1.3092491295026942e-16
2668,0.5567023237078563,3.622514313181414,3.6225143131814135,1.225914300004652e-16
2669,-0.9074775023887502,3.249666170897984,3.2496661708979815,8.199412244132392e-16
2670,-0.4972505088565866,-0.9758972207296843,-0.9758972207296841,2.220446049250313e-16
2671,-0.92107166888595,1.143551988757649,1.1435519887576495,3.883419505330226e-16
2672,-0.7310376842582891,2.7285131602591366,2.7285131602591366,0.0
2673,-0.46750430978080637,3.926765389689429,3.9267653896894297,2.2618576144941832e-16
2674,-0.5519243931598209,-0.34436680367708283,-0.3443668036770835,6.661338147750939e-16
2675,0.48805063043400376,2.057508513456651,2.0575085134566513,2.1583833405577743e-16
2676,-0.03865940268308843,0.09601849007111984,0.09601849007112007,2.220446049250313e-16
2677,-0.5074978254051105,2.2083231559150356,2.2083231559150356,0.0
2678,-0.7573500763251586,9.90584723038895,9.905847230388952,1.7932406972225256e-16
2679,-0.5476937811579401,-0.4406580505272988,-0.4406580505272988,0.0
2680,0.4334633861151471,5.594954950884388,5.594954950884388,0.0
2681,-0.9725479405493145,2.3630733266471746,2.3630733266471733,5.637859877333827e-16
2682,0.6686893389738846,0.5314154244540679,0.5314154244540679,0.0
2683,0.8761484261678425,5.368173315827707,5.368173315827707,0.0
2684,-0.46598744694723393,1.4633178443575305,1.4633178443575303,1.517405161026516e-16
2685,-0.22655905968440826,-3.5022299227345783,-3.5022299227345806,6.340092164812998e-16
2686,-0.7385149656602744,11.471950824114739,11.471950824114757,1.5484348448096904e-15
2687,0.44370372094859234,3.226590873453523,3.226590873453523,0.0
2688,0.2738026009775023,2.839135236509311,2.839135236509311,0.0
2689,-0.6197882826644694,0.45670976675575126,0.4567097667557509,3.3306690738754696e-16
2690,-0.1670878398751604,2.9440167025661004,2.9440167025661004,0.0
2691,0.3053077715207837,4.833133930645095,4.833133930645096,1.8376863386063397e-16
2692,0.5195062784433131,0.6519061601941329,0.6519061601941336,6.661338147750939e-16
2693,-0.7931425522845823,-2.308274740184313,-2.3082747401843133,1.923901007618368e-16
2694,-0.04870791004118946,1.8834802718573511,1.8834802718573505,3.536717770439938e-16
2695,-0.4607566513894459,4.402455563212186,4.402455563212186,0.0
2696,-0.6879140057306611,3.151881058600241,3.1518810586002406,1.4089656354205314e-16
2697,0.5021517082247142,4.0723534692893,4.072353469289302,4.3619908065354088e-16
2698,-0.001448978835464354,-2.3298181764452304,-2.3298181764452304,0.0
2699,-0.06476428531863732,11.71110991467229,11.711109914672289,1.5168133954363606e-16
2700,0.7699600924392944,1.661905185448426,1.6619051854484264,2.6721693496024303e-16
2701,0.24616823007775746,3.113616995113308,3.1136169951133086,1.4262807870943733e-16
2702,-0.06889099925181674,1.4317688459569993,1.4317688459569993,0.0
2703,0.8433781679611083,1.3659683935021183,1.3659683935021183,0.0
2704,-0.05969989373196605,1.4477758845416533,1.4477758845416535,1.533694595246886e-16
2705,-0.10552710237962526,7.430103766956865,7.430103766956865,0.0
2706,-0.20521543287483235,1.7879874496395682,1.7879874496395682,0.0
2707,0.2211214462043236,4.676651086497288,4.676651086497288,0.0
2708,-0.5502615638728385,2.13524439036409,2.13524439036409,0.0
2709,0.919489634369764,4.3959959398649024,4.395995939864902,2.0204259327123507e-16
2710,0.18234846196394106,0.8873200620010283,0.887320062001028,3.3306690738754696e-16
2711,0.7023615691837406,3.269928422349713,3.269928422349713,0.0
2712,-0.39771896693310826,1.4355497103060735,1.4355497103060737,1.546756641939548e-16
2713,-0.1754131762453197,0.7606475070115961,0.760647507011596,1.1102230246251565e-16
2714,0.9629034529153526,1.9560204639982164,1.9560204639982204,2.0433338823464416e-15
2715,-0.4806373852450797,2.208791036287712,2.208791036287712,0.0
2716,-0.507583948972461,0.6051410265343098,0.6051410265343097,1.1102230246251565e-16
2717,-0.39712528389709256,0.7945475373497755,0.7945475373497753,1.1102230246251565e-16
2718,0.5273457998201792,0.3528747028034286,0.3528747028034287,1.1102230246251565e-16
2719,-0.05857268468044441,1.3725452000386005,1.3725452000386003,1.6177580521121394e-16
2720,0.8056979620851952,3.2851219031149053,3.2851219031149057,1.351819576098481e-16
2721,-0.8070218296804379,1.6761357688086393,1.6761357688086385,5.298964655658074e-16
2722,-0.24912534175473633,4.541350021412116,4.541350021412114,3.911517128221486e-16
2723,-0.25299544480417935,3.60498767105458,3.6049876710545803,1.2318744205861643e-16
2724,0.18893971668060283,3.222279315903333,3.222279315903334,2.7563669459583563e-16
2725,-0.9040212419902864,3.1118818176386016,3.1118818176386016,0.0
2726,-0.7455332430181622,1.0005674483614522,1.0005674483614522,0.0
2727,0.9877164272662746,8.996642746720013,8.99664274672017,1.7375303907028297e-14
2728,-0.8649075041439073,3.901484746490297,3.901484746490297,0.0
2729,-0.6856122376121794,1.8664669169210488,1.8664669169210488,0.0
2730,0.659353835551532,4.5772912641532155,4.577291264153213,5.821205392734182e-16
2731,-0.13707948728039032,6.038673916872844,6.038673916872844,0.0
2732,0.48411161520633383,0.12631940408742004,0.12631940408742048,4.440892098500626e-16
2733,-0.2646730212530979,2.601713991234178,2.6017139912341785,1.7069101805437097e-16
2734,0.9662790849412648,0.7808511323063163,0.7808511323063165,2.220446049250313e-16
2735,-0.7703927761828864,0.4396143804765934,0.4396143804765936,2.220446049250313e-16
2736,-0.011685512504390538,1.9749007212115435,1.9749007212115433,1.1243329983130163e-16
2737,0.45348483607016155,0.5854604963814586,0.5854604963814585,1.1102230246251565e-16
2738,0.03461208144542094,4.500399079732775,4.500399079732774,1.9735547980621833e-16
2739,-0.4471822539388832,5.3795162684322815,5.3795162684322815,0.0
2740,-0.2821529568532002,0.3245925173119381,0.3245925173119381,0.0
2741,0.19122421441393667,6.18140993668611,6.181409936686111,1.4368540976854916e-16
2742,-0.07785143456625843,0.8903359699427489,0.8903359699427489,0.0
2743,0.09314975630137634,-0.14277489828611256,-0.14277489828611245,1.1102230246251565e-16
2744,-0.24970265215834986,-1.4681213104171098,-1.4681213104171105,4.53732133747066e-16
2745,0.8057045642591916,2.209090038603527,2.2090900386035246,1.0051405829768555e-15
2746,0.323577917293407,2.0190484884610695,2.019048488461069,2.1994974978959024e-16
2747,0.4735073798924643,0.7693615378063543,0.7693615378063541,2.220446049250313e-16
2748,0.3065271065667863,-0.05352346259620622,-0.05352346259620622,0.0
2749,0.5660948897216183,0.029101732886519738,0.029101732886520182,4.440892098500626e-16
2750,0.16753810090775656,0.8638443946261225,0.8638443946261226,1.1102230246251565e-16
2751,0.2308055846295043,0.3348166653655764,0.3348166653655755,8.881784197001252e-16
2752,0.7608046815327967,2.9361352666571294,2.9361352666571285,3.024991490638443e-16
2753,-0.11406144637185767,3.584744664547578,3.5847446645475776,1.238830799420717e-16
2754,0.9775949323891724,3.387801951720883,3.387801951720882,2.6216952240934925e-16
2755,0.11086895177035294,0.2596271657325753,0.25962716573257527,5.551115123125783e-17
2756,-0.3491614431770671,2.6708063616796354,2.670806361679636,1.6627533026047634e-16
2757,-0.28698674240315714,3.009887939941998,3.009887939941998,0.0
2758,-0.05196938842675025,-0.6925041182151352,-0.6925041182151354,1.1102230246251565e-16
2759,-0.3194771056104887,-0.30829447328733695,-0.30829447328733606,8.881784197001252e-16
2760,-0.9315237521487109,1.0638797281729744,1.0638797281729744,0.0
2761,0.753531032911227,2.399367742651134,2.399367742651135,3.7017185982451776e-16
2762,-0.025759253125532622,6.296650265537025,6.296650265537025,0.0
2763,-0.8244547773617612,0.19483255093754392,0.19483255093754792,3.9968028886505635e-15
2764,-0.20004701467685937,2.163821900045848,2.1638219000458485,2.05233716250239e-16
2765,-0.035540635691950984,-0.5293830026074451,-0.5293830026074451,0.0
2766,0.11504696067517473,2.041741533547114,2.0417415335471145,2.1750510657367449e-16
2767,-0.6546501048956339,3.8807684912405533,3.8807684912405533,0.0
2768,-0.19715961981449992,3.8820033450117766,3.8820033450117766,0.0
2769,-0.7413041522818596,5.941555478182167,5.941555478182167,0.0
2770,-0.04984484485028706,-0.23665557321350605,-0.23665557321350605,0.0
2771,-0.3168636048191432,1.5495460534097332,1.549546053409733,1.432965509069113e-16
2772,-0.4653883961236811,1.3292496678498191,1.329249667849819,1.6704507083624736e-16
2773,-0.6186161098725451,3.0062372416865624,3.006237241686562,1.477226094108658e-16
2774,0.4696560965696859,3.6508092204693168,3.6508092204693163,1.2164130827766845e-16
2775,0.28247985084103533,11.242405721367968,11.24240572136797,1.58005046555472e-16
2776,-0.319190097465364,0.5657643382293674,0.5657643382293674,0.0
2777,0.47464282482301856,1.3984364584673088,1.3984364584673092,3.175612357366497e-16
2778,-0.571464000758022,0.38562193870597283,0.3856219387059729,5.551115123125783e-17
2779,-0.12094375268228019,1.9903617767747814,1.99036177677478,6.693595330739413e-16
2780,0.2858178962297371,4.397050099010996,4.397050099010996,0.0
2781,-0.590933744280342,3.0050568250672263,3.0050568250672276,4.4334190902376153e-16
2782,0.4430180417213663,3.11771309503052,3.1177130950305205,1.4244069172301927e-16
2783,-0.36524620627122406,2.053089644196731,2.053089644196731,0.0
2784,-0.1414761132752751,6.102319153542106,6.102319153542106,0.0
2785,-0.9762702059070673,0.7638013752435207,0.7638013752435029,1.7763568394002505e-14
2786,-0.4259837358908659,4.334151452780624,4.334151452780624,0.0
2787,-0.1312512436379305,-0.8663672857868434,-0.8663672857868437,3.3306690738754696e-16
2788,0.40693316596886153,-1.3786825592959502,-1.37868255929595,1.6105564216205252e-16
2789,0.7033552514395833,1.6487384522527244,1.6487384522527249,2.6935091447845424e-16
2790,-0.04662492793263573,1.205517808350599,1.2055178083505993,1.841902321035264e-16
2791,0.04610897472880482,1.668027369467941,1.6680273694679417,3.993542473991742e-16
2792,-0.4946389936906986,0.7850079491019766,0.7850079491019772,6.661338147750939e-16
2793,0.9358316879815558,0.33201526065367615,0.3320152606536766,4.440892098500626e-16
2794,0.18898716795784143,-0.9114877428483363,-0.9114877428483363,0.0
2795,0.7313743637784365,0.7223816061602848,0.7223816061602849,1.1102230246251565e-16
2796,-0.9680015134930158,-1.013158055732596,-1.0131580557325925,3.5065739829029917e-15
2797,0.25387163864436646,2.8811318372445727,2.881131837244573,1.5413706658934985e-16
2798,-0.9688004927860578,1.4477886626499539,1.4477886626499554,1.0735767412560687e-15
2799,-0.4761066176624268,3.326793336772541,3.32679333677254,2.6697733516617645e-16
2800,-0.22483832833445416,2.7211389791972005,2.7211389791972,1.6319975320815083e-16
2801,0.8552751179307487,-0.7142122565527584,-0.7142122565527593,8.881784197001252e-16
2802,0.8858307186093841,2.308169679537094,2.3081696795370936,1.9239885775604035e-16
2803,-0.6377775620467119,-0.17020877463987305,-0.17020877463987333,2.7755575615628914e-16
2804,-0.5418842097377482,4.29594060444469,4.295940604444688,4.1349660131762213e-16
2805,-0.4107595627996695,3.062968088648454,3.062968088648454,0.0
2806,0.546445399184357,2.818954053035131,2.8189540530351316,1.5753687413667404e-16
2807,-0.7564485316966572,2.4333159095720616,2.4333159095720616,0.0
2808,0.3786294348100545,0.8586970547062152,0.8586970547062153,1.1102230246251565e-16
2809,0.6434947172941927,5.458246767076478,5.458246767076478,0.0
2810,-0.2865740513550791,4.791057035271551,4.7910570352715505,1.8538256029126658e-16
2811,-0.932415493474558,0.8546416827151284,0.8546416827151282,2.220446049250313e-16
2812,-0.34426863845065014,0.2633391110891081,0.263339111089108,1.1102230246251565e-16
2813,0.3443884173021001,0.14905836219418966,0.1490583621941897,2.7755575615628914e-17
2814,0.23479787089440318,4.096475099032035,4.096475099032034,2.1681528588077952e-16
2815,0.9325262470510347,2.8746047288744645,2.8746047288744627,6.179482074726055e-16
2816,-0.10272707496963962,-0.8667470086857212,-0.8667470086857205,6.661338147750939e-16
2817,0.37867244791228205,2.0154989060807593,2.0154989060807593,0.0
2818,-0.504661244364958,9.585754240930076,9.585754240930077,1.8531216164664536e-16
2819,-0.7842881338400607,-0.6499237876368658,-0.649923787636866,2.220446049250313e-16
2820,0.053997111217855664,3.0286355103537064,3.0286355103537077,4.3989038132706694e-16
2821,0.7606455224131141,6.189194661392344,6.189194661392345,1.4350468328949235e-16
2822,0.8057972328926672,0.7573194359952874,0.7573194359952874,0.0
2823,-0.921315023084979,3.011984523176376,3.0119845231763662,3.2436961549849463e-15
2824,0.15200214396471967,5.021036440876245,5.021036440876245,0.0
2825,-0.5817853520697192,-0.7355551640914602,-0.7355551640914597,4.440892098500626e-16
2826,-0.0005892650914760544,0.22091156816059443,0.22091156816059448,5.551115123125783e-17
2827,-0.4625537727032327,0.08745292858970499,0.08745292858970477,2.220446049250313e-16
2828,-0.8594049965361277,3.2484048817482916,3.2484048817482916,0.0
2829,0.9556203606270408,-0.19421918002071675,-0.1942191800207187,1.942890293094024e-15
2830,0.9713953287064994,1.8943679032139902,1.8943679032139897,2.344260632248992e-16
2831,0.9516286320074387,0.53681210062663,0.5368121006266298,2.220446049250313e-16
2832,-0.7969341980556773,0.42954873251888304,0.4295487325188831,5.551115123125783e-17
2833,0.014670313970301718,0.9768327184120842,0.9768327184120842,0.0
2834,-0.3492703257435348,3.5496503200749716,3.5496503200749716,0.0
2835,-0.15033056898876174,6.983821654815209,6.98382165481521,1.2717656085729846e-16
2836,0.2655446003295101,4.134364482471751,4.134364482471751,0.0
2837,0.09706335717789671,2.176653421936994,2.176653421936994,0.0
2838,0.17357417537922704,0.3959381290332971,0.39593812903329706,5.551115123125783e-17
2839,-0.285155588627223,5.450257909109893,5.450257909109894,1.62960805619046e-16
2840,0.6169733520522322,10.321719456265019,10.321719456265019,0.0
2841,-0.6295638419215976,3.0492071650147565,3.049207165014757,1.4564087837171058e-16
2842,-0.8052237906928786,1.989038420728544,1.9890384207285443,1.1163414573143385e-16
2843,-0.21228240474296112,1.5754869808906105,1.5754869808906102,1.4093712459592097e-16
2844,0.6385357591572414,3.0370837759751437,3.0370837759751437,0.0
2845,-0.4427331506610107,1.5496050633145342,1.5496050633145344,1.432910940869592e-16
2846,0.07783334718186063,4.443166682377507,4.443166682377506,1.9989761429001066e-16
2847,-0.9091142946214251,-2.561795213574062,-2.561795213574066,1.5601570599682967e-15
2848,-0.032035981273843994,1.3212338262832226,1.3212338262832233,5.04175567960595e-16
2849,-0.7752581393030118,1.3924511190950624,1.3924511190950635,7.973156180496142e-16
2850,-0.07077505988049027,3.4757023906741096,3.475702390674109,1.2776963040380793e-16
2851,-0.6351455609149246,-1.6638381103676319,-1.663838110367632,1.3345325097522238e-16
2852,-0.6287024398527774,2.3316075132147236,2.331607513214723,1.904648219449983e-16
2853,0.21529108230840577,1.0159641450290584,1.0159641450290584,0.0
2854,-0.8173761357671374,-4.1576900951484586,-4.157690095148453,1.2817382720321454e-15
2855,0.06357191402092854,4.905420029278986,4.905420029278986,0.0
2856,0.08540650007895323,3.78319687658694,3.7831968765869406,1.1738464170299894e-16
2857,0.4772957174705925,1.7997047201951533,1.7997047201951535,1.2337835336729774e-16
2858,0.9483070938397269,7.309538972369689,7.309538972369687,2.430189983410638e-16
2859,0.511356131577549,2.842034491892148,2.8420344918921465,4.687725055240977e-16
2860,-0.8413280807717531,2.8701192117007985,2.8701192117007963,7.736424466963179e-16
2861,0.10613560755483809,2.4107277242763194,2.4107277242763194,0.0
2862,-0.006162397399879005,0.5338388034837502,0.53383880348375,2.220446049250313e-16
2863,-0.0585471388689659,2.787051675980906,2.787051675980906,0.0
2864,0.3529440786981186,13.428358370249416,13.428358370249416,0.0
2865,-0.147048072744551,2.7424649442335403,2.74246494423354,1.6193067874352572e-16
2866,0.1901214995066931,3.3460462885758586,3.3460462885758586,0.0
2867,-0.3772458427200369,1.1333947596643523,1.1333947596643519,3.9182218380961705e-16
2868,0.8039737242271163,4.065043002400627,4.065043002400627,0.0
2869,-0.8328144040780026,6.518861832232316,6.518861832232316,0.0
2870,0.38329986390955284,2.3855248900387904,2.3855248900387926,9.307997826902603e-16
2871,0.5739215037630565,1.3946424192006868,1.3946424192006859,6.368502832497868e-16
2872,0.9335471430208546,0.43202620360054356,0.43202620360054356,0.0
2873,-0.8855379697031627,5.132805897060863,5.132805897060864,1.7303954942241476e-16
2874,-0.41782254949132125,1.6494247742405779,1.6494247742405779,0.0
2875,-0.7497420742560269,0.8673742171358164,0.8673742171358163,1.1102230246251565e-16
2876,0.41266979896540557,-0.6709199050872816,-0.6709199050872814,2.220446049250313e-16
2877,-0.7005632319522168,0.980503322508127,0.9805033225081274,4.440892098500626e-16
2878,0.41943680051226573,1.3425709026209223,1.3425709026209225,1.653876190013974e-16
2879,-0.7344868313356218,2.959909930784323,2.9599099307843226,1.5003470383721674e-16
2880,0.2087502509041783,1.7835367126785642,1.7835367126785642,0.0
2881,0.5146503852110893,1.4512311411209284,1.4512311411209289,3.0600860005460527e-16
2882,-0.9382304130894435,1.0770737331498463,1.0770737331498434,2.680020666350997e-15
2883,-0.6462317207346358,0.885628196382185,0.8856281963821853,2.220446049250313e-16
2884,-0.7243015778706539,3.302297488598148,3.3022974885981498,5.379154499355321e-16
2885,0.33889703803765614,3.48877922571131,3.4887792257113106,1.2729071721628343e-16
2886,0.7075550004772062,0.682444564255464,0.6824445642554675,3.552713678800501e-15
2887,-0.20336718431028677,1.4777998557963041,1.4777998557963037,3.005070058088263e-16
2888,-0.5136278763786118,-0.0874410992522825,-0.08744109925228238,1.1102230246251565e-16
2889,0.7187785694147026,2.4319742671307996,2.4319742671307996,0.0
2890,0.027677197717580926,-2.0583334076550246,-2.0583334076550246,0.0
2891,-0.5507700806939058,1.181626142313619,1.181626142313619,0.0
2892,0.8324547864723046,1.7216323571192749,1.7216323571192753,2.579465981884401e-16
2893,-0.7689986814825056,2.26694306291851,2.266943062918509,3.9179564508191297e-16
2894,-0.4781042804287743,2.093447651288514,2.093447651288514,0.0
2895,-0.27024111167566445,0.6711179559116642,0.6711179559116633,8.881784197001252e-16
2896,0.6108818854436491,0.7609038338156147,0.7609038338156149,2.220446049250313e-16
2897,-0.8463720460240478,1.177263682855918,1.177263682855918,0.0
2898,0.7436956974878144,5.883702946941586,5.883702946941586,0.0
2899,-0.0980654505493388,3.2674100514701276,3.267410051470127,1.359147468038946e-16
2900,-0.5420407674859491,0.5612991935419147,0.5612991935419147,0.0
2901,0.7356663296473069,0.11633652424861185,0.11633652424861118,6.661338147750939e-16
2902,0.6657534833378793,2.719127134685519,2.719127134685519,0.0
2903,-0.4574575894835211,0.9926271832769652,0.9926271832769651,1.1102230246251565e-16
2904,-0.6181918172439007,2.4162852307236773,2.4162852307236777,1.8379006095942487e-16
2905,-0.9188243486447618,2.554549906999077,2.5545499069990774,1.7384244818757541e-16
2906,0.8747027178321649,0.45865607985748374,0.45865607985748374,0.0
2907,-0.47535805936139386,5.681605986961257,5.681605986961256,1.5632524003572402e-16
2908,0.5743111667234759,0.3853202514320657,0.3853202514320657,0.0
2909,-0.06902563929665884,-0.4223302882831379,-0.42233028828313834,4.440892098500626e-16
2910,0.2501357129324424,-4.630484633686617,-4.630484633686615,3.83622229620916e-16
2911,0.31339805432191525,8.862934266789573,8.862934266789571,2.00425365452214e-16
2912,-0.10125733273287496,-0.49636397330853865,-0.4963639733085387,5.551115123125783e-17
2913,0.5667028317984326,2.8815042247883262,2.8815042247883262,0.0
2914,-0.5382553705190842,0.9632657046479,0.9632657046479001,1.1102230246251565e-16
2915,-0.28633032944033987,-0.7671229953974325,-0.7671229953974319,5.551115123125783e-16
2916,0.13728530201600275,0.648573481946743,0.6485734819467428,2.220446049250313e-16
2917,0.2972014938637604,1.4420749875288947,1.4420749875288947,0.0
2918,-0.3725648768458302,0.9577525387707777,0.9577525387707777,0.0
2919,-0.024936673874187076,-0.03559082461204238,-0.03559082461204233,5.551115123125783e-17
2920,0.13588784384054242,2.36345303965384,2.36345303965384,0.0
2921,-0.4939164919851423,1.1114200470331095,1.1114200470331095,0.0
2922,0.0005526656046805911,1.8531179364581272,1.853117936458127,1.198221659596184e-16
2923,0.14039810943519826,0.5384046614610218,0.5384046614610215,3.3306690738754696e-16
2924,-0.8929982755634136,0.09707522388562871,0.09707522388562939,6.800116025829084e-16
2925,-0.5678775506790996,2.0966450656985613,2.0966450656985613,0.0
2926,0.4242211063956518,4.6296115843304815,4.6296115843304815,0.0
2927,0.3083284441608778,0.1788999606828119,0.1788999606828119,0.0
2928,-0.7037748663303363,4.258053855142202,4.258053855142203,2.0858787838663062e-16
2929,-0.4161162029438945,7.083889500531661,7.083889500531661,0.0
2930,0.3686470708788403,3.776087064542316,3.776087064542316,0.0
2931,0.5334661180867744,-0.712680675832545,-0.7126806758325448,2.220446049250313e-16
2932,0.06905716765178638,2.4951337714596886,2.4951337714596886,0.0
2933,0.30250581327781445,0.6264963523579867,0.6264963523579867,0.0
2934,0.7738208830079372,-1.0425566567833573,-1.0425566567833582,8.519234076356661e-16
2935,-0.8984418826129031,2.211526158626266,2.211526158626267,4.0161334571409057e-16
2936,-0.8137269304620874,3.06081923378409,3.0608192337840903,1.4508834920676948e-16
2937,-0.349476316659896,1.9367984734953345,1.9367984734953354,4.585807103086117e-16
2938,-0.1352685489930905,5.727810997502088,5.727810997502088,0.0
2939,0.5436024721483457,0.1020335475599945,0.10203354755999428,2.220446049250313e-16
2940,-0.8419895685749302,7.00232284230458,7.002322842304578,3.8052162391064977e-16
2941,0.15509886832188902,1.996142198438134,1.9961421984381338,1.1123686734280172e-16
2942,-0.4383831519127137,4.644522420597221,4.644522420597221,0.0
2943,-0.36224110864250025,5.778882978883143,5.778882978883144,1.536937887383522e-16
2944,0.9405490122767382,1.1332762976711028,1.133276297671103,1.9593157059874612e-16
2945,0.3908341304707097,2.441532401593439,2.4415324015934385,1.8188954181408068e-16
2946,-0.6150819714113587,2.4842230133954217,2.4842230133954213,1.7876382573361803e-16
2947,-0.21798456661827215,1.7106494411805242,1.7106494411805244,1.2980134887940434e-16
2948,0.7433793551704195,-1.688353071602911,-1.6883530716029043,3.945465116148194e-15
2949,0.6104359623512186,-7.766739444580197,-7.7667394445802,3.430699945727866e-16
2950,0.10118632396403004,1.810393487185617,1.8103934871856178,3.679497410315176e-16
2951,-0.6816078003685304,5.933941801099614,5.933941801099614,0.0
2952,0.37817939072708273,2.9087270767020237,2.9087270767020237,0.0
2953,-0.7865039711586779,0.7873517326947087,0.787351732694709,3.3306690738754696e-16
2954,0.42397100546413946,-6.817191960262232,-6.8171919602622335,2.605701658035636e-16
2955,0.4599147123589673,4.697817753164295,4.697817753164295,0.0
2956,-0.9622563405258896,-0.3426994778547164,-0.34269947785471544,9.43689570931383e-16
2957,-0.15455833465730995,2.9117878050918597,2.91178780509186,1.5251427630594555e-16
2958,0.5515998902121233,8.393134302828626,8.393134302828626,0.0
2959,0.15011637606312744,0.48238948966859674,0.48238948966859674,0.0
2960,-0.9315913708731234,2.6054129705442124,2.6054129705442115,3.408973662684287e-16
2961,0.47036805239376167,1.3983051367799668,1.3983051367799662,4.763865892026075e-16
2962,0.9221364891694941,4.977705695621236,4.9777056956212355,1.7843128421220917e-16
2963,0.9739651276687666,5.048117784376875,5.048117784376876,1.759424913675542e-16
2964,0.1572838628324038,2.1244037574787966,2.1244037574787966,0.0
2965,-0.04024188791393846,0.5174723083055397,0.5174723083055395,2.220446049250313e-16
2966,-0.6199022331903634,-0.5165252133646996,-0.5165252133646995,1.1102230246251565e-16
2967,-0.5727034454079108,4.00281690050616,4.00281690050616,0.0
2968,-0.9000857804461363,-0.6498889564521393,-0.6498889564521395,2.220446049250313e-16
2969,-0.4774893141098173,0.6270575867271755,0.6270575867271764,8.881784197001252e-16
2970,-0.9543653415170961,6.2896187831354275,6.2896187831354275,0.0
2971,0.5598716290648198,-0.38305160823933565,-0.3830516082393357,5.551115123125783e-17
2972,-0.5252080057300346,4.457423086874527,4.457423086874527,0.0
2973,0.7504589137298785,-0.044130579903746914,-0.044130579903747025,1.1102230246251565e-16
2974,0.5745069780967387,0.30868113963331445,0.30868113963331445,0.0
2975,0.6862910768605262,10.290182023556591,10.290182023556593,1.7262637680594585e-16
2976,-0.3392255134358588,-0.07923991486439075,-0.07923991486439075,0.0
2977,-0.19715892230534304,1.1113247016775307,1.1113247016775307,0.0
2978,0.6550265971014655,3.9186143125845065,3.9186143125845065,0.0
2979,0.41582953046066806,7.374118717456678,7.374118717456678,0.0
2980,-0.057547415763932186,0.03453537373052884,0.034535373730528784,5.551115123125783e-17
2981,0.1807155270660321,4.188481804283375,4.188481804283375,0.0
2982,0.7530899505013522,1.0647005477415072,1.0647005477415066,6.256536790444302e-16
2983,-0.9105879487786734,1.559470122136295,1.559470122136295,0.0
2984,0.949081126242771,1.3145544376004874,1.3145544376004874,0.0
2985,-0.1788580695699693,0.5658326881965515,0.5658326881965514,1.1102230246251565e-16
2986,-0.33143243207056217,-0.29279000934918853,-0.2927900093491884,1.1102230246251565e-16
2987,0.05266555600491696,1.2069202987673873,1.206920298767387,1.839761955713254e-16
2988,-0.24375329637777832,2.270290580179296,2.270290580179296,0.0
2989,-0.042079427174513295,0.17944461029818948,0.17944461029819037,8.881784197001252e-16
2990,0.3546189467643528,-3.3762174311324924,-3.376217431132493,1.3153454091998476e-16
2991,-0.6249726275860706,-1.6267022023183926,-1.6267022023183917,5.459993958539457e-16
2992,0.6741559070391092,-2.0026562445909786,-2.0026562445909804,8.870003747263438e-16
2993,0.5526673286961574,2.9140632248700626,2.9140632248700635,3.0479037383951367e-16
2994,-0.230739015053536,-0.28086313085803294,-0.28086313085803294,0.0
2995,-0.5776420265286025,1.2243252862569227,1.2243252862569227,0.0
2996,0.2802593870035033,-5.2426044837795684,-5.242604483779569,1.694154923279293e-16
2997,-0.49691786935120846,3.2158696949009813,3.2158696949009813,0.0
2998,0.6698997226821297,0.951274034766696,0.9512740347666959,1.1102230246251565e-16
2999,0.2465089048876279,-6.753569702165108,-6.75356970216511,2.630248768781898e-16
3000,-0.6496392290936382,3.7265011340011833,3.7265011340011838,1.1917055540333067e-16
3001,0.9522450506525133,5.066082215918366,5.066082215918366,0.0
3002,-0.9574859330217436,-0.5248385816532171,-0.5248385816532135,3.552713678800501e-15
3003,0.5340855122022403,-1.904281247881822,-1.9042812478818216,2.332056834272951e-16
3004,0.5238520150364481,5.021941819362985,5.021941819362983,3.537191196742249e-16
3005,0.857836531104424,0.19870892810006763,0.19870892810006757,5.551115123125783e-17
3006,-0.3206048676100547,0.7389175714604308,0.7389175714604308,0.0
3007,0.5969266280454957,2.021700643960133,2.021700643960133,0.0
3008,-0.44509679845911887,2.3929808628200138,2.392980862820016,9.27899626674667e-16
3009,-0.6253737399251025,4.150227113657796,4.150227113657797,2.1400718451702527e-16
3010,-0.06178131992465863,3.287742458295761,3.287742458295761,0.0
3011,0.599972719287333,-3.419686622015072,-3.419686622015073,2.5972509117714434e-16
3012,0.12827041367461067,0.31704323024978087,0.31704323024978087,0.0
3013,-0.43654666439941525,2.8726623793758885,2.8726623793758885,0.0
3014,0.8487457316186573,0.5635843681451215,0.5635843681451216,1.1102230246251565e-16
3015,0.6006435145727282,2.328006626578985,2.3280066265789863,5.722782806284192e-16
3016,-0.2496157418535755,2.5267264821454867,2.526726482145487,1.7575674018858537e-16
3017,-0.46220130684180194,6.571136524429192,6.571136524429187,6.758179626904629e-16
3018,0.7917177702029208,-0.0663218415945882,-0.0663218415945882,0.0
3019,-0.8100056809664129,4.221158142205902,4.221158142205905,6.312332230481033e-16
3020,-0.6423152897459168,2.9741345851571337,2.9741345851571337,0.0
3021,0.1166762095853282,3.464281258216005,3.464281258216005,0.0
3022,-0.4147421868279272,6.459800538391618,6.45980053839162,2.749863295070924e-16
3023,0.46033981952306013,0.8077737164285962,0.8077737164285963,1.1102230246251565e-16
3024,0.32006186577722473,1.4961879132506972,1.4961879132506972,0.0
3025,-0.5230087097618298,-1.972352088328911,-1.9723520883289107,1.1257858383345752e-16
3026,-0.6470895842442417,-0.5223258553831744,-0.5223258553831736,8.881784197001252e-16
3027,0.6451625751363186,2.3673751170111252,2.3673751170111252,0.0
3028,0.20697174423365028,3.194523622821014,3.1945236228210137,1.3901578522618566e-16
3029,0.6503621982381012,7.573432609948078,7.573432609948079,1.1727554273520028e-16
3030,0.5446078174299824,1.388482147891928,1.3884821478919287,4.797568451178546e-16
3031,-0.046498846348352996,2.466349839949138,2.466349839949139,3.601185871175687e-16
3032,0.9055691913917319,2.3533599705460313,2.3533599705460313,0.0
3033,-0.7455927877777394,-7.643588751932713,-7.643588751932715,2.3239827482229355e-16
3034,0.14288285465137296,1.2177917638320583,1.2177917638320583,0.0
3035,-0.9820850887605734,1.6250046749754075,1.6250046749754006,4.2359156614611846e-15
3036,0.1766060436090513,3.4475808565974306,3.447580856597431,1.2881183308586817e-16
3037,0.3932473015509139,0.4038590079040054,0.40385900790400536,5.551115123125783e-17
3038,-0.21571047213615646,3.9221091347581045,3.9221091347581045,0.0
3039,0.762457015644364,2.8908534599748728,2.8908534599748728,0.0
3040,0.4635240749888374,0.6428368324158713,0.6428368324158704,8.881784197001252e-16
3041,0.9444765807583908,8.551591532643716,8.551591532643716,0.0
3042,-0.5707219062114891,2.6163800756405533,2.6163800756405537,1.6973421177782772e-16
3043,0.25782500057565017,6.962145106840341,6.962145106840341,0.0
3044,-0.6119263647917832,0.8936477379231582,0.8936477379231587,4.440892098500626e-16
3045,0.28155947357290967,10.480523673069586,10.480523673069586,0.0
3046,0.9475263993111667,0.2258442283251929,0.22584422832517959,1.3322676295501878e-14
3047,0.42438170433746447,5.065970539081591,5.065970539081591,0.0
3048,0.6737658278431757,1.883112067464827,1.883112067464827,0.0
3049,0.7648003767412785,0.866610879766101,0.866610879766101,0.0
3050,0.508143105770841,0.30536538131929103,0.3053653813192906,4.440892098500626e-16
3051,0.8116920408194612,-2.0165587842322648,-2.016558784232266,6.606639191316225e-16
3052,-0.9464036914410144,0.023796349247654225,0.023796349247652948,1.27675647831893e-15
3053,0.2754549922880427,2.2270038140152275,2.2270038140152275,0.0
3054,-0.02117482340032406,0.3902018648150698,0.39020186481507046,6.661338147750939e-16
3055,-0.08004316476992202,6.188278258382314,6.188278258382313,1.4352593445471617e-16
3056,-0.43433905750501656,-0.46464358609412304,-0.4646435860941236,5.551115123125783e-16
3057,0.23058053098508435,7.157325632399601,7.157325632399601,0.0
3058,-0.11786714235571472,2.8340100828957615,2.834010082895762,1.566999399650325e-16
3059,0.3201603030266442,-0.5009006511007956,-0.5009006511007952,4.440892098500626e-16
3060,-0.9144456687877363,10.19084970231442,10.19084970231442,0.0
3061,0.8132904032917372,4.4067379954466395,4.40673799544664,2.0155008548678307e-16
3062,0.4939384800850848,2.9272269810668567,2.9272269810668563,1.5170986490709714e-16
3063,0.155956149114439,5.69353541981192,5.69353541981192,0.0
3064,0.9388786006336747,-8.445529332407439,-8.445529332407432,8.41324099169941e-16
3065,0.3279601647451331,2.100838523929194,2.100838523929194,0.0
3066,-0.050275555693164664,0.9101469051781802,0.9101469051781802,0.0
3067,-0.4411006211464512,4.208507865864593,4.208507865864593,0.0
3068,-0.2942566478356078,1.7274413830683726,1.7274413830683724,1.285395887243502e-16
3069,-0.20196488044970484,3.0988951811824736,3.098895181182474,1.4330565697953277e-16
3070,-0.8422790052284592,3.2042484211307896,3.2042484211307887,2.771877529354245e-16
3071,-0.05595537052475874,0.03715557805382286,0.03715557805382286,0.0
3072,0.176676872592181,6.783008449513912,6.783008449513912,0.0
3073,0.06469748934309627,0.5967578857931097,0.5967578857931097,0.0
3074,0.27290769379351554,1.4669727049172963,1.4669727049172965,1.5136246515067202e-16
3075,0.2320227022212593,0.6565911723247163,0.6565911723247166,3.3306690738754696e-16
3076,0.06470067336977903,-0.38805110448646696,-0.3880511044864672,2.220446049250313e-16
3077,-0.5703541618487102,1.1734718214876008,1.173471821487601,1.89220227413341e-16
3078,-0.883037517930486,0.6482591969903977,0.6482591969904021,4.440892098500626e-15
3079,0.10100731072338265,0.6834065866947956,0.6834065866947959,3.3306690738754696e-16
3080,0.8639596639284841,3.093572512269314,3.0935725122693096,1.4355222258045522e-15
3081,0.1573354636881421,-0.08250683467400188,-0.08250683467400188,0.0
3082,-0.6458644082784555,4.272200073956645,4.272200073956647,4.157943936729301e-16
3083,-0.8812758165726192,-1.365712555075191,-1.36571255507519,6.503406711752939e-16
3084,-0.3284268309628092,-2.0106856560134183,-2.010685656013418,2.2086456354921098e-16
3085,-0.501149891780269,0.6838885182738089,0.6838885182738086,3.3306690738754696e-16
3086,-0.5926344764678428,1.6736785969797854,1.6736785969797852,1.326686051466028e-16
3087,-0.41301024590268154,0.8651865176017932,0.8651865176017934,2.220446049250313e-16
3088,-0.9260960384015828,-0.16281515173119088,-0.16281515173119487,3.9968028886505635e-15
3089,0.07070697343092514,4.255127130881192,4.25512713088119,4.1746269494711564e-16
3090,0.7771172911128139,0.43629881960729433,0.43629881960729566,1.3322676295501878e-15
3091,-0.35474175708044187,3.3588156832693357,3.358815683269336,1.32216010560545e-16
3092,-0.6167970146010786,3.404949524106292,3.4049495241062924,1.304246088542602e-16
3093,0.6375511643553251,2.015691142374514,2.015691142374514,0.0
3094,0.7861044107595141,2.0759309027904442,2.0759309027904442,0.0
3095,-0.7570900082311338,0.28043786983582775,0.2804378698358278,5.551115123125783e-17
3096,-0.9508348611166485,2.8294438772903723,2.8294438772903714,3.139056500921632e-16
3097,0.7480423715335238,2.472451285112228,2.4724512851122284,1.7961494834059179e-16
3098,0.9479224097489103,3.3435919880637335,3.343591988063734,1.3281800274537493e-16
3099,-0.8886579052681918,-0.4625937055805265,-0.46259370558052637,1.1102230246251565e-16
3100,-0.09780531475408427,1.541237963990832,1.5412379639908325,2.8813799051520397e-16
3101,0.5688906853516442,3.3647724889691313,3.364772488969131,1.3198194270368593e-16
3102,-0.23305290113046917,-3.175155010660013,-3.1751550106600126,1.3986378881003064e-16
3103,0.8319485554635044,1.405071674562005,1.4050716745620053,1.5803080294409039e-16
3104,0.16838651400606186,0.6579293975755232,0.6579293975755229,2.220446049250313e-16
3105,-0.28359607743246684,2.88830797418355,2.88830797418355,0.0
3106,0.7630607090069002,1.0120759340479495,1.0120759340479495,0.0
3107,0.4125750473886418,0.19304660242092775,0.1930466024209283,5.551115123125783e-16
3108,0.5117498671912317,1.0768637309662592,1.0768637309662594,2.0619563881661506e-16
3109,-0.8157964584752739,-2.999779076416378,-2.999779076416381,1.036284469543034e-15
3110,0.18650242350650803,2.2728075277636774,2.272807527763678,1.9539235259706436e-16
3111,-0.716163963888446,-1.1264609612063456,-1.1264609612063454,1.9711699967590538e-16
3112,0.8864586305178057,-1.3383217873471749,-1.3383217873471756,4.977381531653208e-16
3113,0.6821011576420284,-0.7958825789938495,-0.7958825789938495,0.0
3114,0.16028501519855687,7.063634710776922,7.063634710776925,3.7721872211697453e-16
3115,0.5774505433344059,-0.598584417665097,-0.5985844176650996,2.6645352591003757e-15
3116,0.4557159516182421,3.625536723763558,3.625536723763559,3.674676968013723e-16
3117,0.40151030978081037,4.908001713353907,4.908001713353907,0.0
3118,0.7814034946215034,4.001450197396962,4.001450197396962,0.0
3119,-0.8325312549235186,2.7308976019171185,2.730897601917118,1.6261657322424222e-16
3120,-0.5605938070150823,-3.8969973917754133,-3.896997391775412,3.418702902809044e-16
3121,-0.07435634737345465,-1.9224643567275308,-1.9224643567275308,0.0
3122,-0.47240891426508125,-0.02109792292635193,-0.021097922926352375,4.440892098500626e-16
3123,0.03789413267873121,3.621993325003862,3.6219933250038645,7.356543814441001e-16
3124,-0.36811597447152256,2.6309597983610695,2.630959798361069,1.687936129342241e-16
3125,-0.8641257719148425,1.1835659251094004,1.1835659251093986,1.500851622807624e-15
3126,0.9334261320950648,0.19050875056290084,0.19050875056290018,6.661338147750939e-16
3127,-0.3602009310122236,0.8469615786462003,0.8469615786462001,1.1102230246251565e-16
3128,0.7987309348725478,1.5597327137642543,1.5597327137642543,0.0
3129,-0.1799469703443487,3.672480257260844,3.6724802572608453,3.627705355028574e-16
3130,-0.30378803698907675,0.4960507070627185,0.49605070706271936,8.881784197001252e-16
3131,-0.20959399926169142,1.4736449921861052,1.4736449921861052,0.0
3132,-0.5136061737569844,2.0324187160787837,2.0324187160787828,4.370056291420691e-16
3133,-0.24793287471409198,0.48521685979633067,0.48521685979633056,1.1102230246251565e-16
3134,-0.6977638281561895,1.629419021447095,1.6294190214470947,1.3627225532682957e-16
3135,0.46478123031223606,1.4173850217597486,1.4173850217597477,6.266317239598108e-16
3136,-0.2601264579525542,2.5859882101361804,2.5859882101361804,0.0
3137,-0.3236786625126069,0.07187740697001344,0.07187740697001344,0.0
3138,0.6479697187345128,2.686040775065325,2.686040775065325,0.0
3139,-0.6641909603407163,3.23299926136374,3.2329992613637395,1.3736137064959844e-16
3140,0.7025316787985438,0.17673231321895833,0.17673231321895844,1.1102230246251565e-16
3141,-0.6660774168780533,4.3442540359700885,4.344254035970087,4.0889801210798283e-16
3142,-0.04663932186640474,3.0966272422082652,3.0966272422082666,4.3023183784953136e-16
3143,0.15703023147522388,4.209397684380007,4.209397684380006,2.1099893293425972e-16
3144,-0.43324182638587183,10.118919423430924,10.118919423430924,0.0
3145,-0.6610269116558467,1.3026301274180003,1.3026301274180003,0.0
3146,-0.9829669036012028,6.05420870551035,6.054208705510348,2.934085899257927e-16
3147,-0.08911561673602642,0.6433058689095867,0.6433058689095869,1.1102230246251565e-16
3148,0.6134043520189949,1.1602569064882475,1.1602569064882473,1.913753787487413e-16
3149,-0.27970357765467435,12.762334302245664,12.762334302245664,0.0
3150,-0.26894617918182884,2.1848583337737684,2.1848583337737684,0.0
3151,-0.49668385731480175,-5.80013657555925,-5.800136575559251,1.5313060444865247e-16
3152,0.8525274588523768,2.079391361210166,2.079391361210166,0.0
3153,-0.9748165498928358,3.955891863214828,3.955891863214802,6.5110915722482855e-15
3154,0.7670164971496554,3.3568374403880683,3.3568374403880687,1.3229392776277051e-16
3155,0.5288543512214579,1.2077132889468039,1.2077132889468039,0.0
3156,0.12393123785212778,-1.5710958242546162,-1.5710958242546162,0.0
3157,-0.48432916912254464,3.137618741491606,3.1376187414916066,1.4153702104639556e-16
3158,0.48963700845121094,-0.027401891333757977,-0.027401891333758005,2.7755575615628914e-17
3159,-0.6204001023091299,3.3413065305960092,3.3413065305960146,1.594906204924028e-15
3160,-0.4120698161072599,0.06509504686836287,0.06509504686836243,4.440892098500626e-16
3161,-0.06485303538541187,2.293818088294963,2.293818088294963,0.0
3162,-0.5434879003174815,1.8444128671840816,1.8444128671840818,1.2038769023772493e-16
3163,0.1645571946946105,1.2414655488621404,1.2414655488621407,1.7885683990872343e-16
3164,0.6562570731792687,0.8181811966732635,0.8181811966732635,0.0
3165,0.3639512824867073,3.016271141414105,3.0162711414141055,1.4723119674243285e-16
3166,0.9019389623062817,-0.46176413408998274,-0.4617641340899825,2.220446049250313e-16
3167,0.3529579875319284,3.8030318747490557,3.803031874749056,1.1677241329442342e-16
3168,-0.3953154042778857,4.404389384510514,4.404389384510515,2.016575607106168e-16
3169,-0.5184359244430102,1.0815815797595056,1.0815815797595059,2.0529621535751735e-16
3170,0.7698677394792217,-1.4886895045959037,-1.4886895045959037,0.0
3171,-0.02554666058927091,0.28888613194417645,0.28888613194417645,0.0
3172,-0.18829424555312024,-4.277950738585937,-4.277950738585939,4.152354592066714e-16
3173,0.5725165871907705,0.715657061914369,0.715657061914369,0.0
3174,-0.5215517575559844,9.260566552275678,9.26056655227568,1.9181945611780427e-16
3175,-0.4165243390663603,2.030117525824596,2.030117525824596,0.0
3176,-0.7348606741477306,-0.2617875458061021,-0.26178754580610253,4.440892098500626e-16
3177,-0.954089776910554,2.4720488772324933,2.472048877232491,8.982209331298278e-16
3178,0.11648851720156816,4.991782905761019,4.991782905761019,0.0
3179,0.6093841317483693,-1.1051638570221898,-1.1051638570221898,0.0
3180,0.9026261553289161,-0.709204517385663,-0.7092045173856611,1.887379141862766e-15
3181,0.46991588473361956,3.6859481944314547,3.685948194431452,7.228900458030913e-16
3182,0.8950176727065409,12.441077125564298,12.441077125564297,1.4278159531300865e-16
3183,-0.7739570712278487,4.683312800304741,4.683312800304741,0.0
3184,-0.9604140812922161,-1.2261314193916903,-1.2261314193916775,1.0503431265174784e-14
3185,-0.12917592044907789,0.9537936064186943,0.9537936064186943,0.0
3186,-0.6691555199384677,1.5088358613817965,1.5088358613817965,0.0
3187,0.005746910699745755,3.267616041117562,3.267616041117562,0.0
3188,0.8411406825137371,0.08520070940436242,0.08520070940436231,1.1102230246251565e-16
3189,-0.47349206893964035,4.991963889663768,4.991963889663768,0.0
3190,-0.11234121405543518,7.908311152467519,7.908311152467519,0.0
3191,0.5226033067948639,0.9072186106635033,0.9072186106635034,1.1102230246251565e-16
3192,-0.2330530650414535,-1.0892937662524422,-1.089293766252442,2.0384272067299502e-16
3193,0.8760294686515111,-1.0893432921706214,-1.0893432921706228,1.2230007189887003e-15
3194,-0.39280518366205064,7.514039685797722,7.514039685797722,0.0
3195,-0.11118999457187928,5.0960015520338615,5.096001552033861,1.742892757451467e-16
3196,0.39864989423530495,-0.07472417294333988,-0.07472417294334077,8.881784197001252e-16
3197,0.7388262465206421,1.8652976302680222,1.8652976302680222,0.0
3198,-0.6015698758617067,1.2845355296887848,1.2845355296887848,0.0
3199,0.5242018577190646,2.444649812291415,2.4446498122914146,1.8165759677203405e-16
3200,0.8515206960010362,5.863540336702493,5.863540336702492,1.514747692858227e-16
3201,-0.24856162290029682,-1.3056184047543598,-1.3056184047543598,0.0
3202,0.26102268864575473,0.48434548935233135,0.48434548935233135,0.0
3203,0.7324982526688548,-1.2595476930097196,-1.2595476930097198,1.7628916011465223e-16
3204,-0.04227751808441493,0.3826276370478332,0.38262763704783315,5.551115123125783e-17
3205,0.715915609990907,4.500254502227165,4.500254502227161,7.894472806020797e-16
3206,0.35357346838380965,5.410858358952498,5.410858358952499,1.6414741632084968e-16
3207,-0.34781892862588115,0.9092837077821869,0.9092837077821869,0.0
3208,0.23218220800920197,2.584588533113815,2.584588533113815,0.0
3209,-0.8294781173493821,-1.2212673642982894,-1.2212673642982912,1.4545192079384698e-15
3210,0.305403907655329,1.4932304288252722,1.4932304288252725,1.4870083052065468e-16
3211,-0.7284065435756225,6.025264290898161,6.025264290898161,0.0
3212,0.4823932311981436,0.7945233780353855,0.7945233780353853,2.220446049250313e-16
3213,0.6487279691682566,0.7349047034165284,0.7349047034165284,0.0
3214,0.7378694047893564,2.8447413015489076,2.8447413015489076,0.0
3215,-0.4798822164887113,0.1646823413496441,0.16468234134964366,4.440892098500626e-16
3216,-0.8976883455121096,0.32425748447821096,0.3242574844782111,1.6653345369377348e-16
3217,0.8302464246220407,5.232526191068119,5.232526191068118,1.6974180104750147e-16
3218,-0.4537878280203478,2.271012823258139,2.271012823258139,0.0
3219,0.28376899043031867,0.8362931956080155,0.836293195608016,4.440892098500626e-16
3220,0.29267326826311146,-0.08011471648029667,-0.08011471648029656,1.1102230246251565e-16
3221,0.02948450980815953,-1.3647933271038988,-1.3647933271038986,1.6269467362960482e-16
3222,-0.8569653174557946,0.8709983313168543,0.8709983313168543,0.0
3223,-0.46273980076177756,1.5739275858453772,1.5739275858453774,1.4107676040620904e-16
3224,0.1189393798231555,0.795177058479862,0.795177058479862,0.0
3225,-0.9550113255071929,-0.8204272179128267,-0.8204272179128225,4.218847493575595e-15
3226,0.1401159628037325,0.5698141669280696,0.5698141669280694,2.220446049250313e-16
3227,0.9502743972610093,0.03766145943597232,0.03766145943597188,4.440892098500626e-16
3228,0.7105946961634597,4.584115348206809,4.58411534820681,1.9375132435259475e-16
3229,-0.19427142015153198,1.9521164807272002,1.9521164807272002,0.0
3230,0.1188558000136144,-2.462371653754139,-2.462371653754139,0.0
3231,-0.869246877013692,2.806283586288359,2.8062835862883597,3.164963170649642e-16
3232,0.9836973103476618,0.9918517022605021,0.9918517022605116,9.43689570931383e-15
3233,-0.7123445372649624,5.765277663292209,5.765277663292208,1.5405648636061339e-16
3234,0.1286287883264292,1.0883843859195697,1.08838438591957,4.0802607570932234e-16
3235,0.11829503383759432,1.9154417021770143,1.9154417021770143,0.0
3236,-0.8968269579441726,0.63752586919349,0.6375258691934899,1.1102230246251565e-16
3237,-0.7959854128378805,0.6712943269627072,0.6712943269627054,1.7763568394002505e-15
3238,-0.940823505904216,4.3625443958167045,4.362544395816691,3.053877528049262e-15
3239,-0.09637160888691843,8.26998995886269,8.269989958862688,2.147955255370757e-16
3240,0.5957906054889135,1.3453400374119902,1.3453400374119902,0.0
3241,0.38705636053953807,0.9621140540914109,0.9621140540914108,1.1102230246251565e-16
3242,0.44493040410711004,-0.6059800138807927,-0.6059800138807931,4.440892098500626e-16
3243,0.5645795187744016,0.21975745649704903,0.21975745649704992,8.881784197001252e-16
3244,0.129073760537598,0.42379657837623275,0.42379657837623275,0.0
3245,0.4536942767824914,0.6566571503419298,0.65665715034193,1.1102230246251565e-16
3246,0.40725702996712965,5.798121524975161,5.798121524975162,1.5318382270435943e-16
3247,0.7686454011742034,2.128262958715093,2.1282629587150934,2.0866275383478686e-16
3248,-0.545327042033816,7.1561839360866735,7.1561839360866735,0.0
3249,-0.2744342635075395,3.544491230238732,3.544491230238732,0.0
3250,-0.5495227055635095,2.039434056555452,2.039434056555452,0.0
3251,0.16703427076637678,2.710480480480299,2.710480480480299,0.0
3252,-0.8479452783436165,4.7783050425868465,4.778305042586847,1.858772957741704e-16
3253,-0.5463409351031555,1.9741763032906288,1.9741763032906292,2.2494911376954457e-16
3254,0.7900055976166489,1.859582480503185,1.8595824805031853,1.1940562317243825e-16
3255,-0.10364405109620567,4.082647006519114,4.082647006519114,0.0
3256,-0.4313897177325152,0.05128041206187761,0.05128041206187761,0.0
3257,0.7189979823024628,-8.654990752417195,-8.654990752417191,4.1048151065999544e-16
3258,-0.29458753695117,6.2280474235106045,6.228047423510604,1.4260945033065915e-16
3259,-0.3964236372751163,5.44379178650459,5.44379178650459,0.0
3260,0.9691012714872709,-1.6182344264939226,-1.61823442649397,2.9363820640565986e-14
3261,-0.40128980143697457,-2.5068312980604297,-2.5068312980604284,5.314548412495814e-16
3262,0.13808307160564537,5.175240922669308,5.175240922669309,1.7162069031600113e-16
3263,0.46854613541493295,2.0013168127300314,2.001316812730031,2.2189850553659854e-16
3264,-0.1407113662229853,2.254826985799536,2.254826985799536,0.0
3265,0.522169902511695,-5.096413606051494,-5.0964136060514935,1.7427518415018356e-16
3266,-0.9838160433220596,1.8153030712616307,1.8153030712616314,3.6695460131190807e-16
3267,0.9155141161767462,0.6147164036106081,0.6147164036106094,1.3322676295501878e-15
3268,-0.5202137511570535,6.294102605423966,6.294102605423964,2.8222559286997774e-16
3269,-0.8393792645229573,1.5073801566366374,1.5073801566366374,0.0
3270,-0.964200908719614,0.8574150709664388,0.8574150709664399,1.1102230246251565e-15
3271,0.5606500052852301,3.5360048328533042,3.536004832853304,1.2559066823777902e-16
3272,0.908731769921052,1.4279541742814963,1.4279541742814965,1.5549841089036172e-16
3273,0.46840915018681883,2.408720013423916,2.4087200134239155,1.8436730187615474e-16
3274,-0.860360507404097,3.4134184897348607,3.4134184897348616,2.6020202983347496e-16
3275,0.610655690114186,3.893683844323536,3.8936838443235358,1.1405374129116428e-16
3276,0.7402330754729776,2.2515740911290147,2.2515740911290187,1.7751149759617426e-15
3277,0.0932032698361056,2.681963797345562,2.6819637973455626,1.6558359597903371e-16
3278,0.4386682641347419,2.0468230946007435,2.0468230946007435,0.0
3279,-0.5652008917998288,0.11111689115892463,0.11111689115892462,1.3877787807814457e-17
3280,0.9158576908864346,2.6784354688537486,2.678435468853749,1.6580172082328087e-16
3281,-0.9488324154494266,0.644721123467013,0.6447211234670129,1.1102230246251565e-16
3282,0.7910630356575243,-0.06638330769955336,-0.06638330769955214,1.2212453270876722e-15
3283,0.10977745115526694,-0.28053021343378015,-0.28053021343378015,0.0
3284,-0.20798557414540242,1.5691099576460783,1.569109957646078,1.4150990747527633e-16
3285,0.2014932461888983,4.721570849236744,4.721570849236744,0.0
3286,-0.21165887302048603,0.4557746618883972,0.4557746618883971,1.1102230246251565e-16
3287,0.6249219290737655,3.4472019646783254,3.447201964678325,1.288259911662886e-16
3288,0.27932087457582666,1.2336709773438972,1.2336709773438976,3.5997378393888295e-16
3289,-0.6673354351524462,15.295016925311606,15.295016925311609,2.3227915968639057e-16
3290,-0.9337491802359552,0.6547325432351364,0.6547325432351359,5.551115123125783e-16
3291,0.6999484608848097,-0.6316160642181818,-0.6316160642181821,2.220446049250313e-16
3292,-0.0978198815151583,2.7297592230844767,2.7297592230844767,0.0
3293,0.7358060855227029,8.590631237554417,8.590631237554412,6.203351500998467e-16
3294,0.20002874826360073,1.0406007491831275,1.0406007491831273,2.1338116957856942e-16
3295,-0.751598184479211,-0.03278414948970576,-0.032784149489705816,5.551115123125783e-17
3296,-0.45703129163692713,1.3611821606156753,1.361182160615673,1.6312629664834755e-15
3297,-0.19553622898651257,2.548768344140645,2.5487683441406443,1.7423678808275293e-16
3298,-0.4179696122347315,4.059738335160057,4.059738335160057,0.0
3299,-0.1909545237983199,3.376923352833877,3.376923352833876,2.630140891278375e-16
3300,-0.3913286032968488,0.3875798870300625,0.3875798870300625,0.0
3301,-0.06059189635536055,8.280803293936106,8.280803293936106,0.0
3302,-0.8889115063186969,1.4505458582056363,1.450545858205636,1.5307658401072986e-16
3303,-0.43446823329001605,6.148768481107526,6.148768481107526,0.0
3304,-0.1521888079755287,2.301761850351618,2.301761850351618,0.0
3305,-0.9169567714229198,2.270906803521148,2.2709068035211493,5.86667681599458e-16
3306,-0.14909964207237725,0.39709970549396434,0.3970997054939644,5.551115123125783e-17
3307,-0.5311268744506792,-0.22351600156509432,-0.22351600156509432,0.0
3308,0.5300574785877321,2.4340594927316808,2.4340594927316808,0.0
3309,0.15147761779988955,3.0793321048894766,3.079332104889477,1.4421608151485884e-16
3310,-0.06393137646635738,2.2428836552916613,2.242883655291662,1.9799921801664468e-16
3311,0.34459448551555205,2.1662809679953314,2.1662809679953314,0.0
3312,0.5442600252832421,2.5861493443358943,2.586149344335894,1.71718315812926e-16
3313,0.35094064513923007,1.7241853204610003,1.7241853204610011,5.151293246497717e-16
3314,0.665178947442177,2.9216892865057584,2.9216892865057567,6.079896474976342e-16
3315,-0.6310493093652796,1.8993528523016425,1.8993528523016414,5.845269999620051e-16
3316,-0.34847261711198485,2.022761483504662,2.0227614835046626,2.1954600849954294e-16
3317,-0.2547574728240942,11.165446004202016,11.165446004202016,0.0
3318,0.24407453589427797,-0.387771987483875,-0.387771987483875,0.0
3319,0.42977119671675035,4.613423090402941,4.613423090402941,0.0
3320,0.10775459695115641,-2.0579908527791044,-2.057990852779105,2.157877471857399e-16
3321,0.48066575289805735,0.746056932166109,0.7460569321661096,5.551115123125783e-16
3322,-0.9773776144349183,-1.1032161663049043,-1.1032161663048612,3.904643049216399e-14
3323,-0.04491487079040646,3.7714566295689758,3.7714566295689766,2.3550010166804743e-16
3324,-0.7848703613259559,1.8406361138217813,1.8406361138217813,0.0
3325,0.5449691017142817,4.835119109834673,4.835119109834674,3.673863660953307e-16
3326,-0.4480402493958612,0.4729714207915789,0.47297142079157894,5.551115123125783e-17
3327,-0.4816737191808076,3.46307534965199,3.46307534965199,0.0
3328,0.04513415554688516,2.2714803422114453,2.2714803422114453,0.0
3329,0.4701214401372211,2.7904816814247297,2.7904816814247293,1.5914428423100237e-16
3330,-0.08666050884782961,2.279422254405013,2.279422254405013,0.0
3331,0.44824927638557877,6.008874555273866,6.008874555273866,0.0
3332,0.5688407429237057,2.2857779484171834,2.2857779484171834,0.0
3333,-0.03280326069915984,1.1490278857603209,1.1490278857603209,0.0
3334,0.7275002209603527,0.067978467230144,0.06797846723014267,1.3322676295501878e-15
3335,-0.8059076711800309,3.4342699852718366,3.4342699852718375,2.586221885609329e-16
3336,-0.13529419040245128,6.038056829151518,6.038056829151517,1.4709673075815256e-16
3337,-0.46638087423761054,-0.6474724600408592,-0.6474724600408592,0.0
3338,0.8281285950782971,1.918992584762618,1.9189925847626172,3.471268310593788e-16
3339,-0.17762963936095644,3.2293394136632134,3.229339413663214,1.3751704387935746e-16
3340,-0.727984838287346,1.7040301674648624,1.7040301674648624,0.0
3341,-0.6971590157721363,7.520547476309369,7.5205474763093685,1.1810023439091292e-16
3342,-0.20802414908671496,-6.231780960137138,-6.2317809601371374,1.4252401125481465e-16
3343,-0.6316037063661416,2.0955326799269507,2.0955326799269507,0.0
3344,-0.8947539754667027,5.326422591637706,5.326422591637719,2.5012428259856824e-15
3345,-0.31737918093515205,-2.6615646198014904,-2.66156461980149,1.66852687530534e-16
3346,-0.6490151009254715,3.8489744470317007,3.8489744470316998,2.3075716192012693e-16
3347,-0.0028873881405995228,0.9293076583609676,0.9293076583609678,2.220446049250313e-16
3348,-0.0012245310961720435,2.947960745953895,2.9479607459538952,1.506428504720015e-16
3349,0.40362507829448835,2.657529162496425,2.6575291624964255,1.6710605329083006e-16
3350,-0.6029174249221809,5.180288547376276,5.180288547376275,1.714534647206036e-16
3351,-0.4795177661169282,3.140333285276679,3.1403332852766783,2.8282934931279824e-16
3352,0.633556942911814,7.5244321116853286,7.524432111685327,2.360785256659563e-16
3353,-0.2089447838588503,-6.030640664381395,-6.030640664381394,1.472776225826136e-16
3354,0.3935813388356768,6.3807189354849445,6.3807189354849445,0.0
3355,-0.9521984749255613,9.77749874872902,9.777498748729016,3.6335608626514215e-16
3356,-0.9779296229938076,0.3013398296607639,0.3013398296607619,1.9984014443252818e-15
3357,-0.6897261362125563,0.22111410221407868,0.22111410221407862,5.551115123125783e-17
3358,-0.6570074201571301,-0.3424209835362031,-0.3424209835362031,0.0
3359,-0.966303490344489,6.068887446600714,6.068887446600698,2.6342903366179513e-15
3360,0.08126391738637095,-0.03246526323248346,-0.03246526323248344,1.3877787807814457e-17
3361,0.2166467800983658,0.372482819332177,0.37248281933217675,2.220446049250313e-16
3362,0.1706818531138099,0.15548046096159698,0.15548046096159696,2.7755575615628914e-17
3363,-0.6324202444849625,3.2967861108640504,3.2967861108640504,0.0
3364,0.8545826141897914,3.9373002347767416,3.937300234776741,1.127902835368215e-16
3365,-0.5891816595519628,3.6162397328632103,3.6162397328632103,0.0
3366,-0.46168183740489677,1.7954631741354883,1.7954631741354883,0.0
3367,-0.20738047401009807,-0.2622252412817705,-0.2622252412817706,1.1102230246251565e-16
3368,-0.1758283681408196,-2.817202577935023,-2.8172025779350234,1.5763481594411108e-16
3369,-0.5899028135839222,1.8510005930485525,1.8510005930485527,1.1995922948859207e-16
3370,-0.012466207913696237,2.608817878589613,2.608817878589613,0.0
3371,-0.43375192012640906,7.590913886361633,7.590913886361632,1.170054664031809e-16
3372,-0.37024704034535216,3.9191524848838433,3.9191524848838433,0.0
3373,0.5843168679251038,2.5532400537602142,2.5532400537602142,0.0
3374,0.45895375268606164,1.4033675302589481,1.4033675302589483,1.5822270370190184e-16
3375,0.3353754385402601,0.8475587934352818,0.8475587934352818,0.0
3376,0.8536662779153739,0.6326951419750513,0.6326951419750504,8.881784197001252e-16
3377,-0.17773119758227085,0.9881987923178925,0.9881987923178923,2.220446049250313e-16
3378,0.3715087231258518,0.8471702092236351,0.8471702092236351,0.0
3379,0.326109608274082,-0.2448722544929205,-0.2448722544929205,0.0
3380,-0.7675682972083859,2.2952674767737102,2.2952674767737102,0.0
3381,0.6906790500579447,3.839242211622399,3.8392422116223974,4.626842333684365e-16
3382,0.9789860031957964,2.6799797399689664,2.679979739968953,4.971185452191572e-15
3383,0.42443798932101284,2.698570498602635,2.6985704986026353,1.6456461303494553e-16
3384,0.9235086332891365,0.7912996836051385,0.7912996836051385,0.0
3385,-0.16870505041190798,1.3251459796807288,1.325145979680729,1.6756237299873117e-16
3386,-0.26117361709801645,6.238258703228596,6.238258703228596,0.0
3387,0.6370725512847648,0.2376134783415611,0.23761347834156155,4.440892098500626e-16
3388,0.616278202658044,4.874105738972652,4.87410573897265,3.6444774375671735e-16
3389,-0.8213754753462116,-1.5821344718794252,-1.5821344718794252,0.0
3390,0.3127282772236113,1.7257475531443747,1.725747553144375,1.2866575097873265e-16
3391,-0.20027167895497955,5.463607177359059,5.463607177359059,0.0
3392,-0.3333108037233833,-1.482627442362831,-1.4826274423628312,1.4976426213396108e-16
3393,0.892482578030531,0.6530399235497735,0.6530399235497715,1.9984014443252818e-15
3394,-0.6309923454329377,0.45414613056757736,0.4541461305675776,2.220446049250313e-16
3395,0.21049290677592092,2.764508774112346,2.7645087741123464,1.606394647789298e-16
3396,0.7335793236979069,4.678593869876326,4.678593869876325,1.8983875164261765e-16
3397,-0.07609298069850579,1.145333314619279,1.14533331461928,7.754759320830244e-16
3398,0.5606878098685453,3.681929681375347,3.6819296813753466,1.2061316979964094e-16
3399,-0.9887477857381809,4.128163632075833,4.128163632075834,2.1515097240791972e-16
3400,-0.37396993148985147,1.722090009777504,1.7220900097775043,1.2893902389789703e-16
3401,0.8362010555963642,-0.33784037825005675,-0.33784037825005875,1.9984014443252818e-15
3402,0.2725945898296991,6.617779437539857,6.617779437539857,0.0
3403,0.7386446917630152,-0.49460623126427494,-0.4946062312642756,6.661338147750939e-16
3404,-0.29582969089543865,-3.902550755682469,-3.902550755682466,6.827676117269123e-16
3405,-0.4321982579908932,3.669128635013097,3.669128635013097,0.0
3406,0.5101609890708625,1.8391816841473234,1.8391816841473236,1.2073010885163043e-16
3407,0.29863853611974167,7.246069879314058,7.246069879314057,1.22573813735316e-16
3408,0.7359705890426544,3.6611715932579605,3.6611715932579605,0.0
3409,0.4722853359907384,4.160299276344439,4.160299276344439,0.0
3410,0.8189956821316455,0.4932704287428984,0.4932704287428985,1.1102230246251565e-16
3411,-0.975552480049632,0.6328745154779218,0.6328745154779214,4.440892098500626e-16
3412,-0.5594823360360889,1.1070347754970582,1.1070347754970586,4.011519960162649e-16
3413,-0.83193301324736,2.132034404055888,2.132034404055888,0.0
3414,-0.5483440138661404,5.721878577978723,5.7218785779787185,7.761248404661864e-16
3415,-0.7138072564449663,1.2295704845215047,1.2295704845215045,1.805871299939681e-16
3416,-0.8334805518575412,5.479785849776304,5.479785849776304,0.0
3417,0.8905574308552668,3.6865758544762315,3.6865758544762306,2.409223232506395e-16
3418,0.0019977828152518695,7.748420525826316,7.748420525826315,1.1462702840401233e-16
3419,0.899240863825759,1.4743001260154875,1.4743001260154855,1.3554916051769288e-15
3420,0.9017441227865195,4.059887231746199,4.059887231746201,4.3753846794316533e-16
3421,0.9429903751972992,2.242546483835673,2.242546483835671,7.921159504180947e-16
3422,0.25309706096247586,2.067473353441387,2.0674733534413874,2.1479803312137468e-16
3423,0.6786364441964903,10.282262359426003,10.282262359426001,1.7275933810148508e-16
3424,0.8530728769931379,-3.6761943047097945,-3.6761943047097816,3.5032389526180052e-15
3425,-0.8254585081205981,1.2281572205002844,1.2281572205002846,1.8079493506098708e-16
3426,0.13390492371425355,-0.9791690054156426,-0.9791690054156428,2.220446049250313e-16
3427,-0.027740983434204947,-4.481883969070829,-4.481883969070829,0.0
3428,-0.4190999558859435,7.608463540939059,7.608463540939059,0.0
3429,-0.10564066600431743,1.1866724031276368,1.186672403127637,1.8711533557180777e-16
3430,0.4336634056684341,-2.1416023878520614,-2.1416023878520614,0.0
3431,0.5713160057387574,2.484050171496088,2.4840501714960865,5.363287927263534e-16
3432,0.5035415007253241,-0.13812835686634328,-0.1381283568663434,1.1102230246251565e-16
3433,0.6066379912809325,4.5732203706554895,4.5732203706554895,0.0
3434,-0.656089182980931,0.9810661121811541,0.9810661121811544,2.220446049250313e-16
3435,0.606826548093494,0.3513799478083187,0.3513799478083185,2.220446049250313e-16
3436,-0.2720244411470861,2.5085400186115345,2.5085400186115345,0.0
3437,0.7426440582496157,2.9407513659084286,2.9407513659084286,0.0
3438,0.17549539387072932,-0.008878537567789557,-0.008878537567789335,2.220446049250313e-16
3439,0.33131915360268804,1.629596006865811,1.6295960068658113,1.3625745521559537e-16
3440,0.5109428023020002,-3.0396484579215297,-3.03964845792153,1.4609887162863721e-16
3441,0.8009587866406929,0.7824762664676266,0.7824762664676266,0.0
3442,0.2522237527529889,2.7299145026725937,2.729914502672594,1.6267513484957059e-16
3443,0.6487476914019077,3.0824811599277475,3.0824811599277453,7.203437536346077e-16
3444,0.8471850580756639,0.7764189676234332,0.7764189676234332,0.0
3445,0.5655384061011794,0.3504294462003008,0.3504294462002999,8.881784197001252e-16
3446,-0.035862482209051305,7.230335709474383,7.230335709474384,1.2284055061735055e-16
3447,0.34833390791912944,5.513027284123008,5.513027284123007,1.6110539163446446e-16
3448,0.2743622535186587,1.998636712425784,1.9986367124257836,2.2219606349122997e-16
3449,0.400569111511591,2.150015827216717,2.150015827216717,0.0
3450,0.6643632302955602,-0.6789133247956186,-0.6789133247956194,7.771561172376096e-16
3451,-0.043183646694701094,0.25308939933652286,0.25308939933652275,1.1102230246251565e-16
3452,-0.3075538179017039,0.31271131494091264,0.3127113149409131,4.440892098500626e-16
3453,0.7285050958405206,5.57903269472659,5.57903269472659,0.0
3454,-0.74921931738131,3.0249133157012977,3.0249133157012977,0.0
3455,0.3338233250015541,0.4779803600703894,0.47798036007038935,5.551115123125783e-17
3456,0.48146869863472896,1.9117749252055045,1.9117749252055045,0.0
3457,-0.7679122605861826,-2.999370495662539,-2.999370495662534,1.6286688541528885e-15
3458,-0.913281564532434,7.805695504152022,7.8056955041520215,1.1378594248618634e-16
3459,0.6938647201708066,2.3315243527546228,2.331524352754623,1.9047161541563363e-16
3460,0.26576539713805936,-2.0343952283606233,-2.0343952283606224,4.365810572687226e-16
3461,0.8823904454803251,0.9504177031060369,0.9504177031060372,3.3306690738754696e-16
3462,0.8783034211004894,8.1760604051426,8.176060405142593,8.690526984281833e-16
3463,0.977089781609231,-1.7207778419172084,-1.7207778419171973,6.451867275256166e-15
3464,-0.681636788252689,1.1511139262685495,1.1511139262685497,1.92895420564332e-16
3465,-0.40432916330272106,2.596271452486444,2.596271452486444,0.0
3466,0.46251272091079,3.9050727151402667,3.9050727151402667,0.0
3467,-0.0725563456802013,2.8826872772975296,2.882687277297529,1.5405389732957392e-16
3468,-0.8921233527152191,0.9063699059228242,0.9063699059228254,1.2212453270876722e-15
3469,0.5184795412395249,1.12506653419912,1.1250665341991195,3.947226198192697e-16
3470,0.2793866235856297,1.4526659068042247,1.4526659068042247,0.0
3471,-0.24951940602686284,-0.6242156194421241,-0.6242156194421238,3.3306690738754696e-16
3472,-0.17470547817029924,1.460493658887335,1.460493658887335,0.0
3473,0.1861339374638975,1.4066192482731048,1.4066192482731052,3.157138723896089e-16
3474,-0.6432778441338519,2.2188180917893274,2.2188180917893274,0.0
3475,0.975189051159435,1.230805110435599,1.230805110435599,0.0
3476,0.8936170808036941,2.2009493537515916,2.200949353751591,2.0177166234793078e-16
3477,-0.23814534591567693,2.256056219654129,2.2560562196541287,1.9684314866858456e-16
3478,0.127689206213206,5.809361543154796,5.809361543154796,0.0
3479,0.7974753058026436,2.2854935417116162,2.2854935417116167,1.9430779468205464e-16
3480,-0.9458969684512446,-0.778070504171603,-0.7780705041716072,4.218847493575595e-15
3481,0.09846820149024449,3.707514383675101,3.7075143836751,3.5934253833684867e-16
3482,0.5912933405546195,-1.3012162762203299,-1.3012162762203299,0.0
3483,-0.10447678335661614,1.0372380620354058,1.0372380620354054,4.2814588675873696e-16
3484,-0.26968832667627296,0.9928898067738616,0.9928898067738612,4.440892098500626e-16
3485,-0.650737593979047,2.8261648586506842,2.826164858650684,1.571349273878125e-16
3486,0.7882444950197409,-4.318217600877121,-4.318217600877125,8.22726876496189e-16
3487,0.015146896912685115,1.572789103889253,1.572789103889253,0.0
3488,0.3230907804669907,2.489668743700112,2.4896687437001126,1.783728100269529e-16
3489,0.13787774239926476,-0.30701724736825253,-0.30701724736825253,0.0
3490,-0.8041832453905318,-0.5055926562338615,-0.505592656233862,4.440892098500626e-16
3491,-0.8944569711088289,2.394112017916004,2.394112017916008,1.669430193216126e-15
3492,0.754201074779103,1.4675155232547703,1.4675155232547699,3.0261295557891407e-16
3493,0.6667400523031755,3.154227565458225,3.154227565458225,0.0
3494,0.5644205186437792,2.1954023910134026,2.1954023910134013,6.068443921732317e-16
3495,0.200303523620329,-2.841944124203044,-2.841944124203043,3.1252494098531714e-16
3496,-0.9370144118776188,2.2633509215786014,2.2633509215786,5.886261899771962e-16
3497,0.2047683653662391,0.9300641038873831,0.9300641038873825,6.661338147750939e-16
3498,-0.39042992355456063,3.346090849664347,3.3460908496643476,1.3271881422305376e-16
3499,-0.6960077161799676,2.2569972674106205,2.2569972674106205,0.0
3500,0.15706459573018505,3.9303650951623066,3.9303650951623075,2.25978604581376e-16
3501,0.6165352292042319,2.326097887256518,2.326097887256519,3.8183191883969865e-16
3502,0.19896939906802702,0.14142160321292416,0.14142160321292419,2.7755575615628914e-17
3503,0.7038050099755311,1.880211364314616,1.8802113643146166,2.361911103605866e-16
3504,0.9696634212699893,2.847687042331806,2.847687042331806,0.0
3505,-0.18998856924010887,2.826735499513829,2.8267354995138296,1.5710320612821454e-16
3506,-0.9060716820534379,4.318489974361466,4.318489974361466,0.0
3507,-0.3217473568317848,-5.4882634841911155,-5.4882634841911155,0.0
3508,0.6143885327999732,0.5402751571345061,0.5402751571345064,2.220446049250313e-16
3509,-0.09857292331747058,0.7982319477001212,0.7982319477001212,0.0
3510,-0.7401440235196289,3.402097185448503,3.402097185448503,0.0
3511,0.8236514294407464,0.4841512108968391,0.48415121089683844,6.661338147750939e-16
3512,-0.9053066444600237,-0.9259932764618565,-0.9259932764618573,7.771561172376096e-16
3513,0.5054208642491382,10.808247063568615,10.808247063568615,0.0
3514,-0.3715696229832368,1.1034659722207238,1.1034659722207238,0.0
3515,0.42090284101938313,-3.6096765270979203,-3.609676527097921,2.4605485090770614e-16
3516,0.49360613705900325,0.9897924374867559,0.9897924374867566,6.661338147750939e-16
3517,-0.6542198926252498,1.0291040398071332,1.0291040398071334,2.1576497257424546e-16
3518,0.4567080349913155,2.1095587779691805,2.1095587779691805,0.0
3519,-0.4207185405086663,1.4910628646931503,1.4910628646931505,1.4891699752091032e-16
3520,0.7320157603900146,1.6907222643893034,1.690722264389302,7.879872747943075e-16
3521,0.8065885789359133,0.8582681050785188,0.8582681050785188,0.0
3522,-0.32989003733372446,2.272408836240736,2.272408836240736,0.0
3523,0.003622180348316184,1.5689890821353616,1.5689890821353618,1.4152080945192635e-16
3524,0.5083222133347023,0.9276766607845405,0.9276766607845405,0.0
3525,-0.8687522253855274,1.412458616385019,1.4124586163850186,3.14408652188794e-16
3526,-0.9774212166895894,1.7607325485839276,1.7607325485839262,7.566553083951714e-16
3527,-0.34581164977939916,1.6436901231100873,1.6436901231100873,0.0
3528,0.8562411384869197,0.11732659470230633,0.11732659470229478,1.1546319456101628e-14
3529,-0.7377508382017635,-0.5455493013409158,-0.5455493013409154,4.440892098500626e-16
3530,-0.26306522704916935,0.38580141746239505,0.38580141746239516,1.1102230246251565e-16
3531,-0.49286893048986286,2.097103855351813,2.097103855351813,0.0
3532,-0.7223931711397147,4.947411783620861,4.947411783620861,0.0
3533,0.232699907526273,-0.5162556844438557,-0.5162556844438552,5.551115123125783e-16
3534,0.4593400243833914,-1.7327566333923543,-1.7327566333923543,0.0
3535,0.9807182678442643,7.254339601192665,7.254339601192669,4.897363335756172e-16
3536,-0.980878253384591,2.05234759675278,2.05234759675278,0.0
3537,-0.5343660401409194,0.06222687128238431,0.062226871282384355,4.163336342344337e-17
3538,0.29560813100209327,5.654231356584259,5.654231356584259,0.0
3539,0.2699429800231763,14.386854729001287,14.386854729001287,0.0
3540,-0.951971539878815,1.8582824116084669,1.858282411608469,1.19489160279377e-15
3541,0.7231038548175708,2.5059834035756547,2.5059834035756556,3.544231052898557e-16
3542,-0.8771044964769202,1.93476854914227,1.9347685491422713,6.885927674092152e-16
3543,0.9050292030800076,0.2979238388298002,0.2979238388298001,1.1102230246251565e-16
3544,-0.005646972293173569,0.9282664909830813,0.9282664909830816,2.220446049250313e-16
3545,0.25039166571923954,1.3668015074184274,1.366801507418426,9.747338017401911e-16
3546,-0.835086474286562,1.3714230618895598,1.3714230618895602,3.2381634973980406e-16
3547,0.8686651280456203,1.4082221607595466,1.4082221607595466,0.0
3548,0.12574586250912168,6.827595910573214,6.827595910573212,2.6017310670793866e-16
3549,-0.0919109052964927,3.6114916271545354,3.6114916271545345,2.4593118616750435e-16
3550,0.9387837503862844,0.9290749658319101,0.9290749658319101,0.0
3551,0.07303325090280133,5.522387310916905,5.522387310916905,0.0
3552,-0.5425408873486688,3.329891422962686,3.329891422962686,0.0
3553,-0.09737592967443542,-0.0026616652302089427,-0.0026616652302089427,0.0
3554,-0.11903983910767424,-0.0498891311286761,-0.04988913112867621,1.1102230246251565e-16
3555,-0.07699679359250544,8.40762934259374,8.40762934259374,0.0
3556,0.029256766849676374,1.6225336347178239,1.622533634717824,1.3685054052124304e-16
3557,0.09792132772809525,2.0641686567072597,2.0641686567072597,0.0
3558,-0.15787806139737004,4.3219703509817915,4.32197035098179,4.1100625296902556e-16
3559,-0.19872773106616037,2.2465784948849725,2.246578494884973,1.9767357822625312e-16
3560,0.5050849187825488,6.0059540333269,6.0059540333269,0.0
3561,0.21609631894619596,-2.673361649184098,-2.673361649184097,3.32232797598183e-16
3562,0.2914907822956263,0.7070924130735012,0.7070924130735012,0.0
3563,0.5909760619389575,1.6924134178304588,1.6924134178304588,0.0
3564,-0.3715515161938284,-1.153502922519895,-1.1535029225198947,1.9249591881393921e-16
3565,0.8200848604987563,0.9448720847138332,0.9448720847138333,1.1102230246251565e-16
3566,0.4264561922044605,6.6604801310055155,6.660480131005516,1.333505096074867e-16
3567,-0.2510919026445473,4.448461143252126,4.448461143252127,1.996597005342856e-16
3568,0.6195455982520373,2.9076886748516513,2.9076886748516513,0.0
3569,-0.4002122451304956,-0.09827668389634359,-0.09827668389634403,4.440892098500626e-16
3570,-0.6050711792871732,0.7577372834700403,0.7577372834700403,0.0
3571,-0.77198084937133,6.311380903242062,6.311380903242063,1.4072648019768244e-16
3572,0.8958013851308599,3.235794123350183,3.2357941233501832,1.3724272710844607e-16
3573,-0.41106092672036587,4.552543356071487,4.552543356071487,0.0
3574,-0.1008820284444708,7.9928772247103925,7.992877224710393,1.1112123891435187e-16
3575,-0.6801478560432224,-0.4940936132364675,-0.4940936132364675,0.0
3576,0.7765464835025455,-1.0696735166511429,-1.0696735166511422,6.227449819086649e-16
3577,-0.6228305290557392,-0.020291143877783746,-0.020291143877783746,0.0
3578,-0.29594025162058835,1.4345452789864725,1.4345452789864725,0.0
3579,0.5030450570527869,4.119320132071106,4.119320132071106,0.0
3580,0.7300993305558918,0.22908953450051112,0.2290895345005115,3.885780586188048e-16
3581,-0.4615137800319844,7.977748649423587,7.977748649423587,0.0
3582,-0.4855110931349944,1.6591516397803159,1.6591516397803157,1.3383020551058954e-16
3583,0.760158234586916,6.149916311849112,6.149916311849111,1.444212204951248e-16
3584,0.6327587181065659,-1.9516766457474184,-1.9516766457474186,1.1377120559845436e-16
3585,-0.8293713957457116,3.374779176562888,3.3747791765628885,1.3159059796687328e-16
3586,-0.2567275500687183,5.582122941088505,5.582122941088505,0.0
3587,0.5335382018292885,-1.260008368497751,-1.2600083684977514,3.5244941299836716e-16
3588,0.8237247646786126,4.113451352388704,4.113451352388701,8.636819484293695e-16
3589,0.6731850917110622,0.37609616162119386,0.3760961616211933,5.551115123125783e-16
3590,-0.5070616521714012,2.0828283508254795,2.08282835082548,2.132145021331491e-16
3591,0.08782600675328567,5.3776568848885935,5.3776568848885935,0.0
3592,-0.5214086883337662,-0.3928822319835721,-0.3928822319835721,0.0
3593,-0.25926664269710653,-0.48876147785683977,-0.48876147785683965,1.1102230246251565e-16
3594,0.7284559304147686,0.5943566150497573,0.5943566150497573,0.0
3595,-0.3541906457784304,1.8482414462241434,1.8482414462241434,0.0
3596,0.7504874936930106,4.45579098204581,4.45579098204581,0.0
3597,0.8477947762817475,-3.146986841365442,-3.1469868413654396,7.055784346040948e-16
3598,0.1473004812852079,1.7163638102606062,1.7163638102606065,1.2936919527062092e-16
3599,0.48422577188951643,-2.3902738723269445,-2.3902738723269463,7.43160380057603e-16
3600,0.8833672287659529,2.493901422004811,2.493901422004816,2.136840883597071e-15
3601,0.7042122378510989,7.990298155520389,7.990298155520385,4.446284243280683e-16
3602,-0.22943155257839576,0.7674910611815906,0.7674910611815906,0.0
3603,0.5771398959200089,1.380342644124383,1.3803426441243822,4.82585840269866e-16
3604,0.20199788586984546,1.2352930371747035,1.2352930371747035,0.0
3605,0.24168774736443943,3.0132336143256198,3.0132336143256193,1.4737961495542804e-16
3606,0.924567258557752,4.523264132649478,4.523264132649478,0.0
3607,-0.1870966843802021,0.7255525917294207,0.7255525917294203,3.3306690738754696e-16
3608,-0.9313798257945043,-1.8251405310060682,-1.8251405310060722,2.189860353628449e-15
3609,-0.3840266729022367,0.3267610275550603,0.3267610275550603,0.0
3610,-0.29122382655822643,1.1151751886517147,1.1151751886517147,0.0
3611,0.7434691777853986,0.13251925838958245,0.13251925838958256,1.1102230246251565e-16
3612,0.48957614316216835,5.785958915487864,5.785958915487864,0.0
3613,-0.10959218855655928,2.4604076710082543,2.460407671008254,1.804941575670176e-16
3614,0.4416550215713706,0.0705153285898667,0.07051532858986675,5.551115123125783e-17
3615,0.9700173158834229,7.71696694910726,7.71696694910726,0.0
3616,0.23262912725500096,2.221615305666382,2.2216153056663814,1.9989473817423867e-16
3617,-0.4312322121491231,14.254783714022949,14.254783714022953,2.492295744414254e-16
3618,-0.7913050555423131,2.3407145795121402,2.3407145795121402,0.0
3619,0.9005459707404257,4.619716888484129,4.619716888484129,0.0
3620,-0.47863505428266795,-0.8800928538908761,-0.8800928538908779,1.7763568394002505e-15
3621,-0.5062619156606327,-0.5539744466432637,-0.5539744466432639,2.220446049250313e-16
3622,-0.18611059578655298,-1.9940305892743533,-1.994030589274354,3.340639899699364e-16
3623,0.9450635445924707,3.0399351415428755,3.0399351415428746,2.921701873051617e-16
3624,0.6468410255253965,-1.8846887237095256,-1.884688723709525,3.5344500468171776e-16
3625,0.5953164194000522,0.254838712215133,0.25483871221513343,4.440892098500626e-16
3626,-0.2802174371843228,1.6017408785813536,1.6017408785813534,1.386270450446979e-16
3627,-0.7322200555100344,4.097913076271098,4.097913076271096,4.3347840872619216e-16
3628,0.6649101163406952,3.578798571515198,3.5787985715151986,1.2408890888263748e-16
3629,0.006481142709998222,0.038933192066105404,0.03893319206610535,5.551115123125783e-17
3630,-0.5718375989485984,8.185583669815527,8.185583669815525,2.1701040647236865e-16
3631,0.9155128449457781,5.2564436103140375,5.256443610314037,1.6896945645100576e-16
3632,-0.3009002091821379,0.7701720993876877,0.7701720993876875,2.220446049250313e-16
3633,-0.3812564569372333,1.108229553051073,1.1082295530510726,4.0071951576046504e-16
3634,0.6092516566328865,1.6024732219099467,1.6024732219099453,8.313821481286859e-16
3635,0.46546367901048247,1.3268182410506988,1.3268182410506988,0.0
3636,-0.3942373799140436,0.900527897568343,0.900527897568342,9.992007221626409e-16
3637,0.537995578134923,0.8841473737840985,0.8841473737840988,3.3306690738754696e-16
3638,0.9619856724923219,4.35610668307703,4.35610668307703,0.0
3639,-0.7594311741220982,4.611797610515353,4.611797610515353,0.0
3640,0.0329077457806608,1.324266714619431,1.324266714619431,0.0
3641,0.09255221422035254,5.535896710170152,5.535896710170152,0.0
3642,-0.7294848344724005,0.10352573300824336,0.10352573300824336,0.0
3643,-0.5531811501186258,-0.6652248228335276,-0.6652248228335274,2.220446049250313e-16
3644,0.8987383462574865,1.009650408862988,1.009650408862988,0.0
3645,0.6031767275681832,6.297527274828966,6.297527274828966,0.0
3646,0.46644572916435956,1.1855973009683953,1.185597300968395,1.8728501215688107e-16
3647,-0.9816884954522647,1.2710058940085471,1.2710058940085425,3.668697938700747e-15
3648,-0.0192795705463934,0.712326425088199,0.712326425088199,0.0
3649,-0.9333274509321654,2.428145952029365,2.428145952029365,0.0
3650,-0.17341118306112047,3.2787542910889,3.2787542910888994,1.354444921527124e-16
3651,0.8788635537819391,1.218078793348303,1.218078793348303,0.0
3652,0.5076053150835838,-0.5867511156135885,-0.5867511156135894,8.881784197001252e-16
3653,0.23343605316570226,-0.36843294829228346,-0.3684329482922837,2.220446049250313e-16
3654,-0.687321326447762,-1.4027478632038584,-1.4027478632038584,0.0
3655,0.9659243069142947,4.175283245654182,4.175283245654182,0.0
3656,-0.36468022552372037,-0.11706999800545703,-0.11706999800545692,1.1102230246251565e-16
3657,-0.5451408972997003,3.445693414756822,3.445693414756822,0.0
3658,-0.7364571702450164,-2.681780293325561,-2.681780293325561,0.0
3659,0.4166347154723471,6.479511415867711,6.479511415867711,0.0
3660,-0.3698247801459307,1.694472465367646,1.6944724653676473,7.862433039070533e-16
3661,-0.5362532795665969,-0.42736016083566974,-0.4273601608356694,3.3306690738754696e-16
3662,0.9739126983861317,1.7655607247269849,1.765560724726983,1.006114836222886e-15
3663,-0.9606353838506776,-0.9868586131279589,-0.9868586131279677,8.881784197001252e-15
3664,0.19037802956178318,10.9717042057051,10.971704205705102,1.6190345693758085e-16
3665,0.06508522085689283,2.4426522908037143,2.4426522908037143,0.0
3666,-0.35794467343131786,2.20490548122116,2.20490548122116,0.0
3667,-0.32065332713711614,3.3752196456714976,3.375219645671498,1.3157342527902697e-16
3668,-0.6407371614716044,-0.3062171064243362,-0.3062171064243362,0.0
3669,-0.5189347525192154,0.4546698894248298,0.45466988942483,2.220446049250313e-16
3670,-0.4294755900437809,7.726074943017888,7.726074943017888,0.0
3671,0.8355797147257107,-1.7256828172105536,-1.7256828172105545,5.146823105857911e-16
3672,0.7954953191649154,1.9688696857012649,1.9688696857012653,2.2555541033275065e-16
3673,-0.00833189507496257,-0.8664843302447172,-0.8664843302447169,2.220446049250313e-16
3674,-0.30415551961996445,1.588805732431155,1.588805732431155,0.0
3675,0.9829960987051287,0.1951345242513356,0.19513452425134048,4.884981308350689e-15
3676,0.4544109732101018,5.238085728267081,5.238085728267082,1.6956164251133052e-16
3677,-0.9049918957273004,-8.200493320204178,-8.20049332020416,2.1661585102736507e-15
3678,0.7165948113539955,1.4444281216222303,1.4444281216222306,1.537249251805303e-16
3679,0.07345276975282089,-0.6331549217149837,-0.6331549217149832,4.440892098500626e-16
3680,0.4514071627229963,-0.3934878652492113,-0.3934878652492113,0.0
3681,-0.1902372858908753,2.4554681900971187,2.455468190097119,1.8085724410565384e-16
3682,-0.244275901748356,1.113775829288736,1.113775829288736,0.0
3683,-0.5357182191961558,0.7466455302208472,0.7466455302208472,0.0
3684,-0.7839992478090716,0.07338834353353496,0.07338834353353496,0.0
3685,0.24121399492063067,13.826730792134155,13.826730792134153,1.2847265677659656e-16
3686,-0.6396137753765058,1.0715630248228174,1.071563024822817,4.144312556169924e-16
3687,0.3936179067218144,2.4848471500977936,2.484847150097794,1.787189243541942e-16
3688,0.7276451684600913,1.7703148728106972,1.770314872810697,1.2542661666311094e-16
3689,0.00871423964258311,-7.558704078636342,-7.558704078636343,1.1750406028070893e-16
3690,0.1404084139724704,1.3554004504701893,1.3554004504701893,0.0
3691,-0.9070446271361596,0.8006491608067683,0.8006491608067421,2.6201263381153694e-14
3692,0.5533456805729253,0.12370697780115394,0.1237069778011538,1.3877787807814457e-16
3693,-0.5319641722316868,0.9747094768690783,0.9747094768690784,1.1102230246251565e-16
3694,-0.19230377360200812,-0.6785836980947757,-0.6785836980947759,2.220446049250313e-16
3695,-0.39733622292161863,0.29324860593378654,0.29324860593378665,1.1102230246251565e-16
3696,-0.8864662292101589,0.7926372693023573,0.7926372693023573,0.0
3697,0.8941497473747873,2.160873980992461,2.1608739809924615,2.0551370128770687e-16
3698,-0.2544152733458923,-0.42331273387683765,-0.42331273387683765,0.0
3699,-0.9466159169818285,2.12631162277596,2.1263116227759618,8.3541698233355205e-16
3700,-0.5040296174297678,1.4884358306293315,1.4884358306293315,0.0
3701,-0.1071019718713605,1.37089999118547,1.3708999911854698,1.6196995138428792e-16
3702,-0.8842367130943032,0.1551729459152238,0.1551729459152149,8.881784197001252e-15
3703,-0.3488830944194735,3.4289407824147253,3.4289407824147253,0.0
3704,-0.7770036263872371,7.42036928754451,7.42036928754451,0.0
3705,0.33485389649922537,1.0441776276297905,1.0441776276297905,0.0
3706,0.9554063102477757,1.4376134471079143,1.4376134471079145,1.5445362268398673e-16
3707,-0.3392347323609768,4.54397803570808,4.54397803570808,0.0
3708,0.9150483073769804,-7.50142382355308,-7.501423823553054,3.4336380368791963e-15
3709,-0.45653802882215644,4.09783855650683,4.097838556506831,2.1674314579568157e-16
3710,0.27896939391643816,3.686103128590137,3.6861031285901373,1.2047661021896534e-16
3711,-0.0010883672914133724,3.704774061538878,3.7047740615388784,1.1986944479566944e-16
3712,-0.048570770702274335,1.5035387086941485,1.5035387086941483,1.4768133579871794e-16
3713,-0.523817998954804,0.39138277065766913,0.39138277065766924,1.1102230246251565e-16
3714,0.8554136968655854,1.0891193052574726,1.089119305257472,6.116261198929139e-16
3715,-0.49458159427319476,2.1703549897379,2.1703549897379,0.0
3716,0.2620498473009303,1.2356842310344365,1.2356842310344363,1.7969364611794848e-16
3717,0.8569499701295471,3.446022212882394,3.446022212882392,6.443504748604163e-16
3718,0.6884022764784443,-0.320131532215599,-0.3201315322155984,5.551115123125783e-16
3719,0.0349797587124534,1.0301308690149071,1.030130869014907,2.155498991476374e-16
3720,0.728645499616212,1.0272275574687333,1.0272275574687337,4.3231824012234973e-16
3721,0.4534872917060766,0.24250085198185672,0.24250085198185672,0.0
3722,0.8275112806016804,5.7165549370049344,5.716554937004933,3.1073904807620626e-16
3723,-0.9286830986851914,5.519462606701631,5.519462606701616,2.7355984107164995e-15
3724,0.5199002726991342,2.034251812732453,2.034251812732453,0.0
3725,0.5066733792341613,2.7585223072215426,2.758522307221542,1.6098807999031957e-16
3726,-0.6399745510118611,0.9371469060576602,0.9371469060576599,2.220446049250313e-16
3727,-0.5128459878772713,2.0068675116584695,2.0068675116584695,0.0
3728,-0.09001332488366542,1.8371423335880177,1.837142333588018,1.2086412732723256e-16
3729,-0.9104113649205134,2.8531235765139105,2.8531235765139105,0.0
3730,0.06448170281255794,2.506737773850149,2.5067377738501486,1.771582231227868e-16
3731,-0.7094192428392212,6.7248731098983106,6.7248731098983106,0.0
3732,0.506999590624027,1.642299682955342,1.642299682955342,0.0
3733,-0.17308586914996327,0.6351602299035242,0.6351602299035244,2.220446049250313e-16
3734,0.25864416834469117,2.1854654474006883,2.1854654474006883,0.0
3735,-0.03680780385997284,2.3593163797203394,2.35931637972034,1.8822791791184129e-16
3736,-0.1492964158766329,0.8204901791991119,0.820490179199112,1.1102230246251565e-16
3737,-0.11497329047900395,1.9244695513100671,1.924469551310067,1.1537964046969526e-16
3738,-0.47746767254389133,2.2156008903711917,2.2156008903711917,0.0
3739,0.00925585869811052,1.4833633777102104,1.483363377710211,4.490698805058605e-16
3740,-0.024963213216697033,6.419888867738542,6.419888867738543,1.383479430872132e-16
3741,-0.7845400748990792,2.0668374533767806,2.066837453376783,1.0743205981789077e-15
3742,0.9641266163918782,-0.19793000351248735,-0.19793000351248224,5.10702591327572e-15
3743,-0.7289353710395168,3.3093043444436336,3.3093043444436336,0.0
3744,-0.06328042231806275,7.580240422730959,7.580240422730961,2.343404351758379e-16
3745,-0.9620248224500756,0.8290758355599102,0.8290758355599102,0.0
3746,0.4848819024568123,2.7222189789018314,2.722218978901832,1.6313500614458736e-16
3747,-0.5248815222479526,0.8123479820640074,0.8123479820640078,4.440892098500626e-16
3748,-0.7978867625496741,2.262228372888095,2.262228372888096,3.9261218290097917e-16
3749,-0.5282557425759572,1.4046251235478935,1.4046251235478937,1.5808104326382587e-16
3750,-0.6540650182242673,6.1114748977273345,6.111474897727335,1.4532963557297943e-16
3751,0.4869058420005581,3.5703541555186273,3.570354155518627,1.2438239751752427e-16
3752,-0.08675357480991164,6.2127795719580385,6.2127795719580385,0.0
3753,0.8749305862663608,2.259110768894576,2.259110768894576,0.0
3754,-0.0954387997632341,3.5657199096912784,3.5657199096912775,2.490881062436068e-16
3755,0.36969379887770115,0.7091418454076659,0.7091418454076658,1.1102230246251565e-16
3756,-0.636067248372612,1.9241685459724853,1.9241685459724847,3.461930692970694e-16
3757,0.9289900672952969,0.02143141571790297,0.02143141571790963,6.661338147750939e-15
3758,-0.5298974081542729,3.6306909553960263,3.630690955396026,1.2231534308642981e-16
3759,0.37606699613880235,0.9256499916151644,0.9256499916151645,1.1102230246251565e-16
3760,0.9665547453620742,-0.9846292659411091,-0.9846292659411091,0.0
3761,0.8342861283421392,3.190855944986886,3.1908559449868825,1.1134045974034413e-15
3762,0.7322421010424964,2.5351065999093754,2.535106599909376,1.751757538976617e-16
3763,0.9172610516480744,3.8497554310731044,3.8497554310731097,1.384262094985939e-15
3764,-0.3869027598865,4.079776349534579,4.079776349534578,2.1770272279789276e-16
3765,0.01800245199833772,1.8691857733232524,1.8691857733232524,0.0
3766,0.7499049975047738,-1.182336145276235,-1.1823361452762358,5.63404762204459e-16
3767,0.06103285443963524,4.381580574085466,4.381580574085466,0.0
3768,-0.2414653798379348,2.205263874793862,2.2052638747938618,2.013769032023771e-16
3769,-0.10755526735630427,1.3769324552618702,1.3769324552618702,0.0
3770,0.2186226723661926,1.477628345484139,1.4776283454841388,1.5027094303086023e-16
3771,0.5001441321252771,4.264753801911305,4.264753801911305,0.0
3772,0.31699291067692403,0.4832027058342594,0.4832027058342594,0.0
3773,0.29644196060645966,3.0310323338089757,3.0310323338089757,0.0
3774,-0.9057867834729758,1.3530432229417846,1.353043222941782,1.96929056952604e-15
3775,0.023677422886770216,1.462473399537185,1.4624733995371848,1.5182813239221967e-16
3776,-0.6649027711016187,2.294385124950364,2.294385124950364,0.0
3777,0.42135470025065835,0.24280351411972934,0.24280351411972756,1.7763568394002505e-15
3778,-0.4546401086309304,0.6972955395382681,0.6972955395382683,2.220446049250313e-16
3779,0.9728838035569356,3.2042469577872477,3.204246957787241,2.0789090964296493e-15
3780,-0.2911018369152131,12.439394470465201,12.439394470465201,0.0
3781,-0.8757680282891984,0.7590494271981122,0.7590494271981134,1.2212453270876722e-15
3782,0.5623117348514164,1.9002079586582472,1.9002079586582472,0.0
3783,-0.7119516117664012,16.62751530458747,16.62751530458747,0.0
3784,0.6371150166649213,1.0735089913875222,1.0735089913875224,2.0684000479403177e-16
3785,0.7086010952995425,3.712937151580193,3.712937151580191,4.784236217529965e-16
3786,-0.9157722550643668,1.4173381799681937,1.4173381799681923,9.399786503882122e-16
3787,-0.7729072189289672,0.2890722212583485,0.28907222125834764,8.881784197001252e-16
3788,0.7978364096310462,3.0999786334600263,3.099978633460026,1.4325557120191973e-16
3789,-0.5810691189272246,1.3056970555361351,1.305697055536136,6.802331489791316e-16
3790,-0.3990231069044884,1.2675229503705214,1.2675229503705212,1.7517994830793665e-16
3791,0.34695702809782647,-3.6112318617354937,-3.6112318617354937,0.0
3792,-0.7326398993226381,0.20152273860418202,0.20152273860418213,1.1102230246251565e-16
3793,-0.23895159687902123,1.5244413281431881,1.5244413281431881,0.0
3794,0.35858579042234995,-0.28874378013773755,-0.2887437801377377,1.6653345369377348e-16
3795,0.4881242965606456,4.865842919517261,4.865842919517261,0.0
3796,0.04754852576116986,11.001258979141546,11.001258979141545,1.614685049018693e-16
3797,-0.6851723675843531,1.0414473739133436,1.041447373913344,4.2641541087318947e-16
3798,-0.5156107851166141,-1.2823734436954384,-1.2823734436954428,3.4630256266873622e-15
3799,0.40191550033512913,4.490211686190653,4.490211686190653,0.0
3800,0.0712492153033275,1.3532242740787357,1.3532242740787357,0.0
3801,-0.6878818919619654,1.4484089670353586,1.4484089670353584,1.5330242354099616e-16
3802,0.0008555623324109085,3.2128789076106044,3.212878907610605,1.3822158338993506e-16
3803,-0.6254536974181999,-1.7865068856554482,-1.7865068856554491,4.971592479333003e-16
3804,-0.8360033133937925,0.4099004423389775,0.4099004423389774,1.1102230246251565e-16
3805,-0.5170741526184115,3.6415260403177396,3.6415260403177396,0.0
3806,-0.8919664759842635,1.561736242349553,1.561736242349553,0.0
3807,0.5027506836401818,1.7872323100064882,1.7872323100064882,0.0
3808,-0.24460611219533968,0.3744462166081979,0.37444621660819744,4.440892098500626e-16
3809,0.8847864979788689,6.524963467551242,6.5249634675512445,4.0836018045942427e-16
3810,0.33579136016971667,1.9724681724267443,1.9724681724267443,0.0
3811,-0.8761807046277875,3.6888902495138454,3.688890249513845,1.2038558477270736e-16
3812,-0.8161933661878484,2.3602845186478305,2.3602845186478296,3.7630142157986466e-16
3813,0.35091324497759224,1.4246239633002369,1.424623963300237,1.558619050676714e-16
3814,-0.5988367410553208,0.7196168672001952,0.7196168672001951,1.1102230246251565e-16
3815,-0.5704710858290197,2.0452609092324927,2.0452609092324927,0.0
3816,-0.15243028645635692,-1.1499586365906338,-1.149958636590634,1.9308921022006768e-16
3817,-0.5503841454608396,1.2378337850528285,1.2378337850528285,0.0
3818,0.10025980740311558,-3.5534021562695286,-3.55340215626953,3.7492734313777856e-16
3819,-0.5045049701497933,2.863527705382515,2.8635277053825154,1.550846562494636e-16
3820,0.1341668912972358,-3.9331176783912403,-3.9331176783912403,0.0
3821,0.16468087948798682,2.482873824952218,2.4828738249522186,1.788609656226123e-16
3822,0.11031535546973048,0.5327432355026577,0.5327432355026576,1.1102230246251565e-16
3823,-0.6316559360089047,1.1596098362413276,1.159609836241327,5.74446502570425e-16
3824,0.7764480025570966,1.6292445623000718,1.6292445623000718,0.0
3825,0.27383640506509965,1.8785039683541687,1.8785039683541687,0.0
3826,-0.5332532783743297,3.237057839966458,3.237057839966458,0.0
3827,-0.30648941666486507,7.086039830731861,7.08603983073186,1.2534200215021828e-16
3828,-0.7601597318844548,4.047929519247821,4.047929519247819,4.3883097048842145e-16
3829,0.2578814419373343,2.232030321828047,2.232030321828046,3.9792399369050755e-16
3830,-0.8095682220235652,0.4003212609309382,0.4003212609309381,1.1102230246251565e-16
3831,-0.42689356304859893,1.6147835178872816,1.6147835178872814,1.3750735158329188e-16
3832,-0.4744117453716383,1.3292694448300724,1.3292694448300721,1.6704258552592883e-16
3833,0.5051153950405702,-1.799760593416103,-1.7997605934161025,2.4674904622016557e-16
3834,-0.7518369214203336,3.850948459019966,3.850948459019966,0.0
3835,-0.6579747111739713,1.8833130537107772,1.8833130537107765,3.5370317933207135e-16
3836,0.08624504586852133,9.008738696263983,9.008738696263983,0.0
3837,-0.09641869696785976,-0.9626123179985661,-0.9626123179985654,6.661338147750939e-16
3838,0.8975941291619545,-1.2135597705726613,-1.2135597705726622,7.318785948886611e-16
3839,0.28120647100633045,-3.2719262039328028,-3.2719262039328005,6.786357365216161e-16
3840,0.5654601904290115,1.0059445319825606,1.0059445319825604,2.207324537938646e-16
3841,-0.43259282668722654,2.886139952663669,2.886139952663669,0.0
3842,-0.8968312842020688,2.4482893782750375,2.448289378275037,1.813875491151905e-16
3843,-0.24237825813441172,2.518709003673618,2.518709003673617,5.289486112159176e-16
3844,-0.5073378562753044,3.455743933724292,3.4557439337242917,1.2850755680021203e-16
3845,-0.4134733786698884,1.4956336490255664,1.4956336490255664,0.0
3846,-0.340059199591623,-0.6895724792440285,-0.6895724792440294,8.881784197001252e-16
3847,-0.8531804599495921,0.784588802418084,0.7845888024180839,1.1102230246251565e-16
3848,0.005744553684648546,0.7337982987979399,0.7337982987979399,0.0
3849,-0.812675729667154,1.5783391191781462,1.578339119178147,5.627297764517215e-16
3850,-0.3404619418431811,0.7985283720148055,0.7985283720148052,3.3306690738754696e-16
3851,0.8826776017200064,1.1973170857893933,1.197317085789365,2.373782999318474e-14
3852,-0.9685350849595689,4.39710690415335,4.397106904153361,2.4238985470956375e-15
3853,-0.2205552235492455,1.079025963875967,1.0790259638759672,2.0578244857744234e-16
3854,-0.937520458775242,2.816521551408104,2.8165215514081012,9.460375894401576e-16
3855,0.13717742945226274,-3.1437312327460187,-3.1437312327460183,1.4126182455557913e-16
3856,0.6890624874661302,1.0708243943326816,1.0708243943326818,2.0735856047004373e-16
3857,-0.5156308912484185,1.5844268172158318,1.5844268172158316,1.401419128434155e-16
3858,0.8289594488139109,-4.01952445200423,-4.019524452004241,2.6515925362979445e-15
3859,-0.9885081247275638,-1.3888306330057374,-1.388830633005746,6.235274040099925e-15
3860,0.9755899590026893,3.466235861181941,3.466235861181943,5.124743123494591e-16
3861,0.4545466195172623,6.802970313337475,6.802970313337477,2.6111488917093127e-16
3862,0.9085656762849421,2.5111709542177576,2.511170954217757,1.7684547087651332e-16
3863,0.41136628899755756,2.1894067177353276,2.1894067177353276,0.0
3864,0.5491475475497425,-4.938466316423341,-4.938466316423341,0.0
3865,0.49095001258116344,6.423133392256525,6.423133392256525,0.0
3866,-0.6909757212332466,1.3139550010864505,1.3139550010864502,1.6898950477104054e-16
3867,-0.4106488914486359,2.7875023083633677,2.7875023083633677,0.0
3868,-0.6475065477244666,1.3874854887460968,1.3874854887460968,0.0
3869,0.41336022954503227,3.6324291192580027,3.6324291192580027,0.0
3870,-0.8804526221298236,7.141711199129371,7.141711199129375,6.218246544388416e-16
3871,0.41903742476534145,3.339871690158788,3.339871690158788,0.0
3872,-0.44125796622931057,-0.7803715925695442,-0.7803715925695446,3.3306690738754696e-16
3873,0.8331933367706919,4.667521040825555,4.667521040825555,0.0
3874,0.49128971362465923,1.7878511277147242,1.787851127714724,1.2419636147717413e-16
3875,-0.719412630556517,9.130927685861923,9.130927685861923,0.0
3876,-0.18369384567759206,1.0255030846388844,1.0255030846388844,0.0
3877,-0.5824327667318205,1.2261914589484952,1.2261914589484955,1.810847753869064e-16
3878,0.8133980940596182,1.2414087428518688,1.2414087428518652,2.86184038839529e-15
3879,0.09578633720458152,11.237315773428065,11.237315773428065,0.0
3880,-0.8388767550652045,-11.101727894030724,-11.101727894030727,3.200144799721452e-16
3881,0.5694431946314653,4.29899016287444,4.298990162874441,2.0660164039693015e-16
3882,-0.06589921597340131,-3.3748048311325793,-3.3748048311325802,2.631791952846215e-16
3883,0.022001202430412148,-0.2717208436803067,-0.27172084368030647,2.220446049250313e-16
3884,-0.2888446103154151,0.5904061839869285,0.5904061839869285,0.0
3885,-0.5351087684470803,0.1500637989353164,0.15006379893531907,2.6645352591003757e-15
3886,-0.691699760601076,1.8919221376439304,1.8919221376439297,3.520936731596424e-16
3887,-0.4138074690678806,6.636827873497339,6.63682787349734,1.3382574275383328e-16
3888,0.3783523297168796,0.8271734458509626,0.8271734458509626,0.0
3889,0.20975658072885484,-0.9643652790156527,-0.9643652790156527,0.0
3890,0.7841724048822722,0.14718755686339208,0.14718755686339208,0.0
3891,-0.00023490844561369073,-1.5001495419135158,-1.5001495419135158,0.0
3892,0.28709040943148056,-1.7799986628836952,-1.779998662883696,3.7423276133023644e-16
3893,0.6651268588104855,0.09024383144439846,0.09024383144439847,1.3877787807814457e-17
3894,-0.2147489069190699,-0.15916368907730039,-0.1591636890773006,2.220446049250313e-16
3895,-0.08866490108563574,1.7024522796774546,1.7024522796774546,0.0
3896,0.37078152672995834,1.047107168755267,1.0471071687552673,2.120552810167306e-16
3897,0.6698385910244671,10.774104327062252,10.77410432706225,1.6487280849308476e-16
3898,0.4155171647605249,-1.6621807490987726,-1.6621807490987717,5.3434526911811e-16
3899,0.6362285374398153,2.874150403245816,2.8741504032458174,4.63534416308082e-16
3900,-0.4792526603792947,4.73167164963041,4.73167164963041,0.0
3901,0.40484764384105576,12.193128920730315,12.193128920730315,0.0
3902,-0.5414108666749066,1.9137158686363591,1.9137158686363591,0.0
3903,-0.5499384501553264,-1.2355229132808936,-1.2355229132808914,1.797171080667364e-15
3904,-0.7628512645748741,2.410666435483196,2.410666435483197,3.684368797884299e-16
3905,0.7869254653061695,6.861090246161579,6.861090246161578,1.2945149937315203e-16
3906,-0.04363407779384365,-1.3601213139356716,-1.3601213139356707,6.530141176378423e-16
3907,0.4236480686656159,0.8713363516108265,0.8713363516108266,1.1102230246251565e-16
3908,0.9134221993020526,2.084872968552882,2.0848729685528653,8.094205368308673e-15
3909,0.684942523656114,4.0028476020963835,4.0028476020963835,0.0
3910,-0.2651519835148203,-0.07678400165693888,-0.07678400165693877,1.1102230246251565e-16
3911,0.9855385236113057,1.2606878087315418,1.2606878087315323,7.573578443169934e-15
3912,-0.8740144204196586,1.5565616379837857,1.5565616379837857,0.0
3913,0.37097932353632435,-1.1633020786598605,-1.1633020786598602,1.9087441602513912e-16
3914,0.24839825273428873,4.019529753381581,4.019529753381581,0.0
3915,-0.40518167979110176,-0.7861454001981519,-0.7861454001981512,7.771561172376096e-16
3916,0.13564592354970495,5.29612034399808,5.29612034399808,0.0
3917,0.05270005462345151,0.5463449661842562,0.5463449661842562,0.0
3918,-0.9811360044540282,1.4005535449161277,1.4005535449161215,4.4391369115939064e-15
3919,-0.8829324931023308,6.539572675224301,6.539572675224302,1.3581597205350447e-16
3920,-0.5990500065621961,0.613870445354255,0.613870445354255,0.0
3921,0.9659399014680703,0.3676978537828398,0.3676978537828398,0.0
3922,-0.10494716824856887,-0.866300752065852,-0.8663007520658518,2.220446049250313e-16
3923,-0.37316185414306735,5.244741802771682,5.244741802771683,1.693464527139831e-16
3924,0.8591149963089642,1.7566435557835005,1.756643555783501,2.5280553268075453e-16
3925,0.8873597987187545,0.4251286643354377,0.42512866433543905,1.3322676295501878e-15
3926,0.40842733525467056,3.7804524005920133,3.780452400592014,2.349397176806241e-16
3927,-0.6397937237070945,1.2379464929458825,1.2379464929458828,1.7936526836199705e-16
3928,0.7713250534918616,3.6666458857501656,3.666645885750162,9.689274038181752e-16
3929,-0.37253878288791265,4.5792564905165065,4.5792564905165065,0.0
3930,0.19492370718528496,2.6281188810291938,2.6281188810291938,0.0
3931,0.28119663496879355,0.14209097962692888,0.14209097962692885,2.7755575615628914e-17
3932,-0.19894102396093805,0.9701110929075913,0.9701110929075912,1.1102230246251565e-16
3933,-0.580834333108686,3.9483504427636396,3.94835044276364,1.124746185242927e-16
3934,0.5319566294783784,1.8407013703685453,1.840701370368544,7.237826031951295e-16
3935,0.07582726977666399,0.8968513908362543,0.8968513908362545,2.220446049250313e-16
3936,0.8840588306699415,2.4569980366736224,2.4569980366736175,1.9881909694010837e-15
3937,0.46414422309707115,1.8737407775394754,1.8737407775394752,1.1850337441906546e-16
3938,-0.6728741119752545,0.36715741753507913,0.3671574175350787,4.440892098500626e-16
3939,0.07065569291176566,1.671424254997471,1.6714242549974712,1.3284754260393768e-16
3940,0.2961142020512888,1.5121327493573755,1.512132749357376,2.9368401024234886e-16
3941,0.7173643711689106,0.04710063365379513,0.04710063365379524,1.1102230246251565e-16
3942,-0.697870744142904,5.846038453875765,5.8460384538757655,1.519282547844493e-16
3943,0.881467579239452,-1.5509402309922384,-1.5509402309922375,5.726709527238836e-16
3944,-0.3675499127884071,5.0812741949973805,5.0812741949973805,0.0
3945,-0.255236320356919,2.537089403394492,2.5370894033944924,1.7503884934283145e-16
3946,0.17168027819826714,6.521873963466219,6.521873963466219,0.0
3947,-0.6536896566652395,3.478567721000433,3.4785677210004327,1.27664385306934e-16
3948,0.5340187616613616,5.774389228476137,5.774389228476136,1.5381339645760522e-16
3949,-0.5007374666391415,-0.004727814162447358,-0.004727814162447219,1.3877787807814457e-16
3950,0.5603468505845244,7.488332651067398,7.488332651067397,1.1860830188593758e-16
3951,0.4407889402811047,2.24044198181703,2.2404419818170305,1.9821500108201866e-16
3952,-0.24847025190685945,0.5952747265088089,0.5952747265088087,1.1102230246251565e-16
3953,0.2957707126898528,2.001713574211162,2.0017135742111622,2.218545228305553e-16
3954,-0.6564676615828482,3.701659949347259,3.7016599493472593,1.199702879051254e-16
3955,0.4245110663544216,4.813327217630877,4.813327217630877,0.0
3956,0.11634287422875644,1.6509336302280762,1.6509336302280762,0.0
3957,-0.662379773877793,1.7909440521591018,1.7909440521591018,0.0
3958,-0.8338521106447491,8.699720785018512,8.699720785018508,4.083710002415832e-16
3959,-0.9034476334727591,0.49514537678107706,0.4951453767810772,1.1102230246251565e-16
3960,-0.3478233892336483,7.086613183739273,7.086613183739273,0.0
3961,0.5341222559726182,1.286874661527826,1.2868746615278253,5.176369033362075e-16
3962,-0.6702781879040578,16.577329080416128,16.57732908041612,4.286231710266947e-16
3963,-0.06461803365776908,-0.030567928741774386,-0.03056792874177433,5.551115123125783e-17
3964,0.5716478625997594,6.262157610316813,6.262157610316813,0.0
3965,-0.4382317317601703,1.8040952410033855,1.8040952410033846,4.923123788110799e-16
3966,-0.8515909237388031,2.2476901207787203,2.2476901207787203,0.0
3967,0.5271190310424441,0.40284205595355926,0.4028420559535588,4.440892098500626e-16
3968,-0.14035846258029494,0.33178754852595016,0.33178754852595016,0.0
3969,-0.593853627412934,1.209942116170331,1.2099421161703314,3.670334340089584e-16
3970,-0.3677393185329715,0.9758249871142288,0.9758249871142286,2.220446049250313e-16
3971,0.7850407709570333,1.3354485102297848,1.3354485102297846,1.6626968634442152e-16
3972,-0.05446979954349984,2.415113147498876,2.4151131474988756,1.8387925646877763e-16
3973,-0.13041944323743948,3.7180754780857352,3.7180754780857366,3.583218354233386e-16
3974,0.49669165769930057,1.7482689003875753,1.7482689003875753,0.0
3975,0.7703224771139043,0.010003668711655103,0.0100036687116552,9.71445146547012e-17
3976,-0.7451827914667896,0.09127984089044694,0.09127984089044583,1.1102230246251565e-15
3977,0.6558310021527234,3.4964307724173205,3.49643077241732,1.270121557542046e-16
3978,0.256436130286249,2.9323057596358604,2.9323057596358604,0.0
3979,0.045012546052773494,3.3437471252086315,3.3437471252086306,2.656236809907411e-16
3980,-0.537233809335226,1.2053125849630928,1.2053125849630928,0.0
3981,0.4543949606340718,3.1994345104725146,3.1994345104725146,0.0
3982,-0.5992092907440856,3.0380634541495843,3.038063454149585,1.4617509362534766e-16
3983,0.5114899497607701,2.6390437419509762,2.6390437419509762,0.0
3984,-0.5331239308187219,4.655929368750785,4.655929368750785,0.0
3985,0.36995984508972857,-1.6035385347921567,-1.603538534792157,1.3847163638871435e-16
3986,0.3378445530819225,2.730935766528697,2.7309357665286957,4.878429020114371e-16
3987,-0.3402527081704624,15.307457315932007,15.30745731593201,2.320903861089219e-16
3988,0.1268202496244364,4.131694655543402,4.131694655543403,2.1496710036606314e-16
3989,-0.7025871131394898,4.894208628956399,4.894208628956399,0.0
3990,-0.44761741168460967,-0.7483559168113123,-0.7483559168113123,0.0
3991,-0.31911703799054647,1.2959624019241844,1.2959624019241844,0.0
3992,-0.21191950014036287,2.835094289954036,2.835094289954036,0.0
3993,0.5384391870428513,-3.79711173761524,-3.797111737615242,4.678179000641904e-16
3994,0.48954077805069063,0.9233640546212836,0.9233640546212837,1.1102230246251565e-16
3995,0.6671955363686524,0.119381702414457,0.11938170241445878,1.7763568394002505e-15
3996,0.36231478332627676,0.06925553186725353,0.06925553186725364,1.1102230246251565e-16
3997,0.7154649508076261,-1.1811941435094844,-1.1811941435094835,7.519326307030523e-16
3998,-0.0752582703993635,1.9586221771773642,1.9586221771773642,0.0
3999,0.2816260728547597,1.7835513102815366,1.7835513102815366,0.0
4000,0.9578586465641197,2.9841844133988373,2.9841844133988396,7.440713245738509e-16
4001,0.48389925465395467,2.76048341097522,2.7604834109752194,1.6087371077269955e-16
4002,-0.750124729477285,0.35351443841524877,0.3535144384152488,5.551115123125783e-17
4003,0.740068404690271,4.959906111594379,4.95990611159438,1.7907161944535623e-16
4004,-0.061707222235528825,3.0954513427295995,3.0954513427295995,0.0
4005,0.771238271360684,0.5371914686092788,0.5371914686092785,3.3306690738754696e-16
4006,-0.10664299726952298,1.5418492678355182,1.5418492678355178,2.880237511630983e-16
4007,-0.6677090955255165,4.413793700922067,4.413793700922067,0.0
4008,0.6694368528299219,-2.587364288539422,-2.5873642885394212,3.4327536467681e-16
4009,-0.7111492640779524,7.212008524349407,7.212008524349407,0.0
4010,0.1101861671593054,3.4397344828206085,3.4397344828206085,0.0
4011,-0.4887715794925288,-0.22612627956887943,-0.22612627956887899,4.440892098500626e-16
4012,0.11131049148876726,1.331418126427256,1.3314181264272564,3.335460146105545e-16
4013,-0.32314200986313646,2.094325785113443,2.094325785113443,0.0
4014,0.9174960102961893,-2.7374707676072427,-2.7374707676072383,1.6222610122636315e-15
4015,-0.632918356944465,9.716342056400007,9.71634205640001,1.8282156279483708e-16
4016,0.6964612431640944,2.744200802778531,2.7442008027785305,1.6182824864726293e-16
4017,0.9048850802320745,1.9727324421672998,1.9727324421672972,1.3506825366409252e-15
4018,0.753053508226931,0.874696136503534,0.874696136503534,0.0
4019,0.4706674271344822,0.5781457561577208,0.578145756157721,2.220446049250313e-16
4020,0.6912553661911118,1.005907463983493,1.005907463983493,0.0
4021,-0.7915489909261629,1.662721289555726,1.6627212895557228,1.8696004486603124e-15
4022,-0.857018796309898,6.234059039426348,6.234059039426347,1.4247192945767395e-16
4023,0.019830927811545163,4.495113368322306,4.495113368322306,0.0
4024,0.7131760369037767,3.0713532522576363,3.0713532522576337,8.675443819892016e-16
4025,0.1658730873078753,-0.21869898517347552,-0.21869898517347564,1.1102230246251565e-16
4026,-0.05881534422028534,1.351433195640357,1.3514331956403571,1.6430305666705093e-16
4027,0.6434184657835513,2.3605243831108402,2.3605243831108402,0.0
4028,-0.41323073752746886,1.6942075380194188,1.6942075380194188,0.0
4029,0.0880321496978973,1.2350288542566608,1.23502885425666,5.393670054583677e-16
4030,-0.5049012332521572,3.392006567051755,3.3920065670517543,2.618445460358018e-16
4031,-0.2934217843271232,-0.6721446442153762,-0.6721446442153762,0.0
4032,-0.6106628102265479,0.2766431872818396,0.2766431872818396,0.0
4033,0.9106016778297745,-3.1342571969261153,-3.1342571969261073,2.550398794693926e-15
4034,0.2654635602717168,3.6032090941960835,3.6032090941960835,0.0
4035,0.9180402576357447,0.8426161134737238,0.8426161134737225,1.3322676295501878e-15
4036,-0.5451836400516961,3.115912730786358,3.115912730786358,0.0
4037,0.1842525723965931,7.453518545041925,7.453518545041924,1.191623009096745e-16
4038,0.16567371891825444,1.4835013903905598,1.48350139039056,1.4967603425472615e-16
4039,-0.42759557856178243,-3.9446505591787364,-3.9446505591787364,0.0
4040,-0.7136363168380628,0.7344332581341138,0.7344332581341136,1.1102230246251565e-16
4041,0.2890983655014048,-3.940313724105407,-3.9403137241054056,3.381120699602823e-16
4042,-0.5385156911987148,0.3891098230413008,0.3891098230413005,3.3306690738754696e-16
4043,-0.805621840429197,5.141185986395292,5.141185986395292,0.0
4044,0.8442995564748255,1.160349225126167,1.1603492251261671,1.9136015271685815e-16
4045,-0.6666686045587938,0.27286223802962883,0.2728622380296293,4.440892098500626e-16
4046,-0.5415708671313667,-0.38977166632300836,-0.3897716663230084,5.551115123125783e-17
4047,-0.06368898845935167,4.2565271828980915,4.2565271828980915,0.0
4048,0.1018844255778848,0.36797521260550975,0.36797521260550975,0.0
4049,0.5446614568800161,-0.36230164999704995,-0.3623016499970495,4.440892098500626e-16
4050,0.5810390890790889,1.6800003016796348,1.6800003016796357,5.286775358386186e-16
4051,0.8704049571711907,-1.6549292059837444,-1.6549292059837502,3.488463257024374e-15
4052,0.022045604218476234,1.7569047077175024,1.7569047077175022,1.2638397742897645e-16
4053,0.9661961273522874,3.9666217752140565,3.966621775214044,3.1347828405269953e-15
4054,-0.06235132214374439,-0.3716576060751746,-0.37165760607517395,6.661338147750939e-16
4055,-0.45866924707195333,1.3368922828619954,1.3368922828619954,0.0
4056,0.011608125951208192,1.1611229781214651,1.1611229781214651,0.0
4057,0.3217577185906142,1.1796000054583422,1.179600005458342,1.8823720235466957e-16
4058,0.04271610698230055,1.9506825092051479,1.9506825092051483,2.276583748274943e-16
4059,0.8766111240007866,2.8308107407046976,2.830810740704697,1.5687704001699235e-16
4060,0.1429973677859655,3.468096517015131,3.4680965170151317,1.280498416555819e-16
4061,0.09961708497095878,3.0918835596548293,3.091883559654829,1.436306385029712e-16
4062,-0.3377474761725925,4.1511570666902955,4.151157066690295,2.1395924206940865e-16
4063,0.18484884538631108,1.197616191898201,1.1976161918982013,3.7081096001732317e-16
4064,-0.4365981261220425,-2.995227098613266,-2.995227098613265,2.965312446963822e-16
4065,-0.31431847944673874,3.4352220707236243,3.435222070723624,1.2927525519667958e-16
4066,0.2963893796766046,3.8675302378113816,3.8675302378113816,0.0
4067,0.7325725324613863,0.23655895291386603,0.23655895291386603,0.0
4068,-0.8875727014137447,-0.7800872932224561,-0.780087293222457,8.881784197001252e-16
4069,-0.2838143167468534,5.238513787089213,5.238513787089213,0.0
4070,0.22095771164505362,5.927915680962112,5.927915680962112,0.0
4071,-0.5187000380598574,1.3671997936561409,1.3671997936561402,4.872249234281487e-16
4072,0.32000764971754747,7.937440962647236,7.937440962647239,3.3569197826344773e-16
4073,-0.01441215000442464,1.4144743900702172,1.4144743900702172,0.0
4074,-0.6646467804780674,3.715417232704848,3.715417232704847,2.390521344095521e-16
4075,-0.8304425977358468,-0.30929502785359864,-0.3092950278535991,4.440892098500626e-16
4076,-0.8124964297745878,-0.3350835864705398,-0.33508358647054015,3.3306690738754696e-16
4077,-0.7383289221791112,0.3530066299504598,0.3530066299504593,4.996003610813204e-16
4078,-0.4232293718060478,3.9190115691932226,3.9190115691932226,0.0
4079,-0.6613901437853666,4.899955868413175,4.899955868413176,1.81262534510899e-16
4080,0.5520239198480976,0.07779113858223652,0.07779113858223652,0.0
4081,-0.34360534159213807,-3.1962061074410957,-3.1962061074410943,4.1682782172543006e-16
4082,0.11304168687195748,0.6710848896096965,0.6710848896096963,2.220446049250313e-16
4083,0.05224903279520654,-2.557736673298635,-2.5577366732986366,6.945034091837676e-16
4084,0.20009858471017594,-6.455296386383171,-6.455296386383173,2.751781998960272e-16
4085,0.3406151335938423,-0.31374714236038626,-0.3137471423603867,4.440892098500626e-16
4086,0.7562205375142093,3.1512748150521745,3.1512748150521745,0.0
4087,0.9628355451318269,1.383169179050734,1.383169179050718,1.1718925208159758e-14
4088,-0.6979585565288362,-1.2822953529775356,-1.28229535297754,3.4632365220607844e-15
4089,-0.08332325342597324,0.4192266318687452,0.41922663186874554,3.3306690738754696e-16
4090,0.6779681723130131,1.6263189843723251,1.6263189843723254,1.3653201312824188e-16
4091,-0.5028810630841773,0.36128945645716226,0.36128945645716204,2.220446049250313e-16
4092,-0.9262472931205168,0.7506525061627651,0.7506525061627649,2.220446049250313e-16
4093,-0.6688023911990646,-2.230145769859837,-2.2301457698598375,1.9913012676206063e-16
4094,0.6637303526214657,2.8588752323949476,2.8588752323949476,0.0
4095,-0.7653136417997711,3.4473517207228572,3.447351720722859,5.152815793996719e-16
4096,0.45623178006523446,2.8952953114357025,2.895295311435703,1.5338304458823932e-16
4097,0.36586092865859166,4.666650386337586,4.666650386337586,0.0
4098,0.43339315425013414,1.4278822004047733,1.427882200404773,1.5550624894832818e-16
4099,-0.425513284715188,3.8136867022385825,3.813686702238582,1.1644616994610182e-16
4100,-0.06741586833752544,2.389305214370017,2.3893052143700175,1.858654169334137e-16
4101,0.6724825382624284,4.748063444012816,4.748063444012816,0.0
4102,0.09536712372571099,2.597050868325839,2.597050868325839,0.0
4103,0.6134598890818135,0.396646693123863,0.396646693123863,0.0
4104,0.8157077278977212,2.509797831749791,2.509797831749788,1.2385955671908261e-15
4105,-0.475904969415729,4.21543825738455,4.21543825738455,0.0
4106,0.5391319426130112,-0.6410769301212926,-0.6410769301212926,0.0
4107,0.47208843614341034,4.6854962812341245,4.6854962812341245,0.0
4108,-0.6862535537312069,1.5200765479787544,1.5200765479787544,0.0
4109,-0.8373693752265225,-1.9210232621173926,-1.9210232621173944,9.246930396055237e-16
4110,-0.41821796292147884,-5.5828339948951715,-5.5828339948951715,0.0
4111,0.15657366782631033,2.998598712444421,2.9985987124444207,1.4809891300461692e-16
4112,-0.06788157712302911,-3.061493127343783,-3.061493127343785,5.802256498747902e-16
4113,0.18591835428680703,1.4304558350345973,1.4304558350345968,3.10452933235315e-16
4114,-0.9474676713273342,6.677054270110115,6.677054270110112,3.9905849964829375e-16
4115,0.6223375072999753,3.6569792071603655,3.6569792071603655,0.0
4116,0.6978069724065721,0.9961795409087009,0.9961795409087009,0.0
4117,0.0659836951817041,2.9571089853546435,2.9571089853546435,0.0
4118,-0.6539696807906015,0.09909964103989832,0.09909964103989921,8.881784197001252e-16
4119,0.6329309559174789,1.475775482453258,1.4757754824532592,7.5229805470109535e-16
4120,0.32341015156797437,4.1118182745908065,4.1118182745908065,0.0
4121,0.24456045603995547,1.1802375981996438,1.1802375981996436,1.8813551208988956e-16
4122,0.11227311654174388,6.465800466589846,6.465800466589846,0.0
4123,0.2764849578593729,9.177329239980416,9.177329239980416,0.0
4124,-0.8737841252277707,1.778864604775126,1.7788646047751246,7.489426828629297e-16
4125,0.01012200720985601,1.5888765203474138,1.5888765203474133,2.794988812302172e-16
4126,0.750553110308888,4.783645345967131,4.78364534596713,1.8566978851158085e-16
4127,0.44854939319611664,-2.4648346033780655,-2.4648346033780637,7.206799340473987e-16
4128,-0.24555975080831705,1.9858680792958374,1.9858680792958365,4.47249456779154e-16
4129,-0.5369047789171942,1.2899812866701093,1.289981286670109,1.7213009771498758e-16
4130,-0.9075175745051609,2.02553720283068,2.0255372028306806,2.1924515097992262e-16
4131,-0.10021488893256103,1.8297240412650386,1.8297240412650388,1.2135414954241604e-16
4132,0.050658261166055096,-0.06868979023925553,-0.0686897902392554,1.3877787807814457e-16
4133,-0.5044625143650687,1.6209594644760992,1.6209594644760992,0.0
4134,-0.7886899697538371,3.4657096732239085,3.4657096732239077,2.562760598679677e-16
4135,0.349536704411225,5.517129232646036,5.517129232646036,0.0
4136,-0.6117550986755773,0.8585837192254097,0.8585837192254092,4.440892098500626e-16
4137,-0.2677245015998372,2.1315265754748687,2.1315265754748687,0.0
4138,-0.07764343499208182,0.04408950218623428,0.04408950218623429,6.938893903907228e-18
4139,-0.04955459954784436,1.8752125333854441,1.8752125333854432,4.736414693734147e-16
4140,-0.949481241928879,0.9991676410899446,0.9991676410899444,2.220446049250313e-16
4141,-0.7235996693067034,2.7604785487231323,2.7604785487231327,1.6087399413245846e-16
4142,-0.3586111118722285,3.2649509691879697,3.2649509691879706,2.7203422902274864e-16
4143,-0.19935036005394446,3.6925271439223155,3.692527143922315,1.2026701295371858e-16
4144,-0.39263031034617646,0.8181776541421157,0.818177654142116,2.220446049250313e-16
4145,0.78455222164834,1.3524757028910241,1.352475702891021,2.2984697339150024e-15
4146,-0.7355771180941324,4.848988128123316,4.848988128123317,1.8316778598587192e-16
4147,-0.671396577722418,2.417191577484075,2.4171915774840746,1.837211472961904e-16
4148,-0.653654054039976,2.429621249020261,2.429621249020261,0.0
4149,0.6260780509788892,0.058473110349553714,0.058473110349553714,0.0
4150,0.06230433154295323,1.3625424139993028,1.362542413999303,1.6296344439898289e-16
4151,-0.3714089641042312,0.3035280588561502,0.30352805885614886,1.3322676295501878e-15
4152,-0.6971143088861012,1.1882003735211266,1.1882003735211266,0.0
4153,0.5063803738591905,-0.19364997598577297,-0.19364997598577288,8.326672684688674e-17
4154,0.193302779020184,7.874552385643715,7.874552385643716,1.1279097226140557e-16
4155,-0.7988595730596231,2.402194223356344,2.4021942233563447,3.697363065252747e-16
4156,-0.5940547399800513,0.078286970529726,0.07828697052972666,6.661338147750939e-16
4157,0.59704614896785,0.2464812032794605,0.24648120327946066,1.6653345369377348e-16
4158,0.16286491162027938,3.309069611353566,3.3090696113535674,4.026109408454624e-16
4159,0.604946308601584,5.048945429286154,5.048945429286153,1.7591365011558473e-16
4160,-0.43600924648350337,-4.127710249139678,-4.127710249139678,0.0
4161,0.36653078427161767,1.2722093520242277,1.2722093520242277,0.0
4162,-0.13148204279848263,0.04804910432896364,0.04804910432896364,0.0
4163,-0.10727830939856808,1.3333493593900427,1.3333493593900432,3.33062904123805e-16
4164,-0.15907249872341422,0.7170764578565341,0.7170764578565343,2.220446049250313e-16
4165,0.6502347852299792,1.362504865336313,1.3625048653363128,1.6296793543575574e-16
4166,0.7186564625857568,1.7316385519403552,1.7316385519403559,3.8468409820783333e-16
4167,-0.4023013379396947,-0.4298809303771902,-0.42988093037719155,1.3322676295501878e-15
4168,-0.5883574925921595,1.0595803493512075,1.0595803493512075,0.0
4169,-0.35430230976384036,0.09992916296165774,0.09992916296165771,2.7755575615628914e-17
4170,-0.008901897021416638,-3.367752276147299,-3.367752276147299,0.0
4171,0.4090544586266458,3.4211733033711167,3.421173303371117,1.29806113420934e-16
4172,-0.872283627050965,-0.12217862845381816,-0.12217862845381777,3.885780586188048e-16
4173,-0.23027187257612858,1.9786938508191296,1.9786938508191292,2.2443553340311885e-16
4174,-0.7817784458840757,3.170389640958255,3.170389640958255,0.0
4175,-0.4620976823580585,3.0234317551232857,3.023431755123286,1.468824983721037e-16
4176,-0.26973761261493967,4.084906750112365,4.084906750112365,0.0
4177,-0.9021624796441,1.5671237429753337,1.5671237429753329,5.667570437123452e-16
4178,-0.23012640865718337,2.675193457667489,2.675193457667489,0.0
4179,0.27088804920970055,-0.9792920384610828,-0.9792920384610828,0.0
4180,0.6283390012711121,0.219295851028855,0.21929585102885496,2.7755575615628914e-17
4181,-0.01792926745258916,5.174091080140902,5.174091080140901,1.7165882972356532e-16
4182,0.35233474889461514,1.4734616726279182,1.4734616726279182,0.0
4183,0.9412301725728212,-4.62978766503216,-4.629787665032175,3.2612798312419464e-15
4184,0.527666480219765,0.7838430177439824,0.7838430177439824,0.0
4185,0.814504949179514,5.076443703044442,5.076443703044442,0.0
4186,0.259751000082852,0.23882839002527756,0.23882839002527756,0.0
4187,0.9528241317862969,2.8307727330799204,2.8307727330799217,4.706374390220518e-16
4188,-0.6949320097767913,4.280170881554327,4.280170881554327,0.0
4189,0.3769487847848745,1.201487442242386,1.2014874422423867,5.544242838958522e-16
4190,0.6308600837161671,0.5003699742690204,0.5003699742690205,1.1102230246251565e-16
4191,-0.2379842138321605,3.247340369666105,3.247340369666105,0.0
4192,-0.5304275617128831,-0.8069016252829158,-0.8069016252829154,3.3306690738754696e-16
4193,0.7938554156132498,1.3598340224732814,1.3598340224732817,1.632880199019981e-16
4194,0.04500712094351211,-1.102230816513577,-1.102230816513577,0.0
4195,-0.39290542932056294,0.5639617818027947,0.5639617818027947,0.0
4196,-0.5983770676153823,2.123025877504988,2.123025877504988,0.0
4197,-0.22861948766201923,2.761858134566797,2.761858134566797,0.0
4198,-0.14420874797533878,0.8031533500437305,0.80315335004373,4.440892098500626e-16
4199,-0.19565000036392965,0.6263813240806715,0.6263813240806716,1.1102230246251565e-16
4200,0.5560625732061113,4.517886227017863,4.517886227017863,0.0
4201,-0.8215933290941044,1.0004376191758408,1.0004376191758413,4.438949529066117e-16
4202,-0.7559847679357378,4.8222078535899575,4.822207853589958,1.841850137253849e-16
4203,0.2778690228429135,2.7141482782941315,2.7141482782941315,0.0
4204,-0.10546765813267489,-4.156583422989704,-4.156583422989701,6.410397646208809e-16
4205,-0.3004450702376056,0.8168629453306557,0.8168629453306551,6.661338147750939e-16
4206,-0.15888382226931974,-0.3466286408600032,-0.3466286408600029,3.3306690738754696e-16
4207,0.6332254859132682,-0.6904554536065819,-0.6904554536065817,2.220446049250313e-16
4208,-0.7618817727072009,0.45310297745551,0.45310297745551,0.0
4209,0.42760834103406675,3.838414182094747,3.8384141820947475,1.1569601110834495e-16
4210,-0.9322755921009948,2.1453726670474107,2.145372667047412,6.209958996931445e-16
4211,0.46308489472238334,2.1277838211314464,2.1277838211314464,0.0
4212,0.15104511004935595,1.8067329105468155,1.8067329105468155,0.0
4213,0.16932756445585584,7.275421085188019,7.275421085188019,0.0
4214,0.8632910681571819,1.369923668064361,1.3699236680643607,1.6208538482933877e-16
4215,0.21931504355445153,1.7062220032995103,1.7062220032995101,1.3013816753953417e-16
4216,-0.25630803321660645,7.540865575490548,7.540865575490548,0.0
4217,-0.08048877675706989,1.498409137234578,1.4984091372345782,1.481868999643386e-16
4218,-0.14443123180642237,2.9742512361503377,2.9742512361503377,0.0
4219,0.4450436896395624,1.3230252761496255,1.3230252761496255,0.0
4220,0.43300021069605554,0.2283040532917865,0.2283040532917865,0.0
4221,-0.6347977478119939,4.864734075301198,4.864734075301198,0.0
4222,-0.9134468816855871,6.987764289822426,6.987764289822428,2.542096106457809e-16
4223,-0.1788991158093879,2.1871450733818945,2.187145073381895,2.0304515473378513e-16
4224,-0.9471330021495229,1.7390811529090309,1.739081152909037,3.575019444895389e-15
4225,0.17470116688714166,2.02884400209917,2.02884400209917,0.0
4226,0.28588966011892114,5.535826746381389,5.535826746381388,1.6044187442836827e-16
4227,0.23520570376211047,2.3157731160746136,2.315773116074613,1.9176714971232708e-16
4228,0.045061428744943344,-2.1752247172141987,-2.1752247172141996,4.0831570764679965e-16
4229,-0.293450088876929,4.358403040551222,4.358403040551221,2.0378528819762257e-16
4230,-0.76149296899909,2.443520064994829,2.443520064994829,0.0
4231,0.30388975446552613,1.2172901836930197,1.21729018369302,1.8240893412234011e-16
4232,0.7569254449425153,1.3627801662542318,1.3627801662542314,3.258700272037978e-16
4233,-0.17583032674275578,2.8818294774589908,2.8818294774589908,0.0
4234,-0.9417046699384473,21.061003274179495,21.061003274179495,0.0
4235,0.07420718720035624,2.1520511661362223,2.1520511661362223,0.0
4236,0.0931709000630121,2.214596099790609,2.214596099790609,0.0
4237,-0.2560015361551895,5.876510719763355,5.876510719763355,0.0
4238,0.9129808987475856,11.352667858337218,11.352667858337218,0.0
4239,-0.2132272645706057,0.1602039822385627,0.16020398223856286,1.6653345369377348e-16
4240,0.49087077620006037,2.8643177697415396,2.864317769741539,1.550418792710052e-16
4241,0.7339084639597275,0.1791419325583936,0.17914193255839406,4.440892098500626e-16
4242,-0.16471626958186025,3.1818644380496752,3.1818644380496752,0.0
4243,0.45477273380631944,6.628218822165376,6.628218822165377,1.3399956210407154e-16
4244,-0.47363030725715105,2.9108431191184474,2.910843119118446,4.576913200164723e-16
4245,-0.7393379324543212,2.170380524075724,2.1703805240757243,2.0461352510485782e-16
4246,0.030989225343597493,6.0455826880000965,6.0455826880000965,0.0
4247,-0.41321106646727235,0.8634250996028472,0.8634250996028472,0.0
4248,-0.8229547978173916,9.553031413098338,9.553031413098335,3.7189385496307585e-16
4249,0.8420097414327072,0.5226727686417698,0.5226727686417699,1.1102230246251565e-16
4250,-0.9346092178018564,-0.10068188480229263,-0.10068188480229256,6.938893903907228e-17
4251,0.8146510303545262,0.24726405077423008,0.24726405077422964,4.440892098500626e-16
4252,0.3902180951223213,0.9662343964346427,0.9662343964346425,2.220446049250313e-16
4253,-0.8108417252109477,3.754715618619076,3.7547156186190778,4.731002344336176e-16
4254,-0.27463694194271526,6.672985909021702,6.672985909021703,1.3310059871388777e-16
4255,-0.31061670658905316,0.4780984764958873,0.4780984764958882,8.881784197001252e-16
4256,0.8145048847272693,0.527404935655426,0.527404935655426,0.0
4257,-0.45729803337836117,0.1904216501750402,0.19042165017504012,8.326672684688674e-17
4258,-0.4167699584123201,6.857274405714397,6.8572744057143975,1.2952353473852183e-16
4259,0.04376979439377848,1.528997998511553,1.5289979985115527,1.4522229927127897e-16
4260,-0.456687757630978,0.5381643893757585,0.5381643893757577,7.771561172376096e-16
4261,-0.27929257028762833,0.3386263987142599,0.3386263987142599,0.0
4262,0.49363609605958003,-2.244965591325548,-2.244965591325548,0.0
4263,0.8558658065196005,3.3981295696431775,3.3981295696431775,0.0
4264,-0.42168393147881955,5.415700075524048,5.415700075524048,0.0
4265,0.5998555467461784,0.9647401207931754,0.9647401207931755,1.1102230246251565e-16
4266,0.3164331382919048,0.06471188666332173,0.06471188666332184,1.1102230246251565e-16
4267,0.13088405236267087,1.7561624612245448,1.7561624612245448,0.0
4268,0.31093405134034025,-0.12931312889315238,-0.1293131288931526,2.220446049250313e-16
4269,-0.7238264483117256,0.37139758269273404,0.371397582692734,5.551115123125783e-17
4270,-0.042562671251587414,1.612688788595617,1.6126887885956167,1.376859605493972e-16
4271,-0.28192357474796914,3.7815132345796347,3.7815132345796334,3.523107144958299e-16
4272,0.3668875166405532,0.5128291680389063,0.5128291680389037,2.6645352591003757e-15
4273,-0.1044002304380448,1.5665183475557511,1.5665183475557516,2.8348803609161547e-16
4274,-0.4691060197150476,8.898905068912265,8.898905068912265,0.0
4275,-0.7436159662306374,3.867788281809921,3.8677882818099207,1.1481735231956704e-16
4276,-0.00878606288322048,6.656765200205557,6.656765200205558,1.3342492832294863e-16
4277,-0.1577177318818318,4.7108958459522405,4.710895845952241,1.8853705298181829e-16
4278,-0.2894272258528233,-2.7233880790661944,-2.723388079066194,1.6306497530176954e-16
4279,0.8611721492709314,1.5940538434498008,1.5940538434498022,8.357732927433219e-16
4280,-0.6154735903486469,6.02050028786167,6.02050028786167,0.0
4281,-0.8394792594344037,3.9833087625648984,3.9833087625648975,2.229750372472298e-16
4282,0.4566874226459039,4.791060925492515,4.791060925492515,0.0
4283,-0.2568527596642075,1.2751638716873348,1.2751638716873348,0.0
4284,0.7180573218720354,4.705906812335605,4.705906812335606,1.8873693320316948e-16
4285,-0.47587510934918476,1.59240551125052,1.5924055112505204,2.788794730440981e-16
4286,-0.5485742852815025,1.8756919650594694,1.87569196505947,2.3676020269990474e-16
4287,0.48232967714154906,1.4292582054976137,1.429258205497614,1.5535653674818243e-16
4288,0.6333614983066795,5.485879173964746,5.485879173964746,0.0
4289,-0.44335145211702076,1.8863708914536232,1.886370891453623,1.1770994025142395e-16
4290,-0.39554569831677233,-1.7689798091074276,-1.7689798091074276,0.0
4291,0.17919657965910596,8.465110481887953,8.465110481887955,2.0984449561538078e-16
4292,0.7189948987913615,5.235165907601907,5.235165907601907,0.0
4293,0.3707950827360815,7.84688427726619,7.84688427726619,0.0
4294,-0.46768177727112215,0.5239043298934047,0.5239043298934049,1.1102230246251565e-16
4295,0.5556678884555064,0.2604569296613949,0.26045692966139483,5.551115123125783e-17
4296,-0.5917778763234507,3.0812527960690703,3.0812527960690685,5.76504739132878e-16
4297,-0.07818266162741117,1.9586097398345486,1.958609739834549,2.2673695571818027e-16
4298,0.027396838728715567,2.4109981199313815,2.410998119931381,1.8419309670083926e-16
4299,0.6713519158451002,-0.6073102491024522,-0.6073102491024507,1.5543122344752192e-15
4300,-0.6653115673213186,8.077249368996,8.077249368996,0.0
4301,-0.9459549062963298,7.965207360346955,7.9652073603469375,2.23014512873005e-15
4302,-0.2749725118349704,2.94435215902138,2.9443521590213804,1.5082747778297872e-16
4303,0.9506462009478271,-0.010303328323783667,-0.01030332832375791,2.5757174171303632e-14
4304,0.2630437595299331,6.018668818209111,6.018668818209112,1.4757057524298333e-16
4305,0.4927204468820865,1.296407220574844,1.296407220574844,0.0
4306,-0.4305415554960813,-1.013312861935279,-1.013312861935279,0.0
4307,-0.9361749393436506,0.6365918546367129,0.6365918546366984,1.4432899320127035e-14
4308,-0.8437960492789209,8.781531929785157,8.78153192978516,4.045665047063627e-16
4309,-0.5035645879550551,12.712626800415203,12.712626800415205,1.3973169096273898e-16
4310,-0.8775549647869765,1.082282825372892,1.082282825372892,0.0
4311,0.510740768652963,6.918852141247453,6.918852141247452,1.2837077618773751e-16
4312,0.2502752218737532,1.8162015610791242,1.816201561079124,1.2225768861970368e-16
4313,0.6809683732357321,0.6405514617381567,0.6405514617381567,0.0
4314,0.11553003494595049,9.366773958532407,9.366773958532407,0.0
4315,-0.8413264958932759,0.9682285296104505,0.9682285296104505,0.0
4316,0.4542214059988452,1.1623432960427065,1.1623432960427065,0.0
4317,0.8276692482460635,3.5958624454980566,3.5958624454980592,7.410003300978093e-16
4318,-0.7587474865516501,3.750592907478258,3.7505929074782562,4.736202737061641e-16
4319,0.053288912764373864,2.9231694318838306,2.9231694318838306,0.0
4320,-0.22422328827648796,2.8032270365906258,2.8032270365906258,0.0
4321,0.4830081363934724,-1.5785262627367527,-1.578526262736753,1.4066576538299964e-16
4322,0.5977016105174888,1.2062936893326106,1.2062936893326102,3.6814352406647976e-16
4323,-0.2568882016153755,3.0433177330976244,3.043317733097625,1.45922722764162e-16
4324,0.846254792252265,-2.3370995712149103,-2.3370995712149085,7.60068959525261e-16
4325,0.8823115778074746,-1.728825073467097,-1.728825073467096,5.137468407482749e-16
4326,0.43682133761050634,3.3945620918677033,3.3945620918677033,0.0
4327,0.7699136514724638,1.0381297803729281,1.0381297803729284,2.1388906196801913e-16
4328,-0.4586248092968451,0.6904651291380568,0.6904651291380555,1.3322676295501878e-15
4329,0.819811502019991,3.809120243464105,3.8091202434641045,1.1658576822615537e-16
4330,-0.39748477274057537,1.3309835240585839,1.3309835240585834,3.3365492646813247e-16
4331,0.4296446233718163,2.3909445135888014,2.390944513588802,1.8573798234384196e-16
4332,0.05545227991215884,-4.184584743460609,-4.184584743460609,0.0
4333,-0.6757723173628565,-2.7680408638395955,-2.7680408638395955,0.0
4334,-0.25669275699855676,-4.667949664282428,-4.667949664282429,1.902716360667224e-16
4335,0.5007514535620123,0.17946171831223134,0.17946171831223134,0.0
4336,-0.6162954325625267,2.2092672249362875,2.2092672249362875,0.0
4337,-0.16641962285158352,1.3417492332054477,1.3417492332054475,1.654889001833564e-16
4338,0.2979324067540883,2.1536302192764945,2.1536302192764945,0.0
4339,-0.35718068919900803,-0.15598491247702173,-0.15598491247702173,0.0
4340,-0.45453340670980036,0.303982611232691,0.303982611232691,0.0
4341,-0.2802679048670995,0.2111849417702789,0.2111849417702789,0.0
4342,-0.9197130960830062,2.4085292754088052,2.4085292754088052,0.0
4343,-0.5866594886347894,2.427695262177569,2.4276952621775703,5.487787739698368e-16
4344,-0.45359772641081,-0.8306919305251723,-0.8306919305251728,4.440892098500626e-16
4345,-0.5708775076666965,0.4817311530661974,0.48173115306619735,5.551115123125783e-17
4346,-0.031867920421411844,2.4175673441908545,2.4175673441908554,3.673851823959813e-16
4347,-0.5098086993852169,2.2149068802331406,2.21490688023314,2.005001717288078e-16
4348,0.833307700543702,-1.1022359824465857,-1.1022359824465844,1.2086954615589764e-15
4349,-0.9361281581004726,0.31772813713458214,0.31772813713458703,4.884981308350689e-15
4350,0.030316272130560762,5.491189892167018,5.491189892167019,1.6174607637719456e-16
4351,0.10199992485493037,1.8405670734970547,1.840567073497055,1.2063923565857847e-16
4352,0.04947606208322464,-0.5049745038766185,-0.5049745038766187,2.220446049250313e-16
4353,0.9633092399366578,0.07540696349016685,0.07540696349016689,4.163336342344337e-17
4354,-0.9848364207310615,4.3676023464119,4.367602346411902,4.067121268170337e-16
4355,-0.940780430686183,-1.2121297526603994,-1.2121297526603954,3.297339150266978e-15
4356,-0.4567102583250583,1.206249582985328,1.206249582985328,0.0
4357,-0.9246148824051179,-2.7841578682075028,-2.7841578682075028,0.0
4358,0.38146363377905,-0.8659786679596276,-0.865978667959628,3.3306690738754696e-16
4359,0.4390851093461754,1.9348995733742602,1.93489957337426,1.1475768974294052e-16
4360,-0.7134777703787385,5.829303901006617,5.829303901006616,1.5236440487289616e-16
4361,0.036276689311927734,5.692375202429384,5.692375202429383,1.5602949350932976e-16
4362,0.7541058250588348,4.80810428267473,4.808104282674731,1.847252820411031e-16
4363,-0.17574284296198872,-0.6759467120094134,-0.6759467120094136,2.220446049250313e-16
4364,0.39291417390618943,3.4764946255355422,3.4764946255355422,0.0
4365,-0.0750012262561276,5.1531924137237155,5.153192413723715,1.723549885959574e-16
4366,0.5956825798787415,7.154264868068635,7.154264868068635,0.0
4367,-0.1301446344345072,0.22383400260349795,0.22383400260349773,2.220446049250313e-16
4368,0.7128444065179229,-2.894819483924848,-2.894819483924846,6.136330259156037e-16
4369,-0.17651999438060262,1.2457423720442753,1.2457423720442755,1.7824279715287677e-16
4370,-0.24095829459288953,1.491634889544746,1.4916348895447462,1.4885988956238505e-16
4371,0.3201737460705978,0.8981164799264532,0.8981164799264529,2.220446049250313e-16
4372,0.6120191701178599,2.555851289683164,2.555851289683164,0.0
4373,-0.47224824025161816,-0.13663523398626826,-0.13663523398626842,1.6653345369377348e-16
4374,-0.12164522473788375,-0.11042580649735279,-0.11042580649735279,0.0
4375,-0.08125852189772242,3.8552208238749093,3.8552208238749093,0.0
4376,0.24876060346882145,2.7689961849552596,2.7689961849552596,0.0
4377,0.18931891475525564,3.469700281421674,3.469700281421675,2.5598130894931456e-16
4378,-0.30158410881524655,3.1174773671561913,3.117477367156191,1.4245146236784626e-16
4379,-0.3426080329167065,4.228118811889883,4.228118811889884,2.1006467869409935e-16
4380,-0.7209492516528002,2.7988749378638436,2.798874937863844,1.5866704290438937e-16
4381,0.8784788360106099,0.5364923142551261,0.5364923142551259,2.220446049250313e-16
4382,-0.6027266220527361,1.0258621660355878,1.0258621660355878,0.0
4383,-0.8629130884827443,-0.27744780289201243,-0.2774478028920129,4.440892098500626e-16
4384,-0.8168355363482929,4.105050512646321,4.10505051264632,2.1636236069786166e-16
4385,0.9166243187484009,-0.2160423891383878,-0.2160423891383878,0.0
4386,0.18179409716529027,0.33761637102483233,0.33761637102483233,0.0
4387,-0.8574812888355265,-0.9493957282724269,-0.9493957282724286,1.6653345369377348e-15
4388,-0.5280692750247933,-0.49034736473634655,-0.49034736473634666,1.1102230246251565e-16
4389,-0.9887277910561862,-4.166762335789487,-4.166762335789471,3.8368426769349486e-15
4390,0.40917580156014743,6.004562065536188,6.004562065536187,1.479172685711616e-16
4391,0.3713825730073048,0.980324506597871,0.9803245065978707,2.220446049250313e-16
4392,-0.18707411235920446,0.623117786176389,0.623117786176389,0.0
4393,0.6364526185365804,-1.9908477202736945,-1.990847720273699,2.2306538331772096e-15
4394,-0.9006900729208739,3.66573920832547,3.66573920832547,0.0
4395,-0.5986389851263767,3.8967559756845365,3.8967559756845365,0.0
4396,-0.05079973229808821,0.7430018741595654,0.7430018741595651,3.3306690738754696e-16
4397,0.15378734055375354,0.6358295465807242,0.6358295465807241,1.1102230246251565e-16
4398,0.7460862309267762,0.9499197910625294,0.9499197910625296,1.1102230246251565e-16
4399,-0.14747945328504253,3.8855211727735117,3.8855211727735117,0.0
4400,-0.5733591915415681,3.0489447353789965,3.048944735378997,1.4565341401468875e-16
4401,0.34487831859573026,-0.16547273876661173,-0.1654727387666115,2.220446049250313e-16
4402,0.8023224603401082,0.942711902905427,0.9427119029054243,2.6645352591003757e-15
4403,0.7412108198620273,4.99253221799937,4.9925322179993685,3.5580277939840316e-16
4404,-0.21887495978704608,1.3442293768260227,1.3442293768260227,0.0
4405,0.2613668125573887,1.3626019133318086,1.3626019133318088,1.629563284423196e-16
4406,0.14442866801820786,7.529285458933015,7.529285458933015,0.0
4407,0.6154788685337067,1.914198738235439,1.9141987382354397,3.4799616229459766e-16
4408,-0.6195919960672468,4.268148809852355,4.268148809852354,2.0809452979940718e-16
4409,0.9783535541787969,0.12365509498498861,0.12365509498505389,6.52811138479592e-14
4410,-0.9452514880317384,1.1368067201902345,1.136806720190231,3.125169490734525e-15
4411,0.43490230626039006,0.06374822439987327,0.06374822439987504,1.7763568394002505e-15
4412,0.962903844474081,3.1876582776689504,3.1876582776689624,3.761510055814376e-15
4413,-0.6532463220629305,2.1953937125478857,2.195393712547886,2.022822636832054e-16
4414,-0.38971766476261704,3.035485903564533,3.035485903564533,0.0
4415,0.7659804205179017,-0.4081394081861607,-0.4081394081861611,4.440892098500626e-16
4416,-0.09567141190875317,2.4242830600607292,2.424283060060729,1.831837284871091e-16
4417,-0.6440560015387853,0.6942666941633706,0.6942666941633706,0.0
4418,-0.07997135825299628,1.1414836448124799,1.1414836448124799,0.0
4419,-0.6297994137221647,-0.5039957595177535,-0.5039957595177542,6.661338147750939e-16
4420,-0.44097823647282264,-2.7165003627198256,-2.7165003627198265,3.269568566561352e-16
4421,-0.31336127245422885,0.3790518910650551,0.37905189106505516,5.551115123125783e-17
4422,0.4294762986653169,1.2195008716996896,1.219500871699688,1.2745478667095034e-15
4423,-0.4800919689955363,1.84604069671229,1.8460406967122895,2.4056306593942605e-16
4424,0.8674734075396775,5.523664935225866,5.523664935225866,0.0
4425,-0.5110486659352409,0.7496771238097069,0.7496771238097066,2.220446049250313e-16
4426,0.4246085134688262,-0.0072995517464014,-0.007299551746401622,2.220446049250313e-16
4427,-0.3174759800828125,1.2681595668523649,1.268159566852365,1.7509200792149293e-16
4428,-0.5958940087997513,0.9450388977610648,0.9450388977610649,1.1102230246251565e-16
4429,0.43788618089368114,0.5527989167172425,0.5527989167172425,0.0
4430,0.41894795815153696,-6.035103023392886,-6.035103023392888,2.9433745082972866e-16
4431,-0.1230549465966545,2.9943993169415286,2.9943993169415277,2.966132187764818e-16
4432,0.5380100854628045,1.9046415308717286,1.9046415308717286,0.0
4433,0.8886226529959003,-4.125023445600023,-4.125023445600021,4.3062951346252597e-16
4434,-0.2919399732168406,5.286731198749167,5.286731198749167,0.0
4435,0.8122372781300091,1.5391606918551308,1.5391606918551297,7.213171636335248e-16
4436,-0.2759330262980976,0.9072612429821472,0.9072612429821473,1.1102230246251565e-16
4437,-0.14762321609226403,6.4482110014430605,6.4482110014430605,0.0
4438,0.7111111945850044,3.55728228492589,3.55728228492589,0.0
4439,0.6719361930842074,1.506850037243223,1.5068500372432232,1.4735680355509108e-16
4440,0.49517502316243456,2.133611577233071,2.1336115772330704,2.081396701202617e-16
4441,0.1966131990431672,-1.25270865551206,-1.2527086555120597,1.7725159313620923e-16
4442,0.4838429531741155,0.7999858545477349,0.7999858545477355,6.661338147750939e-16
4443,0.00975019580707448,5.599416093340708,5.599416093340707,1.58619828370394e-16
4444,0.3472103750436206,3.4114434153535766,3.4114434153535766,0.0
4445,-0.05346525964034532,6.383580161082244,6.383580161082245,1.3913484240629436e-16
4446,0.5127858048968827,-1.772803829495847,-1.7728038294958468,1.2525052193066207e-16
4447,0.08932453511149396,4.127111577788686,4.127111577788686,0.0
4448,-0.21552281968592046,9.001432104372057,9.001432104372057,0.0
4449,0.49622307542021105,-1.1309906788571031,-1.1309906788571036,3.92655057333299e-16
4450,-0.9583419272552487,-1.2613858495347143,-1.2613858495347472,2.605277484365836e-14
4451,-0.9017885786093788,4.265953772210285,4.2659537722102865,4.1640320881392977e-16
4452,0.8134727237887569,-0.7263571486222518,-0.7263571486222514,3.3306690738754696e-16
4453,0.9193397208867735,1.5348897205114032,1.5348897205114023,5.786594358089759e-16
4454,0.3404215458288131,3.0446308543482825,3.0446308543482816,2.9171957527515894e-16
4455,-0.4094060139788612,5.3081153562782575,5.308115356278257,1.6732462655500095e-16
4456,-0.3888915025891033,8.116588574400044,8.116588574400044,0.0
4457,-0.9158239802756224,8.133347089367321,8.133347089367327,6.552124801322466e-16
4458,-0.9167708799521401,0.22573477293431832,0.2257347729343183,2.7755575615628914e-17
4459,0.7046130279727028,0.5531855730569886,0.5531855730569885,1.1102230246251565e-16
4460,-0.856403960634942,1.7947450455416416,1.7947450455416414,1.2371930234693574e-16
4461,-0.33553034800349135,-4.887678329017715,-4.8876783290177155,1.8171785455419364e-16
4462,-0.9225058848466994,-0.01224608876033395,-0.012246088760334395,4.440892098500626e-16
4463,0.6680423698221527,-2.086389009340213,-2.086389009340212,4.2570125500277503e-16
4464,-0.5483497185100104,0.8374159095276337,0.8374159095276338,1.1102230246251565e-16
4465,-0.9679451321106303,-0.0076639198890112725,-0.007663919889006721,4.551914400963142e-15
4466,0.7456507311666729,0.07934775175859698,0.07934775175859698,0.0
4467,0.7003240679928364,2.7770451622384025,2.777045162238403,1.599142915962195e-16
4468,-0.5322590532849305,-4.955390200748697,-4.9553902007486945,5.37704429148243e-16
4469,0.6347568187446186,1.8237228572158541,1.823722857215854,1.2175348027606056e-16
4470,-0.9238513287088512,3.8769620449417954,3.8769620449417954,0.0
4471,0.4966324861024387,1.9550745613874179,1.9550745613874216,1.9307490150384734e-15
4472,0.1332564102734386,3.5518546414806864,3.5518546414806877,3.7509069599616164e-16
4473,-0.024343457270336488,2.9248006419661037,2.9248006419661032,1.518357194942141e-16
4474,0.23976381582879425,2.382121747605435,2.382121747605436,3.728518160723494e-16
4475,-0.9376335106806949,-0.20960121947053756,-0.2096012194705379,3.3306690738754696e-16
4476,0.42485840921658036,-1.02547490786983,-1.0254749078698302,2.165285598126179e-16
4477,-0.14781336084288565,-3.4658100307912996,-3.4658100307913,1.281343195110639e-16
4478,-0.6164997552052416,3.1749499628846527,3.1749499628846523,1.3987282163230633e-16
4479,0.9743116717146663,-0.6395512588737305,-0.6395512588737269,3.6637359812630166e-15
4480,0.3726012690428262,1.2112209762055481,1.211220976205548,1.8332295203526067e-16
4481,0.6731343446259825,1.838303673795067,1.8383036737950667,2.415755438998102e-16
4482,-0.38581316866143356,3.7635090570684326,3.7635090570684326,0.0
4483,-0.09283654148447429,2.441869730772493,2.4418697307724924,1.8186441490045158e-16
4484,0.45925020120666815,5.215656387066843,5.215656387066842,1.7029082320348466e-16
4485,-0.09390287521208085,6.492327527194673,6.492327527194671,2.73608629872654e-16
4486,0.4855301921819377,0.9277313141812599,0.9277313141812598,1.1102230246251565e-16
4487,0.8480819324661222,1.851523600803405,1.8515236008034055,2.3985068818856283e-16
4488,-0.8073830515043374,1.769813703023004,1.7698137030230052,7.52772807259065e-16
4489,0.8347996842521785,-0.40360630576055645,-0.4036063057605564,5.551115123125783e-17
4490,0.7677574702949115,0.29794031472171145,0.2979403147217115,5.551115123125783e-17
4491,-0.9550887493915926,5.207799011930938,5.207799011930938,0.0
4492,-0.20912453075774506,1.3994404066666883,1.3994404066666881,1.586667098271922e-16
4493,0.906501629175797,1.4815468341461138,1.4815468341461133,2.9974699389507486e-16
4494,0.3408843659560967,6.080901024248165,6.080901024248165,0.0
4495,-0.17752723195641906,5.255026509670988,5.255026509670988,0.0
4496,0.7065908853419571,0.5325524423870798,0.5325524423870798,0.0
4497,0.7607305417735688,-0.8251650450560597,-0.8251650450560596,1.1102230246251565e-16
4498,-0.854097433446684,0.3810003055712713,0.38100030557127074,5.551115123125783e-16
4499,0.7679976273692195,4.212316035888596,4.212316035888595,2.10852749920214e-16
4500,-0.24619698043873306,-1.66201779815015,-1.6620177981501498,1.3359941462249692e-16
4501,0.36573397265088414,0.245885108423468,0.245885108423468,0.0
4502,0.5308311540348094,1.9365051358064198,1.9365051358064203,2.2932508757077494e-16
4503,0.13681673947262052,4.19622583013922,4.196225830139221,2.1166125362482167e-16
4504,0.3886817057229801,2.388189322800652,2.388189322800652,0.0
4505,-0.36830769728137935,2.4423217264689603,2.4423217264689607,1.8183075760952848e-16
4506,-0.5056561432972118,7.860564899549402,7.860564899549402,0.0
4507,-0.8586705670289482,1.380264616414284,1.3802646164142844,3.2174208087992454e-16
4508,-0.2279747368849353,1.4698307140620412,1.469830714062041,1.5106814873352745e-16
4509,-0.09657485331499327,0.5739320900496625,0.5739320900496625,0.0
4510,0.6383591195567158,2.4141439018971007,2.4141439018971003,1.8395308146340618e-16
4511,0.7473114757821184,3.955164837642048,3.955164837642048,0.0
4512,0.5425457784733163,-3.288713686894357,-3.2887136868943587,5.401372720523215e-16
4513,-0.6849645842750769,-0.181516011753441,-0.1815160117534408,2.220446049250313e-16
4514,-0.9500601628055739,-2.4534715026586955,-2.4534715026586937,7.240177183534872e-16
4515,0.5028907898028183,1.3924441265335434,1.392444126533544,4.783917732005651e-16
4516,0.14542850484032677,0.6029458982638566,0.6029458982638564,2.220446049250313e-16
4517,-0.5161205334443016,3.5334707507063823,3.5334707507063827,1.256807374905492e-16
4518,-0.6158267684661306,0.33849222807069335,0.3384922280706934,5.551115123125783e-17
4519,0.46693223569343,2.4808986691539863,2.480898669153986,1.7900336493852122e-16
4520,-0.35568954418810517,1.932280733250459,1.932280733250459,0.0
4521,-0.5393430240049679,3.754355183033697,3.754355183033697,0.0
4522,-0.6991761497100375,6.3679190379650805,6.36791903796508,1.3947702764511744e-16
4523,-0.01464417346717739,1.678458614416893,1.6784586144168931,1.322907833519452e-16
4524,-0.6669032186455588,5.076410561041471,5.076410561041471,0.0
4525,-0.6722539237104497,2.696749164557636,2.6967491645576356,1.6467575690262955e-16
4526,-0.6711556029087918,0.7569749697176793,0.7569749697176793,0.0
4527,-0.2557445159237738,-0.1460520369173235,-0.14605203691732482,1.3322676295501878e-15
4528,-0.17663468877731192,0.20829540397241253,0.2082954039724126,8.326672684688674e-17
4529,-0.963690739582621,0.7738643302281321,0.7738643302281322,1.1102230246251565e-16
4530,0.19214270264642042,-1.1706758116601552,-1.1706758116601552,0.0
4531,-0.11742387049432657,1.3260763832303772,1.3260763832303772,0.0
4532,-0.6991860025750477,2.796654207506861,2.7966542075068617,3.1758607028214317e-16
4533,-0.4799992344505998,4.457969357240383,4.457969357240383,0.0
4534,-0.02762222933288705,5.375376987596303,5.375376987596304,1.6523090785066786e-16
4535,-0.48900297705184403,5.379262422272738,5.379262422272739,1.6511156176776925e-16
4536,0.4216340868758124,5.593282907271846,5.593282907271846,0.0
4537,0.34077735185584634,-0.599562475405312,-0.5995624754053119,1.1102230246251565e-16
4538,-0.4633199273795343,-0.5060106148225124,-0.5060106148225121,3.3306690738754696e-16
4539,-0.5578791547003794,5.250763082785671,5.250763082785671,0.0
4540,0.6208473273700488,4.031083562378242,4.031083562378243,2.2033242575009318e-16
4541,-0.04156872607381035,0.47364807613751087,0.4736480761375109,5.551115123125783e-17
4542,0.8041656350622404,-2.807739413207576,-2.8077394132075746,4.744983182140107e-16
4543,-0.06848250218521201,-2.3061972216403173,-2.3061972216403177,1.925634137804561e-16
4544,-0.7677083290028641,0.6567407085645551,0.6567407085645559,7.771561172376096e-16
4545,0.6934027027222325,3.262449246320801,3.262449246320801,0.0
4546,-0.8840881322932639,2.8046954300861,2.804695430086097,9.500265984383832e-16
4547,0.39429120357395564,5.038181297337783,5.038181297337782,1.7628949164045488e-16
4548,0.47097056463183273,4.723280655694117,4.723280655694117,0.0
4549,-0.8467613655718973,0.6295386270587068,0.6295386270587067,1.1102230246251565e-16
4550,-0.9866669760697822,2.242361651364911,2.2423616513649165,2.3765437278848307e-15
4551,0.3773805693036145,3.3582917099220415,3.358291709922042,1.3223663940151632e-16
4552,-0.551351361796117,-0.11627197642746967,-0.11627197642746961,5.551115123125783e-17
4553,0.3651387160490551,2.2513481487596874,2.251348148759688,1.9725479157664719e-16
4554,0.038528630144739395,2.578023688955857,2.5780236889558568,1.722595536078748e-16
4555,-0.5801731615185374,2.034163960657412,2.034163960657412,0.0
4556,-0.2744182737753721,5.224868375101524,5.224868375101523,1.6999058271642433e-16
4557,-0.5414828450353253,7.562909127221534,7.562909127221536,2.3487745383671553e-16
4558,-0.5709731858198892,0.9523302518937875,0.9523302518937875,0.0
4559,-0.6219311988735289,1.707752494589773,1.7077524945897729,1.3002153744671862e-16
4560,0.7160114937322046,-6.564350445551636,-6.5643504455516375,2.706066432824298e-16
4561,0.9451068214100082,0.9025411283716402,0.9025411283716451,4.884981308350689e-15
4562,-0.9012718392317861,6.267017237386631,6.267017237386631,0.0
4563,-0.6867713936748716,-1.3163005627507796,-1.3163005627507802,5.060651295195227e-16
4564,-0.09619562020426142,1.4931155043989308,1.493115504398931,1.4871227595645232e-16
4565,0.6075159896603768,8.872873192810403,8.872873192810403,0.0
4566,0.009251655651182689,0.3094254361803922,0.30942543618039253,3.3306690738754696e-16
4567,0.9192714628598817,1.7008593263292247,1.7008593263292249,1.3054848304488854e-16
4568,0.8335847014819022,4.1578857114020975,4.157885711402097,2.1361299500476626e-16
4569,-0.8170699997718526,0.34778208812863953,0.34778208812863953,0.0
4570,0.6325331085771069,2.1193125062518465,2.119312506251847,2.0954399530037488e-16
4571,-0.19318256043868154,3.531179520070818,3.531179520070818,0.0
4572,-0.8510369373263404,2.7818497587317026,2.7818497587317004,7.981904997855298e-16
4573,-0.5517061307598778,0.2938797588102946,0.29387975881029443,1.6653345369377348e-16
4574,0.7474066666600139,-2.1023259803300642,-2.1023259803300642,0.0
4575,-0.2849718937543768,-3.2380814823332176,-3.238081482333217,1.3714577976897347e-16
4576,0.04640835947084154,-0.3907392981897648,-0.3907392981897644,4.440892098500626e-16
4577,0.2308600973045445,0.410628231108749,0.410628231108749,0.0
4578,0.6340705687782624,-0.8142674634857064,-0.814267463485707,5.551115123125783e-16
4579,0.7276547160107438,17.147667073147648,17.14766707314765,2.0718349986884601e-16
4580,-0.6893527428348906,0.3091335735088917,0.3091335735088918,1.1102230246251565e-16
4581,0.40755409343960514,3.1626378907028254,3.1626378907028254,0.0
4582,0.5565918998394797,5.165644301814032,5.165644301814032,0.0
4583,0.20766648403483257,7.651832256928727,7.651832256928728,1.1607395325425233e-16
4584,0.13661760509000231,-0.5661690621482305,-0.5661690621482307,2.220446049250313e-16
4585,0.4252169272731976,0.18137489138958762,0.18137489138958784,2.220446049250313e-16
4586,-0.89573727268133,-0.21054300783138868,-0.2105430078313888,1.1102230246251565e-16
4587,0.48745316324685883,-1.3297406539965946,-1.329740653996594,5.00950176091104e-16
4588,0.022087808922959695,3.193084976502956,3.1930849765029556,1.3907841887015044e-16
4589,-0.3605436496679817,2.634830647314044,2.6348306473140446,1.6854563700432464e-16
4590,-0.25545935935424324,3.4342017253357895,3.434201725335789,1.2931366453339036e-16
4591,0.9111584893038411,1.4513752854286714,1.4513752854286723,6.119564172114154e-16
4592,-0.9407890102382918,0.21159977801950358,0.21159977801950447,8.881784197001252e-16
4593,0.22139629589284326,1.93207739164968,1.93207739164968,0.0
4594,0.5718537709047313,1.3322529224927127,1.332252922492712,5.000055196191455e-16
4595,-0.8801407863217257,-2.1061779404694163,-2.1061779404694168,2.1085075544523356e-16
4596,-0.6774983919909523,-1.4949944614351565,-1.4949944614351556,5.941014783743725e-16
4597,-0.3988591727592419,6.953472464875784,6.953472464875784,0.0
4598,0.5997709621753595,-1.3769481208956456,-1.376948120895646,3.225170237795173e-16
4599,-0.9498436678686112,4.145473426955066,4.145473426955064,4.285051805783786e-16
4600,-0.7633026940812804,1.6281470412294299,1.628147041229429,5.45514868871704e-16
4601,0.41751958713110926,1.4422244616782354,1.4422244616782351,1.5395981057390368e-16
4602,-0.5917040389128259,3.097458095266783,3.0974580952667843,4.301164337254545e-16
4603,-0.2725846525460831,1.9252130441201982,1.9252130441201982,0.0
4604,-0.8432069669028048,-0.28554311129426996,-0.28554311129426946,4.996003610813204e-16
4605,-0.6409350579912785,8.100900111135514,8.10090011113551,4.3855789234049844e-16
4606,-0.25003322088553326,0.24210229446926002,0.24210229446926,2.7755575615628914e-17
4607,0.540520138697391,5.750936006931565,5.750936006931565,0.0
4608,-0.9263224880816142,1.395294054603054,1.395294054603054,0.0
4609,0.9173656964694998,3.2410990375157893,3.2410990375157898,1.3701809315596985e-16
4610,0.4226534157589903,2.4304094983657447,2.4304094983657447,0.0
4611,0.44549306568725044,-0.7849315489509752,-0.7849315489509754,2.220446049250313e-16
4612,-0.08557233688671129,3.308924330206922,3.3089243302069224,1.342095392741398e-16
4613,-0.6974644623469975,2.6419197835963235,2.641919783596324,1.6809337384405534e-16
4614,-0.6613488721768748,-0.9895675080920525,-0.989567508092053,4.440892098500626e-16
4615,0.33232965854697794,3.2356662776499436,3.235666277649943,1.3724814976055057e-16
4616,-0.775924323140506,0.010962475817112849,0.010962475817112946,9.71445146547012e-17
4617,0.7072425890541112,4.380127193003192,4.380127193003192,0.0
4618,-0.9158551909550792,2.8667580342547474,2.8667580342547483,3.0981980658546207e-16
4619,-0.2185150332357193,2.0538754681578335,2.053875468157834,2.1622012470326454e-16
4620,-0.8710467026421697,3.0673218342041952,3.0673218342041957,1.4478076767098678e-16
4621,-0.10836363393996129,5.900515676356296,5.900515676356296,0.0
4622,0.7257044800816035,3.041651748648578,3.041651748648574,1.3140238327502035e-15
4623,-0.02695433608093445,2.059075813260692,2.059075813260692,0.0
4624,0.25676053789085884,0.5957727524270308,0.5957727524270309,1.1102230246251565e-16
4625,-0.23260568949426597,-1.4161607386805293,-1.4161607386805288,3.135867262241934e-16
4626,-0.45830970402078286,-3.6587305924422187,-3.6587305924422178,2.427558950458996e-16
4627,-0.6909626361773491,5.035627831903834,5.035627831903835,1.7637888449042294e-16
4628,0.5999757866101167,2.764083775405423,2.764083775405423,0.0
4629,-0.041130137731377414,2.7458416770987424,2.7458416770987424,0.0
4630,-0.1371923489251028,-0.7767889718117074,-0.7767889718117074,0.0
4631,-0.5126210406170539,1.9757874856295263,1.9757874856295263,0.0
4632,0.9366780052361685,1.8967198042014515,1.8967198042014521,3.5120306821256953e-16
4633,0.2575980026938758,2.817663940928936,2.817663940928936,0.0
4634,0.741983583392162,0.6499692435594019,0.649969243559402,1.1102230246251565e-16
4635,-0.05799588614767792,-0.2835597186191483,-0.28355971861914875,4.440892098500626e-16
4636,0.2505703554221801,-3.3792658777593725,-3.379265877759373,1.3141588318718403e-16
4637,0.26061770139757723,-2.537197180895562,-2.53719718089556,8.751570693715479e-16
4638,0.07140899415349744,4.268432896271147,4.268432896271148,2.0808068002568987e-16
4639,0.9718882171448731,4.211650315212388,4.211650315212438,1.1809620405463027e-14
4640,-0.010485779079660529,2.0089030054904233,2.0089030054904233,0.0
4641,0.028361566013974437,-0.2546774526022614,-0.2546774526022613,5.551115123125783e-17
4642,-0.8001951118916354,0.6313187788405024,0.6313187788405025,1.1102230246251565e-16
4643,0.08286595814930453,0.2804981767848067,0.2804981767848067,0.0
4644,0.8430698896808859,2.325305842345559,2.325305842345556,1.1458859349067962e-15
4645,0.3638499283418073,3.824887983258485,3.8248879832584852,1.1610515439768141e-16
4646,-0.48863624861059707,4.095964991310051,4.095964991310051,0.0
4647,0.5208615427302641,4.68042471142783,4.680424711427829,1.8976449242555466e-16
4648,0.8830513999277754,0.6524543696340823,0.6524543696340821,2.220446049250313e-16
4649,0.2929453365231678,0.3164412741557787,0.3164412741557787,0.0
4650,0.7262904963779278,0.8231367413772349,0.8231367413772364,1.4432899320127035e-15
4651,0.7762004823354733,3.5898825441926525,3.5898825441926525,0.0
4652,0.12566175264428003,4.266556198064884,4.266556198064885,2.0817220692017664e-16
4653,-0.4126771092334367,0.497620955103673,0.4976209551036721,8.881784197001252e-16
4654,0.9764910117786381,1.4493327698499652,1.4493327698499652,0.0
4655,-0.02672185752959233,0.39836827729588964,0.39836827729588964,0.0
4656,-0.893343798456878,3.1643830410148546,3.1643830410148546,0.0
4657,-0.6674733479420496,-0.6708062748939565,-0.6708062748939563,2.220446049250313e-16
4658,0.07638721462282594,2.346512037966206,2.346512037966206,0.0
4659,-0.6734291352683794,1.048754327313933,1.048754327313933,0.0
4660,-0.8763528185967451,6.2198848225606636,6.219884822560662,2.8559320470968823e-16
4661,-0.008112301045889114,2.6529050142550306,2.652905014255031,1.6739732763284347e-16
4662,0.48232473665751385,0.4898305923737878,0.4898305923737869,8.881784197001252e-16
4663,-0.8383955216755106,0.7874269718015809,0.7874269718015832,2.220446049250313e-15
4664,0.2849315179216998,4.379879746790243,4.379879746790244,2.027860286235071e-16
4665,0.059032194723875664,1.3762205596498527,1.3762205596498531,3.2268752761770305e-16
4666,0.19409973447471573,0.016779340309733826,0.016779340309733826,0.0
4667,0.20661892431404372,-6.7271799814394475,-6.727179981439449,2.640566841234051e-16
4668,0.06372958366106363,0.20691525656715565,0.20691525656715565,0.0
4669,-0.1876336482936467,4.01557292358604,4.01557292358604,0.0
4670,-0.6638975466785053,-1.5241476968045746,-1.524147696804576,8.741066448765631e-16
4671,-0.8385596562362079,6.245151879499835,6.245151879499829,8.533131973449377e-16
4672,0.624234842182309,5.638419624411958,5.6384196244119575,1.5752258236593291e-16
4673,0.33331094517112225,10.295803432978131,10.295803432978133,1.7253212446835023e-16
4674,-0.4917496746329044,5.531478195809429,5.531478195809431,3.211360103970027e-16
4675,-0.710403362773772,0.019166745035486654,0.019166745035485988,6.661338147750939e-16
4676,0.5474957962911082,5.451253795059358,5.451253795059358,0.0
4677,-0.9187571455373047,-3.1805843016974142,-3.1805843016974116,8.377502390609067e-16
4678,0.3884235825707676,5.83128549346095,5.831285493460951,1.5231262826971947e-16
4679,0.914239224209032,-1.4023158908645805,-1.4023158908645774,2.2167790361655636e-15
4680,-0.987124426885109,0.25115204822563053,0.25115204822563175,1.2212453270876722e-15
4681,-0.8536888665219249,0.7676413742581232,0.7676413742581231,1.1102230246251565e-16
4682,0.858090025634785,-0.5426304489669704,-0.5426304489669675,2.886579864025407e-15
4683,0.7729608676913093,-0.04512405868625802,-0.045124058686258905,8.881784197001252e-16
4684,-0.7962181321803429,1.6027954115230838,1.6027954115230791,2.909252590756185e-15
4685,0.7343280163229831,-3.2307587771664896,-3.2307587771664883,4.1236988628369284e-16
4686,-0.8434035016351356,7.232903690428394,7.232903690428397,4.911877484974612e-16
4687,-0.5622840634900235,2.326418363809252,2.3264183638092515,1.908896597269443e-16
4688,-0.5598522830563515,5.379768219546112,5.379768219546111,1.6509603824066985e-16
4689,-0.07226110320682644,0.15463138373726842,0.1546313837372684,2.7755575615628914e-17
4690,0.006161193424148115,3.3102196482423873,3.3102196482423873,0.0
4691,0.7438072062288044,1.2679636916658112,1.2679636916658112,0.0
4692,-0.31180650243250096,1.974130512459084,1.9741305124590833,3.3743149734579684e-16
4693,-0.5172280143705033,4.160535164832499,4.160535164832499,0.0
4694,-0.9772568483140359,2.6972680258240667,2.6972680258240764,3.6221697373647055e-15
4695,-0.5740376356862322,3.302103532345134,3.302103532345135,2.6897352278635135e-16
4696,-0.5396909200314528,4.256926337095731,4.256926337095731,0.0
4697,-0.31355081738930857,2.4692341443918195,2.4692341443918204,3.5969793375706236e-16
4698,-0.04114818590371905,2.0479243356287054,2.0479243356287054,0.0
4699,-0.8689985285224403,5.090041338945489,5.09004133894549,1.7449336077182635e-16
4700,0.9193284268603381,-1.0972360091547146,-1.097236009154713,1.4165705659556556e-15
4701,-0.09828897327407404,-0.2092182497210595,-0.20921824972105962,1.1102230246251565e-16
4702,0.7981289393972701,0.5038374383343753,0.5038374383343747,6.661338147750939e-16
4703,0.3786679020398449,4.876283942662982,4.876283942662984,3.642849473671474e-16
4704,-0.5861770905225009,4.3651852949257535,4.3651852949257535,0.0
4705,0.7202103940428097,0.17344534509024082,0.17344534509024068,1.3877787807814457e-16
4706,-0.1617654865158763,3.1831272115189346,3.183127211518934,1.3951349736919585e-16
4707,0.6357517520341869,-0.7705978610279907,-0.7705978610279915,8.881784197001252e-16
4708,0.4570113878516848,2.405984286587971,2.405984286587971,0.0
4709,0.35593180158634263,0.777138707380672,0.777138707380672,0.0
4710,0.5596066220313467,0.017317391539143967,0.017317391539144023,5.551115123125783e-17
4711,-0.8663694032854407,6.088886979662076,6.088886979662071,8.752125858142478e-16
4712,0.8658589389334064,0.7532951472173659,0.7532951472173641,1.7763568394002505e-15
4713,-0.3787545556785046,2.49944815714667,2.4994481571466696,1.7767490339028585e-16
4714,0.20815685809811413,0.6249769324363266,0.6249769324363261,4.440892098500626e-16
4715,-0.2168315378282758,5.459792231841395,5.459792231841396,1.626762305203277e-16
4716,0.7756801434925134,4.283478211276161,4.2834782112761625,4.146996323511185e-16
4717,-0.1671372979491189,5.44787397255228,5.44787397255228,0.0
4718,0.3960006788358492,2.3791581384132363,2.3791581384132363,0.0
4719,-0.937552748134432,1.423436263797055,1.4234362637970555,3.119839090409588e-16
4720,-0.20151784447143695,7.66168425328409,7.661684253284089,1.159246962336536e-16
4721,0.9606438959986363,2.208509479705601,2.2085094797056257,1.1260533848792263e-14
4722,-0.38714417791988587,5.819390247474192,5.819390247474191,1.526239660737006e-16
4723,-0.3384266380507578,-0.15698764652560726,-0.15698764652560723,2.7755575615628914e-17
4724,-0.572307902125547,3.3202974700848253,3.3202974700848227,8.024989577311287e-16
4725,0.6514654702973479,-0.09812854789629244,-0.09812854789629244,0.0
4726,0.25776264017468,1.7434454035577986,1.7434454035577984,1.2735965489479125e-16
4727,0.08405945875063825,2.3294357692214573,2.3294357692214573,0.0
4728,0.5482969830967923,0.6942492680128601,0.6942492680128601,0.0
4729,0.6456844912157764,2.5162014708173777,2.5162014708173785,3.52983825023997e-16
4730,0.6929133929944165,10.577364659333378,10.577364659333378,0.0
4731,-0.6341080496183353,-0.17106174134541563,-0.17106174134541519,4.440892098500626e-16
4732,-0.5843941486759985,3.101835412351351,3.101835412351351,0.0
4733,0.8977980669978836,2.725952535707391,2.725952535707391,0.0
4734,0.6780023115860196,1.1505338898663016,1.150533889866302,3.859853358180247e-16
4735,-0.5846068760005741,0.9264579798066916,0.9264579798066901,1.5543122344752192e-15
4736,-0.425416056881734,0.5294168104122251,0.5294168104122251,0.0
4737,-0.37288506581093794,4.670807847650132,4.670807847650133,1.9015520412533451e-16
4738,0.7515071614987183,5.6521427544743625,5.6521427544743625,0.0
4739,0.607733934434705,2.5085183910210596,2.5085183910210596,0.0
4740,-0.6394127552452493,-3.1236374546173065,-3.123637454617305,4.265116067105845e-16
4741,-0.13199009311966703,1.3759450239513842,1.3759450239513842,0.0
4742,-0.8497223167002882,-2.7859141243708825,-2.7859141243708807,6.376208167584451e-16
4743,0.25229161814971945,1.7468672030640202,1.74686720306402,1.271101801760106e-16
4744,-0.0032446446443398225,0.7953345713351625,0.7953345713351627,2.220446049250313e-16
4745,-0.04265690779924136,5.1910485875717365,5.191048587571736,1.7109807483339246e-16
4746,0.46609152325646774,6.178897772364876,6.178897772364878,2.87487656349488e-16
4747,0.5250412494952235,-0.016694411944160756,-0.016694411944160777,2.0816681711721685e-17
4748,-0.620408985795149,7.808049249459807,7.808049249459806,1.1375164158468558e-16
4749,0.3180130141736206,3.1948828543287933,3.194882854328793,1.39000154340044e-16
4750,-0.20757466405070735,0.41122199839946055,0.4112219983994605,5.551115123125783e-17
4751,0.9660755104229521,1.3052977609413632,1.3052977609413632,0.0
4752,0.7876086794778614,0.9367929508283341,0.9367929508283339,2.220446049250313e-16
4753,0.5731723547406748,1.93187011751223,1.9318701175122297,1.1493764664208882e-16
4754,-0.18173288074760385,2.2285170177686946,2.228517017768694,1.9927566462772966e-16
4755,-0.7269530925303807,3.559992859818621,3.559992859818621,0.0
4756,0.057332758318498156,1.9317885802441495,1.9317885802441495,0.0
4757,0.19477686292257124,1.549078842385604,1.549078842385604,0.0
4758,0.5985251020087317,1.7824858360863665,1.7824858360863662,1.2457019317054063e-16
4759,-0.24418725986376422,-0.6614257408324139,-0.6614257408324141,2.220446049250313e-16
4760,-0.5216313609929767,2.667401719410609,2.667401719410609,0.0
4761,-0.27051379977384793,1.2785814538871616,1.2785814538871616,0.0
4762,0.5220487423901383,3.3358179766182197,3.335817976618219,1.3312753062751665e-16
4763,-0.7250993574124427,0.4126979593566107,0.41269795935661024,4.440892098500626e-16
4764,0.08401496385675955,4.770574723056324,4.770574723056325,1.861784944710191e-16
4765,-0.7119787927018896,2.3454567543478353,2.3454567543478353,0.0
4766,0.8098757002410948,4.057701116241534,4.057701116241534,0.0
4767,0.44798778129886996,2.547556959565842,2.5475569595658403,6.972785565128167e-16
4768,0.9209627992358871,0.7779707040905035,0.7779707040905032,3.3306690738754696e-16
4769,0.5984604937137217,0.16515766727146783,0.1651576672714678,2.7755575615628914e-17
4770,0.6730182573270627,-3.131930631836659,-3.1319306318366604,4.253822278205778e-16
4771,-0.10460344720401848,6.039537199818767,6.039537199818767,0.0
4772,-0.4184556207364627,-1.248062052553477,-1.2480620525534767,1.779115104659567e-16
4773,0.7424613471038843,2.4433802256792876,2.4433802256792876,0.0
4774,0.9679116439405258,4.620775205399448,4.620775205399433,3.2676407017720043e-15
4775,0.7392079498387161,1.0446153483579,1.0446153483579,0.0
4776,0.16797655301819336,5.481895775091042,5.481895775091041,1.62020303949572e-16
4777,-0.7533171555764244,4.270289965030982,4.270289965030983,2.0799018965300668e-16
4778,-0.5745081427124914,-0.5341991373327246,-0.5341991373327246,0.0
4779,-0.5594803826313433,0.2652870447873777,0.26528704478737775,5.551115123125783e-17
4780,-0.7994057126015017,3.974469165855991,3.9744691658559907,1.1173547744819855e-16
4781,0.4936039723366925,4.582312731903536,4.582312731903536,0.0
4782,0.6635374461325005,10.167269878649394,10.167269878649394,0.0
4783,0.26674200976409934,1.6395677759399776,1.6395677759399783,4.0628623259760885e-16
4784,-0.8799931964649326,1.203055026679251,1.2030550266792512,1.8456728911056791e-16
4785,-0.37045099214063415,4.345776943512088,4.345776943512087,2.0437736019242947e-16
4786,-0.28908569583426447,0.8096374929416256,0.8096374929416256,0.0
4787,-0.8331651478911855,0.11471745514694337,0.11471745514694343,5.551115123125783e-17
4788,-0.7398350913167095,0.1549606906772274,0.15496069067722695,4.440892098500626e-16
4789,0.8473229617761313,5.3108346566474145,5.3108346566474145,0.0
4790,0.11542826678283347,-0.710546744150451,-0.7105467441504514,3.3306690738754696e-16
4791,-0.4968873714298814,1.2998573228663064,1.2998573228663068,3.416445805535061e-16
4792,0.4365274404919095,0.7442859815297311,0.7442859815297318,6.661338147750939e-16
4793,0.27269155445221216,3.270288535231165,3.270288535231164,2.7159023129968044e-16
4794,0.4831992715159137,1.6849272589216766,1.684927258921677,2.6356580528839673e-16
4795,0.6360134411537903,2.200539242531445,2.2005392425314456,2.0180926623203207e-16
4796,0.6534425039283323,-1.504797851586587,-1.5047978515865865,2.9511552623618923e-16
4797,-0.0032501670879732103,0.7156271927548882,0.7156271927548882,0.0
4798,0.6912058946803246,-3.196462136524956,-3.196462136524956,0.0
4799,0.03424403967398404,4.886119946729357,4.886119946729357,0.0
4800,0.12192611055224933,2.8529343082749947,2.852934308274995,1.5566051014983861e-16
4801,-0.13348185272802093,-1.5654342066802114,-1.5654342066802118,2.836843656251991e-16
4802,0.6640172177131591,3.6400506232502416,3.6400506232502408,2.440016669073302e-16
4803,0.12827057963057098,1.6349190068568469,1.6349190068568469,0.0
4804,-0.8992191413338384,4.980469126291292,4.980469126291293,1.7833228099167186e-16
4805,0.804661380644673,5.242106528140216,5.242106528140216,0.0
4806,-0.004210100377957882,2.679205108317675,2.679205108317675,0.0
4807,-0.8475441348597469,3.772215329394898,3.7722153293948972,2.354527358973959e-16
4808,-0.5133792879548412,0.45041188382415953,0.45041188382415953,0.0
4809,0.02441928546693206,0.07966850896520705,0.079668508965207,5.551115123125783e-17
4810,0.38997621794971193,0.5798576835139126,0.5798576835139124,2.220446049250313e-16
4811,-0.12024343432772266,1.665345044470806,1.6653450444708058,1.3333249206358317e-16
4812,0.4947017439342569,-3.3704087045505755,-3.3704087045505746,2.6352246791344515e-16
4813,0.7381893945721287,2.8397084760567775,2.8397084760567775,0.0
4814,0.7008381084586832,0.6192766502682155,0.6192766502682154,1.1102230246251565e-16
4815,0.9304593933078356,0.6777437610421742,0.6777437610421742,0.0
4816,0.0646006904592833,2.0655774276863488,2.065577427686349,2.1499518918905234e-16
4817,-0.08041354486974295,5.774875865233042,5.774875865233042,0.0
4818,0.5314867836629289,1.1789418347766434,1.1789418347766436,1.8834228998846138e-16
4819,-0.5818989907210681,0.2901121406744399,0.29011214067443936,5.551115123125783e-16
4820,0.22252480341851988,2.0606374538213776,2.0606374538213776,0.0
4821,0.4727276036860555,3.9904388496709755,3.990438849670976,1.1128831353641195e-16
4822,0.6613475858378106,0.6013528475026131,0.6013528475026132,1.1102230246251565e-16
4823,-0.686288320960555,0.4666208445936677,0.46662084459366593,1.7763568394002505e-15
4824,-0.33625636938661285,6.343088270892219,6.34308827089222,1.4002302691827336e-16
4825,0.19067801118404804,6.497062085431082,6.497062085431082,0.0
4826,0.9483533027544999,9.267076040362241,9.267076040362241,0.0
4827,0.7678288856029183,2.2216099279659347,2.221609927965935,1.9989522204587127e-16
4828,0.3586903500455423,-0.5253742054664906,-0.5253742054664907,1.1102230246251565e-16
4829,0.6643288027984131,1.2187399136508497,1.2187399136508503,5.465758586502904e-16
4830,-0.32878286110099897,7.108162642921459,7.108162642921459,0.0
4831,-0.022313952532500347,0.710345565378991,0.710345565378991,0.0
4832,-0.7081301643651656,2.7957912253245123,2.795791225324514,6.353682003541111e-16
4833,-0.018902711359172986,1.8703202792994627,1.8703202792994622,2.3744019394175545e-16
4834,0.9849648125394224,0.29071685839471106,0.2907168583947124,1.3322676295501878e-15
4835,0.43118553311481844,4.568846956438815,4.568846956438817,3.887976236316812e-16
4836,0.8045263528836124,1.7913936570241908,1.7913936570241904,2.4790151964017236e-16
4837,-0.1899652240866726,0.9526418279392869,0.952641827939287,1.1102230246251565e-16
4838,-0.3100074104926971,2.5723179216616137,2.572317921661613,1.7264164981721968e-16
4839,-0.03726985422035678,0.9804411911628341,0.980441191162834,1.1102230246251565e-16
4840,-0.010658418994155094,0.35307745681295616,0.35307745681295627,1.1102230246251565e-16
4841,-0.4548253306409308,1.1783779346151362,1.1783779346151362,0.0
4842,-0.5229489889301454,-0.7530866582477378,-0.7530866582477378,0.0
4843,0.2973114310949636,2.7603905588491346,2.7603905588491346,0.0
4844,0.4175270539396747,-2.0173170270014764,-2.017317027001477,2.201385324696105e-16
4845,-0.3078868245156149,2.9248842319161326,2.924884231916133,1.5183138019761335e-16
4846,0.17971934637968467,4.381220423508102,4.381220423508101,2.0272397502177004e-16
4847,-0.7122448764003462,2.6172220836038504,2.6172220836038504,0.0
4848,-0.5513851634110201,1.850322232717352,1.8503222327173519,1.2000320862974249e-16
4849,0.9740916435178619,0.1457860486040379,0.1457860486040392,1.304512053934559e-15
4850,0.05000945936647372,0.47396671764907017,0.4739667176490704,2.220446049250313e-16
4851,0.009891895807071505,1.3710623695511712,1.3710623695511717,3.239015377509332e-16
4852,0.5262919180430534,-1.0456603773108766,-1.0456603773108766,0.0
4853,-0.20440476702611832,7.131483404722055,7.131483404722055,0.0
4854,0.35578603908653283,-4.176973359571541,-4.176973359571541,0.0
4855,0.054673708279488364,5.034999754772208,5.034999754772208,0.0
4856,0.4868029503556739,1.1908048929727593,1.1908048929727593,0.0
4857,-0.2789477244926094,1.792724769587208,1.792724769587208,0.0
4858,-0.07288454363807906,0.9034995839330215,0.9034995839330218,2.220446049250313e-16
4859,0.28241004994900654,3.624489060937037,3.6244890609370373,1.2252463792379402e-16
4860,-0.09390706699189244,0.9786635782750503,0.9786635782750503,0.0
4861,0.2661313662988418,-1.5260411998484167,-1.5260411998484176,5.82014705624166e-16
4862,0.7905070308254354,3.5004074309286,3.5004074309285995,1.268678628453983e-16
4863,-0.830615675665345,2.856512125538212,2.856512125538212,0.0
4864,-0.035656858156628224,1.3062689142251576,1.3062689142251567,6.799353563634085e-16
4865,0.9008056889287355,2.7044194222674696,2.7044194222674705,3.2841740907016886e-16
4866,-0.301894849792242,0.13749703751599912,0.13749703751599912,0.0
4867,-0.09138622837225496,7.460402477066591,7.460402477066587,4.762093854482524e-16
4868,0.49697426481113904,-0.5261163811746999,-0.5261163811746998,1.1102230246251565e-16
4869,0.5960672700211462,2.809209215415019,2.809209215415019,0.0
4870,-0.08285873657045506,-0.5626284006778475,-0.5626284006778475,0.0
4871,-0.6636623261989842,3.257973474048591,3.2579734740485895,4.089252537389805e-16
4872,-0.07421887620960221,7.473834057309129,7.473834057309129,0.0
4873,-0.5089062671474114,-3.8918712441114036,-3.8918712441114005,7.98748024784721e-16
4874,-0.00794686945583467,2.966466666179885,2.9664666661798855,1.4970308445162663e-16
4875,-0.08572532430864821,3.0958294375922706,3.0958294375922706,0.0
4876,0.6393192898675952,1.555918222210046,1.5559182222100452,5.708387542621265e-16
4877,-0.16179058307596328,4.624488028212513,4.624488028212513,0.0
4878,0.2019939411146936,5.617783072986622,5.617783072986622,0.0
4879,-0.9136901072503463,0.7581198386881676,0.7581198386881675,1.1102230246251565e-16
4880,-0.8113509339495034,6.135329046500797,6.1353290465007975,1.447645941999942e-16
4881,-0.07746174584657173,-0.04348678001932588,-0.04348678001932588,0.0
4882,0.8073216227692805,-0.3347376243254787,-0.33473762432547893,2.220446049250313e-16
4883,0.6205686988619057,0.05563011650098648,0.055630116500987814,1.3322676295501878e-15
4884,0.9389024403582071,-0.9888563153841656,-0.988856315384183,1.7319479184152442e-14
4885,-0.6012099346247457,4.346686847065298,4.346686847065298,0.0
4886,-0.9889017432331008,1.7253417002717826,1.725341700271783,2.5739203415770216e-16
4887,0.17024790123438494,0.6565069247858885,0.6565069247858883,1.1102230246251565e-16
4888,0.4154658081304927,2.571694268352009,2.571694268352009,0.0
4889,-0.7533562706124526,-1.578166130443784,-1.5781661304437833,4.220935945367016e-16
4890,0.4443720494110357,3.152972810124764,3.1529728101247634,1.4084777655678228e-16
4891,0.37078880216106325,4.327637349479187,4.327637349479188,2.05234022163852e-16
4892,0.7850038260921741,3.458740706569815,3.4587407065698152,1.28396213398282e-16
4893,0.15290650259833494,-1.475025323034834,-1.475025323034834,0.0
4894,-0.8422634077391457,0.7641590396271629,0.7641590396271627,2.220446049250313e-16
4895,-0.7046809792864537,3.907314231956719,3.90731423195672,2.273117458626664e-16
4896,-0.24278311779609507,1.6022993163164987,1.6022993163164987,0.0
4897,-0.8170695781465922,-0.0896798622645949,-0.08967986226459501,1.1102230246251565e-16
4898,0.4194847843502951,4.259282005233769,4.259282005233768,2.0852773275137437e-16
4899,0.7571714318587663,3.0752342844880283,3.075234284488026,7.220412637991833e-16
4900,0.5072773407902134,0.28102053974926766,0.28102053974926766,0.0
4901,-0.5411376581680605,5.445206237836785,5.445206237836783,3.262239779013298e-16
4902,0.87687271345336,4.309566323225098,4.309566323225093,1.0304730836993476e-15
4903,0.08203991480612682,3.2963487665049147,3.296348766504915,1.347215483878928e-16
4904,0.0829584319609975,1.7735774163078362,1.7735774163078364,1.251958910185466e-16
4905,0.9662121808496182,-5.124864010250921,-5.1248640102509455,4.8526157380683135e-15
4906,-0.9709612821032718,3.100482636578806,3.100482636578807,2.864645682003161e-16
4907,0.40735953136544323,0.6770006219207182,0.6770006219207182,0.0
4908,-0.9115122113759243,2.115021949033746,2.1150219490337445,6.299072357896041e-16
4909,0.7411863821470017,-3.562134844900336,-3.562134844900333,7.48016393291514e-16
4910,-0.5383595793109641,-2.0217554933465203,-2.0217554933465207,2.196552507519007e-16
4911,-0.07466519263782789,-0.13182274370969904,-0.13182274370969893,1.1102230246251565e-16
4912,0.0286491854393911,2.569186117761031,2.5691861177610305,1.728520977051959e-16
4913,0.47716927375772555,3.294894262581113,3.2948942625811126,1.3478102010538497e-16
4914,0.4296094010547662,-0.7548890231754585,-0.7548890231754581,3.3306690738754696e-16
4915,0.7644785974900099,3.7287096851655193,3.72870968516552,2.381999390388846e-16
4916,0.1810442715242786,2.925967992950958,2.9259679929509574,1.5177514276298716e-16
4917,0.35758151943026384,1.291854252979324,1.2918542529793244,3.4376107740163954e-16
4918,0.6911410819530417,-0.902891162375959,-0.9028911623759591,1.1102230246251565e-16
4919,0.7362104575684303,-0.3850817576366914,-0.3850817576366914,0.0
4920,-0.8087643501610481,0.20967635696368492,0.20967635696368525,3.3306690738754696e-16
4921,-0.7419211965796855,0.9763752277434551,0.9763752277434548,3.3306690738754696e-16
4922,0.9395307939883448,2.495605715562791,2.495605715562789,8.897423320532723e-16
4923,0.732361348691944,3.497702039017547,3.4977020390175477,2.539319844264383e-16
4924,0.39175549711313984,1.0129733515139576,1.0129733515139576,0.0
4925,0.6220727614989843,1.9519726988802644,1.9519726988802644,0.0
4926,-0.23304092243891839,1.8141122191509949,1.814112219150995,1.223984947463439e-16
4927,0.4819896056695405,1.440354815629232,1.4403548156292323,1.541596574091566e-16
4928,0.9038388160202597,2.0263495740259194,2.0263495740259216,1.0957862738553872e-15
4929,-0.3678936673030202,4.180762714036529,4.180762714036529,0.0
4930,0.8849735581303839,-0.9101120342744782,-0.91011203427448,1.7763568394002505e-15
4931,-0.33155394476575917,4.362328205489796,4.362328205489796,0.0
4932,-0.06725379294913725,2.6225811778880077,2.6225811778880073,1.6933287464820911e-16
4933,-0.5079346724509872,4.786429238033157,4.786429238033157,0.0
4934,0.5938378828383786,0.0931770662757467,0.09317706627574673,2.7755575615628914e-17
4935,-0.43337144066834876,-2.07852250049795,-2.0785225004979484,8.546247822550345e-16
4936,-0.7387354188823323,-0.11448696526497731,-0.11448696526497737,5.551115123125783e-17
4937,0.29967639540180513,2.2373479390530524,2.237347939053052,1.9848911387382216e-16
4938,0.700513960556217,-2.133765684914393,-2.133765684914395,8.324985503136527e-16
4939,-0.9531477943370854,1.2295280489354337,1.2295280489354354,1.4447469018199946e-15
4940,-0.53905842698948,1.129613231056672,1.129613231056672,0.0
4941,-0.8670521808037527,-0.6718058027664728,-0.6718058027664737,8.881784197001252e-16
4942,-0.5342174184587789,5.598648176543815,5.598648176543814,1.5864158484207876e-16
4943,-0.4959900066492065,1.27095445379103,1.2709544537910293,5.241209177780807e-16
4944,0.26260527864310945,0.08017225454603069,0.08017225454603072,2.7755575615628914e-17
4945,0.022155197017043937,3.269785485396246,3.2697854853962447,4.0744802235512343e-16
4946,0.8868651545535418,4.765846628143691,4.765846628143691,0.0
4947,-0.8423798738375561,1.3342036835063622,1.3342036835063622,0.0
4948,-0.19453895076968342,3.013886439424146,3.0138864394241454,1.4734769168506344e-16
4949,0.28184450887632817,5.07930224845206,5.079302248452059,1.748622893963047e-16
4950,0.16206899214760662,2.2285335718935206,2.2285335718935206,0.0
4951,-0.279968286316833,-1.446421980848542,-1.446421980848542,0.0
4952,0.87315026544704,0.5992483733284213,0.5992483733284217,4.440892098500626e-16
4953,-0.5626196925826378,3.8472606215280525,3.8472606215280507,4.617199129844025e-16
4954,0.5724960057320314,2.5609222122500883,2.5609222122500883,0.0
4955,0.7578896627631468,0.9624416616127776,0.9624416616127773,2.220446049250313e-16
4956,-0.9479678052871395,1.2980333570915212,1.2980333570915212,0.0
4957,0.3357719229432714,6.310305532613108,6.310305532613108,0.0
4958,-0.5689023414382588,0.028243098921169718,0.02824309892116883,8.881784197001252e-16
4959,0.888892182857504,1.0027199980903425,1.0027199980903383,4.207403364458966e-15
4960,0.3996108534251932,1.595165311498731,1.5951653114987308,1.3919849141930639e-16
4961,0.3133868771183552,0.6341366530290273,0.6341366530290274,1.1102230246251565e-16
4962,-0.4653766287194824,5.952619141442654,5.952619141442654,0.0
4963,0.4591075423834574,-0.9787495022090638,-0.9787495022090642,4.440892098500626e-16
4964,-0.8780926983087187,0.4382290297553836,0.4382290297553837,1.1102230246251565e-16
4965,0.5588488940362022,0.6607076941290022,0.6607076941290022,0.0
4966,-0.5533518407998759,0.43184870385883267,0.4318487038588327,5.551115123125783e-17
4967,-0.10534296961173961,-4.084371420592721,-4.084371420592721,0.0
4968,0.4518269262117671,6.672344709733062,6.672344709733062,0.0
4969,-0.7664932531110422,4.30021484614734,4.30021484614734,0.0
4970,0.9480969636991536,2.053471607358031,2.0534716073580306,2.1626264919310076e-16
4971,0.4537673747480746,3.005487778752005,3.0054877787520056,1.4775944623353806e-16
4972,-0.43616914038861887,1.7704667397494496,1.7704667397494496,0.0
4973,0.639853900079254,0.8731472297225076,0.8731472297225067,8.881784197001252e-16
4974,0.053737756789260516,1.306403211868012,1.306403211868012,0.0
4975,-0.8233997165671221,0.9164405056156137,0.9164405056156144,6.661338147750939e-16
4976,0.3999070736565693,-1.2331516694475346,-1.2331516694475337,7.202507539871708e-16
4977,0.6415933869075245,0.8188824251664704,0.8188824251664704,0.0
4978,0.7606357511973141,4.768551731357318,4.768551731357319,1.862574781058975e-16
4979,0.08775750878131916,0.6795129193571436,0.6795129193571438,1.1102230246251565e-16
4980,0.4596507810455208,1.8121541080102264,1.812154108010226,2.450615032612649e-16
4981,0.04755016665860112,0.12249594829610255,0.12249594829610211,4.440892098500626e-16
4982,0.245736250072504,1.5308691568197927,1.5308691568197932,2.900895924852308e-16
4983,-0.6731710028201613,7.629494908953591,7.629494908953591,0.0
4984,-0.32825844608451804,2.791225593228531,2.7912255932285315,1.5910186941801335e-16
4985,-0.03346590718301001,5.210434590176002,5.210434590176002,0.0
4986,-0.7700573006262296,4.289736018379473,4.289736018379472,2.070473371542455e-16
4987,0.6844333961530473,2.491780562014034,2.491780562014034,0.0
4988,-0.7449248385302989,-5.586165616662952,-5.586165616662951,1.589960772109551e-16
4989,-0.8945711972126126,4.469654418344752,4.469654418344753,1.98712995808979e-16
4990,-0.32500951034708103,3.139646707264514,3.139646707264515,2.828911984412317e-16
4991,0.6264205761954451,-2.552846735017192,-2.5528467350171926,1.7395842992002881e-16
4992,0.47742257034638924,3.81012476446341,3.81012476446341,0.0
4993,0.975367512044548,10.108209297779855,10.108209297779851,3.5146815564857876e-16
4994,0.850357548680017,0.8406512520389854,0.8406512520389853,1.1102230246251565e-16
4995,-0.7574400827544092,1.9378600658165441,1.9378600658165444,1.145823730215885e-16
4996,0.8867646079793008,2.1957605380047136,2.195760538004714,2.022484702514994e-16
4997,0.7739431368899778,3.012796887477626,3.0127968874776254,1.474009787038326e-16
4998,-0.6384324145959894,15.137395844259789,15.137395844259792,2.346978116548175e-16
4999,0.2180118252266534,-1.2791749305237332,-1.2791749305237334,1.735842374851104e-16
5000,-0.5717345896542805,5.315115083609694,5.315115083609694,0.0
5001,0.17364468161011049,0.6851238562155124,0.6851238562155125,1.1102230246251565e-16
5002,0.05159283957232352,2.48709678210672,2.4870967821067196,1.7855726928080879e-16
5003,0.3241275228235676,-1.465029222494259,-1.465029222494259,0.0
5004,0.42808278978046155,-0.47711053274220017,-0.47711053274219994,2.220446049250313e-16
5005,0.3886529969501571,2.999192636135665,2.9991926361356653,1.480695852942121e-16
5006,-0.5437197159988199,-0.19953809133816147,-0.19953809133816147,0.0
5007,-0.07512480879530636,0.2068288524053492,0.2068288524053492,0.0
5008,0.9294900847088692,0.304486924696899,0.3044869246968993,3.3306690738754696e-16
5009,-0.4788854947921295,0.7344162983682591,0.7344162983682591,0.0
5010,-0.6272128885651982,2.2204446926360473,2.2204446926360477,2.0000012219302469e-16
5011,-0.5759047016668013,0.3950697786006079,0.395069778600608,1.1102230246251565e-16
5012,0.16946384291646766,-1.4772209887693997,-1.4772209887693994,1.5031238156858696e-16
5013,-0.24915080908133735,2.008532618742402,2.008532618742402,0.0
5014,0.4504429415544613,3.686677746415568,3.686677746415569,2.4091566466954456e-16
5015,0.48420533935909593,4.597490175200296,4.597490175200296,0.0
5016,0.38654670450739914,0.39723205044863236,0.3972320504486325,1.6653345369377348e-16
5017,-0.938362734544568,4.174181737983314,4.174181737983313,4.25558097587401e-16
5018,0.7644531825883323,-1.4130103716365983,-1.4130103716365978,3.1428588123928833e-16
5019,0.3542441176701496,2.2641892684146905,2.2641892684146896,3.9227216208916934e-16
5020,-0.5714501612884502,3.1786523686269943,3.1786523686269943,0.0
5021,-0.6992778669348627,0.33598477127343174,0.3359847712734316,1.1102230246251565e-16
5022,-0.6621224434497521,1.3611452012147174,1.3611452012147174,0.0
5023,-0.7273002028488806,0.03353910258015391,0.033539102580155244,1.3322676295501878e-15
5024,-0.20575920846798323,-0.17955266511770596,-0.17955266511770573,2.220446049250313e-16
5025,-0.5991749724892073,0.5726453805325316,0.5726453805325316,0.0
5026,-0.5821949398253305,-1.8820459971786514,-1.8820459971786514,0.0
5027,-0.19342515685830397,1.4686588956347961,1.4686588956347966,3.0237736697745235e-16
5028,0.726514516126316,4.591665558511933,4.591665558511933,0.0
5029,-0.5131487062749436,-2.059041068175977,-2.0590410681759783,6.470330534642473e-16
5030,0.3654617367287736,2.046314563570629,2.04631456357063,4.3403806800374636e-16
5031,0.5936647122979357,-0.4186755749480171,-0.418675574948018,8.881784197001252e-16
5032,-0.5315591441538946,5.526809964224853,5.526809964224853,0.0
5033,-0.9197104550524489,13.481468279406293,13.481468279406286,5.270514464997069e-16
5034,-0.14261105842192234,1.1114899223677175,1.1114899223677177,1.997720361260924e-16
5035,0.2257208494280607,2.299615276649118,2.2996152766491185,1.9311456762331426e-16
5036,0.2512897866549173,2.4040189496758066,2.404018949675806,1.8472783249481047e-16
5037,0.9472752247187479,2.958007892419916,2.9580078924199125,1.2010494251568957e-15
5038,0.34028939723374396,0.7970003271048244,0.7970003271048243,1.1102230246251565e-16
5039,0.21860665895859732,2.6169170066175074,2.6169170066175074,0.0
5040,-0.8894470704994476,2.7677754437105153,2.7677754437105158,1.6044986989793902e-16
5041,0.7210990060416602,2.356535098903365,2.3565350989033638,5.653502170072368e-16
5042,0.3083338914391489,1.8231939144639937,1.8231939144639933,2.435776064887874e-16
5043,-0.6110338626304017,5.375315418160842,5.375315418160842,0.0
5044,-0.6104710508132207,-2.489761879384292,-2.489761879384293,3.567322751040626e-16
5045,-0.18195015241671297,1.5325210221698295,1.5325210221698293,1.4488845615353977e-16
5046,-0.9415235209659927,6.834945704921787,6.834945704921786,1.2994666790996678e-16
5047,0.13547755306880505,2.510378101754278,2.5103781017542777,1.769013239637999e-16
5048,-0.48382124937651705,3.301238951215797,3.3012389512157974,1.3452198293204773e-16
5049,0.9327481479068593,0.10266517108192375,0.10266517108191664,7.105427357601002e-15
5050,0.19841664514954527,1.7486310494529915,1.7486310494529922,3.8094589192126867e-16
5051,0.9410050410393858,1.374443022484342,1.3744430224843422,1.615524261774634e-16
5052,0.6725487354433957,0.6664508131239113,0.6664508131239112,1.1102230246251565e-16
5053,-0.037914859941558854,-0.30416651261049693,-0.30416651261049715,2.220446049250313e-16
5054,0.5325698329306512,3.268097459305183,3.2680974593051824,1.358861586534444e-16
5055,0.6361746767620815,7.13286666445781,7.132866664457809,1.2451913956639736e-16
5056,0.40451777252138377,-0.6742426790846321,-0.6742426790846325,4.440892098500626e-16
5057,0.6028400924904924,5.260563029422156,5.260563029422155,1.6883714057460628e-16
5058,0.9739321172282991,0.41029509550491927,0.41029509550491383,5.440092820663267e-15
5059,0.4360524299312045,3.913143878863871,3.9131438788638704,1.1348655290921681e-16
5060,0.8341801672813309,4.5144437027731295,4.5144437027731295,0.0
5061,-0.28958385134080766,1.2374654127781146,1.2374654127781142,3.588699977101426e-16
5062,-0.15073855874566933,2.1616176091698764,2.1616176091698764,0.0
5063,-0.9146941779233809,7.842596577019085,7.842596577019087,2.265011112015443e-16
5064,0.8126049386456196,0.4768374381166735,0.4768374381166734,1.1102230246251565e-16
5065,0.4420893967807433,1.5723490598649015,1.5723490598649033,1.1297471310555416e-15
5066,0.2099145515258305,0.8403329701605222,0.8403329701605218,4.440892098500626e-16
5067,0.38251144983937535,0.8426763343345033,0.8426763343345032,1.1102230246251565e-16
5068,-0.39967308953741976,2.1090359527235156,2.1090359527235156,0.0
5069,-0.7217682483869192,-3.139846780423337,-3.139846780423335,5.657463448457664e-16
5070,0.10992869354043866,-2.211868335664614,-2.2118683356646143,2.007756079733491e-16
5071,-0.5425890464682817,0.7117545332825348,0.7117545332825348,0.0
5072,0.3298922364543677,3.8705878462211603,3.87058784622116,1.1473430587129683e-16
5073,0.05965643655611452,0.686650126349071,0.6866501263490714,4.440892098500626e-16
5074,-0.9013064980045709,0.716323399202313,0.716323399202313,0.0
5075,-0.8162088414777497,4.078570517456562,4.078570517456562,0.0
5076,0.6367237631077953,0.13622964916953606,0.13622964916953584,2.220446049250313e-16
5077,0.11476779786264335,1.8739992888699994,1.8739992888699997,1.1848702731307958e-16
5078,0.7491432455909852,1.6619313104796882,1.6619313104796891,5.344254687901437e-16
5079,-0.0047698629828643035,0.7473537903223475,0.7473537903223475,0.0
5080,0.3825236971253647,7.712538937425072,7.712538937425072,0.0
5081,0.5053272798644162,-0.7443760639506983,-0.744376063950698,3.3306690738754696e-16
5082,0.5435862245680567,6.903906546247804,6.903906546247803,2.5729734716146763e-16
5083,0.066145084945757,1.4471244738001967,1.4471244738001965,1.5343849747902807e-16
5084,0.4393986937481571,7.531411659778949,7.531411659778949,0.0
5085,0.9048170507816673,0.6302441094383368,0.6302441094383351,1.6653345369377348e-15
5086,0.2223252861084244,-0.577474052118317,-0.577474052118317,0.0
5087,-0.7133765615972631,3.404675330806386,3.404675330806386,0.0
5088,-0.37947406137272555,1.3734010367273335,1.3734010367273337,1.616749944023194e-16
5089,-0.14996556885181467,0.3389709042773194,0.33897090427731946,5.551115123125783e-17
5090,0.5417148383354806,1.4579355219172403,1.45793552191724,1.5230070300573668e-16
5091,0.7800797935437183,2.237346641807752,2.2373466418077514,1.9848922896062425e-16
5092,-0.38954426555289867,1.6785305546516285,1.6785305546516285,0.0
5093,-0.5449695053040182,0.9229170852381717,0.9229170852381716,1.1102230246251565e-16
5094,0.6198376489014532,0.15947274988343263,0.1594727498834324,2.220446049250313e-16
5095,-0.13247592824552434,2.0232576509350486,2.0232576509350486,0.0
5096,0.03684969921576786,2.806136854072741,2.8061368540727405,1.5825643329031695e-16
5097,-0.34401692842651854,2.03196851877246,2.0319685187724597,2.1855122544828744e-16
5098,-0.5636078904045465,5.765150748069208,5.765150748069208,0.0
5099,0.7863002845938585,0.5240753591546299,0.5240753591546259,3.9968028886505635e-15
5100,0.8601927777535112,2.3429475382166642,2.342947538216664,1.8954295928797506e-16
5101,-0.22319597250360468,3.5254484794900582,3.5254484794900582,0.0
5102,-0.1997826362274402,8.311405804288448,8.311405804288446,2.13725196582713e-16
5103,0.9059507047106046,2.643013461423058,2.6430134614230583,1.680238168786908e-16
5104,-0.46901694439183594,7.468829006443496,7.468829006443494,2.3783605674567656e-16
5105,0.21476696842030352,1.1453891180322788,1.1453891180322786,1.9385953771456535e-16
5106,0.1455164419436612,5.850346130597265,5.850346130597265,0.0
5107,0.9827418853937666,17.444035158549188,17.444035158549184,2.0366352432277363e-16
5108,0.2637448336033039,4.7347006885595935,4.7347006885595935,0.0
5109,-0.4558291257808941,-1.5251976719925402,-1.5251976719925397,2.9116829772622067e-16
5110,-0.2325786035820646,0.2905857256822435,0.29058572568224345,5.551115123125783e-17
5111,0.6456814416483425,-0.49206844719573173,-0.4920684471957344,2.6645352591003757e-15
5112,-0.15927339452893052,-0.34003240017608594,-0.34003240017608594,0.0
5113,-0.07320556065620132,0.48789205185240553,0.48789205185240553,0.0
5114,-0.35429529982502284,1.2130673709243822,1.2130673709243824,1.8304391845592941e-16
5115,0.6517807520254335,1.985545248804549,1.985545248804549,0.0
5116,0.08346198919160464,5.330758849922397,5.330758849922397,0.0
5117,0.13372893544104159,-0.003344543899133301,-0.003344543899133523,2.220446049250313e-16
5118,-0.1318974368205461,4.3861810491620075,4.3861810491620075,0.0
5119,-0.5005163127725303,0.6937770581293734,0.6937770581293733,1.1102230246251565e-16
5120,-0.07225869639408788,3.5497877370811493,3.5497877370811493,0.0
5121,-0.6659110964801604,0.9982357866859134,0.9982357866859135,1.1102230246251565e-16
5122,0.4412208636332575,1.3958206352269285,1.3958206352269293,6.363127161791298e-16
5123,-0.8469374444857174,3.7364206758371115,3.736420675837112,1.1885417847137044e-16
5124,0.4397247428345463,0.8784441121683317,0.878444112168332,2.220446049250313e-16
5125,-0.7876829090973148,5.374936836888101,5.374936836888099,3.3048887704300886e-16
5126,-0.2151635610714352,0.3223824475945313,0.32238244759453116,1.1102230246251565e-16
5127,-0.09383162251270605,5.155387950947049,5.155387950947049,0.0
5128,-0.3927310153355096,1.4874798911584022,1.4874798911584026,2.98551403948204e-16
5129,0.3882644011576495,2.5488333221007973,2.5488333221007973,0.0
5130,0.3005107481932343,0.13832273529182507,0.1383227352918251,2.7755575615628914e-17
5131,-0.38870723326565615,4.358040590069799,4.3580405900698,2.0380223665743783e-16
5132,0.4361891870003496,0.028140351536205976,0.028140351536205532,4.440892098500626e-16
5133,-0.7670451607837022,0.9693930945552802,0.9693930945552802,0.0
5134,-0.53847366292057,-2.871296394192942,-2.871296394192941,3.093301066014721e-16
5135,-0.6764935390358174,-0.970289842502202,-0.9702898425022006,1.3322676295501878e-15
5136,-0.21428583725293315,-0.21808703976986804,-0.2180870397698682,1.6653345369377348e-16
5137,0.25749695620516566,2.526037201178606,2.526037201178606,0.0
5138,0.6801241289785722,4.9165686903103385,4.916568690310339,1.806500581290694e-16
5139,0.9116289474726151,1.2104239128236447,1.2104239128236447,0.0
5140,-0.9561112637206626,8.006737309924718,8.006737309924716,2.2185776436031873e-16
5141,0.7302836084217033,1.8229638375010062,1.8229638375010069,3.6541252276746067e-16
5142,-0.39226093068815115,0.8156922418310372,0.8156922418310371,1.1102230246251565e-16
5143,0.9033075936331936,1.6299454735986842,1.6299454735986814,1.7709671340429906e-15
5144,-0.5789412710441237,1.717021614108564,1.717021614108564,0.0
5145,0.5106731351218581,0.7996161774653253,0.7996161774653252,1.1102230246251565e-16
5146,-0.7365766279635979,2.059053701129972,2.0590537011299705,6.470290837092122e-16
5147,0.744956306538898,1.564955499639829,1.564955499639829,0.0
5148,-0.8703051355458491,-0.19996782731890272,-0.1999678273189005,2.220446049250313e-15
5149,0.8374401431014604,1.7174737154979816,1.7174737154979827,6.464279567173739e-16
5150,0.7656081314039593,4.719969549210903,4.719969549210905,3.763492160022995e-16
5151,0.641992817663515,2.0109494727691093,2.010949472769109,2.208355882947893e-16
5152,0.23666209023941276,3.3215156386661295,3.32151563866613,1.337007734301688e-16
5153,-0.6607038357136036,0.4155219781680337,0.4155219781680337,0.0
5154,0.3963484622383431,0.9234948971147395,0.9234948971147394,1.1102230246251565e-16
5155,-0.020508408812430323,2.1532420772357033,2.1532420772357033,0.0
5156,0.667672918528811,-0.3205133276050932,-0.3205133276050931,1.1102230246251565e-16
5157,-0.8643164721148668,-2.3117280654721157,-2.311728065472116,1.9210270294459046e-16
5158,0.6020628231269574,0.7185404801822743,0.7185404801822735,8.881784197001252e-16
5159,0.38385127631538585,10.166989510823718,10.166989510823718,0.0
5160,0.38093125304000686,-0.5500380281009842,-0.5500380281009842,0.0
5161,-0.43366308783419316,1.3704967773536734,1.3704967773536731,1.62017604560722e-16
5162,-0.5405965473889812,0.8365737450338441,0.8365737450338437,3.3306690738754696e-16
5163,0.026762674274386056,3.5169386074214812,3.5169386074214812,0.0
5164,0.0009587119119232046,2.0017232762700763,2.001723276270076,2.2185344753424612e-16
5165,-0.23320962334863338,-0.3374073884809189,-0.3374073884809188,1.1102230246251565e-16
5166,0.8947965962815942,-2.034148284877417,-2.0341482848774284,5.676242750806852e-15
5167,-0.5810199366141497,0.8714275313700038,0.8714275313700038,0.0
5168,0.821201180246498,1.1704529992728963,1.1704529992728951,9.485413129060667e-16
5169,0.7991448535026173,1.7390134160574544,1.739013416057455,3.8305271749156297e-16
5170,-0.9788232968344488,2.8157649767398385,2.815764976739837,4.731458912784404e-16
5171,-0.7572144238398354,0.9814257590319476,0.9814257590319475,1.1102230246251565e-16
5172,-0.9520019600766102,0.5962518110609945,0.5962518110609945,0.0
5173,0.028941697533281685,2.113888047202792,2.1138880472027917,2.100817072302882e-16
5174,0.3214954316368277,0.715905903046316,0.7159059030463159,1.1102230246251565e-16
5175,-0.7234987588480846,-4.305214390121411,-4.30521439012141,2.0630294782487657e-16
5176,0.10081791179545263,0.4373853061286974,0.4373853061286974,0.0
5177,0.18957560772153204,0.7625892913375649,0.7625892913375649,0.0
5178,-0.5247247306205167,2.1883150464282757,2.1883150464282757,0.0
5179,0.21067504833053774,2.0088016650598517,2.0088016650598517,0.0
5180,0.25442772929320134,5.330999420335169,5.33099942033517,1.6660636208515738e-16
5181,-0.5657629619074964,2.7647150440718673,2.764715044071867,1.6062747978395951e-16
5182,0.6999046433327949,3.665900879285796,3.6659008792857968,2.422810787707832e-16
5183,-0.26683786641750096,8.186028699599126,8.186028699599126,0.0
5184,-0.418169484854239,3.2728613877230086,3.272861387723009,1.3568836477948852e-16
5185,-0.6287492245158355,0.5673108566576959,0.567310856657695,8.881784197001252e-16
5186,-0.6941431264680126,2.3137649267998004,2.3137649267998013,3.8386718089316743e-16
5187,-0.6819107378156448,0.669356559479927,0.6693565594799271,1.1102230246251565e-16
5188,-0.914446132847482,5.110924057547298,5.110924057547308,1.9115843840947078e-15
5189,0.5731009492546562,1.3573024230718067,1.3573024230718058,6.543703190995755e-16
5190,-0.7458058618395367,0.12895907240220833,0.12895907240220833,0.0
5191,0.7279451876967487,3.7615470252630567,3.7615470252630585,4.722410294142274e-16
5192,-0.21536454051524567,2.6593879535948166,2.6593879535948166,0.0
5193,0.2618531208597934,-2.062483026703453,-2.062483026703454,4.3063550497175987e-16
5194,-0.38885164593383836,1.5724682312879381,1.5724682312879383,1.4120768897389078e-16
5195,-0.27721389792551554,0.6228562010959757,0.6228562010959755,2.220446049250313e-16
5196,0.27442188696276704,1.1439438525443806,1.1439438525443806,0.0
5197,-0.6595139801003965,-0.8747946908755977,-0.8747946908755972,4.440892098500626e-16
5198,0.010152658297791994,1.9559144431796462,1.9559144431796462,0.0
5199,0.959078209633017,2.604540927838141,2.60454092783814,3.4101150425666147e-16
5200,-0.9243988922149705,1.4484270319744004,1.4484270319744004,0.0
5201,-0.10535796148171817,2.832815381898307,2.832815381898307,0.0
5202,0.5525579105936709,-3.5550353376648025,-3.555035337664801,3.74755101710273e-16
5203,0.3102856117633792,1.9608125285349656,1.9608125285349658,1.13241119022701e-16
5204,0.14291147796784243,0.4530656038717996,0.4530656038717997,1.1102230246251565e-16
5205,-0.9825681054716208,-0.34089565810433076,-0.3408956581043334,2.6645352591003757e-15
5206,0.40702499117940305,3.452036808570422,3.4520368085704227,2.572911208521971e-16
5207,-0.669373567322622,1.1913486830325446,1.1913486830325448,1.8638087076222134e-16
5208,0.2779575357595583,6.870314278008432,6.870314278008432,0.0
5209,-0.46678791822086074,3.199900409912274,3.1999004099122743,1.3878219724414407e-16
5210,-0.32006412874855084,0.5852854879534022,0.5852854879534022,0.0
5211,-0.5781294157922201,0.32124109751524466,0.3212410975152449,2.220446049250313e-16
5212,-0.5876666814988154,2.844258766234786,2.8442587662347867,3.1227060991918503e-16
5213,0.22041680408041775,0.11147917741733049,0.11147917741733043,5.551115123125783e-17
5214,-0.34561368207380083,-0.012756769491867326,-0.012756769491867298,2.7755575615628914e-17
5215,0.8475483794406928,4.047488908591798,4.047488908591798,0.0
5216,-0.30438935777604703,8.007396113291728,8.007396113291728,0.0
5217,-0.753087120609435,0.7080596371810396,0.7080596371810395,1.1102230246251565e-16
5218,-0.2906694109930713,0.24293208202349792,0.2429320820234977,2.220446049250313e-16
5219,0.09831741786742176,4.436152659360485,4.436152659360486,2.00213673401439e-16
5220,-0.33179113720716746,4.874523411547037,4.874523411547038,1.8220825806193888e-16
5221,0.7601833928220272,0.9008291354704673,0.9008291354704675,2.220446049250313e-16
5222,0.6309808867131359,3.9410958886197767,3.9410958886197767,0.0
5223,-0.539221431511449,0.25147467990549066,0.25147467990549077,1.1102230246251565e-16
5224,-0.9260300869980844,0.5023086313469461,0.5023086313469451,9.992007221626409e-16
5225,-0.25243385202506996,0.31607330896505226,0.31607330896505204,2.220446049250313e-16
5226,-0.5093438117755718,-1.0438982078742418,-1.0438982078742418,0.0
5227,0.29509859988537324,6.449368754545378,6.44936875454538,2.7543111690555945e-16
5228,0.6425857078586523,2.4483452749810732,2.4483452749810732,0.0
5229,-0.5548701023365785,1.4462710880247536,1.446271088024755,9.211742117929867e-16
5230,0.6296646595067155,0.3669774862121773,0.3669774862121772,1.1102230246251565e-16
5231,-0.03863502315648715,1.246805128429398,1.2468051284293984,3.5618173179114397e-16
5232,-0.4924013890532806,1.0843176491746602,1.08431764917466,2.0477818939315697e-16
5233,0.976118298787326,0.7365811574001702,0.7365811574001722,1.9984014443252818e-15
5234,0.5417943762284625,-1.7298110399726967,-1.7298110399726974,3.8509050953080296e-16
5235,0.6484017805336353,-0.542221880391718,-0.542221880391718,0.0
5236,-0.3856793441101558,0.98790484805766,0.98790484805766,0.0
5237,0.17130410090721115,-1.202458905126024,-1.2024589051260242,1.846587887357031e-16
5238,0.029777976649116855,-2.4056029739582026,-2.4056029739582017,3.6921238845939227e-16
5239,-0.9041723927375642,3.7502065230071917,3.75020652300719,4.736690708904844e-16
5240,0.24036246163157982,7.468253427943799,7.468253427943798,1.1892719338859706e-16
5241,-0.5525118748341885,2.3384890341436613,2.338489034143661,1.8990433710230548e-16
5242,0.38345780583733746,4.221111650761049,4.221111650761049,0.0
5243,0.8260157637301586,2.924574367437044,2.9245743674370464,7.59237335173735e-16
5244,0.23643102477553857,-0.06288373306293163,-0.06288373306293163,0.0
5245,-0.9645955632342588,0.15159932591167474,0.15159932591167902,4.274358644806853e-15
5246,-0.5229404458085215,2.049501192736777,2.0495011927367766,2.1668160595557077e-16
5247,-0.6305313306128685,2.974190429639179,2.974190429639178,2.9862863213095493e-16
5248,0.4102128277240542,-6.399179834006292,-6.399179834006292,0.0
5249,-0.811865044283167,8.326146727110316,8.326146727110316,0.0
5250,-0.1337884178484101,-3.115730865264501,-3.115730865264502,2.8506262514581015e-16
5251,-0.8849885641231486,0.28797949954887647,0.28797949954887647,0.0
5252,-0.7813543132181565,4.489698632249649,4.489698632249649,0.0
5253,-0.2328331997259202,1.9740504364007188,1.9740504364007188,0.0
5254,-0.7565981190818127,2.49904101906256,2.4990410190625596,1.7770384978180522e-16
5255,0.7837554615686557,7.332627670658093,7.332627670658091,2.422537893896398e-16
5256,0.11171893168654057,5.016275519654344,5.016275519654344,0.0
5257,0.7471103909641439,-0.47473883940413053,-0.4747388394041302,3.3306690738754696e-16
5258,0.5204192757198747,-0.39649842090804643,-0.39649842090804643,0.0
5259,0.5207793027006178,1.484112968950533,1.4841129689505337,4.488430656637546e-16
5260,0.9312247334561419,0.6877903931608293,0.6877903931608296,2.220446049250313e-16
5261,-0.548636459353506,0.9204220365474445,0.9204220365474445,0.0
5262,-0.5106717136832669,2.3619555091939923,2.361955509193992,1.8801760156845894e-16
5263,-0.9834750321930401,1.1028826737971287,1.1028826737971311,2.21464232978297e-15
5264,0.11164361170024573,3.414008923927481,3.4140089239274807,1.3007851465695107e-16
5265,0.21195141101370685,1.0114894864227615,1.0114894864227617,2.195224052306419e-16
5266,-0.8930217418709003,2.595983959481503,2.595983959481503,0.0
5267,0.1928952899923615,2.1412866464484424,2.1412866464484424,0.0
5268,0.11763952723429671,-0.7435539229750552,-0.7435539229750552,0.0
5269,-0.27073357983810187,4.487275737850859,4.48727573785086,1.9793265927658604e-16
5270,0.6204854878668826,0.9685790622121218,0.968579062212122,2.220446049250313e-16
5271,0.9636773162756649,-7.132098986308021,-7.132098986308009,1.7434555941628278e-15
5272,0.20937237588724655,-2.2622660738622145,-2.262266073862216,5.889084599477271e-16
5273,0.23943721590065192,5.266462556687396,5.266462556687397,1.6864800805852292e-16
5274,-0.5329956033184471,6.21027899627771,6.21027899627771,0.0
5275,-0.4953915935219378,2.119764603979766,2.1197646039797657,2.0949930431723616e-16
5276,-0.986268615436135,3.7390604497298887,3.739060449729891,5.938513375494422e-16
5277,0.3817403724387922,-2.977136905689524,-2.9771369056895236,1.4916653950356667e-16
5278,0.1865310280738004,1.7262096959496525,1.7262096959496525,0.0
5279,-0.19865752556158933,4.891115520381113,4.8911155203811125,1.8159015382055804e-16
5280,-0.41213351261601316,-0.7028861313492882,-0.7028861313492882,0.0
5281,-0.9330371367692214,3.831530240725531,3.8315302407255305,1.1590387702798627e-16
5282,-0.5885969687547821,2.4566064134560475,2.456606413456048,1.8077344723093066e-16
5283,-0.05660523797398531,-2.271020958700838,-2.2710209587008383,1.9554606405046507e-16
5284,0.3299470727683238,3.2253688777772336,3.225368877777234,1.376863319137956e-16
5285,-0.17281812904086347,1.4363257812224357,1.4363257812224355,1.5459209033764778e-16
5286,0.02993675579729027,3.3557630611984037,3.3557630611984037,0.0
5287,0.0305733179720602,4.835351672765089,4.835351672765088,1.8368434806981094e-16
5288,-0.947757775711252,5.7722873811161275,5.772287381116127,1.5386940411279166e-16
5289,0.09332451619829207,3.3647225161961396,3.364722516196139,1.319839028961327e-16
5290,-0.696255038376514,0.8384838743333904,0.8384838743333906,1.1102230246251565e-16
5291,-0.7980251880018528,-1.1814377768102229,-1.1814377768102244,1.315610745638864e-15
5292,0.7213523976853202,1.270970010899152,1.270970010899152,0.0
5293,-0.361707448036064,4.487507590940734,4.4875075909407345,1.9792243282065022e-16
5294,0.9168373319140535,3.423176159166675,3.4231761591666756,1.297301655542524e-16
5295,-0.17826116972198724,6.585708584690797,6.585708584690797,0.0
5296,-0.5757489327799529,5.797389729425063,5.797389729425064,1.5320315886167056e-16
5297,-0.32988214465368715,1.4471083100921123,1.4471083100921123,0.0
5298,-0.43208368201199987,0.1524726304072499,0.15247263040725,1.1102230246251565e-16
5299,-0.9283482336746565,3.6157116395548776,3.615711639554874,9.825766081384377e-16
5300,-0.011922143174324606,2.4912942118152452,2.4912942118152452,0.0
5301,0.6741196143130737,-1.8312404273252172,-1.8312404273252167,2.4250732084301843e-16
5302,0.649629995410907,3.197948264820059,3.197948264820059,0.0
5303,0.3214090953164206,0.9714283101989509,0.9714283101989509,0.0
5304,0.45089833942508806,0.3149183337551571,0.3149183337551569,2.220446049250313e-16
5305,0.25238926635882875,-0.007816063354587316,-0.007816063354587316,0.0
5306,-0.13385193580259402,-4.1268778347320865,-4.1268778347320865,0.0
5307,0.5629282512182161,-1.3059780405480816,-1.3059780405480823,5.10065096114125e-16
5308,-0.45810654036212095,3.253188189924201,3.253188189924201,0.0
5309,-0.6472910585648037,0.9936482488171641,0.993648248817164,1.1102230246251565e-16
5310,-0.32051180257438927,10.45442322689745,10.454423226897449,1.6991437986076428e-16
5311,-0.2243859641859126,3.7081701179611724,3.7081701179611724,0.0
5312,0.6589735200302491,-0.1518853836449093,-0.15188538364490933,2.7755575615628914e-17
5313,-0.18077806721771295,5.448799734603499,5.448799734603499,0.0
5314,-0.6184595563960382,-0.05985839308175822,-0.059858393081757555,6.661338147750939e-16
5315,-0.24824118143442242,0.517363760740852,0.5173637607408521,1.1102230246251565e-16
5316,0.2278400826302185,4.7986403530164115,4.798640353016412,1.8508959921153891e-16
5317,0.8388156127443509,-1.7102023931648078,-1.7102023931648074,2.5967055807251865e-16
5318,0.07550932434040658,2.7520821372195696,2.7520821372195696,0.0
5319,0.8517856091973406,0.11420329882032675,0.11420329882032654,2.0816681711721685e-16
5320,0.34646452828977714,1.4517945244336112,1.4517945244336112,0.0
5321,0.11184930042196428,1.1050420563529704,1.1050420563529713,8.037507845008435e-16
5322,-0.705076573313052,0.023567344408116253,0.023567344408116253,0.0
5323,0.1061072247136714,0.06287085072066237,0.06287085072066237,0.0
5324,-0.14138231180957006,1.271084795415423,1.2710847954154234,3.4937811501782847e-16
5325,-0.8414881493510147,2.388896943148378,2.3888969431483784,1.8589718201271087e-16
5326,-0.1273749227648402,2.135535284672435,2.135535284672436,4.1590435244733547e-16
5327,0.4208206706449762,1.1053630606708338,1.1053630606708336,2.008793425666628e-16
5328,0.5491527965919991,1.2250291504166861,1.2250291504166861,0.0
5329,-0.4647517243607092,0.7223321795486856,0.7223321795486858,2.220446049250313e-16
5330,0.20849266362955166,0.8512110359568363,0.851211035956835,1.3322676295501878e-15
5331,0.26125821471171595,-0.3525240215469727,-0.35252402154697265,5.551115123125783e-17
5332,-0.12041622827339615,-0.06257760661780543,-0.06257760661780554,1.1102230246251565e-16
5333,0.8346302026126504,4.6366960767255065,4.636696076725506,1.9155415947110514e-16
5334,0.9285960590827522,7.222353892026342,7.222353892026362,2.8284550935195817e-15
5335,-0.00569004683511809,2.8415983778467973,2.841598377846797,1.562814834468509e-16
5336,0.20560137258828748,2.5668843650315396,2.5668843650315396,0.0
5337,0.5607522585657392,1.419337278430652,1.4193372784306524,3.128849052292123e-16
5338,0.034776266752902796,-0.21518503418117274,-0.21518503418117296,2.220446049250313e-16
5339,-0.4333258138004309,6.0216719576338384,6.0216719576338384,0.0
5340,0.8045485567905386,0.6697047301572963,0.6697047301572958,4.440892098500626e-16
5341,0.3445269143630376,2.443480973385257,2.443480973385257,0.0
5342,0.5022870663824368,4.332268718210222,4.332268718210222,0.0
5343,0.027245562547077773,3.2963145228875916,3.296314522887591,1.3472294793672716e-16
5344,-0.4889688078301381,5.914405576862526,5.914405576862524,3.003441032771669e-16
5345,-0.6897211150642262,0.9674613987868812,0.9674613987868813,1.1102230246251565e-16
5346,0.026722852748796155,-0.2237428856101863,-0.2237428856101864,1.1102230246251565e-16
5347,-0.14913595127029777,1.1553290637110452,1.1553290637110454,1.9219165508725228e-16
5348,0.0019631446288412846,1.3124086551589706,1.312408655158971,3.3837723342069134e-16
5349,-0.7512971840447589,4.664019156039272,4.664019156039272,0.0
5350,0.37242128611027114,4.261944788112635,4.261944788112636,2.0839744854917449e-16
5351,-0.44841844307127243,-0.28572608073618744,-0.2857260807361852,2.220446049250313e-15
5352,0.18269231570713518,-2.186439460262606,-2.186439460262605,4.062213639308582e-16
5353,0.6650920125762436,1.4408931430030603,1.4408931430030605,1.5410206232382614e-16
5354,-0.19346584527188393,5.184323330801735,5.184323330801736,1.7132002829051402e-16
5355,0.9859491849850117,3.9782639344942963,3.9782639344942967,1.116288957098855e-16
5356,-0.7962728233657426,-0.3671759933156671,-0.36717599331566664,4.440892098500626e-16
5357,-0.85702265881447,1.5651434189153064,1.5651434189153068,2.8373707130163853e-16
5358,-0.36515893149856693,1.5429421751076702,1.5429421751076704,1.4390986811254707e-16
5359,0.7074119131286167,2.8650614134031356,2.8650614134031365,3.100032744656395e-16
5360,-0.6381556726492967,3.931982123581744,3.931982123581744,0.0
5361,0.9535474554828391,0.91192665999184,0.9119266599918394,5.551115123125783e-16
5362,0.07192449205498708,4.2775574368215645,4.277557436821564,2.0763681910022125e-16
5363,0.20558299239248323,6.170832548971781,6.170832548971782,1.4393170008285487e-16
5364,-0.88792185319902,0.8813386809340388,0.8813386809340384,3.3306690738754696e-16
5365,-0.677726439183001,0.5526257259360232,0.5526257259360234,2.220446049250313e-16
5366,0.5735443075801716,1.4980437968528961,1.4980437968528961,0.0
5367,0.4528702293571516,2.1258858290435376,2.125885829043537,2.088960770061033e-16
5368,0.856945047551195,-4.024783921014381,-4.024783921014379,6.620318783297124e-16
5369,-0.969356912359918,2.5669537737683106,2.5669537737683186,3.1140435246585855e-15
5370,0.32912552364922654,-0.05675335356715405,-0.05675335356715394,1.1102230246251565e-16
5371,-0.33408543412382485,0.6276742893912584,0.6276742893912584,0.0
5372,-0.35552686738099315,0.34992676593422756,0.34992676593422667,8.881784197001252e-16
5373,-0.6772621057208144,4.865043202442076,4.865043202442081,9.12816580184007e-16
5374,-0.027945966657630494,4.268070239535779,4.2680702395357795,2.080983605829151e-16
5375,0.24912996018594002,0.398749764822961,0.398749764822961,0.0
5376,0.22613407721561862,-0.6516166855375043,-0.6516166855375045,2.220446049250313e-16
5377,-0.9289540515816955,-0.1638514651097851,-0.16385146510978643,1.3322676295501878e-15
5378,0.21919011327863158,-0.2244316758003787,-0.2244316758003787,0.0
5379,0.1758522440668333,-2.7250029604235975,-2.725002960423598,1.629683403283458e-16
5380,0.27704089450791547,-0.24553251555358924,-0.24553251555358946,2.220446049250313e-16
5381,0.21934919869211922,-0.5217455820566537,-0.5217455820566538,1.1102230246251565e-16
5382,0.22409252299738402,1.7385035455980522,1.7385035455980522,0.0
5383,0.2930277238519572,0.6569590876539015,0.6569590876539015,0.0
5384,-0.9122587025650685,5.744733278280786,5.744733278280786,0.0
5385,0.8211979741624627,0.7490653594810703,0.7490653594810706,2.220446049250313e-16
5386,-0.7405798158607946,5.667468399399416,5.667468399399418,3.1343039152869236e-16
5387,-0.5325346287647827,10.681625262697269,10.68162526269727,1.663002394966713e-16
5388,-0.6493651244598502,2.3019814281531223,2.301981428153123,1.9291606979051737e-16
5389,0.2882740648311497,0.4160777017339726,0.4160777017339726,0.0
5390,0.05594945207714419,2.2354741551546864,2.2354741551546855,3.973109765783298e-16
5391,0.1438549469755237,1.802815829737184,1.8028158297371837,1.2316544000914457e-16
5392,-0.5924911431278745,1.5416221083462225,1.5416221083462225,0.0
5393,0.8012301678926816,2.858350889729857,2.8583508897298575,1.5536553312810154e-16
5394,-0.6627703884292497,4.254189291472191,4.254189291472191,0.0
5395,0.010445442514919634,5.552006807329632,5.552006807329632,0.0
5396,0.5493776675174202,-1.4790203052528375,-1.479020305252837,3.0025903516865235e-16
5397,-0.9862789348755678,0.966539934498025,0.9665399344980257,6.661338147750939e-16
5398,0.15526324797513036,-3.0701144289255184,-3.0701144289255193,2.8929814841167686e-16
5399,0.05754771652925972,2.8498945784670027,2.849894578467003,1.5582653941148387e-16
5400,-0.982200631424264,2.4211074190086666,2.42110741900866,2.7513600162682803e-15
5401,0.35825443321065586,0.7704025036170729,0.7704025036170727,1.1102230246251565e-16
5402,0.030770959368014772,1.0789629699312977,1.0789629699312977,0.0
5403,0.3906720441932392,3.166999179220317,3.166999179220317,0.0
5404,0.43670424773517746,-4.16136352868938,-4.161363528689382,4.26868940229241e-16
5405,-0.28776277533302974,-0.12710880635866956,-0.12710880635866953,2.7755575615628914e-17
5406,0.18654251657647647,1.2197711126222917,1.219771112622292,3.6407585427674994e-16
5407,-0.41141319865165504,1.2802617136770615,1.2802617136770615,0.0
5408,0.7609108998759659,0.9019334182875098,0.9019334182875103,4.440892098500626e-16
5409,0.07227442232162917,1.7417382700985107,1.7417382700985107,0.0
5410,0.007017101248189217,-0.4031170292384104,-0.4031170292384103,1.1102230246251565e-16
5411,0.33353194894521265,0.43816764039914813,0.43816764039914813,0.0
5412,-0.6416370979156549,2.7278286517001598,2.7278286517001593,1.6279952539294482e-16
5413,0.8355562118221407,1.3345903607247471,1.334590360724747,1.6637659873734615e-16
5414,0.21227971271530688,1.9244127793542916,1.9244127793542918,1.1538304427573752e-16
5415,-0.37022025775917256,2.493930978478571,2.4939309784785713,1.7806796326054718e-16
5416,0.032013207443250424,5.682072866986524,5.682072866986524,0.0
5417,-0.1427523125522212,-1.145542355819122,-1.1455423558191224,3.876672107270236e-16
5418,-0.7856699140175045,-1.5901566545681245,-1.5901566545681236,5.585477488325503e-16
5419,0.20613582402216735,2.707130467973245,2.707130467973245,0.0
5420,0.44004190203421767,7.037339896751558,7.037339896751559,1.2620939626777288e-16
5421,0.5226827416136379,9.431955511443345,9.431955511443347,1.8833388656732752e-16
5422,-0.37104135591211695,0.5605852076014919,0.5605852076014919,0.0
5423,0.10642616516673042,1.842372928910755,1.8423729289107549,1.205209876028238e-16
5424,-0.3539402158607742,6.497956478656853,6.497956478656853,0.0
5425,-0.0014410590032165604,5.74875777395186,5.74875777395186,0.0
5426,0.9423040200862707,-0.47146963488900584,-0.47146963488900084,4.9960036108132044e-15
5427,-0.5431888511830966,0.41072323078568407,0.41072323078568423,1.6653345369377348e-16
5428,-0.5059595405072822,0.8995040692760738,0.8995040692760738,0.0
5429,0.31166825991168956,3.645153195440006,3.6451531954400065,1.2183005378363985e-16
5430,0.13798815635634187,4.48095247201705,4.48095247201705,0.0
5431,-0.9459650365928176,4.2476412685343625,4.247641268534373,2.5091904806921386e-15
5432,-0.11901767241023764,8.014426684652797,8.014426684652797,0.0
5433,0.6734507923989264,4.381393753073875,4.381393753073876,2.0271595518595005e-16
5434,0.7596732781128803,5.331252309890738,5.331252309890738,0.0
5435,0.7132795522653073,-7.321522958821643,-7.321522958821641,3.6393183140809507e-16
5436,0.1796232294655653,0.7411352781854497,0.7411352781854497,0.0
5437,0.7218048696782009,1.0226663568149876,1.0226663568149874,2.1712321271286505e-16
5438,-0.9466243661385999,8.088274423965398,8.0882744239654,2.1962123764457597e-16
5439,0.531382772330163,1.687465358023453,1.6874653580234533,1.3158468935037258e-16
5440,0.1729389389201652,3.27996562267679,3.2799656226767904,1.3539447083827668e-16
5441,0.8230582005161344,-4.919760477179445,-4.9197604771794445,1.8053285801615448e-16
5442,-0.5069761472998593,-1.5336373676186357,-1.5336373676186354,1.4478299082514687e-16
5443,0.622574489347482,-1.060916366174534,-1.0609163661745367,2.5115412902038562e-15
5444,-0.6142720247198433,1.6943899055531355,1.694389905553135,2.6209387130708215e-16
5445,-0.8181524336577559,1.1782883151870407,1.178288315187043,1.884467511585092e-15
5446,-0.8086559878549021,0.29266606238404624,0.29266606238405046,4.218847493575595e-15
5447,0.3095055441941359,-0.3785385285990497,-0.3785385285990488,8.881784197001252e-16
5448,0.7174696737833366,0.9785974262523534,0.9785974262523535,1.1102230246251565e-16
5449,-0.7929598110367624,4.2170418120686435,4.2170418120686435,0.0
5450,0.2472622735152188,-1.4970930623425784,-1.4970930623425787,1.4831716912613749e-16
5451,-0.2006417013586973,2.8161708954073217,2.816170895407321,3.153851284908127e-16
5452,-0.6016219696338506,0.3887138964446465,0.3887138964446466,1.1102230246251565e-16
5453,-0.403212711877476,2.1639563880474793,2.1639563880474793,0.0
5454,0.8766189529504653,-1.7066687136153456,-1.7066687136153456,0.0
5455,-0.027712752304208776,4.260298189006645,4.260298189006645,0.0
5456,0.6013724825633813,0.23714589624468296,0.23714589624468296,0.0
5457,0.8349246175622151,1.3869122993067795,1.3869122993067797,1.600999609247217e-16
5458,-0.9362503510126812,0.5334414560078924,0.5334414560078855,6.8833827526759706e-15
5459,-0.9658581676952698,1.9326897157398042,1.9326897157398029,6.893334293136734e-16
5460,-0.4732003180292651,3.1420590444965764,3.1420590444965764,0.0
5461,0.6021095838875656,-0.8727190006818164,-0.8727190006818164,0.0
5462,0.8398621919336684,-0.6476339179361335,-0.647633917936135,1.5543122344752192e-15
5463,-0.5951347851392959,6.248650569960199,6.248650569960199,0.0
5464,-0.061117640021299824,0.7563497866090755,0.7563497866090756,1.1102230246251565e-16
5465,-0.14663008214951057,-0.29008858353644573,-0.29008858353644584,1.1102230246251565e-16
5466,0.9777301718214284,14.480063964711816,14.480063964711817,1.2267603539109116e-16
5467,-0.926861295509975,1.7713128481455098,1.7713128481455112,7.521357003338038e-16
5468,-0.06271794253517837,1.6853752968142306,1.6853752968142302,2.6349573931070386e-16
5469,0.46633169839817845,1.0894978537793796,1.0894978537793798,2.0380453633274872e-16
5470,-0.3082784356018883,0.901739043940406,0.901739043940406,0.0
5471,0.7173157132412136,0.008450699168754516,0.008450699168753406,1.1102230246251565e-15
5472,-0.8443174767454003,-0.8080790042687827,-0.8080790042687833,6.661338147750939e-16
5473,0.9185183313788856,4.776277581853022,4.776277581853023,1.859561979970905e-16
5474,0.692741387859555,1.2829107416534171,1.2829107416534171,0.0
5475,-0.7078045914987823,4.350002910239125,4.350002910239125,0.0
5476,-0.7698046334202431,0.12826001502538795,0.12826001502538795,0.0
5477,-0.8632780954921307,1.1848622207654707,1.1848622207654702,3.748024049270154e-16
5478,0.4039895905319377,0.39660112923193114,0.3966011292319309,2.220446049250313e-16
5479,-0.07727374878146431,1.1937968442259652,1.1937968442259652,0.0
5480,0.4762902658081143,4.59503573794372,4.59503573794372,0.0
5481,0.8927163570783434,2.825386664088354,2.825386664088354,0.0
5482,-0.132345954571081,0.6696296274211528,0.6696296274211528,0.0
5483,0.9736120683724592,4.653039117969334,4.653039117969339,1.1452881403082745e-15
5484,-0.773748537296167,0.3581382726397915,0.3581382726397916,1.1102230246251565e-16
5485,0.611909785701684,11.524676877511133,11.524676877511135,1.5413506671641036e-16
5486,0.18502782243416505,3.537382104518872,3.5373821045188723,1.25541769797149e-16
5487,0.6538351909838465,-4.490570922533458,-4.490570922533456,3.9557483225275024e-16
5488,-0.9771751477428071,1.14219132295827,1.1421913229582692,7.776091464254407e-16
5489,0.46135524285283247,0.8073707204106045,0.8073707204106042,3.3306690738754696e-16
5490,-0.7365192732458434,0.7465161190404013,0.7465161190404012,1.1102230246251565e-16
5491,0.31825615501618976,1.5896466216333218,1.589646621633322,1.3968173926409258e-16
5492,-0.9897255896166628,-0.4535362438309002,-0.45353624383091073,1.0547118733938987e-14
5493,0.047180008087695846,-1.2803809518847564,-1.2803809518847564,0.0
5494,-0.9586767477265062,-0.32543130878281934,-0.3254313087828251,5.773159728050814e-15
5495,-0.04205454813894993,4.38434910153539,4.38434910153539,0.0
5496,-0.31576636565533234,1.0098841547922546,1.0098841547922546,0.0
5497,0.17846474622305442,3.7896070320390542,3.789607032039054,1.1718608449254272e-16
5498,0.10631090400052812,1.9270918823658085,1.9270918823658083,1.1522263518252e-16
5499,-0.6865788625194297,0.6286890818195754,0.6286890818195754,0.0
5500,-0.36889224225438444,2.369495467717277,2.3694954677172775,1.8741931179040785e-16
5501,-0.04878941024549455,2.9463859778822132,2.9463859778822132,0.0
5502,0.7383782245807748,-1.36748297013687,-1.3674829701368711,8.118733826089516e-16
5503,-0.680140589782322,0.5920302945753682,0.5920302945753682,0.0
5504,0.5521811660318332,1.1328393311312734,1.1328393311312734,0.0
5505,-0.46634319382396794,-0.9202495554691148,-0.9202495554691161,1.3322676295501878e-15
5506,-0.5085113233130042,6.7854576846871675,6.785457684687169,2.6178880216274557e-16
5507,-0.1630975281148347,1.3716854183572504,1.3716854183572498,4.856316221345162e-16
5508,-0.7897212113340288,0.011524871551763904,0.011524871551763849,5.551115123125783e-17
5509,0.8250343131407443,1.944607441223735,1.944607441223734,5.70923982439611e-16
5510,-0.1721829806511853,4.7117682019786695,4.7117682019786695,0.0
5511,-0.3194082043598916,0.8549332817567437,0.8549332817567435,1.1102230246251565e-16
5512,0.8016875278028279,2.7964456516769522,2.7964456516769536,4.764146332510569e-16
5513,-0.79360726501576,5.929694017880545,5.929694017880545,0.0
5514,-0.47475988478443887,1.1751859308952566,1.1751859308952566,0.0
5515,-0.3551868235500836,0.8881812222625859,0.888181222262586,1.1102230246251565e-16
5516,-0.6117570311437626,1.3857125095177358,1.3857125095177358,0.0
5517,-0.765976054973263,2.2546847524281417,2.2546847524281417,0.0
5518,0.276191750487345,5.4433662880519105,5.443366288051911,1.6316712355912199e-16
5519,-0.46151181143705566,3.639611414692611,3.6396114146926113,1.2201555585229114e-16
5520,-0.09359295146527513,1.9520969019382859,1.952096901938286,1.1374671242219465e-16
5521,-0.7166883287831005,5.755677552324944,5.755677552324945,1.5431344296578167e-16
5522,-0.8253881190881848,0.8784656502097915,0.8784656502097903,1.2212453270876722e-15
5523,0.193780171828156,3.0372830094399936,3.037283009439994,1.4621265402987343e-16
5524,-0.1745940501477118,5.970631924770007,5.970631924770007,0.0
5525,-0.22701254212120925,-4.536954977668641,-4.536954977668639,3.915306297161117e-16
5526,-0.7843296177686347,-0.421459380289364,-0.42145938028936447,4.440892098500626e-16
5527,0.926226426369116,3.2888661996089965,3.2888661996089965,0.0
5528,0.6170841192461725,6.158752311978886,6.158752311978886,0.0
5529,0.7555728033529612,4.206254306430867,4.206254306430868,2.1115661464933425e-16
5530,-0.12957584752588824,2.6139873443045154,2.6139873443045154,0.0
5531,0.08745618993645832,4.377819084981484,4.377819084981484,0.0
5532,-0.22324089707058048,1.4935313170861473,1.4935313170861473,0.0
5533,-0.6145899381315495,0.1254960994105629,0.12549609941056283,5.551115123125783e-17
5534,-0.6299600650543523,11.569341101094416,11.56934110109442,3.0708003573897807e-16
5535,0.08418768770512575,10.421723935675818,10.421723935675818,0.0
5536,0.24427781428352535,2.978005946133731,2.978005946133731,0.0
5537,0.4240785028334282,9.698916645264285,9.698916645264285,0.0
5538,0.31593503073133333,3.2319054048047033,3.2319054048047033,0.0
5539,-0.5652661059494206,11.331674322352102,11.331674322352102,0.0
5540,-0.9240823061733803,1.0248742281888557,1.0248742281888552,4.3331093478157927e-16
5541,0.8374533613868049,3.2544641365935765,3.254464136593576,1.3645540132296174e-16
5542,-0.11427998346712087,1.5702795681646236,1.5702795681646238,1.41404504921733e-16
5543,-0.1075699915262891,0.10161065127641855,0.10161065127642033,1.7763568394002505e-15
5544,0.42126791609342984,3.748260332869246,3.748260332869247,2.3695750583584355e-16
5545,0.09857616128455016,8.310861938449952,8.310861938449952,0.0
5546,-0.3635407765735813,2.797221874178749,2.797221874178749,0.0
5547,0.43130619128321146,0.46157711419119885,0.4615771141912006,1.7763568394002505e-15
5548,0.11367610855608024,0.6599485775096245,0.6599485775096243,2.220446049250313e-16
5549,0.004183798672237282,1.1092246855168328,1.109224685516833,2.0018000665173775e-16
5550,0.729707984330942,6.735853949129769,6.735853949129769,0.0
5551,-0.7224149226809047,0.6564805611701057,0.6564805611701052,4.440892098500626e-16
5552,-0.946087896928653,0.21844091471787028,0.21844091471787142,1.1379786002407855e-15
5553,0.6614676962382866,6.355937076944023,6.355937076944022,1.3973996421738765e-16
5554,-0.1796286459707679,0.6903488419778006,0.6903488419778003,2.220446049250313e-16
5555,-0.12708922463537264,1.1855017479257652,1.1855017479257652,0.0
5556,0.5849758425078824,0.7211003850305324,0.7211003850305321,3.3306690738754696e-16
5557,-0.21180904295073621,-0.7443340727633755,-0.7443340727633756,1.1102230246251565e-16
5558,0.6882659761800358,0.8114039643019725,0.8114039643019727,2.220446049250313e-16
5559,-0.9140878838952358,3.342752990588062,3.342752990588046,4.782648194352452e-15
5560,-0.3348803525834064,3.0570769129215303,3.0570769129215303,0.0
5561,-0.27565656601719757,5.3247878289659125,5.324787828965912,1.6680071548928022e-16
5562,0.5802259581107048,1.4942008672591514,1.4942008672591514,0.0
5563,0.7148126714792207,1.705100039156571,1.7051000391565707,1.30223799088566e-16
5564,-0.8348333493504663,6.148100898082656,6.148100898082664,1.3001747872735807e-15
5565,0.2697319278956154,1.8701328254634735,1.8701328254634733,1.18731996947865e-16
5566,0.21298194522746772,1.3638971138702418,1.363897113870242,1.6280157987500232e-16
5567,-0.5067320679615807,7.803002185774915,7.803002185774915,0.0
5568,-0.5116328980277973,1.4479304356879832,1.447930435687983,1.5335308896903391e-16
5569,0.529647627659545,8.855459376993755,8.855459376993755,0.0
5570,-0.9227426208171926,8.823281202276762,8.823281202276762,0.0
5571,-0.3417372972310172,-5.03513321524599,-5.035133215245992,3.5279242146396064e-16
5572,0.5614867895096918,6.609259747113275,6.609259747113276,1.3438394823082187e-16
5573,-0.6743518888133472,1.5601421822441055,1.5601421822441055,0.0
5574,-0.8560378006036761,1.2266984653196933,1.2266984653196928,3.620198625864648e-16
5575,0.3049178376739512,0.10580969934516432,0.10580969934516424,8.326672684688674e-17
5576,0.12279989646257894,0.8417897268242973,0.8417897268242975,2.220446049250313e-16
5577,0.291040212248328,11.206674014550515,11.206674014550515,0.0
5578,-0.5594021975626842,0.36087498003331087,0.3608749800333107,1.6653345369377348e-16
5579,-0.2521442454739137,2.0195800526947933,2.0195800526947933,0.0
5580,-0.7486084621721376,2.440197716160229,2.4401977161602284,1.8198902773700601e-16
5581,0.40779190980061975,4.7526328883662305,4.7526328883662305,0.0
5582,-0.27908513356201137,0.1572755581408723,0.15727555814087224,5.551115123125783e-17
5583,-0.8581580240660134,2.5759897003537624,2.575989700353763,1.7239556889108507e-16
5584,0.37358204010701157,0.9632844511290737,0.9632844511290737,0.0
5585,0.8849747693706815,9.334014708247159,9.334014708247157,1.9031005359684438e-16
5586,0.9587440646787437,1.2766070822905162,1.2766070822905178,1.2175337705995163e-15
5587,0.1880674200497614,0.5831051551617878,0.583105155161788,1.1102230246251565e-16
5588,-0.5430747916151547,0.5720821496937138,0.5720821496937143,4.440892098500626e-16
5589,0.7454911584967041,1.5438725779526479,1.5438725779526443,2.301170271131965e-15
5590,0.13078567710210298,6.459714821576895,6.459714821576894,2.749899784223942e-16
5591,-0.41253674197537027,4.137195128673395,4.137195128673394,2.14681297854308e-16
5592,0.5775244387782112,7.498459377940163,7.498459377940163,0.0
5593,0.3275271560159194,-1.895759627828305,-1.8957596278283044,3.5138094777246953e-16
5594,0.4058709092735471,-8.500888485137862,-8.500888485137864,2.0896131533849226e-16
5595,-0.6439415478067025,-0.2973137639022876,-0.2973137639022876,0.0
5596,0.41902197619516435,10.197410626526818,10.19741062652682,1.7419685295199962e-16
5597,-0.8809821919486885,4.202995309029487,4.202995309029486,2.1132034522903486e-16
5598,0.29017886713248253,-0.018226533175933923,-0.018226533175933896,2.7755575615628914e-17
5599,0.8063481015794107,3.4690171512754606,3.4690171512754606,0.0
5600,-0.20993324649362566,6.474351609967488,6.474351609967487,1.3718414958074627e-16
5601,0.6503403503630392,0.841039083136629,0.8410390831366291,1.1102230246251565e-16
5602,-0.8218174220321892,0.29890298508303714,0.29890298508303725,1.1102230246251565e-16
5603,0.7386470129640652,2.7984245682178113,2.7984245682178117,1.5869257827910035e-16
5604,-0.18876648710164934,3.602810312632528,3.6028103126325277,1.232618903895532e-16
5605,-0.23342243833941723,2.349857196122743,2.349857196122743,0.0
5606,-0.947685219655136,7.364757546322034,7.364757546322039,7.235907610919376e-16
5607,0.23555738477921584,-0.11060866992622675,-0.11060866992622631,4.440892098500626e-16
5608,0.5927204584920047,3.6369737271138134,3.636973727113814,1.2210404670766694e-16
5609,0.26538793932453575,2.147437675579779,2.1474376755797784,2.0679958021606592e-16
5610,0.4802015441590861,1.7686726937437742,1.7686726937437738,2.5108614579787104e-16
5611,0.4887277662684717,3.359356955142359,3.359356955142358,2.6438941486719354e-16
5612,0.9770016478755104,1.0619083739275241,1.0619083739275261,1.8818963042301743e-15
5613,0.8661564223935234,8.08492210596537,8.084922105965376,6.591369030344467e-16
5614,-0.10204314584517282,3.5477279679750757,3.5477279679750757,0.0
5615,-0.6124477698567297,1.0488929557823208,1.0488929557823208,0.0
5616,0.0602436053371187,5.018293250817451,5.018293250817451,0.0
5617,-0.04790821489167174,5.515405561386658,5.515405561386659,1.610359219851864e-16
5618,-0.020134913667231302,4.488553670303414,4.488553670303413,1.978763060306878e-16
5619,-0.5357877545272334,8.5740822730792,8.574082273079199,2.0717748941803767e-16
5620,0.5105544139992817,-3.520593106135226,-3.5205931061352254,1.2614045317425705e-16
5621,0.001514099124485857,2.7959837275210973,2.7959837275210977,1.5883111388627055e-16
5622,-0.6664105624747765,2.5112629038347505,2.511262903834749,5.305169870967264e-16
5623,0.32748492440803756,11.590128521050342,11.590128521050342,0.0
5624,0.6591971072475247,3.6870456672908114,3.6870456672908105,2.4089162431035093e-16
5625,0.8183970507432823,1.0729740592833925,1.0729740592833927,2.0694312504938685e-16
5626,-0.5114758381953848,3.9427574839017763,3.9427574839017767,1.1263416825997354e-16
5627,0.8186052310367,3.0429677663821777,3.0429677663821746,1.0215765356746847e-15
5628,-0.5064396860462177,-0.050861881835634115,-0.05086188183563456,4.440892098500626e-16
5629,0.5819807726664092,0.7064306082389623,0.7064306082389624,1.1102230246251565e-16
5630,0.1417447969038188,3.4156243774645008,3.415624377464501,1.3001699272907773e-16
5631,0.1279313367805237,-0.5986187050965819,-0.5986187050965825,6.661338147750939e-16
5632,0.5226176102340252,1.3035773994602804,1.3035773994602804,0.0
5633,-0.8689656552094795,1.5088846253538437,1.5088846253538453,1.0301067479633987e-15
5634,0.9122868126786607,6.418512840174435,6.418512840174435,0.0
5635,0.43948660793211536,3.9369417359342873,3.936941735934286,3.3840166273987883e-16
5636,-0.42110886450387397,6.566909747425912,6.566909747425911,1.3525059028689591e-16
5637,0.45442365132714,1.8530758251163917,1.8530758251163917,0.0
5638,0.4563018312701794,-0.22171004682484874,-0.22171004682484963,8.881784197001252e-16
5639,0.08674069746460655,1.1685338183741394,1.1685338183741387,5.700595090195431e-16
5640,0.22190475235113905,5.372814408526446,5.372814408526446,0.0
5641,0.8662482977717505,-0.6623737400026084,-0.6623737400026086,2.220446049250313e-16
5642,0.6553451256350016,1.6150840448334998,1.6150840448335002,2.749635297746032e-16
5643,0.7837879491396531,7.249226487743172,7.249226487743173,1.225204401051391e-16
5644,-0.26170601096058466,-4.9034718431476,-4.9034718431475985,3.622651248385643e-16
5645,0.8039626861942395,2.9155593116304854,2.915559311630485,1.5231698702836953e-16
5646,-0.2520474457890255,2.652546268925281,2.652546268925281,0.0
5647,-0.25745148274912566,2.8529782805974975,2.8529782805974984,3.113162219777273e-16
5648,-0.4415650698235898,1.9560220331086662,1.9560220331086662,0.0
5649,0.6470677659669832,2.7466957889135175,2.7466957889135175,0.0
5650,-0.5291224660344136,10.431761844335194,10.431761844335194,0.0
5651,-0.4542969019187595,0.05162378014045221,0.051623780140452435,2.220446049250313e-16
5652,-0.4982310273989501,1.7776373091147695,1.7776373091147695,0.0
5653,-0.16992073941736474,0.2914683768034796,0.29146837680348026,6.661338147750939e-16
5654,-0.4272130470354265,-1.063462862836277,-1.063462862836277,0.0
5655,-0.19386935992177456,9.105800661894039,9.105800661894039,0.0
5656,0.11262191522940634,1.9208166351090081,1.9208166351090081,0.0
5657,0.5457839297354681,1.9743301255593138,1.9743301255593138,0.0
5658,0.6133557105289207,-0.6778511847957795,-0.6778511847957795,0.0
5659,-0.7633269220142528,0.9501070267866634,0.9501070267866633,1.1102230246251565e-16
5660,0.9023269030231653,-0.34923613820265675,-0.34923613820265675,0.0
5661,-0.8096126762330687,-6.277416312293264,-6.2774163122932585,8.489273696512152e-16
5662,-0.5397604533987166,-3.5018131695825185,-3.501813169582517,3.8045080220799417e-16
5663,-0.5170771206293596,0.028200739362208294,0.02820073936220835,5.551115123125783e-17
5664,-0.392864094529344,5.168518276373496,5.168518276373496,0.0
5665,0.14350673488778343,0.46427215035722985,0.46427215035722985,0.0
5666,-0.7552456062055681,2.4033995598624687,2.4033995598624696,3.6955087890211235e-16
5667,0.3879598049971391,-3.991385578140867,-3.9913855781408674,1.1126191673441715e-16
5668,0.2908374513762144,-3.075903036911771,-3.0759030369117726,5.775074240258645e-16
5669,-0.8386553358228283,1.2964851862154052,1.2964851862154072,1.5413993662039856e-15
5670,0.5753931745372058,2.9801171710289514,2.9801171710289527,4.470520966429628e-16
5671,-0.5327579173967905,6.2387049494596925,6.238704949459692,1.423658318345455e-16
5672,0.15853730753951023,8.120922896935555,8.120922896935555,0.0
5673,-0.5571648186593944,1.0249260370384572,1.024926037038457,2.1664451570245333e-16
5674,0.41990939961704554,1.5663283382482796,1.5663283382482798,1.4176121283316455e-16
5675,0.45963035086329707,0.2698738745731834,0.26987387457318346,5.551115123125783e-17
5676,-0.780693559516592,-0.8595463808670796,-0.8595463808670765,3.1086244689504383e-15
5677,0.8650732463323054,7.737367800695531,7.73736780069553,1.1479077156191084e-16
5678,-0.30827420796189353,-1.7315131045493835,-1.7315131045493803,1.7953225192363997e-15
5679,-0.581182405350954,3.5723730025499325,3.5723730025499325,0.0
5680,-0.9037288749276753,1.497830698263504,1.4978306982635041,1.48244127445416e-16
5681,-0.8058935173510648,0.20503861874906615,0.20503861874906604,1.1102230246251565e-16
5682,0.36803846530426565,-2.1958682845224384,-2.1958682845224375,4.0447709271109035e-16
5683,0.47518671046993766,8.273860225544169,8.273860225544169,0.0
5684,0.9263973820590361,1.0821919423082695,1.0821919423082562,1.2310825625891443e-14
5685,-0.08376606964877609,0.6359127464577735,0.6359127464577738,3.3306690738754696e-16
5686,0.0355075788718926,-0.13062675479547803,-0.130626754795478,2.7755575615628914e-17
5687,-0.6154745976319632,0.32019661934249577,0.320196619342496,2.220446049250313e-16
5688,-0.9832652469798349,0.523416637552308,0.5234166375523017,6.328271240363392e-15
5689,-0.9826828969781328,-0.07189635496773705,-0.07189635496774827,1.1213252548714081e-14
5690,0.7555823673338746,-0.4530726222274919,-0.45307262222749234,4.440892098500626e-16
5691,0.47649044145436337,1.403568754052166,1.4035687540521655,3.1640003994671236e-16
5692,-0.5252808384126055,2.542370119301389,2.542370119301389,0.0
5693,-0.5900794394014504,0.647748046778529,0.6477480467785299,8.881784197001252e-16
5694,-0.44428381794655936,1.8490194140141174,1.8490194140141174,0.0
5695,-0.8445152679842258,0.7139023784777173,0.7139023784777173,0.0
5696,-0.04180048667583658,-2.045183493361808,-2.0451834933618085,2.1713905441319732e-16
5697,0.9509748264849727,1.1527129776296952,1.1527129776296952,0.0
5698,-0.5938518356658308,7.557966534404321,7.55796653440432,1.175155269154849e-16
5699,-0.5708684239636014,1.1636823499905102,1.1636823499905105,1.9081204155656574e-16
5700,0.2976406009295285,-1.2852212715583113,-1.2852212715583118,3.455352161356707e-16
5701,0.3056405504530766,1.7650558596673611,1.765055859667361,1.2580032734311162e-16
5702,-0.31108445437698795,-0.5911563423078912,-0.5911563423078929,1.7763568394002505e-15
5703,0.15100467362660286,-1.8701776695626262,-1.8701776695626258,2.3745829985977783e-16
5704,0.6166332845857816,-0.5959719530221378,-0.5959719530221381,3.3306690738754696e-16
5705,0.725899694392478,1.72755230216048,1.7275523021604797,1.2853133572126408e-16
5706,0.9756535781774154,0.27790219034856956,0.2779021903485628,6.772360450213455e-15
5707,0.5108483257101599,-2.0614528417045475,-2.061452841704547,2.1542535481086237e-16
5708,0.5886238717483749,-0.23277599868865861,-0.23277599868865861,0.0
5709,-0.7245964540062416,1.9742483144268226,1.974248314426823,2.249409087017474e-16
5710,-0.9880492140074705,1.5889856560458202,1.5889856560458213,6.986992112867393e-16
5711,0.3199376185245635,1.135652391503095,1.135652391503095,0.0
5712,-0.6656457106274074,5.212684741061148,5.212684741061148,0.0
5713,-0.685910518160757,0.5231100013742395,0.5231100013742395,0.0
5714,0.27422886282013303,-1.6875815363450215,-1.6875815363450222,3.9472689196269133e-16
5715,0.35113325398470785,2.520622757411495,2.5206227574114957,1.7618233769582857e-16
5716,0.026416697853557602,5.476575755637859,5.47657575563786,1.6217769265508473e-16
5717,0.25145469676000065,0.04144603233050148,0.04144603233050326,1.7763568394002505e-15
5718,0.18523904637217825,-7.160212590583127,-7.160212590583125,2.4808716458174104e-16
5719,-0.2645391110419797,8.065435397511322,8.065435397511322,0.0
5720,0.18932628064146217,2.760582514194812,2.7605825141948124,1.6086793550512348e-16
5721,0.852450559653857,0.7083320710251497,0.7083320710251542,4.440892098500626e-15
5722,-0.537235640699729,0.20477033907359332,0.2047703390735932,1.1102230246251565e-16
5723,0.7690572045286905,2.4405322771415707,2.4405322771415676,1.2737485580774037e-15
5724,-0.25205993370863,6.828325498236391,6.828325498236391,0.0
5725,-0.4401901372516014,1.3450858753876385,1.3450858753876387,1.6507838569120398e-16
5726,-0.5951660884190546,3.9582006107163825,3.958200610716381,3.3658416047514702e-16
5727,-0.7911166322106733,5.29386684778447,5.293866847784479,1.6777498286943801e-15
5728,-0.15290022028592742,0.7119329536935982,0.7119329536935984,2.220446049250313e-16
5729,-0.05774330664600269,4.1291969053815665,4.129196905381566,2.1509713391060758e-16
5730,-0.9485366680339857,1.246350671040911,1.2463506710409105,3.5631160649127264e-16
5731,-0.9147411323232936,2.079841728296453,2.079841728296453,0.0
5732,-0.37020349383199547,0.7818572960053352,0.7818572960053349,2.220446049250313e-16
5733,-0.661345664835657,0.05971584018945658,0.05971584018945658,0.0
5734,-0.578482901783089,9.648963185593843,9.648963185593846,3.6819641763218627e-16
5735,-0.03308703973803373,5.402735365705815,5.402735365705815,0.0
5736,-0.31490249539102466,4.5406972955186955,4.5406972955186955,0.0
5737,-0.848665296097329,3.6052772763471754,3.605277276347177,4.927101865518744e-16
5738,0.8547396213543432,0.7657167824405118,0.7657167824405116,2.220446049250313e-16
5739,0.8404307959664297,1.0878760812791113,1.0878760812791117,4.0821672384588876e-16
5740,0.4889812530167965,2.3265274527499167,2.3265274527499162,1.9088070906928546e-16
5741,0.7583051237033069,1.2376023241704903,1.2376023241704908,3.58830297242465e-16
5742,-0.2884690958146243,2.3888964066269094,2.38889640662691,1.8589722376329862e-16
5743,0.5154777743483607,8.19888224810382,8.198882248103821,2.1665841582382452e-16
5744,-0.022879211416953482,-0.46946583673352954,-0.46946583673352976,2.220446049250313e-16
5745,0.028511079748917645,-2.7640877881177355,-2.7640877881177346,3.2132786213166884e-16
5746,-0.7676499442193068,1.1165088915830632,1.1165088915830632,0.0
5747,0.6241103537019559,-0.07124248604327865,-0.07124248604327843,2.220446049250313e-16
5748,0.7802593954826067,4.904610001858282,4.904610001858291,1.8109052898469154e-15
5749,-0.7637888187720865,0.05793259798571815,0.057932597985718814,6.661338147750939e-16
5750,0.07682050114865646,0.17121015341745474,0.1712101534174547,2.7755575615628914e-17
5751,-0.8665044788323482,4.551007093531775,4.551007093531775,0.0
5752,-0.8722487703487315,4.696088704073606,4.696088704073606,0.0
5753,0.05243781276580983,0.15827370411135266,0.1582737041113529,2.220446049250313e-16
5754,-0.7537909880474494,1.3464404332746902,1.34644043327469,1.6491231207681025e-16
5755,0.3168809469979874,2.1771217294090826,2.177121729409083,2.0397996301777667e-16
5756,0.5088579531255752,1.1473318376840926,1.1473318376840922,3.870625700986941e-16
5757,0.6098856978178859,2.0685411683350248,2.068541168335025,2.1468715085207195e-16
5758,-0.2963475417200172,12.417585491979079,12.417585491979079,0.0
5759,-0.8539728167389752,5.252326415688289,5.252326415688287,3.3820381652107746e-16
5760,-0.04148088670001571,0.2524838208619897,0.25248382086198906,6.661338147750939e-16
5761,-0.8693279687312405,2.145597777103783,2.145597777103783,0.0
5762,-0.6683302118011232,3.219541080893712,3.2195410808937117,1.3793556245810906e-16
5763,0.6953275360595552,0.13866684535954343,0.13866684535954338,5.551115123125783e-17
5764,-0.5136928426014458,-1.8466390518647964,-1.8466390518647966,1.2024255888058006e-16
5765,-0.2108992861068163,1.5913411027658368,1.5913411027658368,0.0
5766,-0.3261046813576093,1.4382311422084124,1.4382311422084124,0.0
5767,0.4228668732081904,0.7004987376624184,0.7004987376624183,1.1102230246251565e-16
5768,0.6923188572582082,1.1820440620822263,1.1820440620822263,0.0
5769,-0.7488736833540335,1.1268831621557078,1.1268831621557074,3.9408629462572473e-16
5770,-0.11400907272528271,9.780286630785238,9.780286630785238,0.0
5771,0.08008719892988947,3.165896389715164,3.165896389715164,0.0
5772,-0.27384419471724586,6.721160519917683,6.721160519917682,2.6429317290312333e-16
5773,-0.7931497993075391,-0.19338105816888232,-0.19338105816888224,8.326672684688674e-17
5774,0.6014238218721968,1.1652506463353738,1.1652506463353731,5.716656900127325e-16
5775,-0.24989543001025516,1.1053175501413104,1.1053175501413106,2.0088761360628338e-16
5776,0.24854355428153774,3.253848885550246,3.253848885550247,2.729624057356704e-16
5777,0.34481519818720385,7.571340932033528,7.571340932033527,1.1730794157509644e-16
5778,0.9535339830982177,0.4667361582125737,0.4667361582125711,2.609024107869118e-15
5779,-0.17347972479542773,0.8561044732131395,0.8561044732131395,0.0
5780,-0.674954254207703,0.30706106182895887,0.3070610618289593,4.440892098500626e-16
5781,0.5377682973237861,-0.09454812093259507,-0.09454812093259501,5.551115123125783e-17
5782,-0.18617766040876116,-1.7982426850488917,-1.798242685048892,1.2347866434890806e-16
5783,0.7640205748166387,0.9737693288449477,0.9737693288449485,7.771561172376096e-16
5784,0.01961566309524687,3.3072155042103866,3.307215504210387,1.342788848457854e-16
5785,0.1095575810278151,0.9660169051465486,0.9660169051465486,0.0
5786,-0.4790283553444492,1.8840608680312887,1.884060868031289,1.1785426293421843e-16
5787,-0.23136710707037544,2.1048487562572413,2.104848756257242,4.219678098294573e-16
5788,0.02343925317406792,3.7316395555065087,3.7316395555065087,0.0
5789,0.3048893779701245,-0.2741189958085084,-0.2741189958085082,2.220446049250313e-16
5790,-0.42779718300533465,0.3576568420434212,0.3576568420434212,0.0
5791,0.3614383461724182,4.344825100864852,4.344825100864851,2.044221341667655e-16
5792,0.12359471605217309,1.35775119068377,1.3577511906837694,4.906155261330508e-16
5793,-0.4562306449142258,3.318566757315281,3.3185667573152813,1.3381958005549678e-16
5794,0.02000541331678951,-0.1959708034761949,-0.19597080347619467,2.220446049250313e-16
5795,0.7822020316808047,0.2972472682252663,0.29724726822526604,2.7755575615628914e-16
5796,0.2378366933269429,-0.9035738066358674,-0.9035738066358678,4.440892098500626e-16
5797,-0.8720584461678442,4.198469199708285,4.198469199708285,0.0
5798,-0.46112330612981656,-4.246894846841426,-4.246894846841423,6.274078721497166e-16
5799,-0.3182874945722324,3.3798946883098004,3.3798946883098004,0.0
5800,-0.3835885508059135,9.69890986303609,9.698909863036091,1.8315015444882074e-16
5801,-0.4595266753072932,0.16097773312788882,0.1609777331278888,2.7755575615628914e-17
5802,0.35847137969360254,0.42828765386172163,0.42828765386172185,2.220446049250313e-16
5803,0.3266774024868424,4.543940947635852,4.543940947635852,0.0
5804,-0.8583466831867059,0.3733381498657999,0.3733381498657997,1.6653345369377348e-16
5805,0.8754429100595176,0.5448674997844221,0.5448674997844217,3.3306690738754696e-16
5806,0.312523462052529,0.4358158433019048,0.4358158433019047,1.1102230246251565e-16
5807,-0.3742885151843073,8.00523736100171,8.005237361001708,2.2189933406021727e-16
5808,0.12292596064677497,-0.5183911815671931,-0.5183911815671927,4.440892098500626e-16
5809,-0.8093068367726356,1.089856662239433,1.0898566622394306,2.2411118258033352e-15
5810,-0.27132223786042087,-0.1634096484801516,-0.1634096484801516,0.0
5811,-0.9578812328081157,2.222090908411286,2.2220909084112836,9.992597696364507e-16
5812,0.02639077104334442,2.4801109818002987,2.4801109818002987,0.0
5813,0.1258055144344956,2.854785896695724,2.8547858966957236,1.555595501449248e-16
5814,0.0497949575886929,-0.5895212692623208,-0.5895212692623215,6.661338147750939e-16
5815,0.18362554968929312,2.1466118153851776,2.146611815385177,2.068791416627777e-16
5816,-0.20062595003633776,3.097647197443439,3.0976471974434387,1.4336339213083396e-16
5817,-0.6863289927765646,3.248671750635754,3.248671750635754,0.0
5818,0.669775956805069,-0.08489781497042553,-0.08489781497042553,0.0
5819,0.8252600088762374,-0.16972654542236665,-0.16972654542236654,1.1102230246251565e-16
5820,-0.795301571312941,1.862744907570347,1.8627449075703475,2.3840581071796137e-16
5821,0.1220515937016442,0.9315994854024284,0.9315994854024284,0.0
5822,-0.8126187313705056,1.229204738219535,1.229204738219535,0.0
5823,0.027489018345167038,2.22074319523045,2.22074319523045,0.0
5824,0.33227192093570457,0.7878919551333077,0.7878919551333076,1.1102230246251565e-16
5825,-0.18328404147511623,6.0853702542905275,6.085370254290527,1.4595306161920216e-16
5826,0.25248809947922646,7.491574474406017,7.4915744744060175,1.1855697660544795e-16
5827,0.12490413618093044,-0.3146703123467251,-0.3146703123467251,0.0
5828,-0.5044262012559662,1.5520714358534276,1.5520714358534273,1.4306339244168684e-16
5829,0.26253064247275737,2.87139124687678,2.8713912468767795,1.5465994414139824e-16
5830,0.08288244771356879,1.856845597535499,1.856845597535499,0.0
5831,0.15844391062097185,0.09512399329103594,0.09512399329103616,2.220446049250313e-16
5832,-0.45569529609743453,2.832218289782487,2.832218289782487,0.0
5833,0.2590605324197226,1.5762650862378393,1.5762650862378396,1.4086755258596615e-16
5834,-0.16486367558217774,1.7062646001487631,1.7062646001487634,1.3013491864372738e-16
5835,-0.8235326488521564,-0.09990729651101093,-0.09990729651101393,2.9976021664879227e-15
5836,-0.74391384673309,3.6832652022907433,3.6832652022907424,2.4113887296188665e-16
5837,0.09839711130758566,1.225283823244464,1.225283823244464,0.0
5838,0.5515174312197548,-0.13840362835251419,-0.13840362835251385,3.3306690738754696e-16
5839,-0.3799455244971832,4.47895315897169,4.47895315897169,0.0
5840,-0.7617858073333547,2.2149400697586996,2.2149400697586996,0.0
5841,-0.5137281478167934,1.4876702225228793,1.4876702225228793,0.0
5842,0.24845572625132517,-0.2145180851090056,-0.2145180851090055,1.1102230246251565e-16
5843,-0.6453346739963206,2.099587394828827,2.099587394828827,0.0
5844,-0.7813141414855522,1.17759745642492,1.1775974564249196,3.7711461367985413e-16
5845,0.4133337246888291,1.509432920311666,1.5094329203116659,1.4710465230822167e-16
5846,0.015221838420860001,2.664902891512975,2.664902891512974,3.332873488669112e-16
5847,-0.28530088706106305,4.588978838879857,4.588978838879858,1.9354598286117274e-16
5848,0.9395073152673914,2.8867374609760086,2.8867374609760095,3.0767550970839976e-16
5849,-0.9637232982750973,4.719878875421161,4.71987887542116,1.8817822303138487e-16
5850,0.8534347262623918,0.49911502425019555,0.4991150242501954,1.6653345369377348e-16
5851,-0.7614951932130994,1.0721911479306858,1.0721911479306854,4.1418846882587e-16
5852,-0.5078846592577195,-4.269684682494762,-4.269684682494763,2.0801967492858645e-16
5853,0.05485386664360048,2.794930149184261,2.794930149184261,0.0
5854,0.49919790454904334,3.020724336227971,3.0207243362279717,1.470141464164864e-16
5855,0.11584865484526419,0.23472896289059808,0.23472896289059803,5.551115123125783e-17
5856,0.16501947889595558,1.495375796421801,1.4953757964218006,2.969749884361498e-16
5857,-0.5732580148345839,4.255081597751097,4.255081597751096,2.087335810832739e-16
5858,0.881844379764178,-0.5514813696482435,-0.5514813696482443,8.881784197001252e-16
5859,-0.6170415361555939,8.978341491942976,8.978341491942974,1.9784910620678947e-16
5860,-0.2799461595887973,2.706098523522302,2.7060985235223014,1.6410681502905108e-16
5861,0.2263705531117779,4.820968022087563,4.820968022087563,0.0
5862,0.5816336870659236,1.2939614602559608,1.2939614602559597,8.580031621695605e-16
5863,0.8995729598983393,7.391365666848194,7.391365666848195,1.2016431871092368e-16
5864,-0.8923738852911844,8.881948755858526,8.881948755858522,3.9999258906522447e-16
5865,0.7080908452420138,1.0925856595721763,1.0925856595721763,0.0
5866,-0.39566777923605767,0.214108786076733,0.21410878607673306,5.551115123125783e-17
5867,-0.12321827881009162,1.9539284723308394,1.9539284723308392,1.1364008870813704e-16
5868,-0.6891883102526113,0.8660818425085562,0.8660818425085564,1.1102230246251565e-16
5869,0.5974333059119752,-0.4935439827658117,-0.49354398276581346,1.7763568394002505e-15
5870,0.9185927234553499,-0.7210476348312926,-0.7210476348312924,2.220446049250313e-16
5871,0.9534418933017217,0.14361697382590544,0.14361697382590677,1.3322676295501878e-15
5872,-0.6551902813327719,0.8108969091437056,0.8108969091437048,7.771561172376096e-16
5873,0.151716692431614,-2.457405272981324,-2.4574052729813247,3.6142936188241643e-16
5874,0.18145176823633857,-0.6782307314630327,-0.678230731463032,6.661338147750939e-16
5875,0.20038740197369997,2.392432430986829,2.392432430986829,0.0
5876,-0.2766915655186505,0.9825987720201874,0.9825987720201874,0.0
5877,0.9883072177946906,-0.25097549354972193,-0.2509754935497597,3.774758283725532e-14
5878,-0.2786647262269667,0.027844275283021053,0.02784427528302108,2.7755575615628914e-17
5879,-0.14244793397216426,1.3461347900404232,1.346134790040423,1.6494975582524205e-16
5880,-0.8458868880311934,1.0932217740514194,1.0932217740514192,2.0311030222362503e-16
5881,-0.6209341298736628,1.067262293068755,1.067262293068755,0.0
5882,-0.25283894231730697,6.2340706334800915,6.234070633480092,1.4247166448999804e-16
5883,-0.7707938843996847,0.5114821334941538,0.511482133494154,1.1102230246251565e-16
5884,0.8418065649268016,-5.601069804485283,-5.601069804485281,3.1714599199920005e-16
5885,-0.6836090324593207,1.1981015214450288,1.1981015214450288,0.0
5886,-0.4314070011629826,2.360178382889618,2.3601783828896186,1.8815917181071477e-16
5887,0.0794998922730652,2.4153147709095024,2.4153147709095024,0.0
5888,0.7874660185104054,-1.9123410257569626,-1.9123410257569615,5.805570291447869e-16
5889,-0.57891228316193,1.5287621483569573,1.5287621483569576,1.4524470347704156e-16
5890,-0.794338464158965,0.41875141286110784,0.4187514128611074,4.440892098500626e-16
5891,-0.8373139008322485,7.609395390252874,7.609395390252874,0.0
5892,0.9549078885279578,0.7621488724443763,0.7621488724443708,5.551115123125783e-15
5893,-0.6219986927983807,2.458198257048758,2.4581982570487595,5.419691539240085e-16
5894,-0.41620388495825955,1.9476196050573105,1.9476196050573105,0.0
5895,-0.7653631386148284,1.1790999240029247,1.1790999240029238,7.532681510866776e-16
5896,-0.20489840884295796,0.22812962913582635,0.22812962913582646,1.1102230246251565e-16
5897,0.4408412395847314,2.327715866517896,2.3277158665178956,1.9078325505182458e-16
5898,0.9817928499116897,0.6163380866596018,0.616338086659602,2.220446049250313e-16
5899,0.8174362966471005,1.6688352644466264,1.668835264446626,2.661072781185022e-16
5900,0.9890834524717378,-1.3083145737736193,-1.308314573773714,7.246960952939296e-14
5901,-0.12576932785317863,1.2914853849354682,1.291485384935468,1.7192963042018958e-16
5902,-0.8095632142572986,1.1006161474249945,1.1006161474249947,2.0174572710433849e-16
5903,-0.6103683132658195,4.088824098911654,4.088824098911654,0.0
5904,0.23294878299581567,2.1209021196877043,2.1209021196877043,0.0
5905,0.8762658502813694,2.4713595249792006,2.4713595249792064,2.336025847190081e-15
5906,0.7184705989514557,2.4756857075068397,2.475685707506841,5.381408575048322e-16
5907,-0.26778415104946085,0.24574877222508718,0.24574877222508718,0.0
5908,-0.21500959076602388,1.1991108356033957,1.1991108356033955,1.8517437949203243e-16
5909,0.3121252857852741,3.5345552063595282,3.5345552063595282,0.0
5910,0.24984079416270677,0.7786214355265673,0.7786214355265673,0.0
5911,-0.008695834849893003,6.0299032343258165,6.029903234325816,1.4729563397370662e-16
5912,0.024698959323196323,-0.0659669348724703,-0.06596693487247007,2.220446049250313e-16
5913,-0.25194173663540864,1.7961768263772901,1.7961768263772895,3.708620470951179e-16
5914,0.41594148844756984,2.473075025756131,2.473075025756131,0.0
5915,0.2328377845335461,4.4031321312688725,4.403132131268872,2.0171514122701887e-16
5916,0.8798159622388697,-1.2190726403219632,-1.219072640321965,1.457137811682088e-15
5917,0.9633597882721274,0.820591537560737,0.8205915375607369,1.1102230246251565e-16
5918,0.29456244421968725,0.11561280610493874,0.11561280610493868,5.551115123125783e-17
5919,-0.6356638312702382,8.62645848487667,8.626458484876668,2.0591959522142724e-16
5920,0.5660062307758928,0.43055113755959545,0.43055113755959507,3.885780586188048e-16
5921,0.5615928988441712,-6.155512886142708,-6.155512886142706,4.328697394328875e-16
5922,0.5026538038089208,7.164490841824716,7.164490841824716,0.0
5923,0.3008031777635536,5.828228559170549,5.82822855917055,1.5239251698573183e-16
5924,-0.09396486186845954,1.7673766665025075,1.767376666502507,2.5127026867955575e-16
5925,-0.2992064065176796,1.658836904405799,1.6588369044057993,2.6771119491649897e-16
5926,0.48104803697926624,1.065120993302431,1.0651209933024308,2.0846890289578945e-16
5927,0.25520049855140337,1.1738318200563413,1.1738318200563416,1.8916219609242972e-16
5928,-0.6939791195122726,3.475816377729373,3.4758163777293736,1.2776544028490085e-16
5929,0.49951421103911664,2.2534992739144566,2.2534992739144575,3.94132995728598e-16
5930,0.38352761215717757,0.7621566824167165,0.7621566824167165,0.0
5931,-0.8420103575170107,-0.759148739117086,-0.7591487391170872,1.2212453270876722e-15
5932,-0.12605805260278413,-3.9333360843252176,-3.9333360843252168,2.2580791487399593e-16
5933,0.6442442744857195,4.054899298655489,4.054899298655489,0.0
5934,0.08806274614265441,1.8076818065657554,1.8076818065657552,1.228338992617694e-16
5935,-0.4447774534480383,5.203588161169562,5.203588161169561,1.706857637827544e-16
5936,-0.2783047565637402,9.713810197702312,9.71381019770231,1.8286921437073445e-16
5937,0.9015041341431558,-0.001250063730555473,-0.0012500637305539186,1.5543122344752192e-15
5938,-0.5919835200991157,6.373593182284315,6.373593182284314,1.3935285706167387e-16
5939,-0.4660669134105122,-0.8577560871270109,-0.8577560871270109,0.0
5940,-0.7948641374311332,0.4903303381251214,0.4903303381251214,0.0
5941,-0.5386879398641354,0.6675760857772246,0.6675760857772245,1.1102230246251565e-16
5942,-0.5306477122178167,0.171040434674392,0.17104043467439167,3.3306690738754696e-16
5943,0.5684904171601888,1.3168784557826847,1.3168784557826836,8.430717502818415e-16
5944,-0.5053467037963597,3.7703954196816047,3.7703954196816047,0.0
5945,-0.5792769698578778,0.8660514095915715,0.8660514095915706,8.881784197001252e-16
5946,0.3018818229234639,1.3330474291802814,1.3330474291802812,1.6656917080705158e-16
5947,-0.4365946465098991,1.943954716600787,1.943954716600787,0.0
5948,-0.4111148991312489,0.3912133603153091,0.39121336031530896,1.6653345369377348e-16
5949,-0.37023247273426185,10.027575235182038,10.027575235182034,3.5429439275964763e-16
5950,-0.5901451076662884,2.598843701819788,2.5988437018197885,1.7087953751858878e-16
5951,-0.1964482468922929,2.363437847256802,2.363437847256802,0.0
5952,-0.5141886362360892,-0.5635616278028752,-0.5635616278028768,1.5543122344752192e-15
5953,0.8663742056579051,5.127248419663137,5.127248419663125,2.2519524140514e-15
5954,0.3860571733925462,1.877978888880817,1.8779788888808169,1.182359430341408e-16
5955,-0.5211942224034066,-0.3074004920635648,-0.3074004920635649,1.1102230246251565e-16
5956,-0.8547604959307048,2.210154866825509,2.210154866825509,0.0
5957,-0.30856572336574906,4.111022203045426,4.111022203045428,4.320961434079178e-16
5958,-0.7478724548939825,0.8543008999537407,0.8543008999537407,0.0
5959,0.36724440947399684,0.5561346029512942,0.5561346029512942,0.0
5960,0.9590314885776785,0.5005409961496581,0.5005409961496582,1.1102230246251565e-16
5961,-0.8338466150048142,-0.22183481752959977,-0.2218348175295996,1.6653345369377348e-16
5962,0.07161885002032631,2.0289870924554227,2.0289870924554236,4.377447362788675e-16
5963,0.6785705565019635,1.4795350295135032,1.479535029513504,4.502318643946743e-16
5964,-0.21572827535778283,4.604965623685124,4.604965623685123,1.928740608033813e-16
5965,-0.20965866990609083,0.8377775568802953,0.8377775568802952,1.1102230246251565e-16
5966,0.892825580767018,-2.130847339333187,-2.1308473393331884,6.252290368051888e-16
5967,0.3334227035561599,2.251833399023624,2.251833399023624,0.0
5968,-0.03808757606762658,3.0819237592856354,3.081923759285636,1.440948071840034e-16
5969,-0.2114825559756376,12.193250962948225,12.193250962948223,1.456836117617924e-16
5970,0.8130457123729056,2.8348952253876973,2.834895225387697,1.5665101336834395e-16
5971,-0.460677909036623,5.608592112863337,5.608592112863337,0.0
5972,-0.8977643751609454,2.6836365895235947,2.6836365895235947,0.0
5973,-0.6286568469286506,3.8092851318608743,3.809285131860875,2.331614434087377e-16
5974,-0.16687643648840167,1.54462902598359,1.5446290259835902,1.4375270773099553e-16
5975,-0.5635552505865735,6.130938133767678,6.130938133767675,5.794730922553337e-16
5976,-0.1706826022443868,1.722588841648128,1.722588841648128,0.0
5977,0.7340458906839078,4.536095216995507,4.5360952169955056,3.9160483949823793e-16
5978,-0.26313284759731037,5.317997863155938,5.31799786315594,3.340273699068545e-16
5979,-0.4580885008422969,2.8434398476846034,2.843439847684604,1.561802723597905e-16
5980,0.7797587421643937,1.4220186804022048,1.4220186804022044,3.1229491987014974e-16
5981,0.6598116913540395,-1.5612234203775197,-1.5612234203775204,4.2667423898497244e-16
5982,0.6751045893555268,-0.06742232716238328,-0.06742232716238217,1.1102230246251565e-15
5983,0.653658261754132,1.7139246017552914,1.7139246017552918,2.591066196233224e-16
5984,0.16551146859700405,0.680824124327032,0.680824124327032,0.0
5985,-0.7454706741458352,2.6583563046093035,2.6583563046093035,0.0
5986,0.9750016352333484,0.45529203806737384,0.4552920380673733,5.551115123125783e-16
5987,-0.06182789884398032,3.0499364445872983,3.0499364445872983,0.0
5988,0.7187225922916718,0.5780686626746037,0.5780686626746034,2.220446049250313e-16
5989,-0.5019193024398818,5.8461510478770835,5.8461510478770835,0.0
5990,0.1709759732791516,2.6735337941300443,2.6735337941300443,0.0
5991,0.913209420253595,1.4734823902985443,1.4734823902985439,3.013875243938851e-16
5992,0.4823204050846006,1.019729498213137,1.0197294982131369,2.1774853558136555e-16
5993,-0.5023066694038291,0.5767550232569603,0.5767550232569594,8.881784197001252e-16
5994,0.6091719579211812,1.2129917058009991,1.2129917058010014,1.8305533653950595e-15
5995,-0.9707519767522705,-0.20184904267182002,-0.2018490426718209,8.881784197001252e-16
5996,-0.5003804370945092,1.8824771607986817,1.8824771607986812,2.3590682484649546e-16
5997,0.5282939482582647,4.775338779424191,4.7753387794241915,1.859927558495068e-16
5998,-0.6148279583529483,0.02184165339636064,0.021841653396360648,6.938893903907228e-18
5999,-0.9080487543720863,1.622829371743848,1.6228293717438484,2.736512030053144e-16
6000,0.0011031420168253758,-0.38015048627733306,-0.3801504862773327,3.3306690738754696e-16
6001,0.6496464924564187,-0.7982164053752714,-0.7982164053752716,2.220446049250313e-16
6002,0.6361637482454319,-2.758041976244157,-2.7580419762441575,1.610161171132043e-16
6003,0.05243345422472245,-1.8017896323351192,-1.8017896323351197,2.4647117614642007e-16
6004,0.648129291879229,1.7787193337485594,1.7787193337485587,3.745019251414169e-16
6005,0.7228976252605921,0.5800731398426235,0.5800731398426235,0.0
6006,0.4638399201221053,1.503524438702686,1.503524438702686,0.0
6007,0.11469901699768603,1.555977804899813,1.5559778048998136,4.2811267145162474e-16
6008,-0.760030189104602,3.140147477002166,3.140147477002166,0.0
6009,-0.41114444930401084,2.001707981833273,2.001707981833273,0.0
6010,0.8834758587468627,6.277453228753395,6.277453228753396,1.4148706287955946e-16
6011,0.011972655398200471,4.071355878413699,4.0713558784137,2.181529805363469e-16
6012,0.09820077748524336,1.1600609493315497,1.16006094933155,1.9140770582181725e-16
6013,-0.8800910495872463,0.7062063035189128,0.7062063035189126,2.220446049250313e-16
6014,-0.5220704450800255,1.1111506804757267,1.1111506804757272,3.9966605578635905e-16
6015,0.04555215608385366,-0.021488682595321662,-0.021488682595321662,0.0
6016,0.8705446375080732,3.7712053087091886,3.771205308709189,1.1775789793901882e-16
6017,-0.3759350380567441,0.0894611599803471,0.08946115998034693,1.6653345369377348e-16
6018,0.854691974550579,6.952927933374478,6.952927933374477,1.2774164038675198e-16
6019,0.44995594753670587,1.6400839350057912,1.6400839350057912,0.0
6020,0.007938925996806456,2.0571741110724653,2.0571741110724657,2.1587341949318324e-16
6021,0.4664621985257682,1.0803196362422374,1.0803196362422374,0.0
6022,0.6549618136742044,1.119124576811965,1.119124576811965,0.0
6023,0.6134200190023675,-1.0882240789781021,-1.0882240789781021,0.0
6024,-0.7141971481194135,1.688305995326291,1.6883059953262913,1.3151917101503733e-16
6025,-0.14768614834147742,0.678045407531785,0.6780454075317843,6.661338147750939e-16
6026,-0.7477181027520462,0.9420419865530604,0.9420419865530603,1.1102230246251565e-16
6027,0.9112135987099985,1.044459050083869,1.0444590500838702,1.0629646270344508e-15
6028,0.3848033686272967,1.9976743559642964,1.9976743559642964,0.0
6029,-0.1573095367686902,3.4963406383470064,3.496340638347007,1.2701543006977098e-16
6030,0.8878574596715525,5.8478046246351685,5.8478046246351685,0.0
6031,-0.17350001568426776,2.6724695139720875,2.672469513972088,1.6617185248635952e-16
6032,0.6074312503386767,0.3488397954584346,0.3488397954584345,5.551115123125783e-17
6033,0.1861484940909519,1.6390502981746944,1.6390502981746942,1.3547150149834218e-16
6034,0.4273837946605532,2.278142961165412,2.278142961165413,3.898694835401228e-16
6035,0.27540294851709834,0.34818650966314457,0.3481865096631447,1.1102230246251565e-16
6036,0.9377595100148124,-0.28953644949317003,-0.2895364494931698,2.220446049250313e-16
6037,0.8997236660426493,2.137727526383343,2.137727526383343,0.0
6038,-0.8656426038335101,2.1791076273080714,2.179107627308072,2.0379406885866474e-16
6039,0.6443208243342271,6.023630183585421,6.0236301835854205,1.4744902868048554e-16
6040,0.4150148432149261,2.729235465094505,2.7292354650945057,1.6271560864928345e-16
6041,-0.27090045929223616,-2.049636666206715,-2.0496366662067147,2.1666728409574334e-16
6042,0.894907144116887,1.8301424290496842,1.8301424290496824,9.70611254733129e-16
6043,0.5750007653576992,16.07336793360204,16.073367933602043,2.2103106788051595e-16
6044,0.5644358112669761,3.2635172077184897,3.2635172077184906,2.7215374185848e-16
6045,0.15571773171135983,1.531073757574767,1.5310737575747673,1.4502541358735828e-16
6046,0.4881588320497392,2.9609546543640084,2.960954654364009,1.499817665885362e-16
6047,-0.3345778063701672,-0.07364161869348651,-0.07364161869348651,0.0
6048,-0.019274071108702606,0.6134366759050991,0.6134366759050991,0.0
6049,-0.9045407428413459,8.868474346353164,8.868474346353167,4.0060032200030265e-16
6050,0.3342863350660179,0.3877908396252082,0.3877908396252082,0.0
6051,-0.8673325174098091,1.9370682958726988,1.9370682958726988,0.0
6052,-0.4122101052552912,3.9421677798124506,3.942167779812451,1.1265101706837811e-16
6053,0.5707574257087986,0.9898984540090483,0.9898984540090479,4.440892098500626e-16
6054,0.6076751253271615,0.06411047918747848,0.06411047918747803,4.440892098500626e-16
6055,-0.4268670796218711,4.241997706700274,4.241997706700273,2.093773927075065e-16
6056,0.7867192129937226,2.0350911002214307,2.0350911002214325,8.728635485688929e-16
6057,-0.3000679078175794,-0.23287030934855446,-0.23287030934855468,2.220446049250313e-16
6058,0.13138024287055639,4.264332158390549,4.264332158390548,2.0828077802347904e-16
6059,-0.8163486230803612,0.8743790443346442,0.8743790443346438,4.440892098500626e-16
6060,0.3330546012660385,1.1868035637238346,1.1868035637238346,0.0
6061,-0.30548959317468494,6.416985659436947,6.416985659436948,1.3841053523221643e-16
6062,-0.18955874070178813,0.023372332449368205,0.023372332449368205,0.0
6063,-0.32396178612745774,0.3711037897660454,0.37110378976604547,5.551115123125783e-17
6064,-0.02277341653682663,-1.6587062622608457,-1.6587062622608453,2.6773228024397836e-16
6065,0.5899111903974519,0.8728494921268023,0.8728494921268023,0.0
6066,-0.5125163911563637,2.6435538147416766,2.643553814741676,1.6798947211651836e-16
6067,0.3950056367902266,2.1756114059500598,2.17561140595006,2.0412156722267914e-16
6068,-0.9451522231476823,0.5256233145857743,0.5256233145857756,1.3322676295501878e-15
6069,-0.11911330245709362,-0.6385226594621396,-0.6385226594621396,0.0
6070,0.904414444160853,2.527541837271856,2.5275418372718583,8.785002157064146e-16
6071,-0.5731001635079584,2.252616922420494,2.2526169224204944,1.9714368893796533e-16
6072,-0.2693522661436817,-3.5853825515071023,-3.5853825515071014,2.4772207900849594e-16
6073,-0.3252726313072758,2.389630864058071,2.389630864058071,0.0
6074,0.5915227504028071,0.8675153302023146,0.8675153302023147,1.1102230246251565e-16
6075,-0.950152646102776,1.2578643323949228,1.2578643323949232,3.5305016480158453e-16
6076,0.21237700382644809,2.587057808477782,2.5870578084777827,1.7165801567896292e-16
6077,-0.27144063194886003,14.966578400215427,14.966578400215427,0.0
6078,0.7214246444366037,0.4110658625205109,0.41106586252051097,5.551115123125783e-17
6079,-0.6363129322830767,0.34810984122101574,0.3481098412210164,6.661338147750939e-16
6080,0.6820950279611715,-0.08102647910906713,-0.08102647910906724,1.1102230246251565e-16
6081,0.539106689151255,0.29897988235202444,0.29897988235202533,8.881784197001252e-16
6082,0.07392287070908887,8.939141744907742,8.939141744907742,0.0
6083,-0.24675510493984576,5.190326702005127,5.190326702005128,1.711218716457683e-16
6084,-0.22451494568749186,0.7752347315968033,0.7752347315968033,0.0
6085,0.002683315424620858,5.898009179052114,5.8980091790521145,1.5058952821820922e-16
6086,-0.02108062799803534,0.9244629996494568,0.9244629996494568,0.0
6087,-0.9701228661037594,2.4195404958461912,2.4195404958461886,1.1012567318773072e-15
6088,-0.32975875993407644,0.7215488926326403,0.7215488926326403,0.0
6089,-0.614083544675555,-0.18320706057891056,-0.1832070605789109,3.3306690738754696e-16
6090,0.061884904062314616,3.826724052834063,3.826724052834063,0.0
6091,0.9301316460606515,2.3317104906931334,2.3317104906931334,0.0
6092,0.2606040656669413,1.4610191225562401,1.4610191225562401,0.0
6093,0.2397302964572332,1.3437469083525866,1.3437469083525866,0.0
6094,0.6126929301064179,0.18388988383538166,0.18388988383538163,2.7755575615628914e-17
6095,0.2298020941055574,1.1520442578775651,1.1520442578775651,0.0
6096,0.37863361796297834,1.2564906033916494,1.2564906033916494,0.0
6097,-0.9769605929685045,3.245048794225738,3.245048794225738,0.0
6098,-0.0874290321766219,3.559448334926813,3.5594483349268122,2.495269873662564e-16
6099,0.6617561712319311,0.5134193275016363,0.5134193275016364,1.1102230246251565e-16
6100,0.3396643329179425,1.39020442521069,1.39020442521069,0.0
6101,0.750020855403186,0.7505857088259722,0.7505857088259723,1.1102230246251565e-16
6102,-0.5462575640527183,3.449623722350869,3.449623722350869,0.0
6103,0.4614747774417758,-0.571956674044856,-0.5719566740448565,5.551115123125783e-16
6104,0.13891063426527883,0.8423308206985478,0.8423308206985476,2.220446049250313e-16
6105,-0.8933683802766099,1.8720564781736062,1.8720564781736062,0.0
6106,0.5799157814355129,1.6336343303622858,1.6336343303622871,8.155237710110654e-16
6107,-0.3046243253277311,0.6545272548220363,0.6545272548220362,1.1102230246251565e-16
6108,-0.3625333310535598,0.6505817289091621,0.6505817289091624,3.3306690738754696e-16
6109,-0.3057476701691344,2.144280684693919,2.1442806846939195,2.0710404800081161e-16
6110,0.6849199611948009,5.796178799886711,5.796178799886711,0.0
6111,0.6631193125713615,-0.03125609328124074,-0.03125609328124074,0.0
6112,0.00950395990684616,4.079518153305754,4.079518153305755,2.1771650139132436e-16
6113,0.5576000308393394,0.19765119542304332,0.19765119542304332,0.0
6114,0.32675314613246464,-0.7755200236521667,-0.7755200236521675,8.881784197001252e-16
6115,-0.9242780470145988,0.01627287476209005,0.01627287476209005,0.0
6116,-0.5981280936907756,4.625102902982259,4.625102902982258,1.9203430460486172e-16
6117,-0.33537358790663907,1.227204849551336,1.2272048495513361,1.8093524076783957e-16
6118,-0.4669253827129384,3.0527872587757208,3.052787258775721,1.454700810131652e-16
6119,-0.9840976933411196,-4.954446519648118,-4.954446519648087,6.274413209674172e-15
6120,0.07731826482729787,-0.04007933127592356,-0.040079331275924446,8.881784197001252e-16
6121,-0.730674913412811,0.548299768113014,0.5482997681130137,2.220446049250313e-16
6122,0.5295886526837481,2.216018622837998,2.216018622837998,0.0
6123,0.007732383163252199,3.498839047141871,3.4988390471418724,3.8077419726937415e-16
6124,0.9485072275143331,0.9060115946798575,0.9060115946798586,1.1102230246251565e-15
6125,-0.004722938335242621,5.748660351918198,5.748660351918198,0.0
6126,0.5088933490816467,2.7920807482469363,2.7920807482469363,0.0
6127,-0.8406488268686126,1.9908606194114942,1.990860619411496,8.922557521507198e-16
6128,-0.6107231861167326,1.1202659204663852,1.120265920466387,1.5856564115247956e-15
6129,0.2751131918283749,5.208355753927703,5.208355753927703,0.0
6130,0.7122733192124266,-0.11691704949208015,-0.11691704949208015,0.0
6131,0.4338943308192671,3.5468173540962855,3.5468173540962864,2.504156067338374e-16
6132,0.7139840024983257,1.666506476757758,1.6665064767577582,1.332395691356845e-16
6133,-0.6841304314769981,3.028843499667901,3.0288434996679054,1.4662005808446524e-15
6134,-0.7051842401260782,-0.29593988443194386,-0.29593988443194374,1.1102230246251565e-16
6135,-0.8425721416655824,4.581082903855421,4.581082903855419,3.877591557894042e-16
6136,-0.706225176137085,7.714495767295603,7.714495767295601,3.453933140252997e-16
6137,0.8070858469249893,5.767025874417057,5.767025874417057,0.0
6138,0.4141033498262572,0.1320656058975922,0.1320656058975923,1.1102230246251565e-16
6139,0.2635444053078533,7.352905164100644,7.352905164100643,1.2079285668425468e-16
6140,-0.43923656657525434,3.0268813970947503,3.0268813970947503,0.0
6141,-0.276761713911031,1.4760346974031289,1.4760346974031289,0.0
6142,0.4700920198700267,0.6693907867656588,0.6693907867656592,4.440892098500626e-16
6143,0.308346250738599,0.09872780757184607,0.09872780757184652,4.440892098500626e-16
6144,-0.17640499522187503,0.9483959674294677,0.9483959674294677,0.0
6145,0.24446306060418066,4.202576872241733,4.202576872241734,2.1134138570232848e-16
6146,0.9459138259026931,0.1045263051391857,0.10452630513918493,7.771561172376096e-16
6147,0.573988025034768,-0.7091226567126481,-0.7091226567126485,4.440892098500626e-16
6148,0.6173063128378533,1.6842181439426103,1.68421814394261,1.318383878737014e-16
6149,-0.9452504973441279,11.54344760382874,11.54344760382874,0.0
6150,0.3905358132298353,1.837791807241683,1.8377918072416832,1.208214140742607e-16
6151,0.6781295657282538,1.605821801324891,1.605821801324891,0.0
6152,-0.13632026637651729,-0.4537462412279749,-0.45374624122797513,2.220446049250313e-16
6153,-0.6942751800333462,0.9582500262854005,0.9582500262854005,0.0
6154,-0.16190751856301155,-4.484852843273494,-4.484852843273495,1.9803959031392518e-16
6155,-0.5014097827059869,-0.6151797162918804,-0.615179716291876,4.440892098500626e-15
6156,-0.08012745816605182,0.41280232270426864,0.41280232270426864,0.0
6157,-0.697792055800172,4.187216295254864,4.187216295254866,4.2423336033853693e-16
6158,0.4866283132799152,0.26611591218602454,0.2661159121860246,5.551115123125783e-17
6159,-0.23865812814507292,-0.8639961127122782,-0.8639961127122788,6.661338147750939e-16
6160,-0.6554621819743136,2.7350235466930215,2.735023546693022,1.6237125650600736e-16
6161,-0.4140771368235536,0.7262270872949169,0.7262270872949167,2.220446049250313e-16
6162,0.7703350321888647,0.5112253822180612,0.5112253822180606,6.661338147750939e-16
6163,-0.08420860836667454,2.2663544101770907,2.266354410177091,1.9594870416377724e-16
6164,0.5732360932101379,-2.0742156796390354,-2.0742156796390354,0.0
6165,0.6672758473542741,-0.8492057341985821,-0.8492057341985821,0.0
6166,0.22807218869866408,2.124969845486156,2.1249698454861554,2.089861231647091e-16
6167,0.02355952582062315,-1.4709397924870202,-1.4709397924870211,6.038169775789532e-16
6168,0.9201154090903143,2.7119488130578655,2.7119488130578695,1.4737751942094945e-15
6169,-0.05303034408800111,0.7600712770429666,0.7600712770429667,1.1102230246251565e-16
6170,0.2899687245758673,3.27208164187665,3.2720816418766496,1.357206996813693e-16
6171,0.9056599133907624,3.111624988334416,3.1116249883344156,1.4271938665969313e-16
6172,-0.041572461545831385,-0.5767611819983034,-0.5767611819983038,4.440892098500626e-16
6173,-0.4046456308515184,4.157527401139198,4.157527401139197,2.1363140492032756e-16
6174,0.6154649259256466,1.2513309210672872,1.251330921067287,1.7744674984587184e-16
6175,-0.9882013973844868,-1.068727666767633,-1.0687276667676144,1.7452291536640798e-14
6176,0.11518625837405505,1.6234568595431027,1.623456859543103,1.367727165768497e-16
6177,-0.09317543960411179,1.2458168407086354,1.2458168407086352,1.7823214269501263e-16
6178,0.7599615452065973,-0.012941234615895691,-0.012941234615896136,4.440892098500626e-16
6179,0.9350490629940105,1.4990130215194895,1.4990130215194863,2.0737808306690694e-15
6180,0.6543427256969299,0.6905343205365462,0.6905343205365462,0.0
6181,-0.2662237155865068,2.0640585677954637,2.0640585677954637,0.0
6182,0.9224177269064453,0.12610683623537644,0.1261068362353764,2.7755575615628914e-17
6183,-0.3777230875717006,-0.18553605902407033,-0.18553605902407033,0.0
6184,-0.1763647521785211,1.2059378861062555,1.2059378861062557,1.8412607107151363e-16
6185,-0.7927942947351955,3.589341457440086,3.589341457440086,0.0
6186,-0.17176321767168057,0.903155166010415,0.9031551660104151,1.1102230246251565e-16
6187,0.26600212859774897,0.1429201837299865,0.14292018372998647,2.7755575615628914e-17
6188,-0.1680109002833594,6.859143533891961,6.859143533891962,1.294882393569277e-16
6189,0.9208689237227949,1.338844575023133,1.3388445750231328,1.6584793266327777e-16
6190,0.6785964745387645,3.1873316824932014,3.187331682493201,1.3932946241185863e-16
6191,-0.16756678579539996,3.3995877103565406,3.3995877103565406,0.0
6192,-0.6237062624794518,2.9578611872744736,2.9578611872744736,0.0
6193,0.3543608958149993,0.4787677613050545,0.4787677613050544,1.1102230246251565e-16
6194,0.7527986336456538,3.132478802711492,3.1324788027114923,1.4176926256153958e-16
6195,-0.8382860329722609,1.512757418516539,1.5127574185165393,1.467813690464501e-16
6196,0.68005284755866,4.109621709197634,4.109621709197634,0.0
6197,-0.600127481262201,-0.8967015450600675,-0.8967015450600684,8.881784197001252e-16
6198,-0.7580524450865549,4.842996309069278,4.842996309069278,0.0
6199,-0.3745933939242755,0.23101597462601164,0.2310159746260117,5.551115123125783e-17
6200,0.5474153893856724,0.994524271121203,0.994524271121203,0.0
6201,0.801242763921499,0.5196522964831065,0.5196522964831064,1.1102230246251565e-16
6202,-0.3478680288216671,-0.8908679211964636,-0.8908679211964639,2.220446049250313e-16
6203,-0.28542525362517934,2.6120521991271692,2.6120521991271692,0.0
6204,0.0836792511980704,0.9264908198685151,0.9264908198685153,2.220446049250313e-16
6205,0.7690341617116552,-3.5428080240132185,-3.54280802401322,3.760484961420583e-16
6206,0.38067216483777533,5.9012560591234,5.901256059123401,3.010133472608743e-16
6207,-0.05904290305866955,2.980947338645964,2.980947338645964,0.0
6208,0.9614982106520835,1.8557085466525567,1.8557085466525614,2.5127527228545425e-15
6209,0.9836839201993903,3.9130399650114587,3.9130399650114582,1.1348956663384401e-16
6210,0.16165447568307556,4.360113016933363,4.360113016933362,2.0370536640924403e-16
6211,0.8697453531550565,3.326391259540485,3.3263912595404843,2.670096060265683e-16
6212,-0.07066763067179915,6.033413332091353,6.033413332091352,1.4720994084326348e-16
6213,0.1680284616995109,3.3827052217236275,3.382705221723627,1.3128226692593122e-16
6214,0.15837507222153024,1.7788344880564138,1.778834488056414,1.2482589381749686e-16
6215,0.2001482668290142,-0.8638438188208557,-0.8638438188208557,0.0
6216,0.4798870101961814,-3.0600466865147853,-3.0600466865147853,0.0
6217,-0.8528588602807041,-0.4441570635855741,-0.4441570635855743,1.6653345369377348e-16
6218,0.39532968661831625,-1.1049609288066353,-1.1049609288066358,4.019048984199665e-16
6219,0.43053978863647413,0.5724076084598727,0.5724076084598727,0.0
6220,0.2273083238280056,9.389703498435903,9.389703498435903,0.0
6221,-0.6077426890220261,0.4638433918912437,0.46384339189124413,4.440892098500626e-16
6222,0.8566510963094718,1.5051052922387276,1.5051052922387274,1.475276222002762e-16
6223,0.008663314224446994,9.040038232907943,9.040038232907943,0.0
6224,0.5680291131660025,4.96005449606715,4.96005449606715,0.0
6225,0.7155689922165038,2.003090616866073,2.003090616866073,0.0
6226,0.9617282076250593,1.9022420589130569,1.9022420589130586,9.33822712560179e-16
6227,0.5544169123777101,2.5480361175252186,2.5480361175252186,0.0
6228,0.004802875522401884,-0.060152680101326905,-0.060152680101326794,1.1102230246251565e-16
6229,-0.9302954303173038,-2.4103594352436737,-2.410359435243663,4.421805677842411e-15
6230,-0.2932358451577458,-0.3490709541660316,-0.3490709541660315,1.1102230246251565e-16
6231,0.44913751966973714,5.649495723937688,5.649495723937688,0.0
6232,0.12918504431963496,0.20022712269763754,0.20022712269763776,2.220446049250313e-16
6233,-0.3902413618215158,4.296320060206559,4.2963200602065585,2.0673004041915424e-16
6234,-0.04169611976831511,1.843624292785005,1.8436242927850046,2.4087836745696984e-16
6235,0.7658649462829403,1.5428804200567192,1.5428804200567194,1.439156282227423e-16
6236,-0.8355180250818708,1.657491433134949,1.6574914331349475,9.377497846461996e-16
6237,0.06849133086325487,3.1706526457784663,3.1706526457784663,0.0
6238,-0.7696604049576691,1.5435395169039798,1.5435395169039796,1.4385417573915226e-16
6239,0.6940534261667555,0.71838187110981,0.71838187110981,0.0
6240,-0.23508301019771405,1.8951451777103674,1.895145177710367,2.343299157622278e-16
6241,-0.17997069867559135,0.2447188532519169,0.24471885325191695,5.551115123125783e-17
6242,0.8560978646427475,3.04031401966288,3.040314019662887,2.1910033321129013e-15
6243,0.7574652688310035,-0.7503951506133177,-0.7503951506133166,1.1102230246251565e-15
6244,-0.015504649678251159,0.7136102318399945,0.7136102318399945,0.0
6245,-0.3630575773998015,1.4419314276337722,1.4419314276337722,0.0
6246,-0.4750045506107814,-0.6898691483538246,-0.6898691483538246,0.0
6247,-0.6834091327562256,0.4628120909928517,0.4628120909928519,2.220446049250313e-16
6248,-0.8334424536877547,0.7112413076047455,0.7112413076047455,0.0
6249,-0.9563932892967094,3.580892165253762,3.580892165253772,2.728359907483844e-15
6250,0.11795788988862443,3.975145095079322,3.9751450950793226,1.1171647807265788e-16
6251,0.9262715909063881,-0.29046061270932655,-0.29046061270933166,5.10702591327572e-15
6252,0.9424460386240667,1.2419714995092774,1.241971499509262,1.2514878441971918e-14
6253,0.8693359851103761,0.8267082912977262,0.8267082912977237,2.4424906541753444e-15
6254,-0.5444948243693293,1.5533790407815053,1.5533790407815053,0.0
6255,0.7068647931387055,0.7560893980914947,0.7560893980914942,4.440892098500626e-16
6256,-0.7247480476739663,2.570049772795092,2.570049772795092,0.0
6257,0.22315634649133798,0.1250041885749753,0.12500418857497397,1.3322676295501878e-15
6258,0.9344389377608515,1.1937000305823176,1.1937000305823187,9.30068690777834e-16
6259,-0.3502254649884281,0.8860562310144453,0.8860562310144452,1.1102230246251565e-16
6260,0.5438426426390102,4.837440030687195,4.837440030687195,0.0
6261,-0.49146070807150394,0.07212603123245562,0.07212603123245565,2.7755575615628914e-17
6262,0.22992372169151176,6.152362551254136,6.152362551254136,0.0
6263,0.4617849694224341,2.1777373182014133,2.1777373182014133,0.0
6264,0.5782742860650003,3.5642207699611133,3.5642207699611137,1.245964373455205e-16
6265,-0.11518190717182386,4.849069807228675,4.849069807228674,1.8316470065580146e-16
6266,-0.4084010705889204,0.9104067800143804,0.9104067800143804,0.0
6267,0.32058625978996136,1.1788996359668962,1.1788996359668962,0.0
6268,0.06855645710175207,0.30381041529591757,0.3038104152959178,2.220446049250313e-16
6269,0.5996362717930948,0.7116540883526996,0.7116540883527004,7.771561172376096e-16
6270,-0.4462138873210051,4.26903444622344,4.26903444622344,0.0
6271,-0.5657516919883745,1.344529247223963,1.344529247223964,8.257336364511399e-16
6272,0.8434688144707403,1.9200709619544303,1.920070961954429,6.938637456368172e-16
6273,-0.004889997689918157,1.254625466269464,1.254625466269464,0.0
6274,0.7586329113524237,-1.6142798190990915,-1.6142798190990928,8.253015454865248e-16
6275,0.07417836241454356,0.6993433508471576,0.6993433508471572,4.440892098500626e-16
6276,0.5381194904905846,1.6947018365648057,1.694701836564806,2.620456296608731e-16
6277,0.2011056163183964,2.1448837658783764,2.1448837658783764,0.0
6278,0.14130228655952437,-2.0183010547155353,-2.0183010547155362,4.4006240675789937e-16
6279,-0.6580871502720487,1.0773857567045373,1.0773857567045377,4.121914616807486e-16
6280,-0.05062008652452554,6.18079298015464,6.18079298015464,0.0
6281,0.22278390872972653,0.46707188166005276,0.4670718816600523,4.440892098500626e-16
6282,-0.038184753807774086,-0.0058841414749871285,-0.005884141474987115,1.3877787807814457e-17
6283,0.0558255865893722,1.214701124521404,1.2147011245214039,1.8279772731133146e-16
6284,0.14392357470560135,2.5103724608610176,2.510372460861017,1.7690172146715914e-16
6285,-0.8529922386540439,2.7696997421016745,2.7696997421016736,3.2067678896708387e-16
6286,0.7155580768255865,0.9851247039375646,0.9851247039375646,0.0
6287,0.4993118625765107,3.847222964644891,3.8472229646448914,1.154311080826721e-16
6288,0.7529954619233092,4.841418482899686,4.841418482899685,1.8345417212687753e-16
6289,0.8495207382301464,1.2983451820446779,1.2983451820446779,0.0
6290,0.8355700650441376,1.621548059026639,1.6215480590266391,1.3693371817688665e-16
6291,0.11269180632260167,-2.100736649329421,-2.100736649329421,0.0
6292,0.8699909468772735,2.8097107349580455,2.809710734958046,1.5805513511578399e-16
6293,-0.5025339544564218,1.4993188570817808,1.499318857081781,1.4809698675918127e-16
6294,-0.15818871452882022,-4.717521039933115,-4.717521039933114,1.8827227524410104e-16
6295,-0.019659034181279345,1.2053815719626764,1.2053815719626761,1.842110499196405e-16
6296,-0.9739186111693235,4.474904132526511,4.474904132526512,1.9847987652836344e-16
6297,0.8435823307256463,8.091749302020487,8.091749302020489,2.195269246609876e-16
6298,0.19392973071623842,1.1427266826545877,1.1427266826545885,7.772448418171707e-16
6299,-0.4865101834890698,0.15304433364849168,0.1530443336484928,1.1102230246251565e-15
6300,0.4216061528129247,6.588250293828632,6.588250293828631,1.3481248891410556e-16
6301,-0.9852903798341334,3.8964592121278416,3.8964592121279793,3.533147597824837e-14
6302,-0.03781949060449319,0.9459683809188377,0.945968380918838,2.220446049250313e-16
6303,0.8701472774038834,2.6923619087374697,2.6923619087374746,1.814385091579833e-15
6304,-0.36655394375406225,2.9021977605118257,2.9021977605118257,0.0
6305,0.8016945839088494,2.312930949218685,2.312930949218685,0.0
6306,-0.9839971272408599,0.5524868471774133,0.5524868471774134,1.1102230246251565e-16
6307,0.3235738947485176,-3.7190920402996337,-3.7190920402996364,7.16447786241317e-16
6308,-0.3081753020346639,4.672775385447007,4.672775385447008,1.9007513660217594e-16
6309,0.6617959649530611,8.191533074167525,8.191533074167525,0.0
6310,-0.2363550720925809,3.213603914998185,3.2136039149981857,1.3819039981170591e-16
6311,0.5139604436291483,2.711734558528645,2.7117345585286454,1.6376573748834036e-16
6312,-0.7460204191703821,6.066264246767503,6.066264246767503,0.0
6313,0.16220135643034972,3.8868835515230544,3.886883551523054,1.14253283887563e-16
6314,-0.7446357629564011,0.18232500385852113,0.18232500385852113,0.0
6315,0.14045819871084064,1.1996582307100316,1.1996582307100319,1.8508988580323552e-16
6316,0.6629029980248515,0.45292616077746295,0.45292616077746295,0.0
6317,0.21539939630568994,-0.8676540252380036,-0.8676540252380036,0.0
6318,-0.358253460466348,1.9806755792589341,1.9806755792589341,0.0
6319,0.26523721741246264,1.3419799445380767,1.341979944538077,1.6546044956093688e-16
6320,-0.10199814312218802,3.541913310628014,3.5419133106280136,1.2538116292047856e-16
6321,0.11967274158737617,-6.902728802187871,-6.902728802187872,1.286706236262115e-16
6322,-0.646360777546622,3.317641960840446,3.3176419608404473,4.0157064724750753e-16
6323,0.9298898951539547,1.8483312044131825,1.8483312044131779,2.5227820058938354e-15
6324,-0.5386029356751426,9.132706034243174,9.132706034243173,1.945049838174778e-16
6325,-0.540215008030114,-1.5023270036308438,-1.502327003630844,1.478004484964931e-16
6326,-0.3936244034498636,2.7202553628690973,2.720255362869097,1.6325276513072454e-16
6327,0.4755375998406546,-0.5073133074678101,-0.50731330746781,1.1102230246251565e-16
6328,-0.9654324448832471,0.5449376189319257,0.544937618931927,1.3322676295501878e-15
6329,0.6870802227917072,1.6941066531446543,1.694106653144654,1.3106884652915158e-16
6330,-0.2783331732837663,0.5036281647621315,0.5036281647621313,1.1102230246251565e-16
6331,-0.8493348413025296,-0.06488276814343763,-0.06488276814344118,3.552713678800501e-15
6332,0.8979408442108014,2.5421526795065823,2.542152679506582,1.746902196040632e-16
6333,0.4040891221951284,1.6050725570799038,1.6050725570799036,1.3833929434878344e-16
6334,-0.7717005606229436,0.10778393807513353,0.10778393807512288,1.0658141036401503e-14
6335,-0.646950488966837,-0.11628042209044709,-0.11628042209044698,1.1102230246251565e-16
6336,0.21383337329207341,2.1566120600001892,2.1566120600001892,0.0
6337,0.2054708533390155,3.5779354801936725,3.577935480193673,1.2411884236269801e-16
6338,0.8144826813516071,1.096351803036736,1.0963518030367365,4.0506086515295516e-16
6339,0.6699607515576818,4.475671991787005,4.475671991787006,1.9844582474541473e-16
6340,-0.22290016650760813,3.416509446438019,3.4165094464380195,1.2998331098222505e-16
6341,0.293396329680641,0.8571085001045573,0.8571085001045573,0.0
6342,-0.043716344600625345,1.4840356006527333,1.484035600652733,1.4962215517428823e-16
6343,-0.0007632142034553757,0.7831940271585092,0.7831940271585092,0.0
6344,-0.42479958302024157,1.2504319056815532,1.2504319056815532,0.0
6345,0.30273970579042153,5.489000498353798,5.489000498353798,0.0
6346,0.27240347640519946,1.6901595308312565,1.6901595308312567,1.313749387999043e-16
6347,-0.4098255255621883,-5.008609244973688,-5.008609244973689,1.7733034785882785e-16
6348,-0.005400462419080765,3.1622922393324577,3.1622922393324577,0.0
6349,-0.8233375354437154,9.566172483857091,9.566172483857088,3.7138298361185757e-16
6350,-0.8041292767395513,2.187646603793372,2.187646603793373,4.059972109572116e-16
6351,-0.8507479380959988,1.4921177057420876,1.4921177057420874,1.488117218035423e-16
6352,0.24609779335030968,0.09942471075486337,0.09942471075486337,0.0
6353,-0.6020356256050785,-5.872760954536517,-5.872760954536517,0.0
6354,0.1080359204655672,0.2765212498769054,0.2765212498769054,0.0
6355,0.34964673242231137,0.3672521964901665,0.36725219649016627,2.220446049250313e-16
6356,-0.6725175435579376,5.602283886344819,5.602283886344819,0.0
6357,-0.564608883561107,0.7348351945143115,0.7348351945143117,2.220446049250313e-16
6358,0.46628234851822437,2.9821072960939925,2.9821072960939934,2.97835836042343e-16
6359,-0.4092747132732273,0.6182195255661003,0.6182195255661005,2.220446049250313e-16
6360,-0.28551373665295665,0.01816592795270662,0.01816592795270662,0.0
6361,-0.8775305788717698,3.303800996971579,3.3038009969715794,1.3441766324822103e-16
6362,0.6390437901535597,1.1476980395740104,1.147698039574009,1.1608172041878575e-15
6363,0.3242407132163285,0.397528135839907,0.39752813583990687,1.1102230246251565e-16
6364,0.18370748518369218,3.0501818669786687,3.0501818669786687,0.0
6365,0.9186278144099178,4.104898527914634,4.104898527914633,2.163703715597902e-16
6366,-0.2895028838704592,-0.9190248669737209,-0.9190248669737212,3.3306690738754696e-16
6367,0.6007169325676016,3.8086400889191765,3.808640088919176,1.166004661721888e-16
6368,-0.6232688002602366,1.1388780725063667,1.1388780725063665,1.9496784623868503e-16
6369,-0.3985751381223889,-0.0353745577805491,-0.035374557780548876,2.220446049250313e-16
6370,-0.6722649063210514,-0.7431240101529812,-0.7431240101529815,2.220446049250313e-16
6371,0.9404530632997234,1.5330328009317933,1.5330328009317933,0.0
6372,0.6954800423937619,1.0033578369355565,1.0033578369355567,2.2130151053904886e-16
6373,0.8069087059695035,-0.6181373179487069,-0.6181373179487064,4.440892098500626e-16
6374,-0.2466425815103339,2.3584260248220277,2.358426024822028,1.8829897786748458e-16
6375,0.767801528649197,1.9967025658782362,1.9967025658782365,1.1120564911347548e-16
6376,-0.21790195393206868,1.1289777693806862,1.1289777693806862,0.0
6377,0.5116205162601513,-3.545031209363894,-3.5450312093638945,1.2527088863901656e-16
6378,-0.31334455013334106,1.2906815145939043,1.2906815145939046,1.7203671270901765e-16
6379,-0.7287108880066187,4.782262004214832,4.782262004214836,7.428939852457534e-16
6380,-0.5251585630861664,-0.8352858177177009,-0.8352858177177005,4.440892098500626e-16
6381,-0.3535525710154298,0.32076421082177137,0.3207642108217713,5.551115123125783e-17
6382,0.06152445781197269,-0.09315054950623569,-0.09315054950623558,1.1102230246251565e-16
6383,0.7278890930001725,0.604494307576908,0.604494307576908,0.0
6384,0.3004250194787086,1.233328844180541,1.2333288441805408,1.800368214631063e-16
6385,-0.817090683248799,0.5031679189124586,0.5031679189124584,2.220446049250313e-16
6386,0.23348133239694113,0.42166607465640243,0.4216660746564023,1.1102230246251565e-16
6387,0.13586910946123654,1.629522718644148,1.6295227186441485,2.725271668624351e-16
6388,-0.8952624036046934,1.2849532021050627,1.284953202105065,1.7280365118454803e-15
6389,0.08467119001598822,1.7391777524680672,1.7391777524680667,2.5534434833923996e-16
6390,0.652646073176885,6.955722840387101,6.955722840387103,2.5538062400735227e-16
6391,0.934206954153729,0.1684507110174719,0.16845071101747244,5.551115123125783e-16
6392,-0.8953109168486867,2.920574623324046,2.920574623324046,0.0
6393,-0.28963650089556014,4.452902866261414,4.4529028662614145,1.9946054211728758e-16
6394,-0.9057989632873558,0.7382445521662763,0.7382445521662762,1.1102230246251565e-16
6395,0.3216287073897688,3.80186164023643,3.8018616402364316,4.672334260143624e-16
6396,0.7392383544361454,0.9873221514673708,0.98732215146737,7.771561172376096e-16
6397,0.7091405843661835,1.3341400251570699,1.3341400251570699,0.0
6398,0.8861435796987434,5.710905396421556,5.710905396421559,4.665696722572167e-16
6399,-0.6713195616003786,0.7513790369422608,0.7513790369422607,1.1102230246251565e-16
6400,-0.22674250496405146,0.8694844324086186,0.8694844324086185,1.1102230246251565e-16
6401,0.5349721198960515,1.1702958163509305,1.1702958163509307,1.897337423775323e-16
6402,0.9088371240561008,-0.8027318626259077,-0.8027318626259046,3.1086244689504383e-15
6403,-0.3090412648227753,3.277086149178542,3.277086149178542,0.0
6404,0.09181718022778229,3.0487807723443785,3.0487807723443776,2.9132249447281674e-16
6405,0.732980694481965,0.3089157384251666,0.3089157384251665,1.1102230246251565e-16
6406,-0.21066608194958292,6.510004373323998,6.510004373323998,0.0
6407,-0.8429810496096272,1.9296052346064796,1.9296052346064798,1.1507255522672476e-16
6408,0.2525278408150955,2.8045776511279334,2.8045776511279334,0.0
6409,-0.04928424939629816,0.4906788401569697,0.4906788401569693,4.440892098500626e-16
6410,-0.8922557258025514,7.764290183307651,7.764290183307656,6.863564334132761e-16
6411,0.9227564531643047,5.3562911668185675,5.356291166818565,4.974590021555919e-16
6412,-0.5387436641094201,-0.04894876832966064,-0.048948768329660636,6.938893903907228e-18
6413,0.3436837833183586,1.0987986114835466,1.0987986114835468,2.0207943712746145e-16
6414,0.2303590776288318,2.1058584782162404,2.1058584782162404,0.0
6415,-0.7184291886668622,2.6135241939214886,2.6135241939214886,0.0
6416,0.04660700987540034,-0.252096785178435,-0.25209678517843515,1.6653345369377348e-16
6417,0.0009402346606010026,-1.2336184999771629,-1.2336184999771622,5.399836455009597e-16
6418,-0.8819465901460475,2.529071855792161,2.5290718557921608,1.7559374947492903e-16
6419,0.4973974356297488,5.284644070701477,5.284644070701478,1.6806778428546647e-16
6420,0.9248706087652954,3.010102769600268,3.0101027696002554,4.130921376300057e-15
6421,0.5395357308025892,1.4812441647041787,1.4812441647041794,4.497123638682002e-16
6422,0.40595899698267157,4.931809094448004,4.931809094448004,0.0
6423,0.9678307848703083,-0.23839292074643514,-0.23839292074643526,1.1102230246251565e-16
6424,0.2569647264910506,2.5461163749586846,2.546116374958686,5.232548058891481e-16
6425,-0.04154269290365509,3.658095811159556,3.6580958111595554,1.213990099699695e-16
6426,-0.5477841984380001,2.2122097056287897,2.2122097056287897,0.0
6427,-0.6051830393023182,8.460796651736008,8.460796651736008,0.0
6428,0.2900295803157744,-2.383063242907465,-2.3830632429074647,1.8635225530492003e-16
6429,0.8657315286620433,3.931545928961159,3.9315459289611594,1.129553661267809e-16
6430,0.9448442876581993,-1.8430828459900281,-1.8430828459900113,9.156066972799379e-15
6431,-0.6837477668123428,0.7012275111576531,0.7012275111576525,6.661338147750939e-16
6432,-0.8939014732536683,10.047030945187519,10.047030945187533,1.4144332582163427e-15
6433,0.9206441688027462,1.9594493114803673,1.9594493114803668,2.2663980499426775e-16
6434,-0.8394971920331752,0.07735035820352387,0.07735035820352398,1.1102230246251565e-16
6435,-0.14919545837202686,5.15465196305504,5.15465196305504,0.0
6436,0.09463780215649176,3.0836090318983063,3.0836090318983067,1.4401605562060377e-16
6437,0.9025619252897255,1.6280540001380257,1.6280540001380253,2.727730221555384e-16
6438,0.12773639323775443,0.5653659214705543,0.5653659214705543,0.0
6439,0.2205363678437846,5.521009816443462,5.521009816443462,0.0
6440,-0.09997561678737654,0.7211516639848917,0.7211516639848918,1.1102230246251565e-16
6441,0.3796196467018329,3.953403800553107,3.9534038005531067,1.1233085013676862e-16
6442,-0.5335058280605303,1.628786476406974,1.6287864764069742,1.3632517714344682e-16
6443,0.09110408979957763,-0.44227981861233046,-0.44227981861233023,2.220446049250313e-16
6444,0.37263987414412636,0.004385839248320478,0.004385839248320256,2.220446049250313e-16
6445,0.7301345769533336,1.0669314239074126,1.0669314239074121,4.162303217424031e-16
6446,0.46913481754642206,6.664704137553278,6.6647041375532785,1.3326599371389201e-16
6447,-0.2906838691811561,4.1608402411094065,4.1608402411094065,0.0
6448,-0.9852356076533944,6.955832953447847,6.955832953447825,3.1922072656297602e-15
6449,-0.4115507201912919,4.620427435412698,4.620427435412697,1.922286264887077e-16
6450,-0.9871012665954716,0.6139464674582653,0.6139464674582591,6.217248937900877e-15
6451,-0.045531084588641524,-1.3898644248110466,-1.389864424811046,3.1951980489783166e-16
6452,-0.3210593481576146,0.6663998018629862,0.666399801862986,2.220446049250313e-16
6453,0.0227306330387953,4.6768281467596085,4.6768281467596085,0.0
6454,0.5388077686636952,0.8194810917067814,0.8194810917067819,4.440892098500626e-16
6455,-0.24297181244951538,-0.7176917163362431,-0.7176917163362433,2.220446049250313e-16
6456,0.5923304307596549,-0.13991270423083124,-0.13991270423083127,2.7755575615628914e-17
6457,-0.9787260262328245,-1.015379554813638,-1.0153795548136344,3.4989021218302584e-15
6458,0.7520326735113123,2.5062870557448416,2.506287055744842,1.7719008236990797e-16
6459,-0.6409530026747355,3.8573263173334,3.8573263173333974,6.907725818080099e-16
6460,0.4427040113235512,-0.5446702299014201,-0.5446702299014201,0.0
6461,0.762552568284653,2.5585900683185754,2.5585900683185754,0.0
6462,-0.9676579152384477,0.9303049057069983,0.9303049057070041,5.773159728050814e-15
6463,0.3990814784402086,0.28814589768497445,0.28814589768497534,8.881784197001252e-16
6464,0.9720528298030346,2.7541957742169254,2.754195774216921,1.6124097422824865e-15
6465,-0.24708043118993495,5.0681853359894635,5.068185335989464,1.7524584458131816e-16
6466,-0.3067713885584713,5.3096775112365275,5.309677511236527,1.6727539814245416e-16
6467,-0.09820068561612705,-1.562568526294823,-1.562568526294823,0.0
6468,-0.10543513493833867,7.681003202864842,7.681003202864841,1.1563312711142403e-16
6469,-0.8891210441990915,3.7592788566569637,3.759278856656964,1.1813148925189883e-16
6470,0.14664340065949388,-0.009593934285295896,-0.009593934285295841,5.551115123125783e-17
6471,-0.625722948872574,-1.7988242896595843,-1.7988242896595852,4.937549625084322e-16
6472,-0.26207627703135705,0.8580572538072808,0.8580572538072808,0.0
6473,-0.973128089780437,1.902768576038103,1.9027685760381132,5.367994802509763e-15
6474,-0.45708994026134586,0.886892453450453,0.8868924534504528,2.220446049250313e-16
6475,-0.8163360962387056,4.4826935102642915,4.482693510264292,1.981349868480658e-16
6476,0.7284057514936682,-0.5607938406240958,-0.560793840624096,2.220446049250313e-16
6477,0.6190933787245374,8.286368836850015,8.286368836850016,2.14370959629588e-16
6478,-0.533046766848293,3.567651817662604,3.567651817662604,0.0
6479,0.9613853802351575,1.0187306301872159,1.0187306301872157,2.1796203858543582e-16
6480,-0.5562485625693543,10.696901955143224,10.696901955143227,3.321254783579937e-16
6481,0.5794969114705952,5.664054266199942,5.664054266199942,0.0
6482,0.7121183266524074,0.8112080461127599,0.8112080461127599,0.0
6483,0.8958450060660783,0.19321948475833645,0.19321948475833645,0.0
6484,-0.5744593661136405,5.9572762627629805,5.957276262762979,2.9818271992918746e-16
6485,-0.75655813109744,3.276104943105396,3.2761049431053966,1.3555402453900445e-16
6486,-0.28801608070457707,-0.07941544783538546,-0.07941544783538523,2.220446049250313e-16
6487,-0.756147091857202,1.1394425851229895,1.1394425851229895,0.0
6488,0.6078495581143128,-0.17205962116200157,-0.17205962116200157,0.0
6489,0.010664345340003045,0.1594267532153173,0.15942675321531663,6.661338147750939e-16
6490,0.4731172378206401,0.9115365491013446,0.9115365491013445,1.1102230246251565e-16
6491,-0.9768069005779557,3.727413510002098,3.727413510002098,0.0
6492,-0.9541046915156268,2.834977479170918,2.834977479170931,4.542747580985415e-15
6493,-0.3128028714989417,2.9764806651775535,2.9764806651775526,2.983988540866747e-16
6494,-0.5687284988952599,0.768547877226075,0.768547877226075,0.0
6495,0.5895113766289339,-3.366228356377224,-3.3662283563772224,5.276994461873012e-16
6496,-0.1575834861196247,0.6942486953436418,0.6942486953436416,1.1102230246251565e-16
6497,-0.5230294458415556,4.166317543856881,4.166317543856881,0.0
6498,0.04348962658355471,2.183065248259183,2.183065248259184,4.0684923201831703e-16
6499,-0.9521857966751511,2.145055404062823,2.145055404062827,1.863263243028807e-15
6500,0.006320481268736744,1.877592989818286,1.877592989818286,0.0
6501,-0.65226736518598,3.8050879817791823,3.8050879817791827,1.167093144696264e-16
6502,-0.6466803708254552,-1.6852048682741836,-1.6852048682741834,1.3176119361227988e-16
6503,-0.26479463830775585,1.6640552519075962,1.6640552519075962,0.0
6504,0.049554582662189706,2.722133120054621,2.7221331200546204,1.6314015158860114e-16
6505,0.23691262740917907,3.1098608683404123,3.1098608683404128,1.428003465914063e-16
6506,-0.7450606885156609,1.1656364586288022,1.1656364586288017,3.809843168190428e-16
6507,-0.36554667379618855,9.056480307160044,9.056480307160047,3.922841499463902e-16
6508,-0.02206702713172204,1.4071473429210928,1.4071473429210932,3.155953867120832e-16
6509,-0.22121184909452762,5.432663964654944,5.432663964654944,0.0
6510,0.04141779442887783,0.23095019349924206,0.230950193499242,5.551115123125783e-17
6511,-0.7520812077424924,1.2072192262809247,1.2072192262809247,0.0
6512,-0.4525124985250829,0.7098737338145116,0.7098737338145116,0.0
6513,0.2822651982354598,1.9494121259136863,1.9494121259136863,0.0
6514,-0.3360857972732364,-1.1764745235738059,-1.1764745235738057,1.8873728285294348e-16
6515,-0.6368040812831723,0.43594870034299915,0.4359487003429989,2.7755575615628914e-16
6516,0.2825862095453071,7.239174188428117,7.239174188428117,0.0
6517,-0.8464596187474187,3.811012922693985,3.811012922693985,0.0
6518,-0.10621705123179503,-0.8209776971259601,-0.8209776971259599,2.220446049250313e-16
6519,0.8782805120289023,-1.300947308243301,-1.3009473082432983,2.04815002284632e-15
6520,0.27842095813967904,2.06168827874352,2.06168827874352,0.0
6521,-0.24784642182716343,4.316410088390471,4.316410088390471,0.0
6522,0.8570129402993807,3.24929695475868,3.24929695475868,0.0
6523,-0.7726164120715634,0.8219423401724814,0.8219423401724812,1.1102230246251565e-16
6524,-0.6960106808479548,0.25395863679268427,0.2539586367926842,5.551115123125783e-17
6525,-0.4387954167463898,0.570544004975056,0.5705440049750561,1.1102230246251565e-16
6526,-0.8607824143892313,-0.789122770530966,-0.7891227705309802,1.4210854715202004e-14
6527,-0.82879944454873,-7.22428571010859,-7.224285710108589,1.2294342379861038e-16
6528,0.47307665498551277,3.2922452202921,3.292245220292099,2.697789381622438e-16
6529,0.8212705261141371,3.257001668316923,3.2570016683169225,1.3634908884758067e-16
6530,-0.7639074312830538,-2.1903513639757017,-2.190351363975701,4.054958644114498e-16
6531,0.6165825954555006,0.4165573136426195,0.4165573136426186,8.881784197001252e-16
6532,0.12063742988587633,10.402804558463814,10.402804558463812,1.7075749423312879e-16
6533,-0.5501685621668693,-1.0791377044778505,-1.0791377044778514,8.230445623525661e-16
6534,0.041708636399862,-0.5230743833324365,-0.523074383332436,4.440892098500626e-16
6535,-0.8159217053742731,3.8730680717338433,3.873068071733844,2.293216652147602e-16
6536,-0.4118930472168899,3.902272796040339,3.9022727960403394,1.1380270756587874e-16
6537,0.8513223726398942,-0.028757863956853952,-0.028757863956853758,1.942890293094024e-16
6538,0.7743107297075063,1.1657342860452897,1.1657342860452897,0.0
6539,0.5772220949340165,4.709602739634534,4.709602739634534,0.0
6540,0.6869924015195064,3.55091123540307,3.5509112354030696,1.2506345003007468e-16
6541,-0.7835755621869209,2.714602523370253,2.714602523370254,3.271854395086274e-16
6542,-0.9554535701996586,4.986412182580693,4.986412182580695,3.5623947125865266e-16
6543,-0.29680490673923,0.8869211565899423,0.8869211565899426,3.3306690738754696e-16
6544,0.7840762768179628,-1.9328410746619333,-1.9328410746619227,5.514235586216359e-15
6545,-0.30036707801349816,0.9049701878880041,0.9049701878880039,2.220446049250313e-16
6546,0.2719334455587987,0.8035701407493162,0.8035701407493162,0.0
6547,0.5490041648845607,1.7561464508963105,1.756146450896311,2.5287709326486194e-16
6548,-0.5904365805842402,1.3000662645253527,1.300066264525352,5.12384509122153e-16
6549,-0.5225940928534688,-0.2538063881685231,-0.2538063881685231,0.0
6550,-0.6128062994399747,1.6723718865636583,1.672371886563658,1.3277226597086738e-16
6551,-0.8295610740447114,-1.5607953517111834,-1.5607953517111852,1.1381100266942335e-15
6552,0.6954421538986242,5.217871186318515,5.217871186318515,0.0
6553,0.49359845712411876,1.9065902654944404,1.9065902654944407,1.1646162730587948e-16
6554,0.9641984274634059,4.57764641513714,4.577646415137139,1.94025125392634e-16
6555,0.04319049273448283,0.7045703015002616,0.7045703015002617,1.1102230246251565e-16
6556,0.9158762187497078,1.8156126177883005,1.8156126177883005,0.0
6557,-0.10730491640039319,3.271396447717172,3.2713964477171715,1.3574912638911574e-16
6558,-0.48878744792393947,0.0206229225687542,0.020622922568756863,2.6645352591003757e-15
6559,-0.7606693551204027,0.3966507214077297,0.3966507214077297,0.0
6560,-0.31426168859293513,3.4928793144375803,3.4928793144375803,0.0
6561,0.5857897714149589,2.9267104364469976,2.926710436446998,1.5173664067333675e-16
6562,0.8044069274829775,2.985731389773245,2.985731389773245,0.0
6563,-0.16166311137337785,0.4154782570979318,0.41547825709793185,5.551115123125783e-17
6564,-0.19992135078719553,-4.602799254747263,-4.602799254747264,1.929648395558573e-16
6565,-0.9607417604525209,-0.48823940999553717,-0.4882394099955363,8.881784197001252e-16
6566,-0.871549005352162,-0.45474549452177915,-0.4547454945217808,1.6653345369377348e-15
6567,0.9835961871969783,6.17152166280581,6.171521662805716,1.5111141006043906e-14
6568,-0.21161825391432798,0.9271120486868734,0.9271120486868734,0.0
6569,0.32866813132249817,9.12609208120537,9.126092081205368,1.9464594742130085e-16
6570,0.7262110051936661,-0.13127984596231324,-0.13127984596231324,0.0
6571,0.7801931354417528,0.771026006561066,0.771026006561066,0.0
6572,0.10190749849369296,2.8099808590757607,2.8099808590757602,1.5803994123864934e-16
6573,-0.42888833347376965,3.39275349883424,3.3927534988342405,1.3089344981963853e-16
6574,0.5805657218156055,4.475868490268105,4.475868490268105,0.0
6575,-0.09982973882700008,3.3892061939378006,3.389206193937801,1.3103044914894683e-16
6576,0.8049739706915562,1.1900004623389595,1.1900004623389595,0.0
6577,-0.8280227408265025,-3.398770366964928,-3.3987703669649267,3.9198518455363934e-16
6578,-0.3262952180279105,2.7861171772164885,2.7861171772164885,0.0
6579,0.23925761667117773,2.2394524753021248,2.2394524753021257,3.9660516554623513e-16
6580,-0.9755448389479049,-0.22309373604764282,-0.2230937360476446,1.7763568394002505e-15
6581,-0.2374163940954579,1.8058983889081468,1.8058983889081472,2.459104081257643e-16
6582,0.25669078420016933,-0.6967383007066528,-0.6967383007066528,0.0
6583,-0.14769731632607563,2.2947354662920407,2.2947354662920407,0.0
6584,0.4413294624421389,8.098090313528749,8.09809031352875,2.1935502947314027e-16
6585,-0.7196572500554026,6.6383807493016835,6.638380749301685,2.6758887543277962e-16
6586,0.8263449593185925,-4.206655854525762,-4.206655854525774,2.9559104204885233e-15
6587,-0.561467331862697,6.8166434814149275,6.8166434814149275,0.0
6588,-0.8343882718359977,-0.3194095839236324,-0.3194095839236297,2.6645352591003757e-15
6589,-0.9471169704981119,0.9416328278137388,0.9416328278137391,3.3306690738754696e-16
6590,0.3538301090978988,8.324299158841129,8.32429915884113,2.1339416153894532e-16
6591,0.8336609300527809,3.4750593129553207,3.4750593129553202,1.2779327483547108e-16
6592,0.5181094302422617,0.3957455537885781,0.39574555378857806,5.551115123125783e-17
6593,-0.7364473834856287,-3.625238678768947,-3.625238678768948,3.67497907752269e-16
6594,-0.5044004694902997,3.83083036423129,3.8308303642312898,1.1592505217577686e-16
6595,-0.7203332419232913,0.14837316420491684,0.14837316420491675,8.326672684688674e-17
6596,-0.9657848996674391,-0.1669656827721342,-0.16696568277213464,4.440892098500626e-16
6597,-0.5021703802153531,6.2542556102500555,6.254255610250056,1.4201185161740046e-16
6598,-0.35604367018298944,2.1086353620221026,2.1086353620221026,0.0
6599,0.517886041127033,-1.9082398462670367,-1.9082398462670367,0.0
6600,-0.07499785306470208,0.343883831745898,0.343883831745898,0.0
6601,-0.2738406946973114,1.3369070134629026,1.3369070134629026,0.0
6602,0.8043973342678998,5.733655545231857,5.733655545231856,1.549061349593524e-16
6603,0.6501564286902504,5.158043434348651,5.1580434343486505,1.7219289271306471e-16
6604,0.6364520856639104,3.9853714420244564,3.985371442024457,1.1142981684650146e-16
6605,-0.3201052734343621,0.04071308829235848,0.04071308829235848,0.0
6606,-0.08812789253031539,0.7882003512586095,0.7882003512586094,1.1102230246251565e-16
6607,-0.7403912690191418,-3.1641511174711257,-3.1641511174711274,5.614007591457776e-16
6608,-0.2602397107684584,1.6141557072546564,1.6141557072546564,0.0
6609,-0.8813570972086812,8.933422025264173,8.933422025264171,1.988439406955837e-16
6610,0.6907350890316981,2.29652710033298,2.296527100332975,2.127116770205935e-15
6611,0.4339189020828347,-0.7562090295679007,-0.756209029567902,1.3322676295501878e-15
6612,-0.5844491867926276,0.2130618060128504,0.21306180601284996,4.440892098500626e-16
6613,-0.524075149445945,6.958384535602306,6.958384535602306,0.0
6614,-0.7446152543348187,0.8833290162251878,0.8833290162251879,1.1102230246251565e-16
6615,0.05437682658553422,1.0126705763306658,1.0126705763306658,0.0
6616,0.6400089260135267,1.4300271859200036,1.4300271859200036,0.0
6617,0.053691441246030536,3.2715491746950476,3.271549174695048,1.3574278916087443e-16
6618,0.8369615376114976,-1.0433216550045814,-1.0433216550045827,1.276948123485789e-15
6619,0.9340113654503355,0.6855234645554789,0.6855234645554766,2.220446049250313e-15
6620,-0.1856674294372681,0.9104773961863536,0.9104773961863538,2.220446049250313e-16
6621,-0.32999216366233886,5.526442132300343,5.526442132300343,0.0
6622,0.7323290573652916,14.952181285810667,14.952181285810664,2.3760504309641817e-16
6623,-0.28593733659658727,1.8728697196063897,1.8728697196063901,2.3711697893401487e-16
6624,-0.4173657419349067,3.5521500768238257,3.5521500768238257,0.0
6625,-0.547542650302731,-2.8561485891792793,-2.8561485891792784,3.109706627536998e-16
6626,-0.5159794501651489,7.542559009148033,7.542559009148033,0.0
6627,0.5306949363075999,0.13695141042892345,0.136951410428923,4.440892098500626e-16
6628,-0.36554080651010223,-0.038605286039113285,-0.038605286039113285,0.0
6629,-0.9008123926650949,1.2930347039588073,1.293034703958806,1.0303417421599463e-15
6630,0.15209033144552753,1.1837232318537432,1.1837232318537434,1.8758152154985025e-16
6631,0.6709648848935659,-2.4715557335881777,-2.4715557335881795,7.187201224151053e-16
6632,0.9011649446508891,1.0863451285201147,1.0863451285201149,2.0439600555627654e-16
6633,0.2392336339284924,-2.8290718907918277,-2.8290718907918264,4.709203869602975e-16
6634,0.19598934536886614,2.403429643343087,2.4034296433430873,1.8477312663596427e-16
6635,-0.9135078172758176,1.2502428238190417,1.2502428238190406,8.880059165097424e-16
6636,0.6472852662059754,0.151811455938698,0.151811455938698,0.0
6637,-0.0803747491671819,5.261885423762484,5.261885423762486,3.3758941830589605e-16
6638,-0.7947470614166773,0.37955419023292314,0.3795541902329229,2.220446049250313e-16
6639,0.8216019945351518,2.9727697790503993,2.972769779050397,7.469283578224469e-16
6640,0.5960919394979303,1.7166056424663858,1.7166056424663856,1.2935096997933778e-16
6641,0.02882071548701237,6.151709607991128,6.15170960799113,2.887582400009172e-16
6642,0.6992046016789324,2.9847261452314826,2.9847261452314826,0.0
6643,-0.22170907289747743,1.2269123038782128,1.2269123038782128,0.0
6644,-0.03190206881680879,1.088155633039264,1.0881556330392639,2.0405592562605357e-16
6645,-0.9169889238528056,9.046229283860612,9.046229283860601,1.1781860377358227e-15
6646,-0.13321570040761854,0.21968229256316124,0.21968229256316119,5.551115123125783e-17
6647,-0.5378321109514204,2.2202148162930566,2.220214816293056,2.0002082978237597e-16
6648,0.3459208630546673,-1.0059783872233152,-1.005978387223315,2.2072502525418575e-16
6649,0.804168677639036,-4.5156044268930176,-4.515604426893013,9.83454633902953e-16
6650,-0.8662467518992898,0.8547635194789942,0.8547635194789943,1.1102230246251565e-16
6651,-0.8502431325317501,3.455329264803771,3.455329264803769,5.140919152030886e-16
6652,-0.39392504150852714,0.5006333815518702,0.5006333815518702,0.0
6653,-0.28614965210716403,0.38358605841142374,0.3835860584114237,5.551115123125783e-17
6654,-0.7399058802305156,7.381366365412496,7.381366365412494,2.4065420295676945e-16
6655,-0.6778718958339953,2.8510322667691526,2.851032266769152,1.557643577122028e-16
6656,0.41620302522217445,0.13429012540450513,0.13429012540450502,1.1102230246251565e-16
6657,-0.42875042551237363,0.5379346232367676,0.5379346232367676,0.0
6658,0.26007093288398275,3.749821501406704,3.749821501406704,0.0
6659,0.5723570208161679,-0.10460730962503817,-0.10460730962503773,4.440892098500626e-16
6660,0.36661808472046964,9.01191519538736,9.01191519538736,0.0
6661,-0.28154659649560987,2.8752615333413654,2.8752615333413654,0.0
6662,-0.43920013739136365,0.981128393523587,0.981128393523587,0.0
6663,-0.08038178113577277,0.8064228745234214,0.8064228745234212,2.220446049250313e-16
6664,0.9050889447261454,2.0627891183905915,2.062789118390592,2.1528580206809768e-16
6665,0.8191989187262032,1.1012971677194827,1.1012971677194798,2.6210726301991753e-15
6666,-0.5718680352858994,2.2132632938875534,2.2132632938875534,0.0
6667,-0.665606970452975,2.1351234440847864,2.1351234440847877,6.239768633711293e-16
6668,-0.8821913833534731,0.9125465437466888,0.9125465437466884,3.3306690738754696e-16
6669,0.7231868104470369,3.5592630969382455,3.559263096938249,9.98159894911006e-16
6670,-0.1215165336862214,0.7462884960979737,0.7462884960979733,3.3306690738754696e-16
6671,-0.21238258889503792,-0.8566028451814303,-0.8566028451814311,8.881784197001252e-16
6672,0.1679844804085644,2.7558575781358177,2.7558575781358177,0.0
6673,-0.5587693614375628,-0.42314360042633425,-0.4231436004263349,6.661338147750939e-16
6674,0.31773203613267165,1.783105559029453,1.7831055590294547,9.962151878249566e-16
6675,0.7281564340041737,3.223322093447212,3.223322093447212,0.0
6676,-0.9080457410901871,3.9967254030406423,3.996725403040644,4.444530610106033e-16
6677,-0.8492865492416894,-0.5465937876315334,-0.5465937876315337,2.220446049250313e-16
6678,-0.01079702511877867,0.5116475145403163,0.5116475145403165,2.220446049250313e-16
6679,0.44930626829933185,2.232129901464864,2.2321299014648632,3.9790624153067733e-16
6680,0.5007170325159402,0.5095516107771343,0.5095516107771343,0.0
6681,0.5565260707218924,-1.5429063731566264,-1.5429063731566295,2.0147849040188455e-15
6682,0.795411523317358,0.7801628049911814,0.7801628049911811,3.3306690738754696e-16
6683,0.3457847081866354,1.6766911661513406,1.6766911661513404,1.3243023486233913e-16
6684,0.15113674440883518,5.423753862897563,5.423753862897562,1.637571398244884e-16
6685,-0.15282392935532807,1.603448746920227,1.603448746920227,0.0
6686,0.5392350603544773,0.5624161642109258,0.5624161642109259,1.1102230246251565e-16
6687,0.33869454723024317,3.8261849434878337,3.826184943487834,1.160657982845033e-16
6688,0.6554674038655002,3.3367113492414884,3.3367113492414884,0.0
6689,0.07371891203194725,-2.0393964278771333,-2.0393964278771333,0.0
6690,-0.8228367169595636,5.155591610232147,5.15559161023215,6.890991271980382e-16
6691,-0.524044217233515,3.182906301278706,3.1829063012787064,1.3952318033102434e-16
6692,-0.3064212380476149,0.6402016913376173,0.6402016913376173,0.0
6693,-0.1492436655428936,-0.4447505819017299,-0.44475058190172967,2.220446049250313e-16
6694,-0.5537366601136657,1.3955939346057797,1.3955939346057795,1.5910401974321658e-16
6695,-0.8949356256016598,8.497872400830706,8.497872400830708,2.0903548036642716e-16
6696,-0.9271123916320244,2.0149942558554024,2.0149942558554015,4.407845913799278e-16
6697,0.2316277059949512,5.42689418166371,5.42689418166371,0.0
6698,-0.5879265231327016,0.25721904579376637,0.25721904579376637,0.0
6699,0.18333059843839838,0.8861992563105521,0.8861992563105521,0.0
6700,0.485154362366101,1.6767026756080727,1.6767026756080732,2.648586516324424e-16
6701,-0.5151830018514896,3.4177070920752883,3.4177070920752888,1.2993776174669326e-16
6702,-0.8514103806228913,0.501358458079153,0.5013584580791528,2.220446049250313e-16
6703,0.9522159573076894,-0.13434018065735798,-0.13434018065735742,5.551115123125783e-16
6704,-0.4629395824740403,0.13892181591985275,0.1389218159198533,5.551115123125783e-16
6705,0.12149549756941025,1.8184488804055379,1.8184488804055379,0.0
6706,-0.07479191186092526,0.10414358966376147,0.10414358966376103,4.440892098500626e-16
6707,0.47075104436305093,1.3505995708321556,1.3505995708321556,0.0
6708,-0.054045931110625056,0.8484037907831101,0.8484037907831103,2.220446049250313e-16
6709,-0.6813194592201713,5.449484123895909,5.44948412389591,3.2596788962297397e-16
6710,-0.49668723174593205,0.9759361696248143,0.9759361696248144,1.1102230246251565e-16
6711,0.8984432368439386,3.4270331769805162,3.427033176980517,2.5916831668454397e-16
6712,-0.6833948866298514,1.9076434889312672,1.907643488931267,1.1639732801930875e-16
6713,-0.1324893147371229,5.879791905876486,5.879791905876485,1.5105609754869833e-16
6714,-0.06850460922302593,-0.8913065408758651,-0.8913065408758658,6.661338147750939e-16
6715,0.12710071648633936,3.365606170341959,3.365606170341959,0.0
6716,-0.9035193174376642,0.6018465674403101,0.6018465674403101,0.0
6717,0.13151299680902273,3.025620407529163,3.0256204075291633,1.467762475242963e-16
6718,-0.6508271120825129,6.108357265777574,6.108357265777573,1.4540381006792061e-16
6719,0.8299666627226874,0.21633275847000114,0.21633275847000133,1.942890293094024e-16
6720,0.5450708829304425,-1.927077336791272,-1.9270773367912724,2.3044700976531874e-16
6721,-0.5309275489391128,2.4778070498587854,2.477807049858786,1.7922671173099295e-16
6722,-0.16841213527610566,6.6196896849951035,6.619689684995102,2.683444275985823e-16
6723,0.36510248976751813,2.8004840145403094,2.8004840145403094,0.0
6724,-0.14401319800058776,4.523270124151445,4.523270124151444,1.9635758982374406e-16
6725,-0.26433653315967065,0.5004553418652755,0.5004553418652753,2.220446049250313e-16
6726,-0.5214125520237396,2.794682784717795,2.794682784717795,0.0
6727,0.9596468519967196,5.391001279245313,5.391001279245302,2.1417764266822803e-15
6728,0.035080506192968874,2.858912558453114,2.858912558453114,0.0
6729,-0.3494744547084041,-0.01818885727909425,-0.01818885727909425,0.0
6730,-0.5290077152174341,1.1283384570095112,1.1283384570095114,1.9678900736355883e-16
6731,-0.04898916441737644,1.1969878352973302,1.1969878352973302,0.0
6732,0.22438255481963632,8.642515045601819,8.642515045601819,0.0
6733,-0.0915710788283296,0.48507146282725233,0.48507146282725233,0.0
6734,-0.03863824224792367,-1.0601528102927054,-1.0601528102927058,4.188916970634175e-16
6735,-0.44989459005226795,-1.2465772449945607,-1.246577244994561,1.7812342220798373e-16
6736,0.3987998865919693,0.8638531196723529,0.863853119672353,1.1102230246251565e-16
6737,-0.29726779961912386,4.67970875994742,4.67970875994742,0.0
6738,0.6671482028446023,-4.681822971083804,-4.681822971083804,0.0
6739,0.6123156647972214,1.7864328519643626,1.7864328519643624,1.242949628254266e-16
6740,-0.728353362560322,2.0967210675892587,2.096721067589259,2.1180175881032275e-16
6741,-0.6019127537190384,9.306991561093207,9.306991561093206,1.9086262491373723e-16
6742,-0.24797231658279795,5.0033405257560535,5.0033405257560535,0.0
6743,0.11109469029220853,0.6237589212600518,0.6237589212600518,0.0
6744,-0.28740782900016604,1.2358717326591533,1.2358717326591533,0.0
6745,0.33311112128566256,-0.8296870997553798,-0.8296870997553805,6.661338147750939e-16
6746,0.17269498063931166,2.435769658716049,2.435769658716048,3.6463974190741207e-16
6747,0.791916085769599,0.4953924810419631,0.49539248104196254,5.551115123125783e-16
6748,0.2177361813813281,-0.23710937231010876,-0.23710937231010898,2.220446049250313e-16
6749,-0.9482742725992639,0.7618597869014041,0.7618597869014043,2.220446049250313e-16
6750,0.219776638542315,5.93841180863632,5.938411808636321,1.4956497601066236e-16
6751,-0.23898106800260632,1.3054365959229923,1.3054365959229923,0.0
6752,-0.5545236607092985,1.392589384583592,1.392589384583591,6.377891642235272e-16
6753,0.9585184937454216,1.9954368140934664,1.9954368140934662,1.1127618943219052e-16
6754,-0.9080839615466763,2.4251057610834095,2.4251057610834095,0.0
6755,0.009406227226829711,8.058058398355591,8.058058398355591,0.0
6756,0.9146605949347246,-1.713600511868007,-1.7136005118680053,1.0366224957903592e-15
6757,-0.12059475557294752,1.5202909439206203,1.5202909439206203,0.0
6758,0.26459708782012115,6.913363097253219,6.913363097253219,0.0
6759,0.14855267928453975,0.4624898798254118,0.4624898798254127,8.881784197001252e-16
6760,0.2605798735440439,-6.941590342485699,-6.941590342485698,1.279502788091755e-16
6761,-0.03897285309600462,3.560799782164377,3.5607997821643766,1.247161416023593e-16
6762,0.634966161551032,0.08752468270784314,0.08752468270784375,6.106226635438361e-16
6763,0.09570874142064478,1.709258654910197,1.709258654910197,0.0
6764,-0.7994771965659488,2.001556493129006,2.0015564931290015,2.218719338547492e-15
6765,-0.8580312033387185,-0.17686815926832195,-0.17686815926832233,3.885780586188048e-16
6766,0.6991247865731498,0.8453104585724502,0.8453104585724516,1.3322676295501878e-15
6767,0.8154464050165504,2.243476248738078,2.2434762487380784,1.9794691835933464e-16
6768,-0.6665793847116216,2.055919552381618,2.055919552381617,4.32010298589379e-16
6769,-0.7968394115144827,3.03182587471995,3.0318258747199516,5.859033179352138e-16
6770,0.8165472313688564,0.18167772893079925,0.18167772893079936,1.1102230246251565e-16
6771,-0.6815862265156127,3.028288387166923,3.028288387166922,2.9329386971993424e-16
6772,-0.974929709020242,-0.20699838932097192,-0.20699838932097947,7.549516567451064e-15
6773,-0.6592087127288744,-8.533883840132965,-8.533883840132967,2.0815338861849018e-16
6774,0.142836751495103,18.6491666011666,18.649166601166602,1.905025438819481e-16
6775,0.8612595277655295,-2.9161990732677703,-2.916199073267773,9.137014285223708e-16
6776,-0.2597139908185624,10.211606472444524,10.211606472444524,0.0
6777,0.2877437274344845,0.06863136174735307,0.06863136174735285,2.220446049250313e-16
6778,0.7525540154342989,4.5963314362986285,4.596331436298629,1.932363738362969e-16
6779,0.4083327885894097,-3.2013089044106695,-3.2013089044106713,5.548845464281307e-16
6780,0.18077293836128483,-1.269736523164133,-1.2697365231641329,1.7487455143190254e-16
6781,-0.25321423852027447,3.2724149945279857,3.2724149945279857,0.0
6782,-0.9885389604333977,2.7271668483016063,2.7271668483015787,1.009601998786796e-14
6783,0.2871982770564976,2.1551529541535115,2.155152954153512,2.0605925393563975e-16
6784,-0.7897533486302915,4.400790913112974,4.400790913112976,4.0364490712505e-16
6785,0.5436700967567649,7.01279844079727,7.012798440797269,1.2665106907010294e-16
6786,0.592976976719239,2.6461655904113557,2.6461655904113552,1.6782366585797354e-16
6787,-0.3577108750744462,2.4590086522084915,2.4590086522084915,0.0
6788,-0.35748452005915876,1.4072407084792835,1.4072407084792837,1.577872240243682e-16
6789,-0.4870423388517009,3.077252822692209,3.077252822692209,0.0
6790,-0.789098493905446,0.8240126302128106,0.8240126302128106,0.0
6791,-0.4672021344799636,4.052470419990339,4.052470419990339,0.0
6792,-0.4525977877290964,0.07003799639433989,0.07003799639433986,2.7755575615628914e-17
6793,0.11349387033923741,1.2482950280309475,1.2482950280309475,0.0
6794,-0.14296677322364115,3.048722107822826,3.048722107822825,2.913281001968386e-16
6795,-0.8016799104319069,-2.001374590843267,-2.0013745908432674,2.2189209950094767e-16
6796,-0.36160101712258597,4.555794846844788,4.555794846844789,1.9495575405798882e-16
6797,-0.43588338324240783,-0.4919466431558843,-0.4919466431558841,2.220446049250313e-16
6798,-0.2544186198043722,0.6206369494646966,0.6206369494646966,0.0
6799,0.12174131346273565,3.903534446450967,3.903534446450967,0.0
6800,-0.7621448778932086,5.115771000069506,5.115771000069506,0.0
6801,-0.8632076525148126,0.477402327119667,0.47740232711965547,1.1546319456101628e-14
6802,-0.34830219387150074,4.689000388170759,4.689000388170759,0.0
6803,-0.885234118572531,2.0538790740737713,2.053879074073773,8.648789803758656e-16
6804,0.53745635179074,1.1690447202864438,1.1690447202864438,0.0
6805,-0.8217947377158537,5.7289663558120925,5.7289663558120925,0.0
6806,0.8854549682386217,1.4805488771507112,1.4805488771507114,1.499745184720629e-16
6807,0.872723986184404,0.09504281776413995,0.09504281776413981,1.3877787807814457e-16
6808,-0.27517751099026877,1.379334087950893,1.3793340879508935,3.2195913501259965e-16
6809,-0.6427674608992509,0.9110953649335514,0.9110953649335505,8.881784197001252e-16
6810,-0.3866320366743703,3.3324648918848485,3.3324648918848476,2.6652296378665516e-16
6811,-0.8440618741536146,4.658503180141242,4.658503180141242,0.0
6812,0.4219867230097545,-1.7794124403043718,-1.7794124403043718,0.0
6813,0.6535878600652834,1.1564924987474101,1.1564924987474101,0.0
6814,0.8696208962338396,2.6693599737773184,2.6693599737773326,5.323693639974948e-15
6815,-0.6508632585670042,4.352127338824459,4.3521273388244595,2.0407914349767824e-16
6816,0.812210051750855,4.109607446641804,4.109607446641804,0.0
6817,-0.7117504801915087,5.995062366835288,5.995062366835289,1.4815165637200577e-16
6818,0.8069392878888795,2.8726276173213687,2.8726276173213723,1.23674703166479e-15
6819,0.05910889750127746,-5.764536080562047,-5.764536080562048,1.5407630506382866e-16
6820,0.6804756002603374,-0.8412845543189669,-0.8412845543189666,2.220446049250313e-16
6821,0.027331330327087455,-4.4543936669254744,-4.454393666925471,7.975751459014322e-16
6822,0.3693474588991721,2.7443681698671933,2.7443681698671933,0.0
6823,-0.629480864610371,0.1249906278002535,0.12499062780025305,4.440892098500626e-16
6824,-0.042531172604259315,0.9623059970529255,0.9623059970529255,0.0
6825,-0.543803704910941,0.9767104906448056,0.9767104906448054,2.220446049250313e-16
6826,-0.48546743045893304,3.255703710501491,3.2557037105014905,1.364034474075829e-16
6827,0.883585311818752,6.1023700886899395,6.102370088689948,1.4554646912455614e-15
6828,0.8941429274533539,15.991324198290448,15.991324198290457,5.554126779538844e-16
6829,0.02609059019806037,1.7312223384731702,1.7312223384731706,2.5651772160109807e-16
6830,0.5907940865817856,1.5487366900001818,1.5487366900001818,0.0
6831,0.4005386718935191,1.3965795977128055,1.3965795977128053,1.5899172899896027e-16
6832,-0.6109374653700355,2.789035077968848,2.7890350779688493,4.776804852954483e-16
6833,-0.31104348262394843,2.948549545979399,2.9485495459793984,1.5061276838831367e-16
6834,0.3260743209233119,2.1388369118088293,2.138836911808829,2.0763116972508823e-16
6835,0.11869936794234537,-2.403927547034732,-2.403927547034732,0.0
6836,-0.5712135296423155,1.03399053532609,1.0339905353260903,2.147452973106809e-16
6837,0.2701280640942809,8.025242562789925,8.025242562789925,0.0
6838,0.566619166785471,2.445816088194076,2.445816088194076,0.0
6839,0.6164138619332362,1.8794163352015771,1.8794163352015776,2.362910237248905e-16
6840,0.9820984633414727,0.7703978802340027,0.7703978802340028,1.1102230246251565e-16
6841,0.16117442199512566,1.0518285747745597,1.0518285747745597,0.0
6842,-0.13692247432460392,1.0696878488565473,1.0696878488565473,0.0
6843,0.4036723095902419,-0.03240394219255044,-0.03240394219255044,0.0
6844,-0.2755396224397627,-0.03305891615393319,-0.03305891615393325,5.551115123125783e-17
6845,0.04122219978869812,1.0373612750127794,1.0373612750127796,2.1404751678463793e-16
6846,-0.24327651031226405,8.907208883239473,8.907208883239475,1.9942912114060642e-16
6847,-0.1924467570649152,17.42174193571182,17.421741935711825,2.0392413639866852e-16
6848,-0.14415385519742652,3.7774698559172073,3.777469855917207,1.17562608515438e-16
6849,-0.05686029700010764,2.6425973396601243,2.6425973396601248,1.6805027507791968e-16
6850,-0.3913287726250867,8.959447100374303,8.959447100374303,0.0
6851,-0.6859509591707522,1.855161699633329,1.855161699633329,0.0
6852,0.926781977734721,-2.304175612794384,-2.304175612794385,3.85464725330978e-16
6853,-0.11847310551221202,0.36057358190918265,0.36057358190918265,0.0
6854,-0.8414278942103794,0.9960626777362864,0.9960626777362869,4.440892098500626e-16
6855,0.7960723762972122,-0.2392933544321743,-0.23929335443217492,6.106226635438361e-16
6856,-0.2571715068122187,1.0366785421446338,1.036678542144633,8.567539344093124e-16
6857,-0.8500621023729049,2.4556535677471967,2.455653567747197,1.8084359116561692e-16
6858,0.9006540017694515,0.2493673991421951,0.2493673991421952,8.326672684688674e-17
6859,0.32874823171991796,2.0489509804365205,2.0489509804365205,0.0
6860,-0.756609301736207,2.33113197282209,2.33113197282209,0.0
6861,0.7881798486423912,0.3531547253918803,0.353154725391879,1.3322676295501878e-15
6862,0.05648623136075748,-1.8007883459219092,-1.800788345921909,1.2330411035137842e-16
6863,-0.5425678174117643,0.17339749634401413,0.17339749634401436,2.220446049250313e-16
6864,0.04015409722773189,2.2660838216150627,2.266083821615063,1.9597210200881068e-16
6865,0.2670022175060429,-1.3661723948141968,-1.3661723948141962,4.875913298377617e-16
6866,0.5454813658051776,0.5962709630349253,0.5962709630349254,1.1102230246251565e-16
6867,-0.11813538929582856,3.9999186420433572,3.9999186420433577,1.1102456064536348e-16
6868,-0.8301881597635281,4.070205102249703,4.0702051022497026,2.1821465930775994e-16
6869,0.21698318190829147,9.023664623100254,9.023664623100254,0.0
6870,0.39607465350463067,1.3171382546366461,1.317138254636646,1.6858109172927022e-16
6871,0.9270673342212723,1.3864662292159824,1.3864662292159822,1.6015147015199417e-16
6872,-0.04748835365795889,0.3944660640398264,0.3944660640398264,0.0
6873,0.7820002301805231,2.9384880153578434,2.9384880153578434,0.0
6874,0.8735839830633161,5.101915120158858,5.10191512015885,1.5667853323777427e-15
6875,-0.26629613211757164,-1.054054924631407,-1.0540549246314068,2.1065752811949358e-16
6876,-0.39923958660313474,1.078833743747057,1.078833743747057,0.0
6877,0.6700054097027823,5.707168712077628,5.707168712077626,3.1125010123515143e-16
6878,-0.12300012780517555,-0.07497567033719599,-0.07497567033719621,2.220446049250313e-16
6879,-0.30698541606204766,2.042149221870823,2.0421492218708233,2.174616845301982e-16
6880,0.6273286851527218,2.7447711313426804,2.74477113134268,1.6179462279349468e-16
6881,-0.08775308515386138,1.0809024768461781,1.0809024768461784,2.0542519763013754e-16
6882,-0.04485457078199284,7.035958799185517,7.035958799185517,0.0
6883,-0.5354450211178806,1.930407654042264,1.930407654042264,0.0
6884,-0.11236122786109093,1.2821438008715407,1.282143800871541,1.731822941967164e-16
6885,-0.903434288355672,3.162178765718954,3.1621787657189557,5.617509227048324e-16
6886,0.2921430266565048,1.7048445562503631,1.7048445562503631,0.0
6887,-0.41075206532550745,1.5288999000820376,1.5288999000820382,4.3569485140220795e-16
6888,-0.8986657024146312,2.0200901775598545,2.0200901775598537,4.396726589567355e-16
6889,0.22790675961733609,2.6868520346241023,2.686852034624103,3.3056469364692195e-16
6890,0.4675370652896724,5.342829907190623,5.342829907190622,1.662374500271428e-16
6891,-0.3843153573885105,4.007420661985939,4.007420661985939,0.0
6892,0.04383921395945345,5.21059230877976,5.21059230877976,0.0
6893,-0.5523577370161915,5.6493764429514,5.649376442951403,4.716512142547796e-16
6894,-0.32837056817081456,0.7034378320081573,0.7034378320081573,0.0
6895,-0.3536872924447225,-6.082074133376441,-6.082074133376441,0.0
6896,0.859347568139764,3.9943132817233438,3.994313281723344,1.1118036531637814e-16
6897,-0.40324631824810675,-4.552198875094271,-4.55219887509427,1.951097577391612e-16
6898,-0.3564852191021537,9.668765700854449,9.668765700854447,1.8372115886966526e-16
6899,-0.6255424651141379,4.821983364965335,4.821983364965336,1.8419358850411761e-16
6900,0.13093381609179633,10.151562811481988,10.151562811481988,0.0
6901,0.3005022664352426,1.381963834720623,1.381963834720623,0.0
6902,-0.7980293199807817,2.5971234257605387,2.597123425760539,1.7099272427532629e-16
6903,0.8469548996165526,0.5104554062534612,0.5104554062534579,3.3306690738754696e-15
6904,-0.6496676312919063,1.3339552284450278,1.3339552284450278,0.0
6905,0.12549631297748376,0.5396478360772333,0.5396478360772333,0.0
6906,0.677319704429667,0.5553375610938787,0.5553375610938791,4.440892098500626e-16
6907,0.19164616446289862,2.7745765132916094,2.77457651329161,1.6005657357894193e-16
6908,-0.6450264137350405,0.7135289527536474,0.7135289527536475,1.1102230246251565e-16
6909,0.35729054022177564,3.0200302510438237,3.0200302510438233,1.470479342703837e-16
6910,0.9794012732201309,0.8531066053006979,0.8531066053006975,4.440892098500626e-16
6911,-0.4547606211003786,1.7467938246087844,1.7467938246087846,1.2711551975789753e-16
6912,0.34615174533983306,0.7224331297051777,0.722433129705178,3.3306690738754696e-16
6913,-0.7905934892872255,10.515418673556464,10.515418673556466,1.689287792094598e-16
6914,0.05576280249905574,3.1917583442424355,3.191758344242436,1.3913622585216967e-16
6915,-0.2789771301027978,4.479766264167157,4.479766264167157,0.0
6916,0.8360556046803742,1.5193461562277435,1.5193461562277435,0.0
6917,0.978938213466932,0.6402601926606968,0.6402601926606977,8.881784197001252e-16
6918,-0.7022076870646626,5.214370476582687,5.214370476582687,0.0
6919,-0.8699485490605966,5.144029035156004,5.144029035156006,3.453240304943921e-16
6920,0.9733905787908612,2.742920638035418,2.742920638035418,0.0
6921,0.11654044510309935,4.148261187093149,4.148261187093149,0.0
6922,-0.22694404873883878,4.703759250748597,4.703759250748598,1.8882310346958614e-16
6923,0.6295264316038329,0.04209614552428498,0.04209614552428487,1.1102230246251565e-16
6924,-0.1946031643793179,5.449772788116506,5.449772788116506,0.0
6925,-0.5554350272985058,-0.045345010255394724,-0.045345010255394946,2.220446049250313e-16
6926,0.5410129420940073,2.9986431476413427,2.9986431476413427,0.0
6927,-0.6930269556034687,-0.6399494029141999,-0.6399494029142012,1.3322676295501878e-15
6928,-0.3802584075786969,1.596564603313818,1.5965646033138179,1.3907649240385082e-16
6929,0.7933176058384976,0.5503022419194491,0.5503022419194491,0.0
6930,0.3672636956012476,2.857164143485846,2.857164143485846,0.0
6931,0.562741008133991,3.68073627965593,3.6807362796559295,1.2065227609612265e-16
6932,-0.7523440068417621,5.869780258819199,5.869780258819198,3.026274853698856e-16
6933,-0.19838190258207822,0.33507591394257613,0.3350759139425759,2.220446049250313e-16
6934,-0.24571767808149592,4.237576973421368,4.237576973421368,0.0
6935,0.3364690626712261,6.07321633058346,6.0732163305834606,1.4624514776913885e-16
6936,0.6293979975140331,8.156750012114601,8.156750012114603,2.1777752619143195e-16
6937,0.867656713404269,4.430669149145507,4.430669149145507,0.0
6938,0.5514425000544276,1.6282010011415808,1.6282010011415808,0.0
6939,-0.2029225855183584,1.9855431165407174,1.9855431165407176,1.1183066390010466e-16
6940,-0.5614358179806108,-1.1946246853260964,-1.1946246853260967,1.8586976114964496e-16
6941,-0.5680244245441377,-2.955676852996075,-2.9556768529960746,1.5024958137757976e-16
6942,-0.13114952497665944,1.306128316587738,1.3061283165877382,1.700021369302544e-16
6943,0.9869569684508455,3.7572574167979496,3.7572574167979482,3.5458513531542573e-16
6944,-0.6544588153012914,0.9972357086909107,0.9972357086909102,5.551115123125783e-16
6945,0.16384689474745118,0.5419257792511893,0.5419257792511893,0.0
6946,-0.06174563677357636,0.0718348888939373,0.0718348888939373,0.0
6947,0.3217623563468479,1.1293955362546826,1.1293955362546835,7.864192757884585e-16
6948,-0.3562842791161974,-0.018913368255758067,-0.018913368255758067,0.0
6949,0.884490544735619,5.188139662067057,5.188139662067055,3.423880147999938e-16
6950,0.8529588970834634,-0.4030723511238477,-0.40307235112384765,5.551115123125783e-17
6951,-0.43040142915064383,2.135137710767277,2.1351377107672778,4.1598179603176605e-16
6952,0.19065339466250042,11.28987253843526,11.289872538435262,1.5734073465867914e-16
6953,0.13713930124021312,-0.41972085606430376,-0.419720856064304,2.220446049250313e-16
6954,-0.09814439237943273,1.481365901689319,1.481365901689319,0.0
6955,-0.8119162927344732,2.1065667917227118,2.106566791722712,2.108118344953566e-16
6956,-0.14529727110225654,-1.1712607469180027,-1.1712607469180032,3.791548645496888e-16
6957,-0.5853192448465769,-1.735473230604831,-1.7354732306048315,2.558894035463127e-16
6958,0.19810875290854368,3.243694033359758,3.243694033359758,0.0
6959,0.8073299823793989,-0.27397811498707525,-0.27397811498707547,2.220446049250313e-16
6960,-0.14492088908883471,0.2253051314373844,0.2253051314373844,0.0
6961,-0.08031861724276212,-2.045841936407391,-2.0458419364073905,2.1706916939531861e-16
6962,0.7779749201214128,4.835021628818524,4.835021628818524,0.0
6963,-0.0845309709143579,1.585630210574948,1.5856302105749478,1.4003555396722554e-16
6964,0.12652710720200466,0.5652448085752587,0.5652448085752586,1.1102230246251565e-16
6965,-0.4696449335496543,5.048967880373503,5.048967880373504,1.7591286788586605e-16
6966,-0.5871502796908235,2.682887495838537,2.682887495838537,0.0
6967,0.8178876808190729,6.412607064072999,6.412607064072998,1.3850504339743443e-16
6968,-0.6185194041714233,0.4589135551164439,0.45891355511644394,5.551115123125783e-17
6969,0.1672099906943212,0.7213817828935705,0.7213817828935702,2.220446049250313e-16
6970,0.024329986253693647,1.0024159324550856,1.0024159324550856,0.0
6971,-0.7574608568216393,1.6083221257428204,1.6083221257428204,0.0
6972,0.15220083747141944,2.8482711767484146,2.848271176748414,1.55915354364901e-16
6973,-0.41734790624977147,1.518121558807533,1.5181215588075323,4.3878819249384374e-16
6974,-0.402967514590852,2.1642321709547825,2.1642321709547825,0.0
6975,0.7379214640678053,4.659906579991283,4.659906579991282,1.906000484030705e-16
6976,-0.7208177142081772,-2.6312386094208775,-2.6312386094208757,6.75102908964694e-16
6977,0.26194372682207745,0.1005736049190457,0.10057360491904567,2.7755575615628914e-17
6978,-0.11691910054365906,-0.042294053802915066,-0.04229405380291462,4.440892098500626e-16
6979,0.3180953026454785,3.3873614834237267,3.3873614834237262,1.3110180653090673e-16
6980,-0.1848190245559782,0.07288286921955134,0.07288286921955134,0.0
6981,0.26876310495282385,2.1164721975730223,2.1164721975730227,2.0982520363806512e-16
6982,0.984957594638159,-0.8327868215860628,-0.8327868215860583,4.440892098500626e-15
6983,-0.21196778661374305,2.26842512758968,2.2684251275896794,1.9576983363869301e-16
6984,-0.00526538074588101,3.89043971348472,3.89043971348472,0.0
6985,0.2426539370858305,-4.150910412581078,-4.1509104125810765,4.279439117780655e-16
6986,-0.19774093671159954,-0.1831152404799684,-0.18311524047996847,5.551115123125783e-17
6987,0.8097886692949443,2.5425473762861004,2.5425473762860946,2.270620316418123e-15
6988,-0.2054285695800021,-0.4087181030449001,-0.40871810304489964,4.440892098500626e-16
6989,-0.06079676395978861,1.640347430921852,1.640347430921852,0.0
6990,-0.03952147880469048,2.460291742925506,2.4602917429255062,1.8050266238832351e-16
6991,0.5298943918150201,4.411815663758433,4.411815663758434,2.013181164834717e-16
6992,0.31994598688139075,3.0783472811130657,3.078347281113066,1.4426221907279069e-16
6993,0.9773137771343547,7.501782060128927,7.501782060128939,1.5391435479669468e-15
6994,0.6084737922864285,3.5349575809557936,3.534957580955793,1.2562787520918096e-16
6995,-0.46121601141190816,1.462851797328103,1.4628517973281028,1.5178885881030157e-16
6996,0.8221887453739967,0.3508656810724703,0.35086568107247107,7.771561172376096e-16
6997,-0.14806359004227665,-2.637311208600959,-2.6373112086009596,1.6838710896225367e-16
6998,0.5809553266179046,-0.3750060579923662,-0.37500605799236597,2.220446049250313e-16
6999,-0.870610581069339,5.258167191181795,5.258167191181796,1.6891406975222167e-16
7000,-0.0808286952917402,0.020924145882232514,0.020924145882232514,0.0
7001,-0.276944509703441,0.9565925757985306,0.9565925757985307,1.1102230246251565e-16
7002,0.4863025252416131,0.6151338358187062,0.6151338358187055,6.661338147750939e-16
7003,-0.1814889267747749,0.569770674713403,0.5697706747134029,1.1102230246251565e-16
7004,-0.33687279198326014,4.047091767013304,4.047091767013301,8.778436179178493e-16
7005,0.756752115321665,3.231113326002646,3.231113326002646,0.0
7006,0.9031207649572743,0.7163763218865529,0.7163763218865427,1.021405182655144e-14
7007,-0.24079032703300984,-2.415197309643622,-2.415197309643622,0.0
7008,0.928681843199916,3.7168674586732093,3.7168674586732138,1.1947943121129932e-15
7009,0.39680939145079996,0.27511305776127487,0.2751130577612748,5.551115123125783e-17
7010,-0.5413092621414125,-2.6574360615823007,-2.6574360615823007,0.0
7011,-0.6108227817174123,0.2914086894633984,0.29140868946339893,5.551115123125783e-16
7012,0.8090276983073987,-0.4567322697851184,-0.4567322697851246,6.217248937900877e-15
7013,-0.10700999266844302,2.3148600436547837,2.3148600436547833,1.9184279026602346e-16
7014,-0.1739313145180449,5.612066183559107,5.612066183559106,1.5826228534191178e-16
7015,0.04313398076481567,0.9628776277514004,0.9628776277514002,2.220446049250313e-16
7016,-0.7107979275810379,1.327745020021439,1.327745020021439,0.0
7017,-0.6879914642151288,-1.314620480142918,-1.314620480142917,6.756158397924605e-16
7018,0.21423629891600204,9.123374059377236,9.123374059377236,0.0
7019,0.925107840847494,1.9959841958910651,1.9959841958910616,1.7799307660421965e-15
7020,-0.9503918457389272,0.20347675858516112,0.20347675858515757,3.552713678800501e-15
7021,0.9156551277933576,-1.9266221908804202,-1.926622190880419,5.762536266219436e-16
7022,-0.3734612428285361,0.12163568967917637,0.1216356896791777,1.3322676295501878e-15
7023,-0.3226593366390571,-2.8923380472373763,-2.8923380472373763,0.0
7024,0.8398922514731602,0.8902975838424179,0.890297583842418,1.1102230246251565e-16
7025,-0.3039024312845089,0.9113532035060994,0.9113532035060994,0.0
7026,0.3315489834076162,7.165095550561013,7.165095550561014,1.239590475008505e-16
7027,0.6173815433695524,8.128425963585151,8.128425963585151,0.0
7028,-0.8370940175728994,0.6876922479490026,0.6876922479490027,1.1102230246251565e-16
7029,0.6758543697489439,2.349405703251101,2.3494057032511,3.780438680603637e-16
7030,-0.6195996776463422,3.251680560402542,3.2516805604025425,1.3657221292213482e-16
7031,0.5730393799449431,1.0138525521987052,1.0138525521987052,0.0
7032,-0.6747291311787084,5.8642821747737335,5.864282174773733,1.5145560756281216e-16
7033,-0.6277377295759574,3.347752491997955,3.3477524919979555,1.3265293981904498e-16
7034,-0.41649955331245836,4.649000844320004,4.649000844320005,1.9104716248552037e-16
7035,0.8270779770879892,1.4095498679788316,1.4095498679788232,5.986091857289228e-15
7036,-0.23455595882495006,-0.002840264711779228,-0.002840264711779117,1.1102230246251565e-16
7037,0.9829678675012481,4.083476867336098,4.083476867336088,2.3925598048201807e-15
7038,-0.6685338788633981,5.3711216327772195,5.371121632777221,3.307236292248624e-16
7039,-0.2569106570912211,0.5507172631868857,0.5507172631868855,2.220446049250313e-16
7040,-0.812654234870428,1.176269935488605,1.176269935488605,0.0
7041,0.026509782141380445,1.7336378531927128,1.7336378531927124,2.5616030997028376e-16
7042,-0.41258982158963897,2.527595557655629,2.527595557655629,0.0
7043,0.6819100101650359,-2.9437345614809054,-2.9437345614809027,9.051547289508084e-16
7044,0.02892550472213573,2.2264092902143084,2.2264092902143084,0.0
7045,0.18907447677674005,8.23422189147402,8.234221891474023,4.3145712195090295e-16
7046,-0.7877553760985917,0.08858562527956955,0.08858562527956955,0.0
7047,-0.5697012811573297,1.635854359296506,1.6358543592965065,2.7147233940865115e-16
7048,-0.19355064370828734,1.800201173375565,1.800201173375565,0.0
7049,0.22097493326544781,3.4057174455322903,3.40571744553229,1.303952007036375e-16
7050,0.20131948023465607,1.9177350890866356,1.9177350890866354,1.1578481625988554e-16
7051,0.6094640601134551,4.157433255572029,4.157433255572029,0.0
7052,-0.6294078667017351,0.30044487858412405,0.30044487858412494,8.881784197001252e-16
7053,-0.5107905922894116,9.815478530091577,9.815478530091577,0.0
7054,-0.5341346733347211,0.5888608595162337,0.5888608595162338,1.1102230246251565e-16
7055,-0.7720031413541322,-3.284153680448277,-3.2841536804482767,1.3522181148034637e-16
7056,0.9132406511559126,-3.687376170045197,-3.6873761700451944,7.226100989494966e-16
7057,0.937657260258099,4.016351083538343,4.016351083538343,0.0
7058,0.629505124835031,6.668716793131434,6.668716793131434,0.0
7059,-0.6320707268388349,1.1397790493021847,1.1397790493021847,0.0
7060,-0.5542177856346364,1.4044860805457282,1.4044860805457278,3.1619338632213926e-16
7061,0.6515079132250672,0.4762584442541474,0.4762584442541473,5.551115123125783e-17
7062,-0.6269291867663165,1.376395043045345,1.3763950430453429,1.6132331051828416e-15
7063,-0.36108422261865136,8.829328507603783,8.829328507603785,2.011882146949747e-16
7064,0.9546815406395777,2.5344870586415533,2.534487058641554,3.5043714927318483e-16
7065,-0.4513715477442425,2.8753188545377033,2.875318854537703,1.5444868284754588e-16
7066,-0.01432503582762501,3.6955946845615966,3.695594684561597,1.2016718492026522e-16
7067,-0.7849975512756133,5.51716167460076,5.517161674600761,1.6098466423215642e-16
7068,0.5126601138550697,1.1147099218795158,1.1147099218795171,1.1951697956575531e-15
7069,-0.7902448879736367,0.7610775161680878,0.7610775161680863,1.5543122344752192e-15
7070,0.15021169700904613,0.4908183207114603,0.49081832071146037,5.551115123125783e-17
7071,-0.7612557317049162,2.903157927739078,2.903157927739078,0.0
7072,0.872287701823041,-3.546994009735956,-3.546994009735956,0.0
7073,0.7112239738203494,7.637762937324679,7.637762937324677,2.3257553998166706e-16
7074,-0.6429128220298981,1.1560473931491393,1.1560473931491393,0.0
7075,-0.14304526643944993,-0.6902681519538618,-0.6902681519538627,8.881784197001252e-16
7076,-0.49684146621478636,1.4173489558531154,1.4173489558531152,1.5666191731264982e-16
7077,0.03265935354024352,0.8471526629897703,0.8471526629897702,1.1102230246251565e-16
7078,-0.202285991977322,0.25091003045431265,0.25091003045431265,0.0
7079,-0.9367265438789213,0.6959605016279378,0.6959605016279373,4.440892098500626e-16
7080,-0.3552264059233392,0.0008949856882252138,0.0008949856882254359,2.220446049250313e-16
7081,0.2274644279627389,6.504445133696317,6.504445133696318,1.3654945217370067e-16
7082,0.5007395499585456,4.964968364904729,4.964968364904729,0.0
7083,0.8922305036607847,2.2181408484850023,2.2181408484850027,2.002078498096174e-16
7084,-0.14798318379318376,3.2227844988043084,3.222784498804309,1.3779674378315554e-16
7085,-0.18854011696879758,5.745220152387567,5.745220152387568,1.5459432295749727e-16
7086,0.22268248278261749,0.9530305634248308,0.9530305634248306,2.220446049250313e-16
7087,0.7430675450431636,10.929209959081025,10.929209959081025,0.0
7088,-0.7609357583137074,3.805495834046329,3.8054958340463285,1.1669680620248347e-16
7089,-0.13392074982020474,2.521848345150187,2.521848345150187,0.0
7090,-0.8986355440595918,1.9105060185804477,1.9105060185804477,0.0
7091,0.7792438328886093,0.5560608696755426,0.5560608696755426,0.0
7092,-0.4454899535824862,9.9980905501073,9.9980905501073,0.0
7093,-0.7467098983214482,5.386827290669535,5.386827290669535,0.0
7094,0.7230458332204921,-0.6677145974460281,-0.6677145974460279,2.220446049250313e-16
7095,0.46890793606295555,-0.5903018867922962,-0.5903018867922958,4.440892098500626e-16
7096,0.6546372908490612,6.417020503984463,6.417020503984463,0.0
7097,-0.7427430571984924,0.0454473984575805,0.04544739845758072,2.220446049250313e-16
7098,0.47193099966322816,0.4876723194049182,0.48767231940491823,5.551115123125783e-17
7099,-0.40050983246013583,0.5965866039368353,0.596586603936835,2.220446049250313e-16
7100,-0.8009224491536503,0.7030721144980897,0.7030721144980898,1.1102230246251565e-16
7101,0.2817710348161284,-1.6581690109256368,-1.6581690109256373,2.678190262415768e-16
7102,0.12505538611336342,2.0279293939506213,2.0279293939506213,0.0
7103,0.9593561720320805,5.219200980808332,5.2192009808083295,5.105255131768659e-16
7104,0.5713583027954314,3.702426304303528,3.702426304303529,2.398909111756655e-16
7105,0.09550272706691354,1.0154137209133147,1.0154137209133145,2.1867402453978375e-16
7106,0.8168228599218881,0.19878999483553583,0.19878999483553583,0.0
7107,0.09329520059471719,0.85116367313259,0.8511636731325901,1.1102230246251565e-16
7108,0.5968535178389085,-0.9405638363182125,-0.9405638363182129,4.440892098500626e-16
7109,-0.5500108870108628,1.2349227596185446,1.2349227596185444,1.79804447845482e-16
7110,-0.16519062519846628,5.627722479478727,5.627722479478728,1.578220004520183e-16
7111,0.6962668266876695,2.2475267109307255,2.247526710930725,1.975901811045264e-16
7112,-0.6995508780157518,4.904821345083459,4.904821345083459,0.0
7113,-0.9271066419799269,0.150648520066335,0.150648520066337,1.9984014443252818e-15
7114,-0.5038314952657887,-1.66293627287354,-1.6629362728735395,2.6705124970464455e-16
7115,0.7785260149266355,-0.5497419405995366,-0.5497419405995366,0.0
7116,-0.17040327510741016,0.8584980830594879,0.8584980830594879,0.0
7117,-0.7351199824006983,-2.423988042604351,-2.4239880426043503,3.6641204663116225e-16
7118,-0.4385219922433139,4.054505745295486,4.054505745295486,0.0
7119,-0.5088385804940052,2.450738079076593,2.4507380790765936,1.8120631235198735e-16
7120,0.9753041118823975,0.61130712674544,0.6113071267454515,1.1546319456101628e-14
7121,0.0547937573648587,4.681154262070988,4.681154262070988,0.0
7122,-0.978529626715656,-0.037822499970214696,-0.03782249997021836,3.6637359812630166e-15
7123,0.13340159967367815,1.3409917963157971,1.3409917963157971,0.0
7124,0.3006576977262507,8.113204994184809,8.113204994184807,2.1894637700803387e-16
7125,0.8626202610273406,4.421359828699198,4.421359828699198,0.0
7126,0.32471437050868324,1.1856054013066115,1.1856054013066115,0.0
7127,-0.20039175301057777,2.3992202791498856,2.399220279149885,1.8509730586614436e-16
7128,-0.5858792420731997,2.8324077011699784,2.8324077011699784,0.0
7129,-0.9750294881637966,0.37352793737287193,0.373527937372927,5.5067062021407764e-14
7130,0.22389524301163832,5.741402756529415,5.741402756529416,1.546971110309312e-16
7131,-0.5895417614020988,-1.7379553131747136,-1.737955313174713,3.832859278517759e-16
7132,0.35548997866066423,5.559195175526986,5.559195175526986,0.0
7133,-0.8789271035327751,2.3016048225049204,2.3016048225049204,0.0
7134,-0.023522766675851625,1.7954924960808387,1.795492496080839,1.2366779889623898e-16
7135,0.031139287667261373,-1.9228137275352204,-1.9228137275352204,0.0
7136,-0.08538546813205505,1.8025216132114257,1.8025216132114257,0.0
7137,0.28805852031558676,-1.1469629090279518,-1.1469629090279518,0.0
7138,0.20863806280314523,0.17047822790851735,0.17047822790851738,2.7755575615628914e-17
7139,-0.20707711707413534,-3.4620230305623094,-3.4620230305623076,5.130979267667468e-16
7140,0.8424699383474024,-0.9567886918089741,-0.9567886918089745,4.440892098500626e-16
7141,-0.79965137136889,0.021942457341557524,0.021942457341557517,6.938893903907228e-18
7142,-0.3858369933107414,2.4115644593930625,2.4115644593930625,0.0
7143,-0.25382873164099184,0.33311370080249514,0.33311370080249514,0.0
7144,-0.6916738751650825,3.8596001239638875,3.8596001239638875,0.0
7145,0.48344129563627836,7.485418216131635,7.485418216131636,1.1865448182788698e-16
7146,0.6051491700437179,1.3362382748984585,1.3362382748984576,6.646856600239343e-16
7147,-0.9640497699601904,2.181625111609702,2.181625111609705,1.4249123061554579e-15
7148,0.2293042124452216,0.8079623398542917,0.8079623398542919,2.220446049250313e-16
7149,0.5293016239334187,7.30624170594313,7.30624170594313,0.0
7150,0.9453171107980196,3.188428544333147,3.188428544333153,1.8106599058999007e-15
7151,0.5709263322000735,-0.11740939518234456,-0.11740939518234461,5.551115123125783e-17
7152,-0.34893619114359475,2.3295433749573107,2.3295433749573107,0.0
7153,-0.9794356265840851,0.2583091574748526,0.25830915747485506,2.4424906541753444e-15
7154,0.5473542600521382,3.377604119577159,3.377604119577157,6.574026945254585e-16
7155,0.6270691669772763,0.3356272936833025,0.3356272936833026,5.551115123125783e-17
7156,0.5353793513986314,5.194779045857428,5.194779045857428,0.0
7157,-0.3347669561813824,-0.15906762992906842,-0.15906762992906848,5.551115123125783e-17
7158,0.17303197863797326,1.1926017250653496,1.1926017250653493,1.8618504422577806e-16
7159,-0.23888727780276542,1.1716018261455754,1.1716018261455752,1.89522242087596e-16
7160,-0.1633661435825946,3.9411508170025185,3.9411508170025176,2.2536017040211573e-16
7161,-0.0232671185374993,2.9673529371578047,2.9673529371578047,0.0
7162,0.3066936518692811,0.06674313809234511,0.06674313809234511,0.0
7163,0.023642495718267043,0.550434268483593,0.5504342684835928,2.220446049250313e-16
7164,0.360103111826922,0.6888166784923362,0.688816678492336,2.220446049250313e-16
7165,-0.767050593817413,1.6738141205124877,1.6738141205124877,0.0
7166,0.2729824601718047,9.511597805171226,9.511597805171224,1.8675693356530364e-16
7167,0.7825854812449176,1.2267834875454053,1.2267834875454051,1.8099738640051842e-16
7168,0.12971336511970444,6.124917599633601,6.124917599633601,0.0
7169,-0.040245870045551246,-0.021304565483063587,-0.021304565483063476,1.1102230246251565e-16
7170,-0.4934842317839669,1.2151580900108088,1.2151580900108088,0.0
7171,0.17951937300259413,2.055143174967075,2.055143174967075,0.0
7172,-0.2678172253945065,1.680701269079385,1.6807012690793852,1.3211426028532583e-16
7173,-0.36636797302114477,4.379573144796694,4.379573144796694,0.0
7174,0.2738833864198029,2.6005011696049536,2.6005011696049536,0.0
7175,-0.8386624018215326,1.0507794226254061,1.0507794226254064,2.1131419225002116e-16
7176,-0.6756625430814969,3.328423222170755,3.3284232221707537,4.0026989977593655e-16
7177,-0.1062417920171621,2.777962613702026,2.7779626137020257,1.5986147821415467e-16
7178,0.17163770730720063,1.1498332408441458,1.1498332408441458,0.0
7179,-0.21687154952156362,5.289296006348432,5.289296006348432,0.0
7180,0.9664230534094307,-1.3367922177849083,-1.3367922177849465,2.856963972335937e-14
7181,0.5452623424742586,7.7988132402139225,7.798813240213921,2.277727116531803e-16
7182,0.2622870266037234,5.804821232670942,5.804821232670942,0.0
7183,0.15945142404116996,1.115337092152623,1.115337092152623,0.0
7184,0.3262173440089735,7.012140596271954,7.012140596271955,1.2666295085017698e-16
7185,0.0577781489070186,2.269863282083541,2.269863282083541,0.0
7186,0.15803398228629484,-1.6529631776724563,-1.6529631776724563,0.0
7187,0.6772232550295858,6.575832185721996,6.575832185721996,0.0
7188,0.7370453721628412,1.7605501569833348,1.7605501569833315,1.8918342432132125e-15
7189,-0.3632389284653156,1.9003931619437324,1.900393161943732,2.336828077174545e-16
7190,-0.10218992642734714,1.5012837484890993,1.501283748489099,1.4790315631438645e-16
7191,-0.886464216614065,1.5164647314354758,1.5164647314354713,2.92845063023451e-15
7192,0.7781402390631564,-6.766404151827583,-6.766404151827576,1.050103895387604e-15
7193,0.9882751003339196,1.6900928855296886,1.69009288552969,7.882807157860111e-16
7194,-0.5584135635876103,-2.6857424183859138,-2.6857424183859138,0.0
7195,0.4515864603963251,0.42687550948480335,0.42687550948480335,0.0
7196,-0.8984450799492482,2.3490864144395993,2.3490864144396006,5.671428779123969e-16
7197,0.7869686319095315,0.409049800986528,0.409049800986528,0.0
7198,0.6759124148816631,0.8868724692092613,0.8868724692092612,1.1102230246251565e-16
7199,0.7162842791591806,3.9215623159585906,3.921562315958589,4.529717230735976e-16
7200,-0.5044676890838167,4.616175929591759,4.61617592959176,1.9240566937808913e-16
7201,-0.5077954421798092,-6.34527159554202,-6.34527159554202,0.0
7202,-0.18736003493798503,3.584289411603861,3.5842894116038604,1.238988147587519e-16
7203,-0.6853120454747497,3.4326609324345743,3.4326609324345743,0.0
7204,-0.2701369193877715,0.27631682398071594,0.27631682398071594,0.0
7205,-0.6758337524629303,6.68944360279932,6.6894436027993205,1.3277313816181226e-16
7206,0.32817260247802293,1.0462444137228997,1.0462444137228994,2.1223014623793284e-16
7207,0.5929482022332462,3.951404904974117,3.9514049049741167,1.123876748978656e-16
7208,-0.25398349952175203,3.504797548265541,3.5047975482655414,1.267089478734183e-16
7209,-0.7445929955749285,-2.5886192325050614,-2.588619232505062,1.715544736258133e-16
7210,-0.8383325211336063,0.5648745072646899,0.5648745072646901,2.220446049250313e-16
7211,-0.5707825494498404,4.446533098524293,4.446533098524292,1.9974627423663892e-16
7212,-0.21365116448451782,-0.8014538363187143,-0.8014538363187156,1.3322676295501878e-15
7213,0.8084889060062626,3.7005915379140393,3.700591537914031,2.280093574420098e-15
7214,0.0003141699645956564,2.167450969183761,2.167450969183761,0.0
7215,0.07601571479019875,1.5313407188376733,1.5313407188376735,1.4500013105742322e-16
7216,-0.1841662899318871,1.1392591312263818,1.1392591312263818,0.0
7217,0.3356184179835824,5.663144305727853,5.663144305727853,0.0
7218,0.3851227410553877,-0.2180179806846254,-0.21801798068462608,6.661338147750939e-16
7219,0.49158380445511063,0.09553483490252374,0.09553483490252374,0.0
7220,0.2992622149254218,2.183555769167378,2.1835557691673784,2.0337891805685384e-16
7221,0.5961999819341859,2.6586019264479996,2.658601926448,1.6703862486227258e-16
7222,-0.8055739559131525,-2.5867455988830264,-2.5867455988830272,3.433574681961947e-16
7223,0.3134183557402743,3.6686938985222524,3.6686938985222532,2.4209662737408616e-16
7224,0.945602448546286,1.6065256523048272,1.6065256523048268,2.7642833415883716e-16
7225,0.2644623349004134,0.10886001782561072,0.10886001782561072,0.0
7226,0.9414543904200403,2.463248414309176,2.4632484143091755,1.8028600252833554e-16
7227,0.962818002507043,-1.0454350448577365,-1.0454350448577259,1.0194933763533696e-14
7228,0.1710702780056419,0.1932610646215655,0.19326106462156556,5.551115123125783e-17
7229,0.06773413848502563,3.7247838913798974,3.7247838913798974,0.0
7230,-0.9032392755736258,-0.9899218988755671,-0.989921898875572,4.884981308350689e-15
7231,0.9213556457492189,-2.6503932709845754,-2.650393270984577,6.702238716220271e-16
7232,-0.411965207677637,0.8089215217865657,0.8089215217865648,8.881784197001252e-16
7233,-0.9062243116722415,-6.879199731421717,-6.879199731421714,3.8733215535663754e-16
7234,-0.25309899968403926,0.5507140096461693,0.5507140096461693,0.0
7235,-0.0982895945892015,6.5585095869150605,6.5585095869150605,0.0
7236,-0.6670869394157107,-5.990723937508102,-5.990723937508105,4.447768394763846e-16
7237,0.28364794315770636,0.04517065308305246,0.04517065308305246,0.0
7238,-0.1044499388257425,6.317809739576116,6.317809739576116,0.0
7239,0.2052715338242781,1.7718762439209188,1.7718762439209188,0.0
7240,0.1637914573516961,1.402270561245405,1.4022705612454052,1.5834647824869533e-16
7241,-0.20321405027960415,1.822684468462171,1.822684468462171,0.0
7242,0.8778117686023035,6.725760498866269,6.7257604988662685,1.3205620685569185e-16
7243,-0.9348794647779889,1.1055362078072462,1.1055362078072335,1.1448329228248573e-14
7244,-0.9753166176494122,0.4898905456874236,0.48989054568742363,5.551115123125783e-17
7245,-0.015109802064729339,0.8004798016350292,0.8004798016350291,1.1102230246251565e-16
7246,-0.8133108470070293,0.7190689524351602,0.7190689524351602,0.0
7247,-0.29735940877421774,1.3332333465157638,1.3332333465157644,4.996378289786631e-16
7248,-0.9111341379892071,0.5981512591598246,0.598151259159823,1.5543122344752192e-15
7249,0.22743677150382657,3.637407931163671,3.637407931163671,0.0
7250,-0.11536508704634796,1.3372702257695828,1.3372702257695828,0.0
7251,-0.6087871850986608,2.191355305565305,2.1913553055653043,2.026550458167261e-16
7252,0.7496428252869578,-1.1228764156981683,-1.1228764156981685,1.9774625401404584e-16
7253,-0.00411056450240832,4.502737728183181,4.502737728183181,0.0
7254,0.6939679661941296,-2.9062833966311663,-2.9062833966311743,2.750456403035904e-15
7255,-0.5520671595606692,9.435330097640684,9.435330097640684,0.0
7256,0.49145051740879886,-0.24940262929262358,-0.2494026292926237,1.1102230246251565e-16
7257,0.7874837971524646,1.5162849943744954,1.5162849943744954,0.0
7258,0.6903502463407098,-0.10563221244859561,-0.10563221244859561,0.0
7259,-0.11346938983473087,5.774270654232464,5.774270654232463,1.538165550049342e-16
7260,-0.9574098109986002,2.0749410443043077,2.074941044304307,4.2804995454601763e-16
7261,0.09213690336276326,3.9475757986816284,3.9475757986816284,0.0
7262,0.3796815096239352,-1.4006827710242256,-1.400682771024226,3.170519542589432e-16
7263,0.8820285150810985,3.81994977901878,3.81994977901878,0.0
7264,0.9407166181181124,4.224003325273012,4.22400332527301,4.205386934172071e-16
7265,-0.1691428400048216,4.056889374392488,4.056889374392488,0.0
7266,-0.45136533959115566,1.7170289158154437,1.7170289158154437,0.0
7267,0.5118255198259729,0.9451961679768888,0.9451961679768888,0.0
7268,-0.7346716004654901,3.2385959820001022,3.2385959820001045,6.856199604987477e-16
7269,-0.6436069197166288,3.8477917908525257,3.847791790852525,1.1541404368755337e-16
7270,-0.9389200749734892,1.0906110147469816,1.0906110147469832,1.4251756249095052e-15
7271,0.1773679136416062,2.379695864569424,2.3796958645694244,1.8661595225758608e-16
7272,0.20227337861458516,5.526091478169081,5.526091478169081,0.0
7273,-0.4309257513025452,0.9834963941116877,0.9834963941116875,1.1102230246251565e-16
7274,0.4949261624410597,3.0151602988247297,3.0151602988247292,1.4728543952477844e-16
7275,0.303739531666291,2.6483440299566063,2.648344029956606,1.676856197030184e-16
7276,0.31704198073841017,0.14321994540773772,0.14321994540773775,2.7755575615628914e-17
7277,0.24152035402826066,1.3753294844837065,1.3753294844837063,1.6144829833876935e-16
7278,0.5474431063463012,3.6464402879421947,3.6464402879421947,0.0
7279,0.06906789717829653,1.4451643500596703,1.4451643500596705,1.536466111386315e-16
7280,-0.667310091940063,1.0033284892279806,1.0033284892279808,2.213079836852688e-16
7281,0.4554904104012849,2.559739547675294,2.559739547675294,0.0
7282,0.3162468178638378,2.315962211289896,2.3159622112898965,1.917514921811799e-16
7283,-0.9833971735546507,2.8071292772474092,2.8071292772474123,1.107403386850308e-15
7284,0.9066207095848933,1.9158869792338264,1.9158869792338251,6.953790301779539e-16
7285,0.8859199505512385,2.5240003837579423,2.524000383757941,5.278397095830059e-16
7286,0.33787882389118296,2.216107437809239,2.2161074378092387,2.0039155244615423e-16
7287,0.3491311401619821,2.7272898587736503,2.7272898587736503,0.0
7288,0.9802934639747538,0.38214531659256423,0.38214531659259876,3.452793606584237e-14
7289,-0.9605538712960932,4.536910566989258,4.536910566989258,0.0
7290,0.6303388327088146,0.24371729273743048,0.24371729273743026,2.220446049250313e-16
7291,-0.5362794383872094,1.2308510050294599,1.2308510050294603,3.607985109777227e-16
7292,0.3167806642287332,2.153688784261554,2.153688784261555,4.1239868368663085e-16
7293,-0.6697124172117517,3.0010003591106247,3.0010003591106242,1.47980392105542e-16
7294,-0.7120665283380844,9.296029247714769,9.296029247714769,0.0
7295,-0.748580036509912,1.847464025077005,1.847464025077004,4.807554613482147e-16
7296,-0.6047740120626168,1.8043955172027581,1.8043955172027575,3.691728384516049e-16
7297,-0.8024219138038484,1.858245155112801,1.8582451551128005,2.3898311190436285e-16
7298,0.02039887313453792,0.293815975699808,0.29381597569980844,4.440892098500626e-16
7299,0.4171393588162504,4.3695136517033255,4.369513651703326,2.032671117422634e-16
7300,-0.26430273787354175,9.410715949177698,9.410715949177698,0.0
7301,0.35977519270266134,10.168805164594659,10.168805164594659,0.0
7302,0.8177996043152884,2.757209243771622,2.757209243771622,0.0
7303,-0.5743518374187879,1.6157757026081474,1.6157757026081474,0.0
7304,-0.8358165735899644,7.885056007710791,7.885056007710791,0.0
7305,-0.7360096044579838,4.285233617964192,4.285233617964199,1.6581190177856895e-15
7306,0.13124746166165413,3.2657805130527096,3.26578051305271,1.3598256468097646e-16
7307,-0.20430262209863637,2.6482676977774084,2.648267697777409,1.676904529790436e-16
7308,-0.3707125679349841,3.9759585271057154,3.9759585271057163,2.2338724452105175e-16
7309,-0.5010716419903616,2.7322914032515744,2.7322914032515744,0.0
7310,-0.3185710455393933,-3.7221951933291013,-3.722195193329102,2.3861683054449e-16
7311,-0.016032113349663257,3.143102645770745,3.1431026457707447,1.4129007541246365e-16
7312,-0.799602712934641,-0.31930366597500726,-0.31930366597500637,8.881784197001252e-16
7313,0.012113268485960837,0.6866558616740275,0.6866558616740275,0.0
7314,0.8562303098487116,1.4969866627101347,1.4969866627101354,4.449831326948028e-16
7315,0.677724179305363,0.7893016905129042,0.7893016905129038,4.440892098500626e-16
7316,-0.3417529857847409,10.504536613458704,10.5045366134587,3.3820755827045863e-16
7317,-0.20130947892411688,2.3223243256902437,2.322324325690244,1.9122618014091117e-16
7318,-0.7577002465185186,1.0302850512772548,1.0302850512772543,4.31035284166766e-16
7319,0.8930232422985058,-1.5962631921889554,-1.5962631921889567,8.346165194245001e-16
7320,0.1703181707659931,3.9270961310846744,3.927096131084675,1.1308335600315543e-16
7321,0.14349718641907971,3.6550468061139036,3.6550468061139036,0.0
7322,-0.45763012835521233,2.225627269421023,2.2256272694210235,1.9953440360460197e-16
7323,0.3509104062806774,1.742993114060791,1.7429931140607913,1.273927034672651e-16
7324,0.050346316767004407,-0.20193701842707612,-0.2019370184270759,2.220446049250313e-16
7325,0.9291423562952394,-0.3520776548940703,-0.35207765489407006,2.220446049250313e-16
7326,-0.8769509282706942,3.5443660635080807,3.5443660635080825,5.011775893266733e-16
7327,-0.3075928164217293,2.4321651785326894,2.4321651785326894,0.0
7328,0.05285181804742112,2.886427709928686,2.886427709928686,0.0
7329,-0.7991753001098468,1.706363117905326,1.706363117905326,0.0
7330,-0.7126039058495701,5.881358666433248,5.881358666433247,1.5101585706194677e-16
7331,-0.09172163105004605,2.6192795742320034,2.619279574232003,1.6954631885001187e-16
7332,-0.5354232441837996,6.781133840644692,6.781133840644696,5.239114523158769e-16
7333,0.03485286233103446,3.0032040995577196,3.0032040995577196,0.0
7334,0.8546629430971238,0.5772712219914115,0.5772712219914111,3.3306690738754696e-16
7335,-0.8523211428804642,3.47256835164187,3.4725683516418697,1.2788494419126181e-16
7336,0.5870938609277434,0.8064173568991311,0.8064173568991311,0.0
7337,0.2964484449766229,1.4733986780461226,1.4733986780461228,1.507023239762134e-16
7338,-0.8716904731263507,8.479609256563597,8.479609256563602,6.284570853398478e-16
7339,-0.8678797010084214,2.626174384697978,2.6261743846979773,3.382023771442237e-16
7340,-0.5026966254271936,2.74761409996067,2.7476140999606695,1.6162721317248278e-16
7341,0.76835691574405,4.793577824236117,4.793577824236117,0.0
7342,0.6772273711916488,6.687373093976096,6.687373093976096,0.0
7343,0.9621436843837372,0.8348962230035336,0.8348962230035336,0.0
7344,0.5412213526674918,3.064130733939058,3.0641307339390575,1.4493154777347533e-16
7345,0.365365035037164,6.493834245175516,6.493834245175516,0.0
7346,0.08584148778126366,2.5054636818357263,2.5054636818357268,1.7724831258567005e-16
7347,-0.2253826454862834,-0.18864570327834218,-0.1886457032783424,2.220446049250313e-16
7348,-0.2929901915000207,1.9681103418642756,1.9681103418642754,1.1282121749063189e-16
7349,-0.6622349810628496,1.8602010976370793,1.8602010976370804,5.968295718325387e-16
7350,-0.12839154498897665,-1.2420659042864708,-1.2420659042864708,0.0
7351,-0.06936250990018589,-1.7638374713093175,-1.7638374713093175,0.0
7352,0.014251834200472713,6.019923294210371,6.019923294210371,0.0
7353,-0.6619937735161088,8.806621373978112,8.806621373978112,0.0
7354,0.5394345613914362,1.2756861018600008,1.2756861018600008,0.0
7355,0.09965353430679702,0.053845662803677447,0.05384566280367745,6.938893903907228e-18
7356,0.6902391234313796,-0.3373611089418987,-0.3373611089418987,0.0
7357,0.6506576117278298,0.9830504526482008,0.983050452648201,2.220446049250313e-16
7358,-0.43262153137885806,9.61648845239891,9.61648845239891,0.0
7359,-0.943941933189129,1.132145569302444,1.132145569302443,9.806362845276206e-16
7360,0.2402842094069937,0.6714391437444815,0.6714391437444815,0.0
7361,0.7724771537858386,1.6869946749949318,1.686994674994932,1.3162140237680263e-16
7362,-0.6954312441520779,4.727288738688444,4.72728873868844,9.394163005437073e-16
7363,-0.5236291884096327,1.5611357966560353,1.5611357966560355,1.4223272914544175e-16
7364,-0.09664137847084076,0.9456823175399758,0.945682317539976,2.220446049250313e-16
7365,0.2609520969052086,1.1345700569707196,1.1345700569707193,1.9570814826356883e-16
7366,0.06758729117480589,2.8357444643316922,2.835744464331692,1.5660410006467996e-16
7367,0.640969465567161,2.5453759891552217,2.5453759891552217,0.0
7368,-0.5175014982555712,-1.1474844953952752,-1.1474844953952745,5.805166147762459e-16
7369,-0.924810259640527,-0.07165671180093547,-0.07165671180093552,5.551115123125783e-17
7370,-0.527903924254367,-0.5012383225528222,-0.5012383225528222,0.0
7371,-0.816025489526544,0.24080656764293204,0.24080656764293207,2.7755575615628914e-17
7372,0.6844506300461808,2.583949106494406,2.5839491064944062,1.7186453430290272e-16
7373,-0.1529703730789851,1.877233135267145,1.8772331352671445,2.3656582739088784e-16
7374,0.9840020785350228,-0.6860807814886662,-0.6860807814886698,3.552713678800501e-15
7375,0.5749192729163737,0.199257804975556,0.19925780497555534,6.661338147750939e-16
7376,-0.601429832709591,3.57615735244582,3.57615735244582,0.0
7377,0.8106791610841726,1.3014863309323914,1.3014863309323808,8.189207049732098e-15
7378,0.8737049545735711,11.617781136097062,11.617781136097062,0.0
7379,-0.644901432941646,-0.7622439485290116,-0.7622439485290124,8.881784197001252e-16
7380,0.05052257840335628,4.261849743370354,4.2618497433703535,2.0840209608087597e-16
7381,-0.2883679752552937,0.8535587300307386,0.8535587300307386,0.0
7382,0.8297364046487714,1.6512015799257855,1.651201579925785,2.6894911878053224e-16
7383,-0.9185488034453366,10.470003230641273,10.470003230641261,1.1876307582610131e-15
7384,-0.5455837688066506,1.0123924625549403,1.012392462554942,1.7546128651702121e-15
7385,0.07816992956426017,3.254269205114352,3.2542692051143525,1.3646357503311032e-16
7386,-0.9459620213347115,-10.081227857246887,-10.081227857246887,0.0
7387,-0.17156295728844706,-0.050662624011370894,-0.05066262401137123,3.3306690738754696e-16
7388,0.6334483208634412,2.703826615835918,2.703826615835918,0.0
7389,-0.5342164870736996,0.8436886425484943,0.8436886425484944,1.1102230246251565e-16
7390,-0.3368624340269587,8.487324760309676,8.487324760309676,0.0
7391,0.3001487191419723,0.2282646585481626,0.22826465854816264,2.7755575615628914e-17
7392,0.1261574109233381,11.626559036396392,11.626559036396392,0.0
7393,-0.24716113869885348,2.9379732529828075,2.93797325298281,9.069297197975438e-16
7394,-0.5176522688210883,2.219679818809203,2.219679818809203,0.0
7395,0.13842852389016302,0.83408135537929,0.8340813553792901,1.1102230246251565e-16
7396,-0.3683831193227931,-0.27381480513234724,-0.27381480513234724,0.0
7397,0.009140234890918641,0.49136405934202676,0.49136405934202654,2.220446049250313e-16
7398,0.5924594087185815,-5.548884304603078,-5.548884304603082,6.402572992652499e-16
7399,0.8594625768963191,4.163696987115415,4.163696987115417,4.266297103024541e-16
7400,0.9671595865393712,0.38466411598860506,0.3846641159886035,1.5543122344752192e-15
7401,-0.3333566142308707,0.3702306381852747,0.37023063818527646,1.7763568394002505e-15
7402,0.6255786767962064,2.1578241812260233,2.157824181226022,6.174125033640256e-16
7403,-0.0021368727705064483,5.379499697229851,5.379499697229851,0.0
7404,-0.26480338269443404,1.6529650566968053,1.6529650566968053,0.0
7405,0.5833521299714868,-3.0932338461387086,-3.0932338461387077,2.871358791087976e-16
7406,0.10035497592791986,1.1755256317420888,1.1755256317420888,0.0
7407,0.7403512588741699,7.397920532636141,7.397920532636141,0.0
7408,0.713158024723425,6.228429626678035,6.228429626678035,0.0
7409,-0.5675482312749764,-0.26151512761023765,-0.2615151276102383,6.661338147750939e-16
7410,-0.5485051998145027,0.8999814299864171,0.8999814299864168,2.220446049250313e-16
7411,0.9668749862582291,8.511598182241796,8.51159818224179,6.260951708598131e-16
7412,-0.9718332900771494,-3.248461765045441,-3.2484617650455334,2.8435167882458023e-14
7413,0.43156853077088386,5.126600554680834,5.126600554680835,1.7324900003944629e-16
7414,-0.8330138483876927,-1.3508982404491139,-1.3508982404491117,1.6436812061522214e-15
7415,-0.21104908658470556,5.14632830202221,5.1463283020222095,1.7258487363721478e-16
7416,0.15586064926526966,0.08849881370193247,0.08849881370193202,4.440892098500626e-16
7417,0.6487397364919079,1.1410542101522319,1.1410542101522316,1.945960173929051e-16
7418,0.8679185775293168,2.4753909434735473,2.4753909434735455,7.17606584157414e-16
7419,-0.25117578428638787,2.5134647781633532,2.513464778163353,1.7668407916762967e-16
7420,0.5509289342749106,3.802843794961578,3.8028437949615785,1.1677818858572115e-16
7421,-0.39479885887435273,1.4759806043636692,1.4759806043636685,4.513161032100962e-16
7422,-0.20154044863649512,14.120819453367924,14.12081945336792,2.51594016234883e-16
7423,0.5051079603730853,5.059816377284128,5.059816377284128,0.0
7424,-0.21484044912940858,1.267532439663116,1.2675324396631162,1.75178636835556e-16
7425,-0.5139243323042804,1.4219047599315662,1.4219047599315662,0.0
7426,-0.3016692765636966,2.209237290474334,2.2092372904743343,2.0101471750674395e-16
7427,-0.2449520396355298,1.2212720398118506,1.2212720398118506,0.0
7428,-0.00015816495513676365,5.849936676700127,5.849936676700127,0.0
7429,0.26051104336504305,3.488411274184465,3.488411274184465,0.0
7430,-0.8233180967270298,-0.8000861218712285,-0.8000861218712283,2.220446049250313e-16
7431,-0.780517479846288,0.5709606706853212,0.5709606706853212,0.0
7432,-0.49678684647614807,-0.7563141404566778,-0.756314140456678,2.220446049250313e-16
7433,0.3104120076807544,-0.38696510861091094,-0.3869651086109114,4.440892098500626e-16
7434,-0.004071094102538142,0.588018962203648,0.5880189622036481,1.1102230246251565e-16
7435,0.6502572293857409,-0.4567692656038339,-0.45676926560383435,4.440892098500626e-16
7436,0.9465738797505765,4.283901435740045,4.283901435740045,0.0
7437,-0.5155038450615529,0.15994808256807125,0.15994808256807125,0.0
7438,0.757887838138962,11.21818867049183,11.218188670491832,1.5834613693677262e-16
7439,0.9461005527465689,2.21770083023117,2.2177008302311663,1.601980587449287e-15
7440,-0.4408774933970371,-0.5848957895292319,-0.5848957895292326,6.661338147750939e-16
7441,0.7405982941368341,3.5365157152458253,3.5365157152458258,1.2557252550458233e-16
7442,0.2579809075207904,0.6736565708293798,0.6736565708293798,0.0
7443,0.8046967277946675,1.0589585323480368,1.0589585323480368,0.0
7444,0.20547401148956168,1.5738651245542605,1.5738651245542608,1.410823592573838e-16
7445,-0.08751955153095903,4.44160366728568,4.441603667285679,1.9996795892482281e-16
7446,0.4435646822802457,0.7318709408236943,0.7318709408236943,0.0
7447,0.35674519092047774,2.087236564698233,2.087236564698232,4.2552839228769246e-16
7448,-0.5174151052882374,1.3439889818251658,1.3439889818251658,0.0
7449,0.840344891455709,2.406308417918184,2.4063084179181846,1.8455207426580258e-16
7450,-0.616531084588549,3.690751516295108,3.6907515162951077,1.2032487364412255e-16
7451,0.3871649315018517,5.1836821413887355,5.183682141388736,1.7134121951817393e-16
7452,0.6473194550776464,1.5947077865664878,1.594707786566488,1.3923842775177522e-16
7453,-0.6847872636073135,-0.11322278242462369,-0.11322278242462502,1.3322676295501878e-15
7454,-0.30820139223334075,0.1994568151793509,0.19945681517935093,2.7755575615628914e-17
7455,0.11239123304220011,1.3324781132801258,1.3324781132801256,1.6664033931366426e-16
7456,-0.9353362959886977,2.9541486402388735,2.954148640238868,1.8039276851586728e-15
7457,0.6909123320135844,2.02975155546926,2.0297515554692604,2.187899344889987e-16
7458,-0.9675513815199953,1.96933101530762,1.969331015307631,5.637564309886897e-15
7459,-0.27141837473884367,0.3723976194425508,0.3723976194425508,0.0
7460,0.6273792046743012,2.694481346263512,2.694481346263512,0.0
7461,0.23145385938619678,-2.9163116442618993,-2.9163116442618993,0.0
7462,0.5287680078154322,-0.11660483703512892,-0.11660483703512803,8.881784197001252e-16
7463,0.1461864671437303,3.8306906562518384,3.8306906562518384,0.0
7464,-0.9349383636640388,2.5287072401734942,2.5287072401734956,5.268572052883358e-16
7465,-0.019857326412119014,0.31461626080018057,0.31461626080017924,1.3322676295501878e-15
7466,0.4181025136609331,0.28537708920938565,0.2853770892093854,2.220446049250313e-16
7467,0.3141840317247564,3.382780243334513,3.3827802433345124,1.3127935541337734e-16
7468,0.3043433523544634,6.027365049438249,6.027365049438248,1.4735766166724938e-16
7469,-0.09232528081870695,0.33780619973461756,0.33780619973461756,0.0
7470,0.7683125612828168,0.1580540286076751,0.1580540286076751,0.0
7471,0.39221690429166034,-0.6621657780888193,-0.6621657780888186,6.661338147750939e-16
7472,0.8876252350273932,-1.8340147410950174,-1.8340147410950154,1.0896321602803015e-15
7473,0.5702930432179825,-3.5126797341912535,-3.512679734191253,1.2642462263993108e-16
7474,-0.22991702629630728,4.894799998863893,4.894799998863893,0.0
7475,0.16287929201163354,0.1882866554366895,0.18828665543668952,2.7755575615628914e-17
7476,0.37812754931178216,1.9122116386511006,1.9122116386511,2.322385246872198e-16
7477,0.0912185269313841,4.036737067082938,4.036737067082938,0.0
7478,-0.08189413944596347,3.0481431437480566,3.0481431437480566,0.0
7479,-0.03126750392448863,1.3691025626182478,1.369102562618248,1.6218259390326252e-16
7480,0.3569905575889696,-5.159921842175093,-5.159921842175093,0.0
7481,0.608167419737834,-2.9177089124995184,-2.917708912499517,4.566143057803775e-16
7482,-0.4587051847274335,-0.02228017258169812,-0.02228017258169801,1.1102230246251565e-16
7483,-0.1784173699572298,0.09933327893253541,0.09933327893253563,2.220446049250313e-16
7484,0.9117789863093009,0.5778652393334482,0.5778652393334589,1.0658141036401503e-14
7485,0.377636252580541,0.24127698143632537,0.24127698143632526,1.1102230246251565e-16
7486,-0.09090150461304403,0.3562007831127505,0.3562007831127505,0.0
7487,-0.9229970969348726,1.9334411413562038,1.933441141356204,1.1484425368608795e-16
7488,0.16071361943927664,-0.2069862154701127,-0.20698621547011253,1.6653345369377348e-16
7489,0.8879094701597736,2.859694040292635,2.8596940402926365,4.658776815906696e-16
7490,0.32591996775363885,4.499908599701278,4.499908599701279,1.9737699111468308e-16
7491,0.40522678143424473,3.638408046118752,3.6384080461187516,1.2205591132742571e-16
7492,0.9541881776536405,-3.455857208405922,-3.4558572084059342,3.598093649690288e-15
7493,-0.25016373063668496,3.1129785129410044,3.1129785129410044,0.0
7494,0.28720613224166613,-0.35843281861957554,-0.35843281861957577,2.220446049250313e-16
7495,-0.705027202491775,0.05655858977234755,0.05655858977234757,1.3877787807814457e-17
7496,0.2710439831478879,2.7741292095686347,2.774129209568635,1.6008238128140995e-16
7497,0.7592823827890551,2.3280686281946115,2.3280686281946115,0.0
7498,0.7394540739737308,2.377687535192667,2.3776875351926665,1.8677357864605936e-16
7499,-0.2999966711070555,-0.5496875753318853,-0.5496875753318848,4.440892098500626e-16
7500,0.7804477088084161,1.2380680389277439,1.2380680389277439,0.0
7501,-0.7621679680709652,1.9343282457931683,1.9343282457931683,0.0
7502,-0.20090579813198084,1.2318757472723891,1.231875747272389,1.8024918943057443e-16
7503,-0.8673326600262017,0.3008351849612983,0.30083518496129935,1.0547118733938987e-15
7504,-0.25172261627597914,1.1198772987862557,1.1198772987862557,0.0
7505,-0.25376138043330676,2.463656866142294,2.4636568661422933,3.6051222550763545e-16
7506,0.21640325011271444,2.2360964010173787,2.2360964010173783,1.9860020777637806e-16
7507,0.7090058597045272,2.6111951505611475,2.6111951505611466,3.401424897366461e-16
7508,-0.40674343509651556,-1.973456563429108,-1.9734565634291084,2.25031155019904e-16
7509,-0.27541780431774465,-0.29499490165938225,-0.2949949016593818,4.440892098500626e-16
7510,-0.1015168719221049,6.485727609994134,6.485727609994135,1.369435278674814e-16
7511,-0.9456055033061507,5.377681637832325,5.377681637832328,6.606403870781304e-16
7512,-0.20023862698806594,4.243418094369368,4.243418094369367,2.0930730838864494e-16
7513,-0.5636078804009084,4.9428798074910905,4.9428798074910905,0.0
7514,-0.7176877334721972,2.309182796810214,2.3091827968102154,5.769433374397703e-16
7515,-0.17273336155732444,1.2275604283878376,1.2275604283878376,0.0
7516,0.1817268815033244,3.763638996513126,3.763638996513126,0.0
7517,-0.7596397537138415,0.25590621439279493,0.2559062143927946,3.3306690738754696e-16
7518,0.5836460199841207,1.7904839274657909,1.7904839274657907,1.2401373814022897e-16
7519,-0.12285698972838965,0.34576579864738477,0.34576579864738477,0.0
7520,0.2341390259158196,-0.015337314444493266,-0.015337314444493266,0.0
7521,-0.32574118019009457,7.050910744674025,7.050910744674025,0.0
7522,0.9429732985948815,-0.8528599292357825,-0.8528599292357817,7.771561172376096e-16
7523,-0.04253218518930191,0.973334311176266,0.9733343111762673,1.3322676295501878e-15
7524,-0.56390708946092,0.7713086411018388,0.7713086411018388,0.0
7525,-0.08932780222221182,0.989142536553217,0.9891425365532168,2.220446049250313e-16
7526,-0.6864880338496686,3.9701156594399563,3.970115659439954,5.592900156373631e-16
7527,0.2053961748228199,5.628869070720233,5.628869070720234,1.5778985237375218e-16
7528,-0.6359774571028435,3.1010122658456254,3.1010122658456245,2.8641564223478647e-16
7529,-0.7210438842267404,4.108108403725125,4.108108403725124,2.1620131029033905e-16
7530,-0.24766936759726133,-2.1847473855837203,-2.1847473855837203,0.0
7531,-0.9198625314719371,0.9494170725582662,0.9494170725582665,2.220446049250313e-16
7532,-0.4642171695117423,-0.8958827742962578,-0.8958827742962585,6.661338147750939e-16
7533,0.5711700775398798,3.755102815451017,3.755102815451017,0.0
7534,-0.4012361612067422,4.073060837413102,4.073060837413102,0.0
7535,0.7259971649241734,14.589023871069802,14.5890238710698,1.2175981443986708e-16
7536,-0.9509518939589103,-0.18890943010714967,-0.18890943010718786,3.8191672047105385e-14
7537,-0.793866060862847,7.868465845299888,7.868465845299889,1.1287822012097384e-16
7538,-0.9030792648731122,6.349285863138782,6.349285863138785,5.595453969754341e-16
7539,0.954443208398458,2.135703902256534,2.135703902256523,4.9904581927955296e-15
7540,0.9333151599652354,1.4781982230401136,1.4781982230401134,1.5021301031492698e-16
7541,-0.5682770899108339,2.7808950654952067,2.7808950654952076,3.193858088068358e-16
7542,-0.7411682367298027,3.1245942209732878,3.1245942209732878,0.0
7543,-0.3999016932351236,2.5173797005303364,2.517379700530337,1.7640930756552391e-16
7544,-0.17622393959264693,3.4163856796574485,3.416385679657449,1.2998801994000578e-16
7545,-0.7627059608374426,1.529378894520569,1.529378894520569,0.0
7546,-0.6780002875439328,4.402629315140633,4.402629315140633,0.0
7547,0.30430327925531464,1.6741676302133937,1.6741676302133934,1.3262985194423388e-16
7548,-0.20503088439440686,0.49311275055217996,0.49311275055217996,0.0
7549,-0.7278664496277656,0.014029373334164541,0.014029373334164985,4.440892098500626e-16
7550,0.11322868850557688,3.858863198564791,3.858863198564791,0.0
7551,0.6230817686097447,0.5574781792129359,0.5574781792129357,1.1102230246251565e-16
7552,-0.15387204481334027,1.5115816165876963,1.5115816165876965,1.4689554469859426e-16
7553,0.8746690742377683,8.133291274049258,8.133291274049256,2.1840565885892214e-16
7554,-0.6954140196341525,4.428319837750758,4.428319837750759,2.0056781177559453e-16
7555,0.49191973479876183,0.7869869243528855,0.7869869243528846,8.881784197001252e-16
7556,-0.40774969291678353,6.547438653887601,6.547438653887601,0.0
7557,-0.4648496490619336,-1.5159594570601993,-1.5159594570601995,1.464713346329379e-16
7558,-0.715443183401187,-0.13089725393185958,-0.13089725393185953,5.551115123125783e-17
7559,0.22382811083252974,9.949104008395414,9.949104008395414,0.0
7560,0.4635742315478164,0.4277472264559625,0.4277472264559634,8.881784197001252e-16
7561,-0.9363014509838948,-0.4898490482517657,-0.48984904825176656,8.881784197001252e-16
7562,0.10241425331188614,8.231220589434047,8.231220589434047,0.0
7563,0.1145977441630055,0.7512753536884126,0.7512753536884126,0.0
7564,0.47996800074444446,0.3344972360760039,0.334497236076004,1.1102230246251565e-16
7565,0.8999914328249761,0.7935762534931592,0.7935762534931592,0.0
7566,-0.2289712487732184,8.093679599584567,8.093679599584567,0.0
7567,-0.22538758657094682,-1.0599138099597472,-1.0599138099597472,0.0
7568,-0.33214018937138556,4.728854917008675,4.728854917008675,0.0
7569,-0.5321035204734934,5.29161949355644,5.29161949355644,0.0
7570,0.43412811250013705,0.8768227427650795,0.8768227427650791,4.440892098500626e-16
7571,-0.6779074972094836,8.15514113930245,8.155141139302454,4.35640980102569e-16
7572,0.1994015899867423,0.24161561102635415,0.24161561102635432,1.6653345369377348e-16
7573,-0.3039341504428288,-1.496829233412956,-1.4968292334129563,1.4834331129326097e-16
7574,0.7541348645157018,-0.9676766510372177,-0.9676766510372177,0.0
7575,-0.24475120471633038,-0.955250546211463,-0.9552505462114627,3.3306690738754696e-16
7576,-0.13392621965934193,5.838644496245348,5.838644496245348,0.0
7577,0.44757910641187104,5.1660086364536015,5.1660086364536015,0.0
7578,0.6330581951190459,0.516422268701414,0.5164222687014143,3.3306690738754696e-16
7579,0.4290791077038283,8.953218000558815,8.953218000558815,0.0
7580,-0.1510250603758383,0.3721826398524327,0.3721826398524323,4.440892098500626e-16
7581,-0.3125572898836062,-1.3753226559658662,-1.3753226559658662,0.0
7582,-0.5103380944828277,1.7447766135871814,1.7447766135871816,1.2726248345827933e-16
7583,0.23697118821449403,1.6352211217196186,1.6352211217196184,1.3578873338642206e-16
7584,-0.4270553609567943,3.3231868902957378,3.3231868902957378,0.0
7585,0.9013141397638837,2.3146656086916884,2.314665608691673,6.715061685967497e-15
7586,-0.6170200258053575,4.417904027279533,4.417904027279533,0.0
7587,-0.9314723939930187,3.9721078097733913,3.972107809773393,4.472076097807606e-16
7588,0.02599688491952734,-2.6955901390204886,-2.6955901390204886,0.0
7589,0.9554174496225796,-0.49286522180925274,-0.49286522180925374,9.992007221626409e-16
7590,0.8467954141139156,0.12172680706200223,0.12172680706200278,5.551115123125783e-16
7591,0.19248662500654667,3.379857834952765,3.379857834952765,0.0
7592,0.6507351708240321,10.988259153310308,10.988259153310306,1.616595326535512e-16
7593,-0.89324221905918,-3.6647559732166934,-3.6647559732166926,2.4235676977982734e-16
7594,0.8227583596455459,0.013393833268028121,0.013393833268028121,0.0
7595,-0.4940665986171888,-0.897559543083308,-0.8975595430833079,1.1102230246251565e-16
7596,0.6568095767142146,2.0662162828913155,2.0662162828913155,0.0
7597,-0.20944760389172756,-1.1479431769375958,-1.1479431769375958,0.0
7598,0.1476746789727157,0.40548976925815633,0.40548976925815616,1.6653345369377348e-16
7599,-0.4874489093101747,2.315590554047258,2.315590554047258,0.0
7600,-0.9183501770444443,3.449592527207859,3.4495925272078596,1.2873671494456583e-16
7601,-0.8718391020903165,2.2093669176882513,2.209366917688251,2.010029236405562e-16
7602,-0.8664352023154465,3.141433754122838,3.1414337541228363,5.654605439535206e-16
7603,0.38684378755442417,0.719443204972875,0.719443204972875,0.0
7604,0.7513802364419486,1.4288770307460283,1.4288770307460283,0.0
7605,0.04398370214922376,3.6992798168698373,3.6992798168698373,0.0
7606,-0.40024406457799977,12.486400251181792,12.48640025118179,1.4226332679285408e-16
7607,0.7503228536120772,0.0058747473907252434,0.00587474739072591,6.661338147750939e-16
7608,-0.1821534568648464,6.590960302581099,6.590960302581099,0.0
7609,0.3074644290976287,5.79948062692466,5.799480626924659,1.5314792424284848e-16
7610,0.030395287427839257,-2.1030337164810287,-2.1030337164810287,0.0
7611,0.8370841933306461,2.1547659382311837,2.1547659382311832,2.0609626408639496e-16
7612,0.6257756569404278,-0.7095165436353912,-0.7095165436353916,4.440892098500626e-16
7613,0.3705960893850335,3.8990397323845105,3.8990397323845105,0.0
7614,-0.3374627446343502,7.5299361626482035,7.529936162648203,1.1795298134211031e-16
7615,0.18126314627167095,-0.44720689207865294,-0.4472068920786529,5.551115123125783e-17
7616,-0.3272499397111934,3.3996041503391963,3.399604150339196,1.3062968222513598e-16
7617,-0.018606526164599013,1.992892430638872,1.992892430638872,0.0
7618,0.4908182605833433,4.723432009937483,4.723432009937483,0.0
7619,-0.8845123759817826,-4.0353463330829795,-4.0353463330829875,1.980897082306703e-15
7620,-0.9899421674324149,1.0594093261151212,1.0594093261151212,0.0
7621,0.4886997635141157,-2.242273986722844,-2.2422739867228447,3.9610610699641876e-16
7622,-0.12279907788384481,1.4317145710192984,1.4317145710192982,1.5508999448608554e-16
7623,-0.18888512460243911,3.2063251366538994,3.206325136653899,1.3850411013323225e-16
7624,-0.2285905244064369,1.0313482693373126,1.0313482693373128,2.1529546471019427e-16
7625,-0.4911048492977991,1.1056523736354298,1.1056523736354302,4.016535580617254e-16
7626,0.9355243627481753,2.6973503323187127,2.6973503323187122,1.646390550493721e-16
7627,0.9504698388323103,1.6085572511969144,1.6085572511969146,1.380396033525134e-16
7628,-0.6291953119158675,4.531929314862012,4.53192931486201,3.9196481586216816e-16
7629,-0.1732194512031625,1.2411627824615077,1.2411627824615077,0.0
7630,-0.1466068293896654,7.838005221324404,7.838005221324405,1.133168956412162e-16
7631,-0.037281569271777504,6.666241322232205,6.666241322232205,0.0
7632,0.7215916870211754,1.0927771489029785,1.0927771489029785,0.0
7633,-0.31323301803828585,0.8215192853603227,0.8215192853603228,1.1102230246251565e-16
7634,-0.3525927174466643,4.683523021551057,4.683523021551058,1.8963895674542546e-16
7635,-0.7435761300971268,3.9250988624787917,3.925098862478792,1.1314089795170406e-16
7636,-0.44030518408711194,4.298988788685633,4.298988788685633,0.0
7637,-0.6781876416775132,-0.30478216986612683,-0.30478216986612694,1.1102230246251565e-16
7638,-0.8498382695383968,-0.20748779993366862,-0.20748779993367172,3.1086244689504383e-15
7639,0.44936309210807135,3.1440608129108245,3.1440608129108245,0.0
7640,-0.5435106863361503,1.4649017736635503,1.4649017736635503,0.0
7641,-0.237446064792176,3.3132411964029345,3.313241196402934,1.340346758733394e-16
7642,-0.3901604829777987,3.5861451266063193,3.5861451266063193,0.0
7643,-0.5163242611872481,0.39636664877120786,0.3963666487712078,5.551115123125783e-17
7644,-0.8372641154473632,1.1409937406951711,1.1409937406951833,1.070334817387873e-14
7645,-0.7989783763459783,2.8133219258487725,2.813321925848773,1.5785225493384726e-16
7646,-0.4434977170461143,1.3784616250135162,1.3784616250135164,1.6108145551230277e-16
7647,-0.6535084788776631,2.5216820569212723,2.521682056921272,1.7610832762646224e-16
7648,0.3621966891232786,4.183474617310828,4.183474617310828,0.0
7649,-0.7049508606186188,-0.8634201883829447,-0.8634201883829448,1.1102230246251565e-16
7650,0.049758663169090944,1.2487048409634252,1.2487048409634252,0.0
7651,-0.8412293129672197,-0.013665643520023724,-0.013665643520023734,1.0408340855860843e-17
7652,0.3938410852398928,-1.7284756021344365,-1.7284756021344365,0.0
7653,-0.46862423265580955,0.13389512030588274,0.1338951203058829,1.6653345369377348e-16
7654,-0.31832223578727115,2.518119348486959,2.518119348486959,0.0
7655,0.34778793431103794,3.5798918681464635,3.579891868146464,1.2405101221115812e-16
7656,-0.12920760074586612,3.0655951348839237,3.065595134883924,1.4486231557347435e-16
7657,-0.19424524373476126,5.13682913343013,5.13682913343013,0.0
7658,-0.10935603560631146,4.0035229547176465,4.003522954717647,2.2184921374149212e-16
7659,0.8786711778340912,2.539790394572141,2.539790394572141,0.0
7660,0.2720439927946323,-5.718129962164246,-5.71812996216425,6.213069136777437e-16
7661,-0.13925480487283892,3.4477576433619816,3.4477576433619816,0.0
7662,0.7930133930535666,3.9420354733608485,3.9420354733608467,4.506191918881409e-16
7663,0.47116975082584567,1.6776005659194608,1.6776005659194608,0.0
7664,-0.33078783030321834,2.2824691946248086,2.282469194624808,1.945652589291843e-16
7665,-0.39159975952718973,-3.8441907259676475,-3.844190725967648,1.1552215837008916e-16
7666,-0.41915720273767443,-3.649997031942479,-3.649997031942476,7.300102536473423e-16
7667,0.22783909806195912,2.063514348630682,2.063514348630682,0.0
7668,0.6019130195692461,-0.7830919052480447,-0.7830919052480452,4.440892098500626e-16
7669,-0.8333089602769199,3.603052620201227,3.6030526202012325,1.4790432113931014e-15
7670,0.09313078406604336,5.9177661441277305,5.9177661441277305,0.0
7671,-0.3225803869163175,2.461168448787486,2.461168448787486,0.0
7672,-0.40051423627050775,5.245370038782337,5.245370038782337,0.0
7673,-0.3232539935354909,1.0234663790728051,1.0234663790728054,2.1695349203965984e-16
7674,0.5506043603260182,1.920823125610255,1.9208231256102548,1.1559867327944973e-16
7675,-0.9489834899663937,-0.7000442019972608,-0.700044201997251,9.769962616701378e-15
7676,-0.4416144795149882,2.3438037574986934,2.343803757498693,1.8947371699923994e-16
7677,-0.8995030084786708,-2.1150270635614437,-2.115027063561444,2.0996857085236127e-16
7678,-0.7015253707087437,3.606639917497609,3.606639917497609,0.0
7679,0.6179132336909576,0.7213073926853799,0.7213073926853799,0.0
7680,0.21191825384180651,1.349937614070337,1.3499376140703372,1.6448508628152198e-16
7681,0.5382878692973034,3.3992841246965733,3.399284124696574,2.6128396071611275e-16
7682,-0.544950932648745,0.07311941557364887,0.07311941557364887,0.0
7683,-0.41858546190176393,1.3335293997138047,1.3335293997138047,0.0
7684,0.15176982648913118,1.5102653800140786,1.5102653800140784,1.4702356808507483e-16
7685,0.10254046439236286,4.9495224697159,4.949522469715899,1.794472951955517e-16
7686,-0.520026191252853,-3.590164866106933,-3.5901648661069325,1.236960491821702e-16
7687,0.7119810400294859,0.10099843091071987,0.10099843091071987,0.0
7688,0.6008530420482965,-2.7241778380220225,-2.7241778380220225,0.0
7689,-0.18930156750381166,0.9676215787480502,0.9676215787480503,1.1102230246251565e-16
7690,0.93317111385397,3.3609655252662627,3.360965525266263,1.3213143857370598e-16
7691,-0.6039913209351135,2.4921100880703753,2.4921100880703757,1.7819807077379876e-16
7692,0.7760101278611375,5.845909356721663,5.845909356721663,0.0
7693,0.87257577763309,0.448168258659698,0.44816825865969845,4.440892098500626e-16
7694,-0.2475542519769519,1.4146895966789883,1.4146895966789885,1.5695641322752736e-16
7695,0.630908323084181,-1.4871721338740036,-1.4871721338740014,1.4930659327687712e-15
7696,-0.7096954987897373,-1.664489441066143,-1.6644894410661433,1.334010294368745e-16
7697,-0.5529590084457683,0.9040011550694855,0.9040011550694858,2.220446049250313e-16
7698,0.19006380764472586,1.022802182003775,1.0228021820037752,2.1709437937453656e-16
7699,0.3404193232600976,2.2319919038688685,2.2319919038688685,0.0
7700,-0.10384061705955716,4.1900704658362455,4.1900704658362455,0.0
7701,-0.6725146624217404,3.1441000628216926,3.144100062821692,1.412452533242571e-16
7702,0.06891291944069144,1.1769681127658018,1.176968112765802,1.8865813144524392e-16
7703,0.7495578842843729,2.367518954753509,2.3675189547535087,1.8757577799257718e-16
7704,-0.12732715193300692,2.230310214240292,2.230310214240292,0.0
7705,-0.5346512499662606,0.352075504821963,0.35207550482196304,5.551115123125783e-17
7706,0.7588813128525025,2.359893396591581,2.359893396591581,0.0
7707,0.4787169780817455,-1.0783053105599414,-1.0783053105599412,2.0591997716280205e-16
7708,0.6422644291228441,4.655488794629797,4.655488794629796,1.9078091665147118e-16
7709,0.015153293203310714,1.5305640687026738,1.530564068702674,1.4507370809589124e-16
7710,0.003762836287954263,0.8182326203570649,0.8182326203570649,0.0
7711,0.4763047958565938,0.5794703378614257,0.5794703378614265,8.881784197001252e-16
7712,-0.7918783591498026,3.3991269754851055,3.3991269754851055,0.0
7713,0.8012123792018473,-1.9348388648867147,-1.9348388648867143,2.2952258087707174e-16
7714,0.3309043382507184,1.9809675515570921,1.9809675515570917,2.2417793239520604e-16
7715,0.6973732128134522,-2.3892739836175365,-2.389273983617536,1.8586784642323811e-16
7716,-0.7000087390961003,2.7542987456946966,2.754298745694699,8.061747305811107e-16
7717,-0.624350377949789,-0.6822530996106407,-0.6822530996106406,1.1102230246251565e-16
7718,-0.20652501971009973,0.5155703216837688,0.5155703216837688,0.0
7719,-0.06917611082875252,1.0726700081276592,1.0726700081276592,0.0
7720,-0.6869598992402672,3.7899971878417387,3.7899971878417382,1.1717402093982946e-16
7721,0.836012883625912,5.84287623503768,5.84287623503768,0.0
7722,-0.37564901460795674,5.379233916691527,5.379233916691528,1.6511243672526426e-16
7723,0.05659745100574698,0.503788422869887,0.503788422869887,0.0
7724,-0.7053497378935989,0.020242228093700465,0.020242228093698245,2.220446049250313e-15
7725,0.5452951375966983,4.673688943815369,4.673688943815369,0.0
7726,-0.7256182846754511,-2.7878607467029974,-2.7878607467029983,3.1858779917559013e-16
7727,-0.9521018561078747,6.486473818745709,6.486473818745708,1.3692777378262393e-16
7728,0.17776674321871022,0.2133279846281751,0.21332798462817507,2.7755575615628914e-17
7729,0.5538936869769031,1.2938897891271939,1.293889789127194,1.716101377342298e-16
7730,-0.18635202676597373,0.49497035931671246,0.4949703593167125,5.551115123125783e-17
7731,0.22452587233450783,0.632136439667617,0.6321364396676172,2.220446049250313e-16
7732,-0.17770677074739005,4.299640979970726,4.299640979970727,2.065703680464438e-16
7733,0.6603130308933718,6.036161065778185,6.036161065778185,0.0
7734,0.6926838787184271,4.94824123190016,4.948241231900159,1.794937591106605e-16
7735,0.08184849233334424,2.9305608989188796,2.9305608989188787,3.030745479569407e-16
7736,-0.3966195603986251,-1.2550577524041857,-1.2550577524041853,3.538396611624974e-16
7737,0.8181883429611982,2.8830869449040613,2.883086944904064,9.241952497513189e-16
7738,0.5105931086375428,-0.4616465530993876,-0.4616465530993876,0.0
7739,-0.14692392944636845,5.224934517432102,5.2249345174321,3.3997686161878954e-16
7740,-0.8119089455158478,-0.9397456692763995,-0.9397456692763988,6.661338147750939e-16
7741,-0.10706499419667925,1.7218721531782983,1.721872153178298,2.579106753253112e-16
7742,-0.2888927955209216,0.8089646263697163,0.808964626369716,3.3306690738754696e-16
7743,-0.8094542425523328,1.5555614726350744,1.555561472635076,9.991969213805874e-16
7744,0.5467072841093124,1.0451957405021022,1.045195740502102,2.124430824970289e-16
7745,0.3213059021922946,5.051188780727204,5.051188780727204,0.0
7746,0.14622077161217795,1.872884884888525,1.872884884888525,0.0
7747,0.554360289562775,1.7859048207159767,1.7859048207159767,0.0
7748,0.5549324088576961,2.076232456120948,2.0762324561209486,2.138918542289625e-16
7749,-0.9775754178232793,-1.244504146108972,-1.2445041461089943,1.7842014075989144e-14
7750,0.6823868690580539,-2.847013357154265,-2.847013357154264,3.119684765328621e-16
7751,0.7356246543809428,2.266434182439042,2.266434182439042,0.0
7752,-0.23802797746578908,0.7975883629872665,0.7975883629872667,1.1102230246251565e-16
7753,0.8323082016675518,0.008725367320322475,0.008725367320322697,2.220446049250313e-16
7754,0.5329678555337736,7.469655506042686,7.469655506042686,0.0
7755,-0.4364646749907488,2.2119006879217284,2.2119006879217284,0.0
7756,0.6712204620535007,3.6136866617105543,3.6136866617105534,2.4578180203363346e-16
7757,-0.9871367191935522,0.8992901606002353,0.8992901606001453,8.992806499463768e-14
7758,0.8328066913638976,-2.1337683138722907,-2.1337683138722916,4.1624876230741705e-16
7759,-0.4706242343948138,0.14164978428713504,0.14164978428713537,3.3306690738754696e-16
7760,-0.5220781301607289,-1.7632119992852522,-1.763211999285252,1.2593188171078737e-16
7761,-0.02964335068371371,1.23633598436518,1.23633598436518,0.0
7762,0.9395506179040347,-0.15492704612922176,-0.15492704612922248,7.216449660063518e-16
7763,-0.24605057581328282,-1.5403164487363157,-1.540316448736316,1.4415518649248858e-16
7764,-0.03382030657521373,2.643307731070493,2.643307731070493,0.0
7765,0.04082659678323863,0.6514254321601083,0.6514254321601085,2.220446049250313e-16
7766,0.9256982171380894,-1.9125610957172154,-1.9125610957172157,1.160980454021857e-16
7767,0.0008970105609122925,2.330659967555177,2.330659967555177,0.0
7768,0.23900942882742893,0.6608072219849548,0.6608072219849548,0.0
7769,0.2167195843439531,1.514511974222638,1.514511974222638,0.0
7770,0.5472529391054086,-0.4254512284018377,-0.4254512284018377,0.0
7771,0.40291427459626195,3.718138580788523,3.718138580788523,0.0
7772,-0.3210919331136971,4.8993362657194455,4.899336265719446,1.8128545817822125e-16
7773,-0.8839760705268014,3.4109176140435515,3.4109176140435586,2.0831424741384204e-15
7774,-0.36863014580109577,0.6767480019716514,0.6767480019716515,1.1102230246251565e-16
7775,-0.49423412662722627,4.058987861059997,4.058987861059996,2.1881770778890164e-16
7776,0.8162780998685797,0.96135991107702,0.9613599110770201,1.1102230246251565e-16
7777,-0.03138375781694136,0.301829841023529,0.3018298410235291,1.1102230246251565e-16
7778,0.23588965984549426,-0.6442129591825762,-0.6442129591825756,5.551115123125783e-16
7779,0.3179000428699803,5.322098527519483,5.322098527519481,3.337700026061285e-16
7780,-0.693076552722693,1.1894675097033052,1.1894675097033052,0.0
7781,0.7062005602649626,1.4883226421448097,1.4883226421448112,1.0443382304762308e-15
7782,0.0752119171213308,1.6419136391232643,1.6419136391232645,1.3523525210716738e-16
7783,-0.9827331782447704,-1.410197338124763,-1.4101973381247461,1.196668687287607e-14
7784,0.31531284151929095,4.070282471303913,4.070282471303914,2.1821051142320295e-16
7785,0.007185704639330992,5.339662062100259,5.339662062100259,0.0
7786,-0.9650377188715014,3.813466154370706,3.8134661543707047,3.493587134694361e-16
7787,-0.8699496476361022,6.23079097896821,6.230790978968219,1.4254665622681558e-15
7788,-0.04612737070138606,1.008478583219849,1.0084785832198493,2.2017780904785503e-16
7789,-0.46818367367818947,3.80569250903883,3.8056925090388294,1.166907754095515e-16
7790,-0.8864280277669802,1.6639970927118988,1.6639970927119023,2.1350480084135646e-15
7791,-0.7120236844159102,-0.5215991145501369,-0.5215991145501375,6.661338147750939e-16
7792,-0.5617842651111,2.062582850091347,2.062582850091347,0.0
7793,-0.7891238018059794,0.7477013970257596,0.747701397025759,5.551115123125783e-16
7794,-0.11140889882845084,2.5601300046525592,2.5601300046525597,1.7346353858710818e-16
7795,-0.2589134701967535,-4.6989304921409,-4.698930492140901,1.8901714362143254e-16
7796,0.9422613124726547,3.722338054887741,3.722338054887743,4.772153450887528e-16
7797,-0.5919115183348624,0.6442463320941324,0.6442463320941323,1.1102230246251565e-16
7798,-0.7153043984588465,1.0822320372996201,1.0822320372996204,2.0517282548673746e-16
7799,0.6296217919654183,1.1948162915869358,1.1948162915869407,4.08847899275171e-15
7800,-0.5875330511899872,0.7658488279146943,0.7658488279146944,1.1102230246251565e-16
7801,0.20389745069837928,5.8422383743850155,5.842238374385016,1.520270764017943e-16
7802,0.9430498600308217,2.760148839822672,2.760148839822672,0.0
7803,0.181422492514415,0.39960974932024695,0.399609749320247,5.551115123125783e-17
7804,0.10911374253750528,0.7760740782018255,0.7760740782018255,0.0
7805,0.4844643784874252,5.015989017708461,5.015989017708461,0.0
7806,0.7271628581340368,-0.08233001404946538,-0.08233001404946527,1.1102230246251565e-16
7807,-0.2346577395947098,1.7600386965702068,1.7600386965702066,1.2615893352670617e-16
7808,-0.8070934946442209,1.0940479357931956,1.0940479357931956,0.0
7809,0.7039699534594028,4.314605491734152,4.314605491734163,2.470246945362719e-15
7810,-0.6343839850513205,-1.860687703646545,-1.860687703646545,0.0
7811,0.22821487718766886,2.1130334720360553,2.1130334720360557,2.1016667067850642e-16
7812,0.9711455283256767,-0.3567697986201006,-0.3567697986200926,7.993605777301127e-15
7813,-0.9722289355589537,1.0768025638518526,1.076802563851853,4.124147032688165e-16
7814,0.2661606494490336,7.685739685867714,7.685739685867715,2.3112373200286204e-16
7815,0.5260253321416533,0.5368965719653106,0.5368965719653105,1.1102230246251565e-16
7816,-0.1479975605195586,5.338343042989624,5.338343042989624,0.0
7817,0.9653015639131295,1.1515960507920633,1.1515960507920635,1.9281466341631676e-16
7818,-0.6333897598983511,3.6315563000270368,3.6315563000270377,2.4457239440113123e-16
7819,-0.04267297704032913,-4.702915352010777,-4.702915352010779,3.7771397238539538e-16
7820,0.38305688430935914,0.9518093131261762,0.9518093131261763,1.1102230246251565e-16
7821,-0.07215291045813865,0.5150724710638028,0.5150724710638028,0.0
7822,-0.034097182339178245,2.8975879673002476,2.8975879673002476,0.0
7823,0.30438209730727417,1.6155469309787849,1.6155469309787844,2.7488474728555834e-16
7824,0.10675902361874834,1.7627150688451816,1.762715068845182,2.519347668259292e-16
7825,-0.548786119729592,-1.5225377845497383,-1.5225377845497394,7.29192428517289e-16
7826,0.3524279457568926,2.481680963977703,2.4816809639777024,1.7894693810209386e-16
7827,0.7849703633174241,0.8805903092570974,0.8805903092570961,1.2212453270876722e-15
7828,-0.5317641557074659,2.904587121248745,2.9045871212487455,1.5289237034802351e-16
7829,-0.25075256472951024,2.4455138970857244,2.4455138970857244,0.0
7830,0.6633234777852126,2.467113566975336,2.4671135669753346,5.400106616022296e-16
7831,-0.015312524237130254,4.059236789186335,4.059236789186335,0.0
7832,-0.338861033165599,0.13968034589436074,0.1396803458943605,2.220446049250313e-16
7833,-0.6380648276365801,-2.4058410573764224,-2.4058410573764233,3.6917585098854647e-16
7834,-0.43969903029567725,1.2213424158853106,1.2213424158853106,0.0
7835,0.47439954650929494,0.9791865899166983,0.9791865899166983,0.0
7836,-0.32842938001756616,-1.141950179089414,-1.1419501790894135,3.8888667647845846e-16
7837,0.6558225287246708,3.9214228995976903,3.9214228995976903,0.0
7838,0.6179930548114123,-6.328727063456074,-6.328727063456073,1.4034076849809624e-16
7839,0.938250726008478,0.6970175949647361,0.6970175949647306,5.551115123125783e-15
7840,-0.6322833757198425,0.7044570101842288,0.7044570101842289,1.1102230246251565e-16
7841,0.9268235023050984,2.6895548370985285,2.6895548370985303,6.604650014559922e-16
7842,0.5491574260586667,7.021283613722285,7.021283613722285,0.0
7843,0.36380758653098266,1.358484442208808,1.3584844422088067,9.807014259096017e-16
7844,-0.7863396249910586,0.3867651197707195,0.38676511977071953,5.551115123125783e-17
7845,-0.7500885600090625,7.271672544898338,7.271672544898336,2.4428449279478453e-16
7846,0.653930894209676,-1.843601550119709,-1.8436015501197087,1.2044066946603158e-16
7847,0.37343389077621203,-0.23059092032445783,-0.2305909203244576,2.220446049250313e-16
7848,-0.7928606289864599,5.529438596706014,5.529438596706014,0.0
7849,0.05848982450333118,1.591691832742086,1.591691832742086,0.0
7850,0.9003679465463237,6.860751492811332,6.860751492811334,2.5891578222320256e-16
7851,-0.5623209120887526,0.3415039690227427,0.3415039690227428,1.1102230246251565e-16
7852,-0.16500084429446515,3.176526721726372,3.1765267217263724,1.3980339180295324e-16
7853,0.8467313174278739,2.8205696894882126,2.820569689488213,1.5744663622569163e-16
7854,0.8540582772563585,3.6336677974879046,3.6336677974879046,0.0
7855,-0.34963901192616387,0.412756951881742,0.4127569518817421,1.1102230246251565e-16
7856,-0.6129836661188395,1.8803963482325983,1.8803963482325976,3.54251812603869e-16
7857,-0.18187111947826806,0.2406874570422935,0.24068745704229358,8.326672684688674e-17
7858,-0.6536851256273437,0.9035749183779759,0.9035749183779762,3.3306690738754696e-16
7859,-0.48763877630576036,1.4644143025155572,1.4644143025155574,1.5162690267611095e-16
7860,-0.7024932576539614,3.205276564696283,3.205276564696283,0.0
7861,-0.40404351020943463,3.6777260376573255,3.677726037657325,1.2075103074641824e-16
7862,0.7347706782303396,1.4976959113135921,1.497695911313592,1.482574688544629e-16
7863,0.14164206318239914,0.3829842024579976,0.3829842024579976,0.0
7864,-0.497104506725201,0.1858335526588108,0.1858335526588113,4.996003610813204e-16
7865,-0.03794865762764865,0.10986896538451002,0.10986896538451002,0.0
7866,-0.22209652779048694,1.246094795379864,1.246094795379864,0.0
7867,-0.4836169580524352,4.080658644689032,4.080658644689032,0.0
7868,-0.565147393356907,7.164843857131111,7.164843857131112,1.2396340205182956e-16
7869,-0.010568730248726288,1.872784258367712,1.8727842583677115,2.371277993532066e-16
7870,-0.47479167872816397,1.2525250167195578,1.2525250167195578,0.0
7871,0.30336940648745014,2.9775951870124815,2.977595187012481,1.4914358129911938e-16
7872,0.9154266937554947,0.9335796597606841,0.9335796597606839,2.220446049250313e-16
7873,-0.3355218276432119,-2.355488345026303,-2.355488345026302,3.770676350725935e-16
7874,0.30816607847436694,0.7960767480851423,0.7960767480851427,4.440892098500626e-16
7875,0.236597293225008,-2.1098933741008135,-2.109893374100814,2.104794561191145e-16
7876,-0.21385605586172085,9.910968975150539,9.910968975150539,0.0
7877,0.5622045309933401,-3.579543926313356,-3.579543926313357,2.481261406435311e-16
7878,0.8078852362168596,1.5101191004960601,1.510119100496059,7.351890485064777e-16
7879,0.011735621760590842,2.7555682195561784,2.755568219556179,1.6116066613716034e-16
7880,0.5675588097952062,1.9361573884708905,1.9361573884708905,0.0
7881,-0.551063933236547,-0.9305091693885195,-0.930509169388519,4.440892098500626e-16
7882,-0.2176977783336026,0.7522398693601542,0.7522398693601543,1.1102230246251565e-16
7883,0.5391110416572709,1.6942414462334696,1.6942414462334692,2.6211683750113284e-16
7884,0.5951299862846198,1.4222884189286384,1.4222884189286384,0.0
7885,0.6982719113547768,2.3466109364230894,2.3466109364230894,0.0
7886,-0.45256648481355766,0.8936564176645146,0.8936564176645143,3.3306690738754696e-16
7887,0.5702799529509874,2.2449293744270244,2.2449293744270244,0.0
7888,0.08844586981175584,2.246373694245286,2.246373694245286,0.0
7889,0.14858687617421462,1.051542633866166,1.051542633866166,0.0
7890,0.9033956636405078,-0.4549584129799311,-0.45495841297992,1.1102230246251565e-14
7891,-0.7953482823704398,2.6330587292617653,2.6330587292617693,1.517931538796764e-15
7892,0.24013550524290794,2.8178053799242773,2.8178053799242773,0.0
7893,-0.9403321602063001,0.6674970462073024,0.6674970462073024,0.0
7894,-0.3857965101691644,0.6344346525527991,0.6344346525528,8.881784197001252e-16
7895,-0.11447442869927704,1.2912902592952618,1.2912902592952618,0.0
7896,-0.06365931517097922,2.3991547130699935,2.3991547130699944,3.7020472871613984e-16
7897,-0.39799126113889516,1.6451802217782883,1.6451802217782883,0.0
7898,0.47174172310676066,0.4245423122892178,0.4245423122892178,0.0
7899,-0.5741239198972078,1.5534757079508117,1.5534757079508115,1.4293406957610566e-16
7900,-0.3940681853816109,1.9805471171156641,1.9805471171156643,1.1211276066403418e-16
7901,-0.11722618675163932,7.098024912867568,7.098024912867567,1.2513036099521177e-16
7902,-0.3157280872558599,8.291546183527544,8.291546183527544,0.0
7903,0.4908579188182829,4.998494727193524,4.998494727193524,0.0
7904,-0.13237045463489439,-0.9856242865519393,-0.9856242865519392,1.1102230246251565e-16
7905,0.46705395410557826,-6.115589382455968,-6.1155893824559655,4.3569557935727875e-16
7906,0.43231151049732364,-1.8591616449651391,-1.859161644965139,1.1943265155364951e-16
7907,-0.03051227938665424,2.296017003400981,2.2960170034009812,1.9341721302248824e-16
7908,0.6114790829069299,-0.6733934027480469,-0.6733934027480477,7.771561172376096e-16
7909,0.8965192524331216,4.457322081976568,4.457322081976569,1.9926278679557945e-16
7910,-0.8277973436585462,4.370109081950519,4.37010908195052,4.0647883292821743e-16
7911,-0.05564254544926872,5.764576042444524,5.764576042444522,4.622257108729983e-16
7912,0.6625805140267444,2.6210935988169752,2.6210935988169752,0.0
7913,-0.7049598526545082,6.391460199458847,6.391460199458847,0.0
7914,-0.4644413244836798,4.145233045553855,4.145233045553856,2.1426501476262681e-16
7915,0.4927473600543677,3.2848122584437798,3.2848122584437798,0.0
7916,0.36338841092834673,2.190238897273675,2.1902388972736753,2.0275834312085672e-16
7917,-0.947195175686897,0.8929001610744924,0.8929001610744933,8.881784197001252e-16
7918,-0.5370162828326697,-0.9163831704991816,-0.9163831704991812,4.440892098500626e-16
7919,-0.9165858070728603,2.7835735920412503,2.783573592041251,3.190784760423044e-16
7920,-0.2763726543185696,3.695756532916022,3.695756532916022,0.0
7921,-0.24643787529974748,1.8604162013744299,1.8604162013744296,1.1935211312446655e-16
7922,-0.4075969980927526,4.41439262632269,4.414392626322689,2.0120059425706368e-16
7923,0.6765198053957999,0.4570084918970704,0.45700849189707043,5.551115123125783e-17
7924,0.18060246227772891,4.44171919178991,4.441719191789911,1.9996275796584292e-16
7925,0.8051985760420439,0.5972419005596119,0.5972419005596077,4.218847493575595e-15
7926,0.5966189413377117,0.3447050673851672,0.3447050673851672,0.0
7927,-0.3477865297283149,-5.792747249351402,-5.792747249351402,0.0
7928,0.9751899706145619,7.031253219067369,7.03125321906731,8.463349600116033e-15
7929,-0.7035803692302269,1.0378404725040054,1.037840472504005,4.278973711427974e-16
7930,0.04251289166651495,-0.6101078173985814,-0.6101078173985817,2.220446049250313e-16
7931,-0.7260355539317852,7.463403769989122,7.463403769989121,1.1900447129385576e-16
7932,-0.795658346769438,1.4753719491670556,1.4753719491670525,2.1070106902232084e-15
7933,-0.5457160212470336,3.929884357598909,3.9298843575989086,1.1300312412281603e-16
7934,0.049583132356537885,2.8514287519574943,2.8514287519574943,0.0
7935,-0.20400604154314894,0.8819511126152157,0.8819511126152157,0.0
7936,-0.8835991462874161,3.0856599154267674,3.0856599154267688,4.317610060945185e-16
7937,0.9700263917479675,-1.354828472345912,-1.3548284723458863,1.9011391255089714e-14
7938,-0.4396242195879343,0.9976387813326032,0.9976387813326033,1.1102230246251565e-16
7939,-0.7923735975091184,3.9867503464857914,3.9867503464857945,7.79738934917408e-16
7940,0.34610905031880135,0.6067844637950852,0.6067844637950854,2.220446049250313e-16
7941,0.23603014922779075,6.65104821373647,6.65104821373647,0.0
7942,0.18239391033994745,4.236317433263968,4.236317433263969,2.096581367406662e-16
7943,0.2483977671546056,0.6419022440700143,0.6419022440700143,0.0
7944,-0.5896132530445533,4.523246851888861,4.523246851888861,0.0
7945,-0.1913634104409878,5.684811423031125,5.684811423031125,0.0
7946,0.2258884292646428,1.6481778423782518,1.6481778423782518,0.0
7947,-0.9371238402666027,0.09150091228252959,0.09150091228252855,1.0408340855860843e-15
7948,0.7994315974554271,-2.9948659040451595,-2.9948659040451595,0.0
7949,-0.2507035686473945,5.2205022114739235,5.220502211473923,1.7013275422966684e-16
7950,0.4904472547617911,2.6053031704843344,2.6053031704843344,0.0
7951,-0.13281151346582765,0.11506552164971051,0.11506552164971051,0.0
7952,-0.3205424485290791,3.2533656825892447,3.2533656825892443,1.3650147360521331e-16
7953,-0.669796860644128,0.642231577770269,0.642231577770269,0.0
7954,0.5720357587852458,2.4802244226749397,2.480224422674941,5.371560804619961e-16
7955,-0.09863044605093252,1.2252542487166214,1.2252542487166216,1.8122328909090453e-16
7956,-0.843866100181808,1.4527773181217465,1.4527773181217467,1.5284145901459028e-16
7957,-0.7947657834030264,2.2073635528983555,2.207363552898356,2.0118535040000816e-16
7958,-0.2837369377858011,-4.748897002099101,-4.748897002099101,0.0
7959,0.6633656743576148,-0.4403386430267535,-0.44033864302675596,2.4424906541753444e-15
7960,-0.06273886648679017,1.0542953596329123,1.054295359632913,6.318284612454619e-16
7961,0.5151922502642698,1.1318112856876832,1.1318112856876832,0.0
7962,-0.702167304950545,2.2836371205690758,2.2836371205690753,1.9446575195773525e-16
7963,-0.9205043016322971,-0.6667344093180919,-0.6667344093180816,1.0325074129013956e-14
7964,0.42801044917845354,0.38570870425642,0.38570870425641957,4.440892098500626e-16
7965,0.25207102606161835,1.8302788786809119,1.8302788786809119,0.0
7966,0.8009535087262534,-0.08600879809187223,-0.08600879809187256,3.3306690738754696e-16
7967,0.8226380791300107,2.1231762520860387,2.123176252086038,2.0916266815519493e-16
7968,0.841091020083796,0.01732870056329605,0.017328700563296058,6.938893903907228e-18
7969,0.6098851991230057,0.5056043453547518,0.5056043453547518,0.0
7970,-0.910419533309714,3.5447511660231124,3.5447511660230973,4.259546700944278e-15
7971,0.8072976572946184,0.8976260495009655,0.8976260495009654,1.1102230246251565e-16
7972,0.14171112924778861,2.814931157795328,2.8149311577953275,1.5776201439962607e-16
7973,-0.1445574811675019,1.2597710879356883,1.2597710879356883,0.0
7974,0.9071129944844667,1.3708019484388358,1.370801948438837,8.099076791432602e-16
7975,-0.20868553372328902,1.916783134860058,1.9167831348600584,2.316846396305991e-16
7976,-0.8087984595820259,-2.4624617322835576,-2.462461732283556,7.213743938075133e-16
7977,0.5347898282976944,2.6612840818359547,2.661284081835955,1.668702762253387e-16
7978,0.021400570862782242,10.168118408581082,10.168118408581082,0.0
7979,0.00630484025970679,-0.45689268004290207,-0.45689268004290207,0.0
7980,0.02173666818980502,0.2523478090161366,0.25234780901613685,2.220446049250313e-16
7981,0.6275393841613812,1.537580321388277,1.537580321388277,0.0
7982,0.805084364475859,0.19384150379142734,0.1938415037914274,5.551115123125783e-17
7983,0.5229428536581635,2.996081402242607,2.996081402242607,0.0
7984,-0.7614938610467246,-1.1061088359125968,-1.1061088359125966,2.0074390305528395e-16
7985,0.6257385385156189,3.1896877009263713,3.1896877009263704,2.784530972866636e-16
7986,0.6402561251458476,4.342416529886201,4.3424165298862025,4.090710384816084e-16
7987,0.054795878597023284,8.93186278364954,8.931862783649542,1.9887865302319778e-16
7988,-0.666018713245865,3.8176341593722998,3.8176341593722998,0.0
7989,-0.3572826683344038,0.7188239453368437,0.7188239453368437,0.0
7990,0.39493249774473993,0.034955171952039246,0.034955171952039246,0.0
7991,-0.14207773887404573,3.658320713666091,3.6583207136660927,4.855661869022196e-16
7992,-0.37707935371173507,0.8301590664264364,0.8301590664264362,2.220446049250313e-16
7993,-0.7490575450137725,0.777739295194092,0.777739295194092,0.0
7994,0.7107770195649923,1.0351045147418203,1.0351045147418212,8.580567537391701e-16
7995,-0.5261800446165386,0.8143162976087883,0.8143162976087877,6.661338147750939e-16
7996,-0.20915347866071343,2.808119319442047,2.8081193194420475,1.5814470801700118e-16
7997,0.1654825610482129,3.7689739021753783,3.7689739021753788,1.1782761605054973e-16
7998,0.9223207351865641,1.3607974489496024,1.3607974489496044,1.468551727421186e-15
7999,-0.9764222433664252,-1.0019790023282042,-1.0019790023282127,8.421029749670715e-15
8000,0.7518624203243638,-1.1204293751653762,-1.1204293751653776,1.1890688151170118e-15
8001,0.6146113792378567,2.9423716308482897,2.9423716308482897,0.0
8002,-0.19773003168142667,7.82359384218502,7.823593842185021,1.1352562998746743e-16
8003,0.35200862714743764,-0.19475749248734786,-0.19475749248734758,2.7755575615628914e-16
8004,-0.8235290363657726,1.3126768458355733,1.3126768458355729,3.383081001686911e-16
8005,0.5595584935417546,2.0710290078774647,2.0710290078774647,0.0
8006,0.6021725500277062,1.848203562003582,1.8482035620035822,1.2014077317561245e-16
8007,-0.18381620432143675,-4.389350160576495,-4.389350160576493,4.0469699942256254e-16
8008,-0.2842856516628891,5.196639326685502,5.196639326685501,1.7091400111976202e-16
8009,0.21342686719797666,0.9856336043840874,0.9856336043840873,1.1102230246251565e-16
8010,0.9498858156170848,1.9903999577284146,1.9903999577284144,1.1155778217481693e-16
8011,0.023159199257548613,1.255222315344733,1.255222315344733,0.0
8012,0.8199534130522006,2.721790189088354,2.7217901890883542,1.6316070637274485e-16
8013,0.7456218734428046,4.632884800450066,4.632884800450059,1.5336939431152568e-15
8014,-0.8598739250155996,-1.7874901826294454,-1.7874901826294423,1.7391001635475108e-15
8015,0.4417805896371596,13.076446802398774,13.076446802398776,1.3584399999810281e-16
8016,0.7239981299744727,1.3056725727988456,1.3056725727988456,0.0
8017,0.9821068622699465,3.054763944631715,3.0547639446317145,1.4537594979490385e-16
8018,-0.9675901763248694,13.034807783735078,13.034807783735083,4.0883383987068857e-16
8019,0.23439126729728343,-0.0551680323315874,-0.0551680323315874,0.0
8020,-0.8653723808216295,3.7768890454307553,3.776889045430754,3.5274206192579383e-16
8021,0.872618176170318,0.24430567011485976,0.24430567011485976,0.0
8022,-0.7970328484608048,2.86075876821394,2.860758768213941,3.104695263259273e-16
8023,0.8569818125697366,4.950354564672487,4.950354564672488,1.7941713226735036e-16
8024,0.3373463575004394,1.081004080479023,1.081004080479023,0.0
8025,0.8806675158194603,2.3821713243434655,2.3821713243434655,0.0
8026,-0.704976638072522,6.951415194020927,6.951415194020927,0.0
8027,0.701327724703821,1.799468982109323,1.7994689821093224,3.701835493681348e-16
8028,-0.8696738025815245,-0.24036912562265988,-0.24036912562265922,6.661338147750939e-16
8029,0.890349064417687,5.648102920494237,5.648102920494237,0.0
8030,0.715178971863651,2.349292522305896,2.349292522305895,3.780620809316472e-16
8031,0.09980320278738941,4.276330911103857,4.276330911103857,0.0
8032,-0.08878213044843264,0.8708582436032097,0.8708582436032095,2.220446049250313e-16
8033,-0.5499409556715316,1.901790257010015,1.9017902570100147,1.1675556970942144e-16
8034,-0.8343116740833585,-0.10339633158600936,-0.10339633158601202,2.6645352591003757e-15
8035,0.15883268229873737,0.7380638228619774,0.7380638228619774,0.0
8036,0.038672667574538355,6.2640465492472215,6.264046549247222,1.4178988178286472e-16
8037,0.7793854781459442,-1.183627744424005,-1.1836277444240064,1.12557992648146e-15
8038,0.6132089937554843,3.163454401456177,3.1634544014561765,1.4038110037105098e-16
8039,-0.8233525946933844,1.9859225134716147,1.9859225134716145,1.1180929941565167e-16
8040,0.11072404962579374,2.734822454559861,2.7348224545598603,3.2476639140476397e-16
8041,0.15698841785006956,0.15593106531029063,0.15593106531029066,2.7755575615628914e-17
8042,0.512351768055203,0.8263881930825265,0.8263881930825264,1.1102230246251565e-16
8043,-0.304003405313775,2.6158196667949727,2.6158196667949727,0.0
8044,0.1889203274230189,-0.3011141058504818,-0.30111410585048226,4.440892098500626e-16
8045,0.18212066872881172,0.8052844901205252,0.8052844901205252,0.0
8046,0.4822376306593019,0.9392195577366211,0.9392195577366205,6.661338147750939e-16
8047,-0.2083520684343695,3.0461285525546336,3.046128552554633,1.4578807236405947e-16
8048,0.14137242212407242,0.36057415474810417,0.36057415474810417,0.0
8049,0.6989666050335963,4.295706199447745,4.2957061994477455,2.0675958235093204e-16
8050,0.012530383798099898,5.624457118527531,5.624457118527531,0.0
8051,0.6049021348441068,4.863855468755295,4.863855468755293,3.652157945093785e-16
8052,0.930014348776441,1.615362703023697,1.615362703023697,0.0
8053,-0.44528100873637644,3.050014190354745,3.0500141903547453,1.456023421971066e-16
8054,-0.4580666950946649,7.141117652016658,7.141117652016659,1.2437526770747192e-16
8055,0.7136648105077161,2.4249261911552003,2.4249261911552003,0.0
8056,0.2374557972178799,3.6878024734330195,3.6878024734330195,0.0
8057,-0.24191637009686318,2.675125946169645,2.675125946169646,4.98020525522465e-16
8058,0.34663516611282486,0.13855152715948002,0.13855152715947996,5.551115123125783e-17
8059,0.4706708253917742,5.958162180469718,5.958162180469718,0.0
8060,-0.028917811274323912,9.032003523955925,9.032003523955924,1.9667362116154538e-16
8061,0.49192931125907635,4.567083249428688,4.567083249428688,0.0
8062,0.015633459285996354,-0.41747718477018525,-0.41747718477018525,0.0
8063,0.40252269158975285,2.114341296073127,2.114341296073127,0.0
8064,-0.32727160461519034,-0.0060037560020383685,-0.006003756002038341,2.7755575615628914e-17
8065,-0.020056358188959678,-0.4376401501401441,-0.4376401501401441,0.0
8066,-0.5142703405740378,6.670431139129922,6.670431139129921,1.331515761387468e-16
8067,0.3307996124171497,3.9903005765474475,3.9903005765474466,2.2258433986659955e-16
8068,0.16281458942662308,1.7090022658660722,1.7090022658660722,0.0
8069,0.9383939676885871,5.640987942261379,5.640987942261376,6.298034520131019e-16
8070,-0.8744388727468554,6.700740283184633,6.700740283184633,0.0
8071,0.12424603014979274,3.246399131481141,3.246399131481141,0.0
8072,-0.922155623767083,9.092193102872898,9.0921931028729,1.9537165778396937e-16
8073,-0.4585410414388058,3.399995233507615,3.3999952335076156,1.306146565952437e-16
8074,0.3810524934223687,3.45756554591479,3.4575655459147905,1.2843985282499312e-16
8075,0.9563100950083363,0.7076973042085632,0.707697304208561,2.220446049250313e-15
8076,0.8754291844249298,4.5972183748657836,4.597218374865783,1.9319909285928922e-16
8077,0.7522398813537929,-0.5528806078994754,-0.5528806078994755,1.1102230246251565e-16
8078,0.21756265356869897,2.394509652293204,2.3945096522932037,1.854614406856793e-16
8079,-0.6457356268267127,2.4893041200912496,2.489304120091249,1.7839893738406853e-16
8080,0.6157874473246139,1.0917175961620988,1.0917175961620986,2.033901493441368e-16
8081,-0.028846329507619783,-0.05175198113233215,-0.051751981132333036,8.881784197001252e-16
8082,-0.26531798941817086,0.5623487712344978,0.562348771234498,2.220446049250313e-16
8083,-0.3715396582560021,5.902997571258428,5.902997571258429,1.504622709019308e-16
8084,-0.8093592561907734,2.8230116613969063,2.8230116613969067,1.5731044115854438e-16
8085,-0.5103177925343191,3.4027750866079765,3.4027750866079765,0.0
8086,-0.1325728252190711,2.538919382375269,2.5389193823752696,1.74912686449539e-16
8087,-0.05411642421571672,-4.566432115721834,-4.566432115721833,1.945016146505722e-16
8088,0.5063688388098593,-2.759060969338885,-2.7590609693388846,1.6095664966638031e-16
8089,-0.8766259030613124,1.1216781755728562,1.1216781755728569,5.93872493270978e-16
8090,-0.1292781534060592,2.675980462771821,2.675980462771821,0.0
8091,-0.5027129823612122,0.8130159718480161,0.8130159718480159,2.220446049250313e-16
8092,0.5068892962744904,5.042418810024522,5.04241881002452,3.5228268541851086e-16
8093,-0.7655435870691036,-1.039841614468696,-1.0398416144686973,1.2812216889693398e-15
8094,0.5703691375639952,0.4084896829648752,0.4084896829648751,1.1102230246251565e-16
8095,0.5925275492446747,4.748273088083312,4.748273088083311,3.7410587100778877e-16
8096,0.484869124242689,3.7101524660508143,3.7101524660508143,0.0
8097,0.7850658610132708,5.433788011107977,5.433788011107977,0.0
8098,-0.16313485130959193,9.560367389779207,9.560367389779206,1.8580424443722918e-16
8099,0.2864665472031107,0.933454070504504,0.933454070504504,0.0
8100,0.13151829313973362,-0.057690267075421686,-0.05769026707542135,3.3306690738754696e-16
8101,-0.3166571712203634,4.199682805810348,4.199682805810349,2.1148702432272074e-16
8102,0.653032870728216,5.115859000537147,5.115859000537146,1.7361276368384464e-16
8103,0.9609840984927343,3.5816343361598046,3.581634336159805,1.2399066129297024e-16
8104,0.13278138721988242,2.744991591451421,2.7449915914514214,1.6178162848770307e-16
8105,0.8025438736542709,5.493104137944616,5.493104137944615,3.2337942168795644e-16
8106,0.3161326852013955,2.679455518943138,2.6794555189431386,1.6573860126076116e-16
8107,0.5351207520592212,3.042659318176326,3.042659318176326,0.0
8108,0.4304790548611006,-2.4885077561547413,-2.488507756154741,1.7845602801587092e-16
8109,0.8593107471266253,1.9869207023852966,1.9869207023852962,2.235062573543745e-16
8110,-0.31300960471478956,1.9661415635712387,1.966141563571239,1.1293419000904306e-16
8111,-0.5870548481596745,-2.7308892022704176,-2.7308892022704185,3.2523414679793963e-16
8112,0.059174472061820804,0.6908731547393929,0.6908731547393928,1.1102230246251565e-16
8113,-0.5729901705203969,2.396641731774265,2.396641731774265,0.0
8114,0.4912458085949347,4.3378922932842725,4.337892293284273,2.0474884106162863e-16
8115,0.6751592867513765,2.0482696176728417,2.0482696176728417,0.0
8116,-0.30416370974407303,1.3446793981761693,1.344679398176169,1.6512828650918377e-16
8117,0.5144713734460422,1.1563374555987025,1.156337455598703,3.840481061128752e-16
8118,0.45615905840317095,0.3575649995659722,0.3575649995659713,8.881784197001252e-16
8119,-0.3390626353704529,4.368505178270671,4.368505178270671,0.0
8120,0.279213766662592,-1.2306067174461066,-1.2306067174461066,0.0
8121,0.1545710124668127,3.634066289805533,3.6340662898055327,1.222017361366919e-16
8122,-0.40071714475430587,0.24768049320985333,0.24768049320985303,3.0531133177191805e-16
8123,-0.3613567708622274,4.012792207501393,4.012792207501393,0.0
8124,0.7026290613042792,1.4917708091685247,1.491770809168525,1.4884632650024392e-16
8125,0.7583205007193023,1.6499684973115496,1.6499684973115498,1.3457505721280719e-16
8126,-0.28887706600995444,3.1390567550975113,3.13905675509751,4.2441654722767267e-16
8127,0.02649183964774915,1.914124247130397,1.914124247130397,0.0
8128,-0.35922194549914777,3.5968734201815598,3.59687342018156,1.2346534280532071e-16
8129,0.593025094559289,-0.460043163001017,-0.4600431630010171,1.1102230246251565e-16
8130,0.951702937952041,1.3686743978421787,1.3686743978421774,9.733999785855651e-16
8131,0.07197293318282716,0.43309171079922454,0.4330917107992245,5.551115123125783e-17
8132,0.45108091653576143,-1.3970749379337493,-1.3970749379337488,3.1787071530097247e-16
8133,0.9801097723907091,3.6924262219315356,3.6924262219315374,4.810812004446835e-16
8134,-0.9693111531876428,2.823826093192541,2.823826093192533,2.8307712704303873e-15
8135,-6.23908243851945e-05,1.2429588290492979,1.2429588290492979,0.0
8136,0.6045102069794657,-4.137683516986309,-4.137683516986304,1.0732797905566155e-15
8137,-0.06300434043894343,2.297366794097853,2.297366794097853,0.0
8138,0.9160294334819992,1.0657687917304128,1.065768791730413,2.083421907715212e-16
8139,-0.13247931945423885,-3.180806451285657,-3.1808064512856573,1.3961528834002625e-16
8140,0.8033539516571315,0.6559079020721188,0.6559079020721186,2.220446049250313e-16
8141,-0.7764565950899227,3.4002552479457964,3.4002552479457964,0.0
8142,0.033085222426657346,7.797206976252794,7.797206976252795,1.1390981699025883e-16
8143,-0.7003649438928792,-0.885729401228333,-0.8857294012283345,1.5543122344752192e-15
8144,0.4353674608150311,1.0178412499569454,1.0178412499569454,0.0
8145,-0.04555219695643653,1.3911347502258746,1.3911347502258746,0.0
8146,0.9808861257681991,-0.9353656472940945,-0.9353656472940841,1.0436096431476471e-14
8147,-0.5819643210901917,-4.247961185017232,-4.247961185017231,2.0908345933874684e-16
8148,0.6393874764618919,3.2236505349125557,3.2236505349125553,1.3775972458568897e-16
8149,0.23052612895610847,2.7700249498067815,2.770024949806781,1.6031957036381182e-16
8150,-0.018645704474262392,0.8729923633646757,0.8729923633646757,0.0
8151,0.36399383396194995,4.576152980417095,4.576152980417095,0.0
8152,-0.8204146165687097,1.1431319484346891,1.1431319484346885,5.827269683847457e-16
8153,-0.22961907697967432,3.6263312970126305,3.6263312970126305,0.0
8154,0.4808356379309344,2.412524448260375,2.4125244482603754,1.8407656352261501e-16
8155,-0.2934816037645015,4.161648650186255,4.161648650186254,2.1341984736274523e-16
8156,-0.7668463349292736,0.47609201408878343,0.4760920140887832,2.220446049250313e-16
8157,0.6426169581560346,3.2036164945153733,3.203616494515374,1.3862121468357658e-16
8158,0.10790187244572902,4.177287453647865,4.177287453647866,2.1262085254020837e-16
8159,0.5119795867852759,0.961592037726351,0.9615920377263509,1.1102230246251565e-16
8160,-0.9738869488883226,1.4560900376304784,1.4560900376304784,0.0
8161,0.4789516843892372,2.6640257267829233,2.6640257267829233,0.0
8162,0.4749332596151181,0.5874681130724148,0.5874681130724148,0.0
8163,-0.9043792542656869,-3.967788639843997,-3.9677886398439988,4.476944214120468e-16
8164,-0.8269774981441131,1.2706713941351964,1.2706713941351966,1.7474589099107892e-16
8165,-0.06127686600406401,-0.9698138574873685,-0.9698138574873684,1.1102230246251565e-16
8166,-0.014888167824108511,5.81761589116595,5.81761589116595,0.0
8167,-0.5260444695752466,2.0792569869672795,2.07925698696728,2.1358072264929274e-16
8168,0.8053934095006938,1.029091883602106,1.029091883602106,0.0
8169,-0.770226554784916,0.2028695488735081,0.2028695488735081,0.0
8170,0.3784808088201934,3.356867955712221,3.356867955712221,0.0
8171,0.6345518092554974,-0.9282921607264514,-0.9282921607264525,1.1102230246251565e-15
8172,0.4848172300591984,1.666204237507147,1.6662042375071469,1.3326373797802736e-16
8173,-0.5486896654796938,0.06021612700920831,0.06021612700920853,2.220446049250313e-16
8174,0.563264649513245,1.43773575055623,1.4377357505562305,3.088809676453088e-16
8175,-0.3947688408483798,0.16683410401837828,0.1668341040183785,2.220446049250313e-16
8176,-0.18260941114969953,0.6327538162054291,0.6327538162054293,1.1102230246251565e-16
8177,0.4009459092782408,6.377316621152878,6.377316621152879,1.39271494966101e-16
8178,-0.7030763844479965,-0.2644643019679902,-0.2644643019679904,2.220446049250313e-16
8179,-0.15417859367503528,1.85757279580436,1.85757279580436,0.0
8180,0.6761779373920918,0.6686314426387348,0.6686314426387345,2.220446049250313e-16
8181,-0.28398809128533953,1.9619290882288383,1.961929088228839,3.3953001602950723e-16
8182,-0.482133597950265,2.668421956522536,2.6684219565225367,1.664239078698017e-16
8183,-0.7615850524052621,0.6831926563193381,0.6831926563193378,3.3306690738754696e-16
8184,0.3926012148786333,12.00829333034222,12.008293330342221,1.4792750231307238e-16
8185,0.736819649877624,2.3173770022472056,2.3173770022472038,7.665377008909999e-16
8186,-0.8298789902074135,11.574181536314763,11.574181536314763,0.0
8187,0.941986573169205,1.0526084031093668,1.0526084031093668,0.0
8188,0.9365427832611939,4.9912027468273905,4.9912027468273905,0.0
8189,-0.7311908719611364,0.8611826658761248,0.861182665876125,2.220446049250313e-16
8190,-0.6325066583485699,3.05921322324595,3.0592132232459477,7.258225848325568e-16
8191,-0.678770071528134,0.600769745477211,0.6007697454772106,3.3306690738754696e-16
8192,-0.5918252888383948,3.4393428806419775,3.439342880641977,1.291203655063232e-16
8193,-0.34704568825030735,-0.30863862213609483,-0.30863862213609483,0.0
8194,0.18091735773631856,0.9368321466032374,0.9368321466032383,8.881784197001252e-16
8195,-0.925366347385763,1.8229178166030386,1.8229178166030389,1.2180724929158124e-16
8196,-0.22919433809542233,-0.6037653730653156,-0.6037653730653156,0.0
8197,0.3903460330560269,1.8597449342880876,1.8597449342880878,1.193951927660608e-16
8198,-0.6065576015134018,-0.06197919750308778,-0.061979197503087766,1.3877787807814457e-17
8199,-0.2429525503067831,2.0923426190341448,2.0923426190341443,2.1224497642506585e-16
8200,-0.8385613372403669,0.5050302710878469,0.5050302710878467,2.220446049250313e-16
8201,-0.6381129329101936,-4.238003407719841,-4.238003407719841,0.0
8202,-0.44260970359319896,-2.3234147796363076,-2.323414779636308,1.9113643148967896e-16
8203,-0.30955951037577,-0.4208648000194979,-0.4208648000194979,0.0
8204,0.9167600503562963,-1.0072208487848837,-1.0072208487848862,2.4249802385663255e-15
8205,0.7448608909272647,-0.3742813103857898,-0.3742813103857898,0.0
8206,-0.48308141767752444,2.2787513854036487,2.2787513854036483,1.9488269439774733e-16
8207,0.10222510184721356,0.4340653062983759,0.4340653062983759,0.0
8208,0.8417189456787493,0.9195303976183179,0.9195303976183178,1.1102230246251565e-16
8209,0.6418433103208334,-0.2026559817911357,-0.20265598179113575,5.551115123125783e-17
8210,-0.5242074052590651,2.316548903828918,2.3165489038289175,1.9170292891984617e-16
8211,-0.12743617313753475,1.688515857238794,1.6885158572387933,3.945084743618654e-16
8212,-0.6476008133871226,3.002975415841683,3.002975415841684,2.9576613082301373e-16
8213,-0.17477633570327822,1.0197820740874302,1.01978207408743,2.1773730934006838e-16
8214,0.14452318436370182,0.5902308797624477,0.5902308797624476,1.1102230246251565e-16
8215,0.4699832339186625,-0.9974127912908275,-0.9974127912908282,6.661338147750939e-16
8216,0.6530702356243041,-0.0050862566011682375,-0.0050862566011682375,0.0
8217,-0.9133263511540253,6.1081476993434825,6.108147699343483,1.4540879877472325e-16
8218,-0.3315009268962801,0.6659353146080764,0.6659353146080766,2.220446049250313e-16
8219,-0.4910530696883209,-0.5188597037975575,-0.5188597037975584,8.881784197001252e-16
8220,0.12299401201763782,0.45453322827625575,0.45453322827625575,0.0
8221,0.846516914304813,4.305614823802933,4.305614823802934,2.0628376109956857e-16
8222,-0.5464797014136984,4.784155640428654,4.784155640428654,0.0
8223,0.9805972387788895,-8.30150940216229,-8.301509402162282,1.0698999141876317e-15
8224,0.6190506783077527,0.9629637303970422,0.9629637303970422,0.0
8225,-0.947597639604258,4.769234328207481,4.769234328207482,1.8623081999704293e-16
8226,-0.20731674758565355,2.7542074976762465,2.754207497676247,1.6124028789579045e-16
8227,0.38215646932819536,8.361045179271791,8.36104517927179,2.124563139311924e-16
8228,-0.5275634732037398,1.7404498342373302,1.7404498342373307,2.551577190644301e-16
8229,0.6355499257203909,-0.1262219300536671,-0.1262219300536671,0.0
8230,0.693395984847482,1.7057476548973645,1.7057476548973642,1.3017435743647077e-16
8231,0.35271425287091107,0.3255306280101784,0.3255306280101786,2.220446049250313e-16
8232,0.3473197537303945,5.978412848106316,5.978412848106316,0.0
8233,0.3658153094652772,8.055435316788504,8.055435316788504,0.0
8234,0.14595051044529783,-1.166880767497282,-1.166880767497282,0.0
8235,0.1453390251446225,3.900678601826009,3.900678601826009,0.0
8236,-0.8867053657952163,0.42165841985279673,0.42165841985279673,0.0
8237,-0.1689785496088123,4.149090154180503,4.149090154180502,2.1406582809612425e-16
8238,0.7808198660938144,0.4511590491718307,0.45115904917183114,4.440892098500626e-16
8239,0.24395823466282796,0.637726265763415,0.6377262657634148,1.1102230246251565e-16
8240,0.7316740331386822,2.925237774969421,2.9252377749694216,1.51813029918467e-16
8241,-0.5400833780428569,0.2884537101671176,0.28845371016711774,1.1102230246251565e-16
8242,-0.9871865471741854,-0.5651574121142544,-0.5651574121142389,1.554312234475219e-14
8243,0.68557722084581,4.408453702654515,4.408453702654515,0.0
8244,0.03286495796023425,4.618945114150563,4.618945114150563,0.0
8245,0.21515528278482687,-4.2541096839564965,-4.254109683956498,4.1756253866688405e-16
8246,-0.22972619321561405,3.3045178721990647,3.3045178721990647,0.0
8247,-0.711511882724885,3.9099064116935587,3.9099064116935596,2.2716104330369754e-16
8248,0.5292030594725856,5.608983485120808,5.608983485120809,1.583492663253929e-16
8249,0.06703711098359011,0.243257440676941,0.24325744067694055,4.440892098500626e-16
8250,0.2693189785822876,2.1659512482791246,2.165951248279125,2.0503195083587272e-16
8251,-0.9120176372121425,1.3839359037084875,1.3839359037084895,1.4439985543913061e-15
8252,-0.8588624697944212,2.2382501209403705,2.2382501209403713,3.9681821588686843e-16
8253,-0.6184190612515548,-4.677643063210289,-4.67764306321029,1.8987733944166405e-16
8254,0.9514890959943778,0.9789082317041989,0.978908231704203,4.107825191113079e-15
8255,0.25971016616653175,1.4824098532407264,1.4824098532407262,1.4978624463377322e-16
8256,0.46928552712307736,2.559357013461006,2.559357013461006,0.0
8257,-0.4934333475475998,2.8326500908105228,2.8326500908105223,1.5677517364066409e-16
8258,-0.4364590155995174,2.1499788050965596,2.149978805096559,2.065551571007779e-16
8259,0.13390430339148884,0.2073984323748861,0.20739843237488653,4.440892098500626e-16
8260,-0.6178278941242146,0.8250916666144764,0.8250916666144765,1.1102230246251565e-16
8261,-0.5446158928264915,-0.2892249790140431,-0.28922497901404287,2.220446049250313e-16
8262,0.09807254746236915,2.9631998813789417,2.9631998813789413,1.498681248743177e-16
8263,-0.33406815511583454,3.0478778438714813,3.047877843871482,2.914087982515538e-16
8264,0.6913370366407463,1.5162296403112816,1.516229640311283,8.786714057882904e-16
8265,-0.1465667970140665,2.5231440757400896,2.523144075740089,1.7600628284367874e-16
8266,0.17429358569080255,9.012054060156077,9.012054060156077,0.0
8267,0.7378979037910818,4.055183857900778,4.0551838579007775,2.1902297178700623e-16
8268,0.6354812972588786,0.671564310920493,0.6715643109204956,2.6645352591003757e-15
8269,-0.9181109004355708,4.777913976541082,4.7779139765411,3.903742701371396e-15
8270,0.3846957026512643,2.7370033801427054,2.737003380142705,1.6225380394923301e-16
8271,-0.38192035461871054,0.03163645194606868,0.03163645194606872,4.163336342344337e-17
8272,0.6359548136558077,2.7746045964730923,2.7746045964730923,0.0
8273,0.010851764468601255,0.9405300912498116,0.9405300912498118,2.220446049250313e-16
8274,0.36707048591941316,0.37120379625571753,0.371203796255718,4.440892098500626e-16
8275,0.1423039819606038,0.9928507192702447,0.9928507192702449,2.220446049250313e-16
8276,0.8115120541872263,2.6713457344361817,2.6713457344361835,6.649670301007185e-16
8277,-0.4872251220426964,-0.33353944651202805,-0.33353944651202805,0.0
8278,0.5112639854500447,2.285243696884084,2.285243696884084,0.0
8279,-0.020036644470301956,0.5921647522112977,0.5921647522112982,4.440892098500626e-16
8280,0.016092745014145482,0.2604220793698929,0.260422079369893,5.551115123125783e-17
8281,0.3786169167195228,3.887410532406832,3.8874105324068324,1.142377956091793e-16
8282,0.9555734165100067,-4.805418921578251,-4.805418921578266,3.1420846717653353e-15
8283,-0.19550484675562485,5.684283959639154,5.684283959639153,1.5625159228612993e-16
8284,0.5431537496795693,2.6281984880679694,2.6281984880679694,0.0
8285,-0.42097711423570006,-1.6360845965778088,-1.636084596577808,5.428682731674904e-16
8286,0.24255937094077873,3.980138144644973,3.980138144644973,0.0
8287,-0.25123112598294195,0.033978196041940745,0.033978196041940745,0.0
8288,-0.7523068512946322,2.428206766866011,2.428206766866011,0.0
8289,0.9824405566050132,1.3267891336675224,1.3267891336675213,8.367742819510951e-16
8290,-0.031114637687118307,-0.9747381035334631,-0.9747381035334625,6.661338147750939e-16
8291,0.902388012003648,2.709198405280578,2.7091984052805778,1.6391904298499337e-16
8292,0.5185806322790152,-3.579564808289043,-3.5795648082890428,1.2406234657959103e-16
8293,0.10398080025764256,-2.7076678100196925,-2.7076678100196916,3.2802340686454654e-16
8294,-0.5893343989642771,-0.19759800273429967,-0.1975980027342994,2.7755575615628914e-16
8295,-0.838530727924978,1.9562991313804872,1.9562991313804867,2.2700475746604533e-16
8296,0.12136741039821697,-2.072255038401023,-2.072255038401024,4.2860478234641157e-16
8297,0.5130765755205224,2.370793172860916,2.370793172860916,0.0
8298,0.9588439052938345,6.856098757539066,6.8560987575390655,1.2954574476096502e-16
8299,-0.5381990070215097,1.50957928254277,1.5095792825427699,1.470903896819611e-16
8300,0.26290500137142536,1.1652919812780063,1.1652919812780071,7.62193882709153e-16
8301,0.664705912896433,0.36786624031282744,0.3678662403128269,5.551115123125783e-16
8302,0.8277447759002086,0.3482755018217058,0.3482755018217058,0.0
8303,0.8703773286670431,-0.846139380451483,-0.8461393804514845,1.5543122344752192e-15
8304,0.31445869518392455,6.316795859296755,6.316795859296755,0.0
8305,-0.871482523960722,2.0044924256553127,2.0044924256553127,0.0
8306,-0.3018119401496274,0.6710530554406997,0.6710530554406997,0.0
8307,0.19898899468500297,0.2258393295332397,0.2258393295332397,0.0
8308,-0.8839375451746849,3.7277224538124463,3.7277224538124463,0.0
8309,0.7991624499015064,-1.0962320811595108,-1.0962320811595099,8.102102054527338e-16
8310,0.5773284540356389,3.7637843800689397,3.7637843800689392,1.1799007727481148e-16
8311,-0.7816445237197176,1.3598817644693455,1.3598817644693444,8.164114363710061e-16
8312,0.18867914758631743,2.2254515454730712,2.225451545473071,1.99550159046784e-16
8313,0.04686711998564186,0.03896894243411053,0.03896894243411031,2.220446049250313e-16
8314,0.5593125159381802,-3.912835118189114,-3.9128351181891152,3.404865242997436e-16
8315,-0.6243688691191905,3.1100133623427353,3.110013362342735,1.4279334462908405e-16
8316,-0.7650897963493586,0.9594515878637246,0.959451587863725,3.3306690738754696e-16
8317,-0.20752441312836345,2.7679048783692646,2.767904878369265,1.6044236683151542e-16
8318,-0.5722480461421291,1.2039724586303504,1.2039724586303502,1.8442664807933497e-16
8319,0.5832259719323469,2.0791391343797123,2.079139134379712,2.1359282912182384e-16
8320,0.937557375470925,1.0799321802505961,1.0799321802505961,0.0
8321,0.6711500943308732,-0.39627788170546707,-0.3962778817054673,2.220446049250313e-16
8322,-0.0254954302864564,-0.41193073458979856,-0.4119307345897984,1.6653345369377348e-16
8323,-0.3223041605966056,-3.368881257910547,-3.3688812579105476,1.3182097433896983e-16
8324,-0.6879075749073675,1.573309915184165,1.5733099151841647,1.4113214617289163e-16
8325,-0.3221309953273417,-0.09183972143016622,-0.09183972143016617,5.551115123125783e-17
8326,0.4666162891981185,-6.674392574194164,-6.674392574194164,0.0
8327,0.037427357193039024,2.4456980218674857,2.4456980218674866,3.6315947911751187e-16
8328,-0.4152955925166102,-10.303896247759512,-10.30389624775951,1.7239661548285707e-16
8329,0.5676778147863204,1.171038649214341,1.171038649214341,0.0
8330,0.14549748935346285,1.8954387621392703,1.8954387621392705,1.1714681020579246e-16
8331,0.6002114447837912,-0.3391508711185929,-0.3391508711185929,0.0
8332,-0.36136670797181336,-5.45917192750014,-5.459171927500141,1.6269471478375644e-16
8333,0.05523664737842293,4.511803875786845,4.511803875786846,1.968566108262473e-16
8334,0.19417081409580006,2.022127423754511,2.02212742375451,4.392296990122574e-16
8335,-0.7042900662660845,-3.7703722460376716,-3.770372246037671,1.177839165129547e-16
8336,-0.681564792643093,3.221978779415161,3.2219787794151618,2.7566240515753595e-16
8337,-0.14319253993662917,1.8217939922835393,1.8217939922835396,1.21882389482857e-16
8338,-0.6180827325821062,1.9626724164048344,1.9626724164048346,1.131338083060066e-16
8339,-0.0925537987258448,0.5359113713030257,0.5359113713030257,0.0
8340,0.10971996331278078,3.532935276925331,3.5329352769253313,1.256997864496821e-16
8341,-0.9840401238745905,8.04386231932185,8.043862319321875,3.091673472812514e-15
8342,-0.596761284278053,1.9918265370311463,1.9918265370311468,2.2295576527059714e-16
8343,-0.051391583488187176,17.71102077979964,17.711020779799643,2.0059338888318396e-16
8344,0.9704277345764667,-0.2318333307810826,-0.23183333078107182,1.0769163338864018e-14
8345,0.6410182543545777,4.232691944106035,4.232691944106034,2.0983771827215097e-16
8346,0.11681483335506515,1.8619984967603105,1.86199849676031,2.3850137936348123e-16
8347,0.5938469338540804,0.6474993157485915,0.6474993157485924,8.881784197001252e-16
8348,-0.7657351927429696,-1.3846391157860285,-1.3846391157860287,1.60362799514718e-16
8349,0.24665518059436198,2.033157156459861,2.033157156459861,0.0
8350,0.8039340826308683,1.558031522226285,1.5580315222262848,1.4251611842085827e-16
8351,0.08304382157595724,1.3557455820570559,1.3557455820570559,0.0
8352,0.06397009839975132,0.6400211303406291,0.6400211303406289,2.220446049250313e-16
8353,-0.9018934594804878,4.3969256204289895,4.396925620428993,8.079994945317901e-16
8354,0.8133455127109075,0.3317701763537948,0.3317701763537948,0.0
8355,-0.45648927082697555,0.3780429981054608,0.37804299810546077,5.551115123125783e-17
8356,0.6642138133684425,0.41831149847840626,0.4183114984784062,5.551115123125783e-17
8357,-0.8214350292461048,-0.12203682252332615,-0.12203682252332682,6.661338147750939e-16
8358,-0.8142467133876433,-0.06225080228480717,-0.062250802284815165,7.993605777301127e-15
8359,-0.9328665400601232,2.1267079969989044,2.1267079969989044,0.0
8360,0.9288143556372765,8.481853416083702,8.481853416083705,4.188605372575377e-16
8361,-0.70299153862208,-2.073752801851785,-2.073752801851784,4.282952234745697e-16
8362,-0.7724394227967917,1.124084063344829,1.124084063344829,0.0
8363,0.16992295307976302,0.40304539469156925,0.40304539469156897,2.7755575615628914e-16
8364,0.7591380970174268,5.001581787067054,5.001581787067052,3.5515901069407736e-16
8365,-0.12401189290651526,-1.1521263600290217,-1.1521263600290221,3.854518265156924e-16
8366,0.9685183357510576,1.714402246922825,1.7144022469228253,1.2951721529972237e-16
8367,0.4840570409448164,-0.5105882921345646,-0.510588292134565,4.440892098500626e-16
8368,0.29242401711082033,2.3272741056231374,2.3272741056231374,0.0
8369,0.5243628108180405,5.427082705018863,5.427082705018862,1.6365669512991845e-16
8370,-0.30731409255799336,1.1405513779408434,1.1405513779408416,1.5574544678621081e-15
8371,-0.009491613628178075,3.3999107388583214,3.399910738858321,1.3061790263328685e-16
8372,0.5430590484379698,2.1405808406438003,2.1405808406438003,0.0
8373,0.33985885436782715,1.3604822156479415,1.3604822156479413,1.6321022235434413e-16
8374,0.15546500143048636,4.831471627612446,4.831471627612446,0.0
8375,0.44120411679829097,-1.1872305659547349,-1.1872305659547346,1.870273654439395e-16
8376,0.6530875208107241,2.2178580596621416,2.217858059662142,2.0023337738651911e-16
8377,-0.22901837136610115,0.284067654592993,0.284067654592993,0.0
8378,0.23589282601548645,-0.9049917644845222,-0.9049917644845218,4.440892098500626e-16
8379,-0.817206538263531,1.052613470460709,1.0526134704607073,1.6875680287682169e-15
8380,0.37651287358648555,-0.5651392889079906,-0.5651392889079903,3.3306690738754696e-16
8381,-0.8735036179525653,6.911533228572823,6.911533228572829,7.710402803490771e-16
8382,-0.37720106675445475,-0.4141324349487532,-0.41413243494875307,1.1102230246251565e-16
8383,0.5191523847465704,3.3698768480814385,3.369876848081438,1.317820293946037e-16
8384,0.46300254026707566,0.5704261971497685,0.5704261971497683,2.220446049250313e-16
8385,-0.48400843041914765,3.1985541870493224,3.1985541870493224,0.0
8386,0.3889309393979794,0.5577253692976409,0.5577253692976407,2.220446049250313e-16
8387,-0.3763089537172639,3.6204361894590433,3.6204361894590433,0.0
8388,0.6287848197077857,-4.05470488508666,-4.054704885086661,2.1904884445890873e-16
8389,-0.5398246593350846,0.6155431574324831,0.6155431574324831,0.0
8390,-0.7067126744555234,8.800514561762125,8.800514561762123,2.018469291691702e-16
8391,0.9707080864433582,2.197493856969361,2.1974938569693614,2.0208894256592884e-16
8392,-0.7585321742397476,0.6982606910454008,0.6982606910454007,1.1102230246251565e-16
8393,0.6376778327768466,0.2144400110142617,0.2144400110142618,1.1102230246251565e-16
8394,0.5318227414476757,-0.656441533113383,-0.656441533113383,0.0
8395,0.4878197612780153,6.003373229497762,6.003373229497762,0.0
8396,-0.6669279005073805,3.442015267111855,3.442015267111855,0.0
8397,-0.9160311411916977,0.81167441170439,0.8116744117043915,1.4432899320127035e-15
8398,0.7393612878656293,0.9223571654961691,0.9223571654961691,0.0
8399,0.8737509396295584,1.09879545492204,1.09879545492204,0.0
8400,0.8410337163702213,2.6560497136302357,2.656049713630237,5.015973995943288e-16
8401,-0.5893481790402091,3.5795276748706892,3.5795276748706892,0.0
8402,-0.7995115985898704,4.555689373256045,4.555689373256045,0.0
8403,0.3796474535497367,6.087220713765179,6.087220713765178,1.459086932221245e-16
8404,0.6977023763923842,1.0795961603089868,1.0795961603089856,1.0283688155276545e-15
8405,-0.3290622162867547,4.288140936158204,4.288140936158204,0.0
8406,0.2939873979515055,0.28349105351240267,0.28349105351240256,1.1102230246251565e-16
8407,0.6397738587568584,3.1542018853254135,3.154201885325414,1.4079289341501573e-16
8408,-0.42724965800249914,-0.00020880002228962358,-0.00020880002228956807,5.551115123125783e-17
8409,-0.4240023909419932,1.1701518319214816,1.1701518319214816,0.0
8410,-0.47057355595137684,0.956595941952949,0.956595941952949,0.0
8411,-0.050435486628990556,3.848825480130907,3.8488254801309063,2.307660932627988e-16
8412,-0.6504652674101737,0.6885727607511751,0.6885727607511765,1.3322676295501878e-15
8413,-0.9163778149449889,0.24988327657820408,0.24988327657820408,0.0
8414,-0.15442701971386918,2.5496300951825854,2.549630095182586,1.7417789768372665e-16
8415,-0.41702013027245655,-2.21923403608964,-2.2192340360896408,4.002184561233224e-16
8416,0.010196941938615423,0.5568808930076353,0.5568808930076352,1.1102230246251565e-16
8417,-0.7301340757573201,0.9001221248609331,0.9001221248609332,1.1102230246251565e-16
8418,-0.1065783802609358,-0.8037457737085898,-0.8037457737085899,1.1102230246251565e-16
8419,-0.1745802845358111,1.7433957725740092,1.7433957725740095,1.2736328056893074e-16
8420,0.41620416317725306,1.002657166438962,1.0026571664389619,2.2145615905149823e-16
8421,0.7626013365395568,0.8399647261562333,0.8399647261562344,1.1102230246251565e-15
8422,0.855723999456284,0.8812502062047001,0.8812502062047006,5.551115123125783e-16
8423,-0.450073104711631,-2.1336933375185834,-2.133693337518584,2.081316944854522e-16
8424,-0.22763845880778455,3.6051218380076473,3.6051218380076473,0.0
8425,0.9259061893895002,-0.16080667153171735,-0.16080667153171646,8.881784197001252e-16
8426,-0.02626763506052121,1.0773520929978058,1.077352092997804,1.6488173652286842e-15
8427,-0.9655799576621893,0.877465574957395,0.8774655749573954,4.440892098500626e-16
8428,-0.3496466979191015,1.4486618744137605,1.4486618744137605,0.0
8429,-0.35467097897113986,0.08858531906823819,0.08858531906823819,0.0
8430,0.8225674677094914,1.5982086694305764,1.5982086694305728,2.2229348061703934e-15
8431,-0.3591488913973353,-4.54265919896049,-4.542659198960489,1.955194921739605e-16
8432,0.9160508525523281,0.10535360994874643,0.1053536099487502,3.774758283725532e-15
8433,0.764581256013865,-2.0396583590928863,-2.03965835909289,1.7418180171999628e-15
8434,-0.7339187378333383,0.9065268399434484,0.9065268399434485,1.1102230246251565e-16
8435,-0.7973241446068839,1.6256816999750627,1.6256816999750625,1.3658553511947472e-16
8436,-0.8539316372944291,4.0823973637644135,4.082397363764414,2.1756295151070947e-16
8437,-0.7859030207017678,0.8109403846471086,0.8109403846471084,2.220446049250313e-16
8438,0.1284403921638264,5.7287100398760415,5.7287100398760415,0.0
8439,-0.5615723613771375,-6.212733657815625,-6.212733657815623,2.859219366607792e-16
8440,0.2458622166700899,2.7253071314536115,2.7253071314536115,0.0
8441,-0.6084550382650735,2.0456491321917785,2.0456491321917802,8.683585134157396e-16
8442,-0.7661688217168459,8.856301463271835,8.856301463271842,8.023018849423856e-16
8443,-0.7355090360564754,3.122785117557867,3.122785117557867,0.0
8444,-0.46894365737414045,-0.8931985872254679,-0.8931985872254677,1.1102230246251565e-16
8445,0.8339745874467552,0.9897559470465922,0.9897559470465922,0.0
8446,-0.06334776197016134,2.7512189784781134,2.751218978478114,1.6141543560291905e-16
8447,0.06672926572692361,2.2467650783651,2.2467650783651,0.0
8448,0.050765274848936004,3.665379305528026,3.6653793055280257,1.2115777736298648e-16
8449,0.4167669053625107,0.2851309164447191,0.28513091644471866,4.440892098500626e-16
8450,-0.31913090468378247,2.74663581099006,2.74663581099006,0.0
8451,-0.9529325627226652,9.045500473250629,9.04550047325063,1.9638016101522478e-16
8452,0.6317317481982465,2.0659746736576396,2.0659746736576396,0.0
8453,0.7439989014195325,3.4390467906761786,3.439046790676178,1.291314823206423e-16
8454,0.40431221864910505,1.2108903265080602,1.2108903265080602,0.0
8455,-0.41399882737476834,4.5231725969253285,4.523172596925328,1.9636182362438997e-16
8456,-0.5202383998112485,1.867325665657617,1.8673256656576167,1.1891048733956845e-16
8457,0.1829029892385854,6.567111934594689,6.5671119345946884,1.3524642621383034e-16
8458,-0.8611460357104207,2.595725239691142,2.5957252396911397,8.554241470929018e-16
8459,-0.6508065605262787,0.02803155834135801,0.028031558341358037,2.7755575615628914e-17
8460,0.8731381273205896,1.6396545308738721,1.6396545308738695,1.6250589431666938e-15
8461,-0.3292153103084894,0.5499059222829716,0.5499059222829716,0.0
8462,0.7385676980276239,2.096940920944337,2.096940920944337,0.0
8463,0.7173601689102442,1.271167878448643,1.2711678784486429,1.7467763990073338e-16
8464,0.7569678269273727,-2.343557737869763,-2.3435577378697623,3.7898721475813e-16
8465,-0.31041115471142955,2.9022125309775166,2.9022125309775166,0.0
8466,0.7199005595331445,-0.16052415318854996,-0.1605241531885495,4.440892098500626e-16
8467,0.06259548986729624,10.896332264090045,10.896332264090045,0.0
8468,0.9261958392322875,2.6961992817128575,2.6961992817128593,6.588373683831545e-16
8469,-0.8835920684103392,3.084444831353075,3.084444831353074,2.8795406248537174e-16
8470,-0.28883762192218254,0.7511793037265185,0.7511793037265186,1.1102230246251565e-16
8471,-0.5560720947286437,0.5426583917186449,0.5426583917186445,4.440892098500626e-16
8472,0.7299246972828148,11.913382404132049,11.913382404132047,1.4910600357998559e-16
8473,-0.8441296047916703,0.42618466785428977,0.42618466785428966,1.1102230246251565e-16
8474,0.5824758397197987,-0.5595132288764344,-0.5595132288764344,0.0
8475,-0.6211672004132498,0.8630392942673634,0.863039294267363,3.3306690738754696e-16
8476,-0.06922191750230255,-0.31205460125950824,-0.31205460125950835,1.1102230246251565e-16
8477,-0.6788066298262033,1.0045456356594038,1.004545635659404,2.2103983835366205e-16
8478,0.6245265965904296,8.10336951892936,8.103369518929359,2.1921212345687867e-16
8479,-0.47543768401342235,3.441009408527403,3.4410094085274032,1.2905783074859793e-16
8480,-0.1631931750915182,5.113281517282358,5.113281517282358,0.0
8481,0.9313409681950511,2.127882879134955,2.1278828791349573,1.0435001244772399e-15
8482,0.37582766451971406,0.7461955120824416,0.7461955120824417,1.1102230246251565e-16
8483,0.38659714561925784,-0.9320966880125334,-0.9320966880125334,0.0
8484,-0.32979925386830145,0.5847883591815912,0.5847883591815917,4.440892098500626e-16
8485,0.8969719562254248,0.40820844069678996,0.4082084406967902,2.220446049250313e-16
8486,0.4960876567535639,8.408916692582682,8.408916692582682,0.0
8487,0.318837788657484,3.4014075530079073,3.4014075530079073,0.0
8488,-0.1089151385154511,0.9311162851433256,0.9311162851433255,1.1102230246251565e-16
8489,0.9489643906501888,0.10348968448386082,0.10348968448386098,1.5265566588595902e-16
8490,-0.2982235417759823,1.2396071906206476,1.2396071906206476,0.0
8491,-0.4511951644276436,-4.519385081342362,-4.519385081342361,1.9652638660220467e-16
8492,0.1615994218563388,8.83859443031732,8.838594430317318,2.0097729943430341e-16
8493,-0.8752765044731421,5.61394691964641,5.613946919646409,1.582092656757906e-16
8494,-0.025454046161851762,11.47959232552703,11.47959232552703,0.0
8495,0.63320973413869,6.44819474672895,6.448194746728949,1.3774063200412515e-16
8496,-0.9856505701672827,4.225199890748748,4.2251998907487405,1.6816783918693724e-15
8497,0.6441289717699881,0.7984714882187527,0.798471488218752,6.661338147750939e-16
8498,0.44287900738679165,7.4032688151418835,7.4032688151418835,0.0
8499,-0.7729378856562515,4.500201967751465,4.500201967751465,0.0
8500,0.6600907981174162,3.8566931857336018,3.856693185733599,6.908859820524045e-16
8501,-0.8736200168743049,-1.2662178905145347,-1.2662178905145334,1.0521630120143172e-15
8502,-0.7329214114106957,7.175786531013507,7.1757865310135065,1.2377436478376942e-16
8503,-0.20878238303829488,11.73858824272416,11.73858824272416,0.0
8504,0.06741689295508646,2.2508000324675037,2.2508000324675037,0.0
8505,0.7911856758838975,1.7185534926498032,1.7185534926498032,0.0
8506,-0.7823431947118656,-0.3388439083177379,-0.3388439083177408,2.886579864025407e-15
8507,-0.7822054986373292,1.6356879677059146,1.635687967705914,4.0724993270529466e-16
8508,0.9483308970849929,-0.10531884188627894,-0.10531884188627982,8.881784197001252e-16
8509,0.08908983318727048,5.213144846102343,5.2131448461023435,1.703728643496603e-16
8510,-0.5565648495939644,6.012840408681537,6.012840408681536,1.4771361940984562e-16
8511,-0.09233303441559282,3.798691117506276,3.798691117506276,0.0
8512,-0.5702876825260434,-4.692304748585047,-4.692304748585052,9.464202212867282e-16
8513,0.9775615793443169,6.343188172282709,6.343188172282694,2.2403331462399257e-15
8514,0.32952622243104734,1.0508900111067188,1.0508900111067192,4.225839099777731e-16
8515,-0.8049870797716936,-0.8732244242555582,-0.8732244242555591,8.881784197001252e-16
8516,0.047339040140747635,2.65313381404398,2.6531338140439806,1.6738289169560186e-16
8517,0.7243881794509566,1.545928755344214,1.5459287553442147,4.3089554578262153e-16
8518,-0.49414246510027693,-0.14589615717099658,-0.14589615717099647,1.1102230246251565e-16
8519,0.19419837363250525,0.2101390609529725,0.21013906095297252,2.7755575615628914e-17
8520,-0.1501186138388273,8.194975204496222,8.194975204496224,2.1676171008127539e-16
8521,-0.2819504285314689,1.0799620052721552,1.0799620052721552,0.0
8522,0.05299241974211588,-0.3461082709781722,-0.3461082709781724,2.220446049250313e-16
8523,0.8082894811065695,0.9034858453435373,0.9034858453435373,0.0
8524,0.20856063621720589,1.4783038895329161,1.4783038895329161,0.0
8525,-0.2965244777752044,-0.6450625067644347,-0.6450625067644347,0.0
8526,-0.062435440340539494,5.973030957650124,5.973030957650123,1.4869811089168493e-16
8527,-0.2207020643490203,1.1373987042913871,1.137398704291387,1.9522143298322792e-16
8528,0.4061214047364412,3.819867336241552,3.819867336241551,2.325155146812043e-16
8529,0.9400171746633594,0.10984638720679615,0.10984638720679696,8.049116928532385e-16
8530,-0.16865291901809432,7.6717951558642525,7.671795155864253,1.1577191539338867e-16
8531,0.7630844152143621,-0.43292267438553433,-0.4329226743855339,4.440892098500626e-16
8532,0.1907916406797927,0.9646782803565918,0.9646782803565916,1.1102230246251565e-16
8533,-0.40944284290554966,2.8189254490121227,2.8189254490121227,0.0
8534,-0.42735494483029124,0.19064623597958374,0.19064623597958397,2.220446049250313e-16
8535,-0.1989858658287984,2.199734476512713,2.1997344765127136,2.0188309752460982e-16
8536,-0.2995718649961929,2.113249056881362,2.113249056881363,4.2029046070455084e-16
8537,0.2693264657109946,1.3736875455413902,1.37368754554139,1.616412739896541e-16
8538,-0.8998441590591026,1.495852601161332,1.495852601161332,0.0
8539,0.538585178660284,4.716041636253921,4.716041636253921,0.0
8540,-0.9394628949664526,2.1144722595971412,2.1144722595971412,0.0
8541,-0.18130666459890032,1.5614890960702197,1.5614890960702195,1.4220054785130951e-16
8542,-0.3909148476517085,3.351073816556028,3.3510738165560285,1.3252146450968448e-16
8543,-0.4574186892095061,0.4034394224639093,0.40343942246390974,4.440892098500626e-16
8544,0.04507603271461469,-0.15805558883855297,-0.15805558883855314,1.6653345369377348e-16
8545,0.6997389891861214,3.6965002675422847,3.6965002675422856,2.402754917939324e-16
8546,0.6860847276535562,1.4864367764492825,1.486436776449283,2.9876091394272294e-16
8547,-0.6893136324842906,-0.13683493430450278,-0.13683493430450389,1.1102230246251565e-15
8548,-0.6406636828383843,-0.9913511071761817,-0.9913511071761816,1.1102230246251565e-16
8549,-0.13473642845102607,-1.4439104473136704,-1.4439104473136706,1.537800390170562e-16
8550,-0.9800712109964045,-4.3255418279693885,-4.3255418279693885,0.0
8551,0.6254823399823821,3.0211300744132425,3.021130074413242,1.4699440239636576e-16
8552,0.7901226146772902,1.1830226830769037,1.183022683076904,1.8769260141954272e-16
8553,0.46695945443681874,-0.7379787799309296,-0.7379787799309288,8.881784197001252e-16
8554,0.394751505887196,2.2129256120801846,2.212925612080184,2.0067968278093715e-16
8555,-0.9594131048506479,-1.0796351378384679,-1.0796351378384657,2.0566633776813315e-15
8556,0.18177514631665148,0.6210271153140339,0.6210271153140339,0.0
8557,0.7033301196071151,5.392828247848282,5.392828247848283,1.6469621854812547e-16
8558,-0.8039595996267022,4.112166910529872,4.112166910529873,2.159879302140679e-16
8559,-0.10862218583517635,-0.7907145847683728,-0.790714584768373,2.220446049250313e-16
8560,-0.4339075712980247,3.444436610559277,3.444436610559277,0.0
8561,-0.579299902320525,7.568540778315268,7.56854077831527,2.3470268462973937e-16
8562,0.6679980645496941,-0.22481358702138432,-0.22481358702138432,0.0
8563,0.43702477812403395,1.7116211960717935,1.7116211960717935,0.0
8564,0.47555075088323195,1.726793867131087,1.726793867131087,0.0
8565,0.4540539208543173,2.0623091163856344,2.062309116385634,2.1533590979240071e-16
8566,-0.009798033299510789,-0.2220932713763797,-0.22209327137638013,4.440892098500626e-16
8567,0.973732252716166,4.3742932936552705,4.374293293655267,8.121800346477827e-16
8568,-0.1647061411055445,0.21144699703681846,0.21144699703681802,4.440892098500626e-16
8569,0.07418782138334179,1.4146837008895121,1.4146837008895123,1.569570673539365e-16
8570,-0.1931341874123519,-0.22034262568780205,-0.22034262568780227,2.220446049250313e-16
8571,-0.22901756978068533,1.5798892293083984,1.5798892293083988,2.8108882674291294e-16
8572,0.21469826470159448,10.170007539534643,10.170007539534643,0.0
8573,-0.7348604947185094,0.5727932042479373,0.5727932042479373,0.0
8574,-0.06923598274192111,0.46032016466445996,0.4603201646644599,5.551115123125783e-17
8575,0.06558833189272129,1.4653615131438094,1.4653615131438094,0.0
8576,0.08844632134979413,4.662023055700743,4.662023055700744,1.9051351936452922e-16
8577,-0.33816589570142086,1.9221514525555519,1.9221514525555516,1.155187873618476e-16
8578,-0.17455544451730443,10.41276601346859,10.412766013468591,1.7059413772503753e-16
8579,0.15955534628810097,1.6319860240560504,1.6319860240560506,1.3605790837177242e-16
8580,0.29933119722712975,3.0045071864614177,3.004507186461418,1.4780767103875435e-16
8581,-0.3647156014168512,1.6010316414113919,1.6010316414113912,4.16065365321489e-16
8582,-0.5386856618445802,4.036621210180452,4.036621210180452,0.0
8583,0.6571762682561353,0.3617929173119365,0.3617929173119363,2.220446049250313e-16
8584,-0.3910421305350862,0.791551117201121,0.7915511172011211,1.1102230246251565e-16
8585,0.00656925482368087,0.3656315091746909,0.36563150917469067,2.220446049250313e-16
8586,-0.4037549359286784,-1.8943903561973716,-1.8943903561973714,1.1721164236221283e-16
8587,-0.6695238610675838,-0.2229725663715731,-0.2229725663715733,2.220446049250313e-16
8588,0.7957150632465022,3.8058551069143145,3.805855106914315,1.166857900195045e-16
8589,0.4421674666521551,1.879318245068248,1.879318245068248,0.0
8590,0.6750362116846118,4.466671551542847,4.466671551542845,3.976913947896334e-16
8591,0.8927064486546556,2.617169876964265,2.617169876964267,8.484149495965758e-16
8592,-0.4904854867108142,1.4781969439969544,1.4781969439969544,0.0
8593,-0.9809077315817321,0.9937552400135636,0.9937552400135843,2.0650148258027912e-14
8594,-0.06744795256664282,0.07806730878836676,0.07806730878836678,1.3877787807814457e-17
8595,0.42814704217741983,-0.006375110121401795,-0.006375110121401573,2.220446049250313e-16
8596,0.3206003894884586,1.5091011175569524,1.5091011175569524,0.0
8597,0.3530559351559843,1.708001606121123,1.7080016061211227,1.3000257384376546e-16
8598,-0.7562754161144807,3.738698600593909,3.738698600593909,0.0
8599,0.4785433783858608,2.2771039483922753,2.2771039483922753,0.0
8600,-0.6375282466856058,-2.2015184303367685,-2.201518430336769,2.0171950583313074e-16
8601,-0.07838924897046406,1.138019676164617,1.138019676164617,0.0
8602,0.8432400259464436,1.77469927718448,1.774699277184478,1.1260507456202382e-15
8603,-0.03903895583651784,2.3079462456374777,2.307946245637478,1.9241748402480698e-16
8604,0.7035012241018912,0.34852682052400474,0.3485268205240048,5.551115123125783e-17
8605,0.061854274504858475,0.6608738180826961,0.6608738180826963,2.220446049250313e-16
8606,0.4366424949419472,3.7831419520203604,3.783141952020361,1.1738634592151633e-16
8607,0.40447719076661515,0.5651517195051766,0.5651517195051765,1.1102230246251565e-16
8608,0.4666796157540025,0.4610531414399215,0.4610531414399216,1.1102230246251565e-16
8609,0.9498010927651879,3.0685365678042476,3.068536567804246,4.341703610537444e-16
8610,0.16003666595476562,5.128650784846088,5.128650784846087,1.7317974199461499e-16
8611,0.5257670333908169,0.9211475392699815,0.9211475392699815,0.0
8612,-0.902414106632536,0.3678983281695877,0.3678983281695876,5.551115123125783e-17
8613,-0.015025287677215005,-2.138968559027743,-2.1389685590277434,2.0761839063773853e-16
8614,0.8268681675564864,0.4408859412181516,0.4408859412181516,0.0
8615,-0.1804171511873025,0.41563190793684324,0.41563190793684335,1.1102230246251565e-16
8616,0.13828427188122427,2.4609266584413394,2.460926658441339,1.8045609296269415e-16
8617,0.728229926800795,0.3120720912054696,0.3120720912054694,1.6653345369377348e-16
8618,-0.9269829775952872,6.579018672336293,6.579018672336294,1.3500165662012353e-16
8619,0.30651240663002577,0.23772820375096926,0.23772820375096929,2.7755575615628914e-17
8620,0.7134854075965722,-1.1641765360561553,-1.1641765360561553,0.0
8621,-0.370541217319422,1.6938697030731424,1.6938697030731422,1.3108718133524775e-16
8622,-0.6285609201641039,1.9976466095976009,1.9976466095976004,2.2230619155382963e-16
8623,-0.45411813315185745,0.652851930166158,0.6528519301661578,1.1102230246251565e-16
8624,0.5771543889871509,-0.08757511027358256,-0.08757511027358267,1.1102230246251565e-16
8625,0.9236286509590872,-1.698839579223344,-1.698839579223332,7.0579993617957314e-15
8626,-0.2990417128588808,3.268547128965411,3.268547128965411,0.0
8627,0.3471476891651788,0.34108490898973853,0.341084908989739,4.440892098500626e-16
8628,-0.43567181405900557,-1.430564499746483,-1.4305644997464828,1.552146757202355e-16
8629,0.5835473381899152,3.9326746416445215,3.932674641644522,1.1292294692966474e-16
8630,0.34331408334003166,-0.024820419640764535,-0.024820419640764535,0.0
8631,-0.7277446038783724,4.40740941312091,4.40740941312091,0.0
8632,-0.43202809405757814,0.9802518777272559,0.980251877727256,1.1102230246251565e-16
8633,-0.3327128675049199,5.51280824365288,5.512808243652881,1.6111179283674906e-16
8634,-0.00689803448739057,1.6828159014536386,1.6828159014536384,1.3194824504167463e-16
8635,-0.9224070578080491,1.9147506167116135,1.9147506167116148,6.957917223905742e-16
8636,-0.5154238115612932,1.8381620673864663,1.8381620673864658,2.415941541441322e-16
8637,-0.1808854078727259,-2.8548723708906216,-2.854872370890619,9.333290294406867e-16
8638,0.22188971483011866,4.675292548703879,4.675292548703879,0.0
8639,-0.5626004284146792,4.699822269094042,4.699822269094043,1.8898127819444846e-16
8640,-0.41857197241555055,8.13919356145874,8.13919356145874,0.0
8641,-0.3086210094028019,0.9590207054355234,0.9590207054355235,1.1102230246251565e-16
8642,-0.03946810121763966,0.604676657296912,0.604676657296912,0.0
8643,0.027440684959882278,1.6689212499763932,1.6689212499763932,0.0
8644,0.5136725975917613,1.8091689250806815,1.8091689250806815,0.0
8645,-0.8665929020755272,5.759148496987481,5.75914849698748,1.5422044077604826e-16
8646,-0.33630244871735515,-0.9265790854681206,-0.9265790854681211,4.440892098500626e-16
8647,0.8733028740627997,2.236618055465887,2.236618055465886,3.9710777507566795e-16
8648,0.24051082794897627,3.3720828158175746,3.3720828158175746,0.0
8649,-0.7554321891514373,1.5076371770537977,1.5076371770537982,2.945597366588526e-16
8650,-0.3535474131237538,-0.4599227417044729,-0.4599227417044729,0.0
8651,-0.6169011148927668,1.7139778362271376,1.7139778362271376,0.0
8652,0.8222829603316408,0.6219268469640187,0.6219268469640187,0.0
8653,-0.06130518638330951,3.1267133079617038,3.1267133079617033,1.420306776189734e-16
8654,-0.3182334838578206,2.6647717995560916,2.6647717995560924,3.3330374475145737e-16
8655,0.1713207690002312,0.5323863617270819,0.5323863617270815,3.3306690738754696e-16
8656,0.665825209443448,0.07280013930890605,0.07280013930890572,3.3306690738754696e-16
8657,0.0612410570505999,0.9800287581932782,0.9800287581932782,0.0
8658,0.546492424191023,-1.3714921053419877,-1.3714921053419873,3.2380004822508766e-16
8659,0.8898591624240666,1.847211962620509,1.8472119626205128,2.043489518317405e-15
8660,0.3210269306900333,5.44571192685095,5.445711926850949,1.6309684236524156e-16
8661,0.4486911692025004,-0.1336796165844702,-0.13367961658447003,1.6653345369377348e-16
8662,0.7070963619470114,0.9667964945822517,0.9667964945822511,5.551115123125783e-16
8663,0.7476609322527641,6.6142062215431965,6.614206221543197,1.3428344837619827e-16
8664,-0.8491049002947348,2.244598872773012,2.2445988727730093,1.1870874976465473e-15
8665,-0.6546676309704941,1.6904109925523336,1.6904109925523334,1.313553957607484e-16
8666,-0.8203071539416609,0.196192609474633,0.19619260947463285,1.3877787807814457e-16
8667,0.011967205055103847,-3.6108990919275414,-3.61089909192754,3.6895731385254726e-16
8668,-0.4246085764984804,-2.5853802911405954,-2.585380291140595,1.717693955399278e-16
8669,-0.3516615553539112,2.1951146983532785,2.195114698353278,2.0230797515191688e-16
8670,-0.118250782461919,0.8359298734077927,0.8359298734077928,1.1102230246251565e-16
8671,0.7881444909843429,4.265811327620449,4.265811327620448,2.0820855670510118e-16
8672,-0.6905833662829968,1.6665600792449686,1.6665600792449684,1.3323528367823866e-16
8673,0.33232436072820426,-0.4279545020770241,-0.4279545020770241,0.0
8674,0.8223999184163198,-1.6195965246702952,-1.6195965246702926,1.6451845990734024e-15
8675,-0.4586320640448269,0.9614721403565377,0.9614721403565378,1.1102230246251565e-16
8676,-0.9042117980001719,2.917290790971758,2.9172907909717587,3.044531667699367e-16
8677,-0.7145440991519191,0.5414977245976261,0.5414977245976261,0.0
8678,-0.12010080902555009,3.1935963161902015,3.1935963161902006,2.781123009183819e-16
8679,-0.5622104963354553,2.6520865979206185,2.6520865979206185,0.0
8680,-0.5251906782290632,3.230049188966441,3.2300491889664404,1.3748682570130252e-16
8681,0.7319420961066501,1.9831427318327985,1.9831427318327988,1.1196602310103021e-16
8682,-0.8123478163853324,-5.480456275715263,-5.480456275715264,1.6206286028332698e-16
8683,0.5928008316211839,-0.20086524934257977,-0.20086524934257954,2.220446049250313e-16
8684,0.8204471905297672,0.9182519199462179,0.918251919946218,1.1102230246251565e-16
8685,-0.9158839117548705,5.63299091675172,5.632990916751723,4.730231769372154e-16
8686,-0.030907555442444612,0.8843086592372753,0.8843086592372754,1.1102230246251565e-16
8687,-0.5723207733820884,1.0480181676624185,1.0480181676624187,2.1187095011940197e-16
8688,0.6346949820329997,-5.819142176318685,-5.819142176318684,1.526304724628684e-16
8689,-0.965923337990565,-3.0707122396251076,-3.070712239625138,9.83422213261215e-15
8690,0.7880019572421535,-0.0937435477966746,-0.0937435477966746,0.0
8691,0.7589154192987912,8.9639896193366,8.9639896193366,0.0
8692,-0.030706739780227754,-0.4981608428768289,-0.4981608428768286,2.7755575615628914e-16
8693,-0.156669902503076,-0.06311688451416114,-0.06311688451416109,5.551115123125783e-17
8694,-0.927964129142981,3.939118089544394,3.9391180895443965,6.7642939321186e-16
8695,0.38613452748117716,1.3064199919239694,1.306419991923971,1.1897492721205054e-15
8696,0.3765490102973401,-0.4936790739888446,-0.4936790739888439,6.661338147750939e-16
8697,-0.4374047156091483,2.3992731384764614,2.399273138476462,1.8509322791487563e-16
8698,0.18844101799325252,5.668339617187893,5.668339617187894,1.5669110880493737e-16
8699,0.31298023808177877,-0.1087072532317912,-0.10870725323179098,2.220446049250313e-16
8700,-0.47653611346048785,0.4871041439446561,0.4871041439446561,0.0
8701,0.9230258018456683,-0.14725649257250573,-0.14725649257250573,0.0
8702,0.7416779260114374,3.633908472465712,3.6339084724657127,2.4441408649389303e-16
8703,-0.3711792212629167,4.416478767286996,4.416478767286996,0.0
8704,0.49133185126731194,2.2424222095066444,2.2424222095066444,0.0
8705,-0.7586546600353026,1.2464110933347752,1.2464110933347754,1.7814716678343303e-16
8706,0.7903845302267907,1.8111010046429312,1.8111010046429314,1.2260199975362979e-16
8707,0.09872269383755317,1.1173948206157853,1.117394820615785,1.9871633627464347e-16
8708,0.4221807746144095,3.8859040278113075,3.8859040278113053,5.714104191350693e-16
8709,0.5380925904723111,0.320055571951225,0.3200555719512259,8.881784197001252e-16
8710,-0.6119642127698306,-1.3280565524205836,-1.3280565524205832,3.3439028559487394e-16
8711,0.11439018131602863,-0.1656301935125486,-0.16563019351254837,2.220446049250313e-16
8712,-0.4100367801669752,2.523751376940513,2.523751376940513,0.0
8713,-0.6442962139939178,3.0016801396883785,3.0016801396883785,0.0
8714,-0.5731746802565605,1.7930849025830617,1.7930849025830609,4.953353956751536e-16
8715,0.7131040001197251,0.7069114464436602,0.7069114464436602,0.0
8716,-0.6209631797126021,1.7101142539051042,1.710114253905104,1.2984197074434348e-16
8717,0.8661060785562507,0.5789694531941876,0.5789694531941869,6.661338147750939e-16
8718,-0.34856210208033866,1.2511595211848296,1.2511595211848296,0.0
8719,0.0637071404482823,-0.7610839007642285,-0.7610839007642282,3.3306690738754696e-16
8720,-0.9265673154240379,3.633125890994135,3.633125890994134,2.4446673370217077e-16
8721,0.36491831985669987,3.7405855762279363,3.7405855762279363,0.0
8722,-0.944846910000264,4.01436368959174,4.014363689591743,8.850004517557331e-16
8723,-0.4378024210717727,3.158645112828366,3.1586451128283657,1.40594841771385e-16
8724,0.8733358060998735,0.4011756794760881,0.4011756794760882,5.551115123125783e-17
8725,0.5497443071233774,-0.1828576684384695,-0.18285766843846973,2.220446049250313e-16
8726,-0.8666699695513598,4.304017468821775,4.304017468821774,2.0636031943040977e-16
8727,0.15030121323922963,1.5501450724812513,1.5501450724812509,2.8648235428651066e-16
8728,-0.3525538690254435,0.23276148074499947,0.23276148074499958,1.1102230246251565e-16
8729,-0.3783361230654245,2.262636303728793,2.262636303728793,0.0
8730,0.31086512823840473,0.07333793629601809,0.07333793629601812,2.7755575615628914e-17
8731,0.0181551006592231,0.4824800681733965,0.4824800681733965,0.0
8732,-0.7617097220748386,0.7670304693238679,0.7670304693238679,0.0
8733,0.12345278449092434,0.18717332347061477,0.18717332347061477,0.0
8734,-0.7243190877496695,12.793725927000981,12.793725927000981,0.0
8735,0.6372383065667258,-2.077525594044787,-2.077525594044787,0.0
8736,-0.9470224579270816,4.006420070705465,4.006420070705467,4.433775809952607e-16
8737,-0.9623455805384729,-3.6440744634542037,-3.644074463454217,3.65598355058677e-15
8738,-0.8348892581807495,4.888401416446784,4.888401416446784,0.0
8739,-0.5494519414835601,-0.44986367714824427,-0.4498636771482456,1.3322676295501878e-15
8740,0.38011421408007107,-1.3533982550874208,-1.3533982550874204,3.281289954237286e-16
8741,0.8223686808669666,-0.12984600956790632,-0.12984600956790643,1.1102230246251565e-16
8742,0.8562411827459369,3.3837408062777365,3.3837408062777365,0.0
8743,0.6302451826464845,8.069905294886285,8.069905294886285,0.0
8744,-0.8579063387973778,3.726026996557722,3.7260269965577226,1.1918571987275802e-16
8745,-0.43490085707183535,0.7692078025544631,0.7692078025544632,1.1102230246251565e-16
8746,0.15765288839612301,3.686806435612368,3.6868064356123686,1.2045362771433393e-16
8747,0.6848603126573696,2.001727015074097,2.001727015074097,0.0
8748,0.433024616553217,1.3333891235502284,1.3333891235502284,0.0
8749,-0.4514556861761637,1.2446317530802342,1.244631753080234,1.7840184807716164e-16
8750,0.5115905923307682,3.5405354008232073,3.540535400823207,1.2542995891152726e-16
8751,0.639864299248847,2.7068200035361762,2.7068200035361754,3.281261474866498e-16
8752,0.06454633589781578,2.936454103120817,2.936454103120817,0.0
8753,-0.18390055632376212,6.237996823168199,6.237996823168199,0.0
8754,-0.3401786571780129,-1.224594825940041,-1.224594825940041,0.0
8755,-0.32663025636627296,3.0568759855583263,3.0568759855583254,2.905510147929351e-16
8756,-0.28646736886173285,5.731172020917026,5.731172020917026,0.0
8757,0.20860782299591407,2.6078782730260444,2.607878273026044,1.702875530822859e-16
8758,-0.08228321762929136,0.8825093188016518,0.8825093188016517,1.1102230246251565e-16
8759,0.5652295037357531,4.090025264252818,4.090025264252816,4.3431439285369856e-16
8760,-0.16424436056635738,0.2513927295349365,0.25139272953493663,1.1102230246251565e-16
8761,-0.2837580907345746,2.368165468250863,2.368165468250863,0.0
8762,-0.81195562248076,-3.520345528127791,-3.520345528127791,0.0
8763,-0.1651302360784388,0.37493787053975125,0.3749378705397506,6.661338147750939e-16
8764,0.032757463041095614,1.3215273399433451,1.3215273399433451,0.0
8765,0.13913243888743576,1.578461411602313,1.578461411602313,0.0
8766,0.8923337510370966,-1.6035152062866471,-1.603515206286648,5.538946036919297e-16
8767,-0.35636191811856144,1.11444694163586,1.1144469416358602,1.9924197072953455e-16
8768,0.6588861970556334,1.1385004740846254,1.1385004740846256,1.9503250984902674e-16
8769,0.5148297039318352,-2.5968603337881917,-2.5968603337881926,3.420200956300517e-16
8770,-0.9548972469582413,-0.34640034333160163,-0.3464003433316094,7.771561172376096e-15
8771,-0.046333586559816675,3.0973411069173373,3.0973411069173378,1.4337755982325347e-16
8772,0.5156847302399747,0.9293860202483157,0.9293860202483156,1.1102230246251565e-16
8773,0.4720656839742101,8.81964867588642,8.819648675886418,2.014090248579791e-16
8774,-0.2609770269004599,0.18983059787512513,0.18983059787512513,0.0
8775,-0.660807956543144,1.7457078729382733,1.7457078729382731,1.271945944491267e-16
8776,-0.02443917059801537,-1.9083416995945583,-1.9083416995945583,0.0
8777,-0.6196945907321518,1.9688362933049017,1.9688362933049026,4.511184717187548e-16
8778,0.177904129073454,5.809544886672764,5.809544886672764,0.0
8779,-0.7340648749763361,8.347574598904691,8.34757459890469,2.1279915721068623e-16
8780,0.014239826092306007,4.147563230374264,4.147563230374264,0.0
8781,0.9285493748502878,3.097614692958141,3.097614692958139,7.168244824955441e-16
8782,-0.41162341687253823,0.5972148267165778,0.5972148267165778,0.0
8783,-0.013423345640160456,7.285958486729567,7.285958486729567,0.0
8784,0.1951421646279552,0.11068679416141797,0.110686794161418,2.7755575615628914e-17
8785,-0.36249284839685814,3.106399169746949,3.106399169746949,0.0
8786,-0.3360611009950729,3.2240497751183566,3.2240497751183566,0.0
8787,-0.6617207109295151,5.4626581418417395,5.4626581418417395,0.0
8788,-0.36329944558431426,0.9583868625741148,0.9583868625741149,1.1102230246251565e-16
8789,-0.17341862171724565,2.150138784397046,2.150138784397046,0.0
8790,0.5183295198545121,-1.0845864375169927,-1.0845864375169936,8.189097604184358e-16
8791,-0.3770796418435647,1.9909716919432112,1.990971691943211,1.1152574686198238e-16
8792,-0.6320954810265795,3.3612227269861514,3.361222726986151,1.3212132783841322e-16
8793,-0.8958715931305092,5.637761095471636,5.637761095471632,7.877049103885655e-16
8794,0.2366689524526544,2.2093933691976173,2.2093933691976173,0.0
8795,0.23114930929527921,2.2820140691094037,2.2820140691094037,0.0
8796,-0.6234747109691258,3.9767638313994516,3.976763831399451,1.1167100403188501e-16
8797,-0.8451250036285901,-0.5513513754166955,-0.5513513754166937,1.887379141862766e-15
8798,-0.604907513548323,7.432708218621563,7.4327082186215625,1.194959352063524e-16
8799,0.9074342553119943,0.12151763542241234,0.12151763542241323,8.881784197001252e-16
8800,0.6180953480745626,3.1508240387295476,3.1508240387295476,0.0
8801,-0.19687416425927418,-1.839574742649051,-1.8395747426490514,2.414086253492255e-16
8802,-0.1320106875883844,0.8461108062801626,0.8461108062801624,1.1102230246251565e-16
8803,-0.003108997502789368,-0.1810613670303074,-0.18106136703030762,2.220446049250313e-16
8804,-0.5739588226272334,1.798858281788564,1.7988582817885646,2.46872816133417e-16
8805,-0.0198009755000379,0.050807645150793,0.050807645150793015,1.3877787807814457e-17
8806,-0.1801402753496435,3.912006862805681,3.912006862805681,0.0
8807,-0.24204482282779483,-4.3902765826362575,-4.390276582636257,2.0230580078096014e-16
8808,0.26227125264770246,0.942389069025185,0.9423890690251855,4.440892098500626e-16
8809,0.8662414496938058,2.363659847346553,2.3636598473465527,1.8788202978892992e-16
8810,-0.08913674932929072,4.319152860308472,4.319152860308473,2.0563718127741648e-16
8811,-0.6381967525169228,1.1796706366153789,1.1796706366153789,0.0
8812,-0.6142182675306369,10.814922812991105,10.814922812991101,3.285010665571195e-16
8813,0.4593843424654245,5.041646243446187,5.041646243446187,0.0
8814,0.24942447869185225,-4.451815714888421,-4.451815714888423,3.990185023740976e-16
8815,-0.6394543823304284,7.900683326608285,7.900683326608285,0.0
8816,-0.16345899739881897,1.629843195458249,1.6298431954582486,2.724735797207791e-16
8817,0.7476245679343771,-0.042014270896296946,-0.042014270896299166,2.220446049250313e-15
8818,-0.745402711270106,3.495366867732501,3.4953668677325007,1.2705081516612022e-16
8819,0.3694826571509382,-2.2926681856991653,-2.2926681856991644,3.8739946113452476e-16
8820,-0.21224425494087917,1.7053614706330513,1.705361470633052,3.9061150744059954e-16
8821,-0.05744794319291813,1.600386738992898,1.6003867389928983,1.3874434192372838e-16
8822,0.46155058973634233,1.2909730610333372,1.290973061033337,1.7199786085954383e-16
8823,-0.9776687664235885,1.5198070106729986,1.5198070106729995,5.84402107282571e-16
8824,0.6135156017869154,5.366643745139697,5.366643745139697,0.0
8825,0.49806016812150933,5.137080699748515,5.137080699748514,1.728955552019274e-16
8826,-0.9313341371260293,1.121763272569723,1.1217632725697264,2.96913721042552e-15
8827,-0.7156691049611859,0.8897082917652739,0.8897082917652743,4.440892098500626e-16
8828,0.6173675253831536,1.6707568956382652,1.6707568956382652,0.0
8829,-0.36596340557637863,0.9772594256644362,0.9772594256644364,1.1102230246251565e-16
8830,0.7390463263089531,-1.168758620969873,-1.1687586209698728,1.8998328734531314e-16
8831,-0.8991593019115991,0.585190997689566,0.585190997689566,0.0
8832,0.017643673047289976,1.1488396536096588,1.148839653609659,1.9327728132239017e-16
8833,-0.7491749305573876,3.43689572803471,3.43689572803471,0.0
8834,-0.7591999072432558,0.9727571024101104,0.9727571024101105,1.1102230246251565e-16
8835,0.5688277390326189,2.896906865416349,2.89690686541635,4.5989315205641305e-16
8836,0.9454905586355598,0.12744554992090418,0.12744554992090373,4.440892098500626e-16
8837,-0.8822787580724798,1.3231870893603455,1.3231870893603457,1.6781043792709014e-16
8838,0.1163435659185652,1.8065804835488257,1.806580483548826,1.2290878095220506e-16
8839,-0.8664635270393065,0.6212710247985684,0.6212710247985682,2.220446049250313e-16
8840,-0.34429157953134193,0.1083642081392952,0.10836420813929526,5.551115123125783e-17
8841,0.6851456699131768,4.207943007248498,4.207943007248497,2.110718748258166e-16
8842,-0.2859613332129899,-0.8286001379104616,-0.8286001379104617,1.1102230246251565e-16
8843,-0.4598706206987132,7.027792258900679,7.027792258900682,3.79142575781996e-16
8844,-0.39075796473461055,-3.040723554768207,-3.0407235547682068,1.4604721601662185e-16
8845,-0.6891684040747998,0.05803495890706101,0.05803495890706095,5.551115123125783e-17
8846,0.14072346033139338,-0.4144561831304001,-0.41445618313040056,4.440892098500626e-16
8847,0.8447112462738184,0.021438938517146414,0.021438938517146414,0.0
8848,-0.08266268432589119,1.380239048565894,1.380239048565894,0.0
8849,0.7422136480484838,2.844823781287206,2.8448237812872073,4.683128840224236e-16
8850,-0.5885741095690298,-0.5858984347074009,-0.5858984347074012,3.3306690738754696e-16
8851,-0.5525994358337679,-1.197988496760762,-1.1979884967607617,1.853478606225495e-16
8852,0.7114236688543432,2.000458093644446,2.000458093644445,4.4398751592043437e-16
8853,-0.013765873202146395,3.970896085681805,3.970896085681805,0.0
8854,0.06392833665914188,1.529853199374074,1.529853199374074,0.0
8855,-0.33354901272640514,2.0750464915009976,2.0750464915009967,4.2802820242242184e-16
8856,-0.5290339130487655,6.595580337238336,6.595580337238337,1.346626641306318e-16
8857,0.8973769335107369,7.65977372507923,7.659773725079232,2.319072211734135e-16
8858,-0.36999134956074553,-0.11748784313682806,-0.11748784313682792,1.3877787807814457e-16
8859,0.9585303812722568,-6.488331077540178,-6.488331077540167,1.7795515238225186e-15
8860,-0.1897201904038468,2.7654926883446453,2.765492688344646,1.6058231204938866e-16
8861,0.3244695249488918,3.7497410878272026,3.7497410878272026,0.0
8862,0.09237852195819274,1.6943869657865906,1.6943869657865909,1.3104716302037347e-16
8863,0.223987661743825,1.8018518753533606,1.8018518753533606,0.0
8864,0.6529606985817591,4.073208586464873,4.073208586464874,2.1805375316439978e-16
8865,0.6656880461541819,0.31200224585560266,0.31200224585560266,0.0
8866,-0.2406623905351647,0.47014711282267374,0.4701471128226735,2.220446049250313e-16
8867,-0.2228825583082623,5.369792294452292,5.369792294452292,0.0
8868,-0.4301670744448486,1.7342116874816886,1.7342116874816886,0.0
8869,0.33398747218549696,-1.056696767441151,-1.0566967674411512,2.1013086418606586e-16
8870,0.658326573963345,1.49139290305218,1.4913929030521798,1.488840428773735e-16
8871,-0.8204874547837036,1.2012551785900825,1.2012551785900834,7.393753097011273e-16
8872,-0.04523282639785464,6.317659994154685,6.317659994154686,1.4058661284746224e-16
8873,-0.8623257919101206,1.4763898177005488,1.476389817700549,1.5039700373364934e-16
8874,0.47021835587679606,-0.13367258109811964,-0.13367258109811875,8.881784197001252e-16
8875,-0.41613510017532485,2.9510137336805804,2.9510137336805813,3.0097400414072833e-16
8876,0.16149298598962192,-0.7175613030193242,-0.7175613030193233,8.881784197001252e-16
8877,-0.7373447993194859,-1.3373238092472026,-1.337323809247203,3.3207306022618884e-16
8878,0.9076447298295436,0.9159826257842567,0.9159826257842578,1.1102230246251565e-15
8879,0.8006328033406833,-1.9174835209826568,-1.9174835209826568,0.0
8880,0.935802837404923,2.3513154281775055,2.3513154281775055,0.0
8881,-0.0960996109344947,0.5624518103910269,0.562451810391027,1.1102230246251565e-16
8882,-0.8454813408996542,0.28276326726744827,0.28276326726744916,8.881784197001252e-16
8883,-0.04112421453479198,4.101844769714636,4.101844769714635,2.165314558605092e-16
8884,0.30630982005376484,1.6589869563393576,1.6589869563393576,0.0
8885,0.2689269833321033,1.8744177290440693,1.8744177290440691,1.1846057657503668e-16
8886,0.21217291194374632,6.800111379804599,6.800111379804599,0.0
8887,0.8983043882026818,3.8334022594830017,3.833402259483001,2.3169455214436873e-16
8888,-0.16456014165042188,3.9784453392154244,3.9784453392154244,0.0
8889,-0.0826362690968393,2.1144006173149337,2.1144006173149337,0.0
8890,-0.9882484444753068,1.1596614879218798,1.1596614879218798,0.0
8891,-0.8037844090622136,1.7931706268289656,1.793170626828966,2.4765585784515546e-16
8892,0.22524452999335964,3.068652900016687,3.0686529000166867,1.4471796723821312e-16
8893,0.49780752632785363,6.92232200091987,6.9223220009198725,3.8491928846220967e-16
8894,-0.9301010678399224,4.77372793342087,4.773727933420874,7.442220688631943e-16
8895,-0.2357203880804929,-0.028696699542441584,-0.02869669954244114,4.440892098500626e-16
8896,-0.9257786473050558,0.19953335638170921,0.19953335638171055,1.3322676295501878e-15
8897,0.7899849032190553,2.6706282061152002,2.6706282061152007,1.6628642236054718e-16
8898,0.8061410218570435,3.4347236916448782,3.4347236916448782,0.0
8899,-0.9677402115782013,1.8619608807332722,1.8619608807332724,1.1925309882857814e-16
8900,0.6303438395871144,8.202290510740447,8.202290510740449,2.1656838868048006e-16
8901,0.4219798068458227,2.94280378456909,2.942803784569091,3.018136731906438e-16
8902,-0.5720660162530821,1.923134790043505,1.9231347900435047,1.1545972028305319e-16
8903,-0.26399342866348596,0.4453646688996896,0.4453646688996895,1.1102230246251565e-16
8904,0.625964471612551,0.18029670092279726,0.18029670092279726,0.0
8905,0.30584484024362735,1.1406910628615248,1.1406910628615248,0.0
8906,0.8525794860395193,1.5325099976349945,1.5325099976349934,7.244474922437562e-16
8907,0.23854349352820248,1.473358450814073,1.4733584508140727,1.5070643861468014e-16
8908,0.2629133906588432,0.0005958929727710727,0.0005958929727710727,0.0
8909,0.6627044282891914,1.8697576158736031,1.8697576158736033,1.1875582323609675e-16
8910,-0.7993806173741747,-3.84580639239638,-3.845806392396387,1.8475780194367777e-15
8911,-0.17540830085656955,0.45997372707226447,0.45997372707226436,1.1102230246251565e-16
8912,-0.7135650892388233,5.111323510719526,5.111323510719526,0.0
8913,-0.9756661396312857,1.9957412080759296,1.9957412080759287,4.45036869563067e-16
8914,0.6282953986750532,0.6926562808020861,0.6926562808020861,0.0
8915,0.35097032927216554,0.05050196929569539,0.050501969295696725,1.3322676295501878e-15
8916,-0.3576317071736561,0.7466130498756876,0.7466130498756877,1.1102230246251565e-16
8917,-0.03999028782396874,4.0827518203925655,4.082751820392565,2.1754406311543202e-16
8918,0.8455589040963627,-2.0132153972483096,-2.0132153972483096,0.0
8919,-0.014933259751970684,2.315862325303,2.315862325303,0.0
8920,0.5310082274059564,4.149309609556175,4.149309609556172,6.421635187125465e-16
8921,0.17338595495315845,-3.5100894928786883,-3.5100894928786883,0.0
8922,0.8450595557375329,-5.033703040259401,-5.0337030402594,1.764463283981001e-16
8923,-0.9755019322856752,2.1255631012879697,2.1255631012879697,0.0
8924,-0.584545591181282,1.340936093129843,1.340936093129843,0.0
8925,-0.8663429869422471,2.6571654529296946,2.657165452929695,1.6712892656361534e-16
8926,0.8034052385340817,0.7492480907722592,0.7492480907722594,2.220446049250313e-16
8927,-0.4573016686733957,0.23106651780571652,0.2310665178057163,2.220446049250313e-16
8928,-0.356664734831166,-0.8740386698934222,-0.8740386698934226,4.440892098500626e-16
8929,-0.6102633044431662,4.803349348040742,4.803349348040741,1.84908145409496e-16
8930,0.6507324318777008,5.742229552087557,5.74222955208756,4.640245108507893e-16
8931,0.8746319379508312,1.8252807933671256,1.8252807933671251,2.4329911949100386e-16
8932,-0.835444228800598,2.1979302291824814,2.1979302291824814,0.0
8933,0.2254942254820551,0.13982430942691693,0.13982430942691693,0.0
8934,-0.9258222848358982,-0.6002285706933588,-0.600228570693357,1.7763568394002505e-15
8935,0.023160013507417698,0.8354684847400942,0.8354684847400939,2.220446049250313e-16
8936,-0.4698474014106102,9.696788590523964,9.696788590523962,1.8319022043402778e-16
8937,0.4000643433896489,-0.4542270639591317,-0.45422706395913126,4.440892098500626e-16
8938,0.849104952423033,0.3369871428612615,0.33698714286126163,1.1102230246251565e-16
8939,0.2567543365219511,1.979965869687283,1.9799658696872848,8.971653838057366e-16
8940,-0.6117023539278588,1.0067424950576225,1.0067424950576238,1.323344982545843e-15
8941,0.9531108807454616,1.5310055401152933,1.5310055401152933,0.0
8942,-0.5860843690980125,0.023290983028481593,0.023290983028481704,1.1102230246251565e-16
8943,0.14197300091898657,1.6689376498068997,1.6689376498069,1.3304547653456223e-16
8944,0.5263710584951544,-4.199998688945067,-4.199998688945065,4.229422366430372e-16
8945,-0.7074625006386597,1.5352302943516751,1.5352302943516758,4.3389829996573964e-16
8946,-0.39472052256826073,5.68256374268833,5.68256374268833,0.0
8947,0.049619701585114306,0.026605152913045882,0.026605152913045882,0.0
8948,0.8236007609679636,-2.8290650032370066,-2.829065003237009,7.848692224143617e-16
8949,0.20632153014630106,0.1252339183315505,0.1252339183315505,0.0
8950,0.7504906850324922,0.5420910391952778,0.5420910391952776,2.220446049250313e-16
8951,0.2787883142114995,4.973593153282371,4.973593153282371,0.0
8952,0.3829680773756401,-2.6841722957006504,-2.6841722957006526,8.272367808902927e-16
8953,0.5133084638923955,1.8336306615811289,1.8336306615811289,0.0
8954,-0.51392654914251,3.8973766513987793,3.8973766513987798,1.1394567412176542e-16
8955,0.3571385334855528,1.1174147036449038,1.1174147036449034,3.974256007205602e-16
8956,-0.2107404067930606,-5.576679684390669,-5.576679684390671,3.185330590839453e-16
8957,0.13389867769830932,2.3887738833485166,2.3887738833485166,0.0
8958,0.5789801295042558,0.6638292506074013,0.6638292506074004,8.881784197001252e-16
8959,-0.639637830644524,2.0331255937553445,2.0331255937553436,4.36853690902385e-16
8960,-0.06390415376797076,0.957003213910744,0.957003213910744,0.0
8961,-0.6639583886548489,1.7080471323016169,1.708047132301616,5.199964350534593e-16
8962,-0.1961078168761634,1.3195454809600193,1.3195454809600196,1.6827355186233175e-16
8963,-0.9608526868387618,2.1981640729550955,2.1981640729550964,4.040546520743127e-16
8964,-0.640349607039675,-0.658461586552551,-0.6584615865525514,3.3306690738754696e-16
8965,-0.8098781720429007,-0.4347906757986917,-0.43479067579869124,4.440892098500626e-16
8966,0.24003663574937217,1.3638976302937822,1.3638976302937822,0.0
8967,0.30153262186121643,1.5761228400406777,1.5761228400406786,5.635210639274807e-16
8968,0.09390103423871543,-3.106425591448382,-3.1064255914483825,1.4295826401655558e-16
8969,-0.41099393116824845,1.6321222099660746,1.6321222099660746,0.0
8970,0.10237222711850702,1.8903465467517804,1.8903465467517804,0.0
8971,-0.4992514514968927,-2.0018400628240167,-2.001840062824018,6.655215140767759e-16
8972,0.21044216716328967,0.19886301773967163,0.19886301773967166,2.7755575615628914e-17
8973,0.11810042513552599,0.4505557636811861,0.4505557636811861,0.0
8974,0.05887209102631186,-3.025851349600165,-3.025851349600165,0.0
8975,-0.7920306950855123,1.4069265947470573,1.406926594747057,1.578224519701764e-16
8976,0.4501300019135359,3.989354787211182,3.989354787211182,0.0
8977,-0.8995935876279725,1.4124312912397174,1.4124312912397174,0.0
8978,-0.5187017089180106,1.7917453364599578,1.7917453364599583,2.478528621302133e-16
8979,-0.4480319072589123,2.1084861535966617,2.1084861535966617,0.0
8980,-0.15382511518947417,0.5824975402234815,0.5824975402234815,0.0
8981,0.0259244244787451,2.0141324413513018,2.0141324413513018,0.0
8982,-0.4092890204123629,-6.5809047663900895,-6.5809047663900895,0.0
8983,0.6039189229984352,0.1381845695234647,0.13818456952346425,4.440892098500626e-16
8984,0.9677289995015042,7.571355930095054,7.571355930095063,1.1730770920037497e-15
8985,0.6500669929309244,0.29116336316369934,0.2911633631636993,5.551115123125783e-17
8986,-0.29783012204803294,9.773701226810115,9.773701226810115,0.0
8987,-0.14612018869604226,2.3792178065874867,2.3792178065874867,0.0
8988,-0.11899664526514075,2.9181876107535216,2.9181876107535216,0.0
8989,0.9236630538646828,-2.038961827317035,-2.038961827317035,0.0
8990,-0.8621829425826454,1.8157591232082868,1.8157591232082986,6.4812363658859076e-15
8991,-0.02337450256869822,4.58704152179321,4.58704152179321,0.0
8992,0.2674466340269128,4.923168511146428,4.923168511146428,0.0
8993,0.19160457533691044,3.401541022016191,3.4015410220161906,1.3055530036995942e-16
8994,-0.2819182853456479,1.7726576810220562,1.7726576810220562,0.0
8995,-0.17971010786633657,2.10482786464439,2.1048278646443896,2.109859990498992e-16
8996,0.3057153789583553,-0.27341093096416236,-0.27341093096416214,2.220446049250313e-16
8997,0.0403705710345843,1.1609574279828507,1.1609574279828503,3.82519805762096e-16
8998,-0.9525503392540791,-0.26316109235865653,-0.26316109235865603,4.996003610813204e-16
8999,-0.7086591245841968,1.2405031106204991,1.2405031106204998,5.369868153268024e-16
9000,0.1808203034744884,0.7473407351157841,0.7473407351157841,0.0
9001,-0.3823934446889101,-3.6187741157123456,-3.6187741157123483,7.363088089779456e-16
9002,0.8534911337580156,-1.9105057209771277,-1.9105057209771292,8.135606281672198e-16
9003,-0.08677364776064533,1.0825221429771559,1.0825221429771559,0.0
9004,-0.003801227104748839,2.867610240830042,2.8676102408300417,1.5486386661860962e-16
9005,-0.22150192325272833,2.471119081109407,2.4711190811094075,1.7971178048234288e-16
9006,-0.3972263449358233,2.572016280831138,2.572016280831137,3.453237937565129e-16
9007,-0.09306002294119953,6.271624776932575,6.271624776932575,0.0
9008,0.02687818002231368,5.094857517206808,5.0948575172068065,3.486568237484521e-16
9009,0.31767282471891733,0.7385880137212669,0.738588013721267,1.1102230246251565e-16
9010,-0.6973514122016851,2.935390193522636,2.935390193522636,0.0
9011,-0.7780818100938205,1.0535075420447197,1.0535075420447217,1.8969028360695427e-15
9012,-0.8996407186798365,2.2182438159598576,2.218243815959858,2.0019855646837474e-16
9013,0.72528108052087,0.03823394051971274,0.03823394051971274,0.0
9014,0.6006422163147123,3.43586870383511,3.4358687038351095,1.2925092549501997e-16
9015,0.5427497692490317,0.4771191931782699,0.47711919317826945,4.440892098500626e-16
9016,-0.9521875145059896,1.3687436532307993,1.3687436532308013,1.4600260900631251e-15
9017,-0.6649400359852831,3.881159019634661,3.881159019634662,3.432654067535723e-16
9018,-0.1266264903693466,5.765140218692549,5.76514021869255,1.5406015916496672e-16
9019,0.8274273191448773,0.12787151151688048,0.12787151151688048,0.0
9020,0.6283964530176318,6.324606570598804,6.324606570598805,1.4043220076787067e-16
9021,0.9077373195432976,4.09802019084985,4.0980201908498515,4.3346707841179975e-16
9022,-0.6170362098494513,1.8446912597690017,1.8446912597690017,0.0
9023,0.2590294730710372,0.7428310882141782,0.7428310882141782,0.0
9024,0.3653583801850542,5.918747722201005,5.918747722201006,1.5006188156467637e-16
9025,0.5955500101492095,7.820293894985958,7.820293894985959,1.1357353465572283e-16
9026,0.338278337827038,3.422707358037502,3.4227073580375027,2.594958688520147e-16
9027,-0.011915644030741412,-5.287136733911806,-5.287136733911806,0.0
9028,0.7312582811572252,2.7739759653911173,2.7739759653911173,0.0
9029,-0.48612137884227025,1.1494402538303445,1.1494402538303448,1.9317629096866892e-16
9030,0.052639343528247506,2.9547662181948495,2.954766218194849,1.5029588707067638e-16
9031,-0.7966446567476373,1.1163290630425553,1.1163290630425564,9.94530252217248e-16
9032,-0.015965081618157795,0.9339913071522774,0.9339913071522774,0.0
9033,0.5162828165029569,3.1582185166799013,3.1582185166799013,0.0
9034,0.5277337298678226,7.618493065385606,7.618493065385607,1.1658190301905466e-16
9035,-0.2641593058557927,-0.0949625365179157,-0.09496253651791559,1.1102230246251565e-16
9036,-0.6975202716300318,1.358511294304212,1.3585112943042117,1.6344700692293897e-16
9037,-0.4799564028336184,2.0810158851456038,2.081015885145604,2.1340020180527874e-16
9038,0.4883297156335227,1.5072744114726397,1.5072744114726395,1.4731531513766555e-16
9039,-0.4536658454648933,0.6743240300690945,0.6743240300690945,0.0
9040,0.4882439555490472,1.344318861619503,1.344318861619503,0.0
9041,0.547887621400907,1.5401412211680734,1.5401412211680734,0.0
9042,-0.03280094253190857,2.938808719883291,2.9388087198832915,1.5111198181952404e-16
9043,-0.06776053406791116,-1.7039933564241307,-1.7039933564241307,0.0
9044,-0.49496053517541855,6.233495045995217,6.233495045995218,1.4248482001613942e-16
9045,0.6081582181251586,0.5292461773029207,0.5292461773029209,2.220446049250313e-16
9046,-0.3432949616623696,0.975871722862489,0.9758717228624889,1.1102230246251565e-16
9047,0.8750769588596132,3.218349605032161,3.21834960503216,4.1395988411795756e-16
9048,0.7622507099140232,1.7205200882636267,1.7205200882636262,2.581133535605758e-16
9049,0.9522707100089769,1.72100465786008,1.7210046578600782,1.0321627145443035e-15
9050,-0.7185122634665859,-0.3186614418826035,-0.31866144188260304,4.440892098500626e-16
9051,0.12487144933316463,3.1585805276325587,3.1585805276325587,0.0
9052,-0.9681852752849519,-0.38482909458730846,-0.3848290945873103,1.8318679906315083e-15
9053,-0.8297084698870998,2.4756666914812606,2.47566669148126,1.7938166368605606e-16
9054,0.8237137811127118,8.0004451836037,8.000445183603695,6.66096747856266e-16
9055,0.03507948724633869,3.271450981836075,3.2714509818360753,1.3574686349138609e-16
9056,0.5022751903371541,3.0463085057782324,3.046308505778232,1.457794602902874e-16
9057,0.6852342623394545,4.115174072927448,4.115174072927448,0.0
9058,-0.3333309211303277,2.477607091396339,2.4776070913963384,1.7924117645295452e-16
9059,-0.9675005829728923,1.133933334839655,1.1339333348396679,1.1357446412379196e-14
9060,-0.15928591979496853,1.738417866885638,1.738417866885638,0.0
9061,-0.16106994178379463,3.1962200283221676,3.1962200283221676,0.0
9062,0.7245794830038199,2.9861756462596305,2.9861756462596305,0.0
9063,0.9278192145802455,-1.0314008145106845,-1.0314008145106843,2.1528449638695828e-16
9064,-0.6839873726216756,2.84202934905044,2.842029349050441,4.687733537992197e-16
9065,-0.2229877652188098,0.24982794883149947,0.24982794883149942,5.551115123125783e-17
9066,0.39734552598413075,3.7063340366217554,3.7063340366217545,2.396379848454461e-16
9067,0.22741354661540658,11.838216122160674,11.838216122160675,1.5005274621359384e-16
9068,-0.05281064862026141,6.58710907186701,6.587109071867011,1.348358452865857e-16
9069,-0.19360039646795546,2.3558356291323257,2.3558356291323257,0.0
9070,0.35670936203457093,1.6036070143498353,1.6036070143498353,0.0
9071,-0.47468728150216166,0.6428348317409172,0.6428348317409172,0.0
9072,0.493668635124733,7.272172454238158,7.272172454238156,2.442677000000193e-16
9073,-0.7881543572422514,3.2053557707282865,3.2053557707282856,2.770919932854514e-16
9074,0.5464134497173239,1.6417764362790346,1.6417764362790348,1.352465536832037e-16
9075,0.9780863181732191,1.4509083863402794,1.4509083863402772,1.5303833585600042e-15
9076,0.4639164494507628,-6.195610108605621,-6.195610108605624,5.73424346678276e-16
9077,0.5719629215592024,0.5671350490354536,0.5671350490354535,1.1102230246251565e-16
9078,-0.08393237429743194,-0.7447593499032368,-0.7447593499032372,4.440892098500626e-16
9079,0.019017390832497094,3.0351060121053326,3.035106012105332,1.4631752830999652e-16
9080,-0.8892010956301406,6.116750620572004,6.116750620572003,1.452042881579939e-16
9081,-0.34685449018442027,1.8808494854789972,1.880849485478997,1.1805548856477638e-16
9082,-0.811395044039921,2.5223364829971473,2.522336482997147,1.7606263591064462e-16
9083,0.4138845967897615,7.446465806920049,7.446465806920049,0.0
9084,-0.9168187996041945,1.3389630413706568,1.3389630413706612,3.3166651814038245e-15
9085,-0.42181201729807327,3.051642904102236,3.051642904102236,0.0
9086,-0.13582013614597666,-0.7610357389511507,-0.7610357389511508,1.1102230246251565e-16
9087,0.8182468868816433,-0.6671796175779261,-0.6671796175779268,6.661338147750939e-16
9088,0.903864269014278,2.2284060869488314,2.2284060869488265,2.1921414310258334e-15
9089,0.5987017611625951,1.7226874918742774,1.722687491874277,2.577886075941117e-16
9090,0.782113640220782,4.9770678321585855,4.977067832158587,3.5690830410680447e-16
9091,-0.7153907460871278,-1.1210858008193347,-1.1210858008193325,1.980620972656617e-15
9092,-0.9712484999370323,1.3412434998542047,1.3412434998542047,0.0
9093,0.2826435699669696,-0.47752515492529146,-0.4775251549252917,2.220446049250313e-16
9094,0.7433032606887009,3.0526411600798022,3.0526411600797996,8.728622590644488e-16
9095,0.9108776131132443,2.1920850595581647,2.192085059558166,6.077627433940538e-16
9096,0.8140144490498304,-0.1890937747925585,-0.18909377479255696,1.5543122344752192e-15
9097,-0.2709818009296525,-1.4361223918400716,-1.436122391840071,4.63841952858622e-16
9098,-0.34557397755486774,2.100722357503612,2.100722357503612,0.0
9099,-0.45413931336943947,-0.2308250135607426,-0.2308250135607426,0.0
9100,0.4338643511742115,2.1444271776879886,2.1444271776879886,0.0
9101,0.37623038935416675,3.9288687180461794,3.928868718046179,1.1303233620666958e-16
9102,0.6887587962536021,3.0182130207436373,3.0182130207436373,0.0
9103,-0.2696967549705901,7.541723039902114,7.541723039902113,1.177686339051312e-16
9104,-0.8945529477706028,2.2962840085960705,2.2962840085960714,3.867894460681936e-16
9105,0.8741188052796409,0.3034005470671359,0.30340054706713593,5.551115123125783e-17
9106,-0.4936767285773806,2.5070315035830184,2.507031503583018,1.7713746684689675e-16
9107,0.707550301135744,4.44551973526255,4.445519735262548,5.993754201482607e-16
9108,0.5471102778173973,2.607774427342969,2.607774427342969,0.0
9109,-0.29244789064013954,0.08612174803345751,0.08612174803345785,3.3306690738754696e-16
9110,-0.8377345527383382,-0.2924653824673953,-0.29246538246739506,2.220446049250313e-16
9111,0.2557525947135837,0.31526362887560055,0.3152636288756009,3.3306690738754696e-16
9112,-0.5588861134608062,1.6126158838967568,1.6126158838967568,0.0
9113,-0.5990035909164428,0.8513780478788382,0.8513780478788409,2.6645352591003757e-15
9114,0.5891774134304695,4.163013735311875,4.163013735311875,0.0
9115,0.11982112874808948,0.9562503591659994,0.9562503591659997,2.220446049250313e-16
9116,0.8347546441641602,9.213060415765625,9.213060415765623,1.9280855212460162e-16
9117,-0.5863992696201807,1.2020427106053786,1.2020427106053784,1.8472272487988727e-16
9118,-0.7365884488867618,0.13191957573547924,0.13191957573547927,2.7755575615628914e-17
9119,0.4438242813310387,6.091549860232399,6.0915498602324,1.4580499874070476e-16
9120,-0.9855940728249816,3.2941855502210062,3.2941855502210124,1.8873402372503768e-15
9121,0.1761240046096164,-1.4442096296077782,-1.4442096296077787,3.0749636392513834e-16
9122,-0.8902248329631234,-0.8560584527779791,-0.856058452777976,3.1086244689504383e-15
9123,-0.29998938261034047,2.2184684825041803,2.2184684825041803,0.0
9124,0.8971990785085893,1.122492386879681,1.1224923868796801,7.912556290640823e-16
9125,-0.8972925102789178,1.079430712716194,1.079430712716194,0.0
9126,0.20834509069486162,-4.7406863435801245,-4.7406863435801245,0.0
9127,0.37344032504824565,2.270494166088116,2.2704941660881164,1.9559143400715872e-16
9128,0.368415391048607,3.431602599582208,3.4316025995822086,1.2941160783131756e-16
9129,-0.22342208209707037,0.7740567789913823,0.7740567789913821,1.1102230246251565e-16
9130,-0.8700660764960211,1.9593357144626442,1.9593357144626442,0.0
9131,0.4423109453480718,8.172885756166245,8.172885756166247,2.1734756760303814e-16
9132,-0.8590356838037277,3.3240978825894976,3.3240978825895002,8.015814675784103e-16
9133,0.24912174029290823,-8.61396760592114,-8.613967605921141,2.062181935974781e-16
9134,-0.54152676216194,5.141165422151984,5.141165422151984,0.0
9135,0.9462016048659292,3.494921822994059,3.4949218229940584,1.2706699386758143e-16
9136,0.06892153456813932,3.465298372980734,3.4652983729807345,1.281532387839007e-16
9137,0.7837325992243718,5.096360578117174,5.096360578117167,1.3942159799505528e-15
9138,-0.22489577565869523,4.848644506023094,4.848644506023095,1.8318076703639755e-16
9139,-0.7505095313826584,9.477006650753337,9.477006650753339,1.8743859795213356e-16
9140,0.46845517613193155,0.06022062750341125,0.06022062750341124,6.938893903907228e-18
9141,-0.5194732674718199,1.7569268782867098,1.7569268782867102,2.527647651922327e-16
9142,-0.3438527848835009,3.651749417286493,3.651749417286493,0.0
9143,-0.9287965503551574,3.368819578106936,3.368819578106936,0.0
9144,0.7037523420456668,2.0033891238810675,2.0033891238810675,0.0
9145,-0.101478956059039,-3.0203014723584003,-3.0203014723584007,1.4703472945145966e-16
9146,-0.8388553259204637,2.6053814150093206,2.605381415009322,5.113522426601871e-16
9147,-0.8963541102666467,-0.915548746897887,-0.9155487468978873,3.3306690738754696e-16
9148,0.5350686699970761,-0.14997021834005136,-0.1499702183400513,5.551115123125783e-17
9149,0.10670303483935673,4.795607041645011,4.795607041645011,0.0
9150,-0.04986588720901719,5.243551265174711,5.24355126517471,1.6938490247992872e-16
9151,0.3250395075089769,0.8413299913521242,0.8413299913521243,1.1102230246251565e-16
9152,0.5850026196798137,1.5051062607164218,1.5051062607164223,2.950550545439089e-16
9153,-0.39439247749086803,6.571184284243327,6.571184284243326,1.3516261015991262e-16
9154,0.7700039765557884,0.22580283589881683,0.2258028358988169,5.551115123125783e-17
9155,-0.6385045727710839,10.096428410936067,10.096428410936067,0.0
9156,-0.8500969946330895,0.5116564317303424,0.5116564317303424,0.0
9157,0.5509914829556193,2.260124999953566,2.2601249999535655,1.9648878263776843e-16
9158,0.12260285013238104,2.500692380450918,2.500692380450918,0.0
9159,0.09188845984045502,3.949759142251816,3.949759142251816,0.0
9160,0.11005857891169235,-1.8465215244330333,-1.8465215244330322,6.012510604045333e-16
9161,-0.19608128372181344,1.0945199068461602,1.0945199068461604,2.0286940743256915e-16
9162,-0.8424027102208452,1.76768638263172,1.7676863826317195,2.512262436444781e-16
9163,-0.34335827277234465,3.223142347620568,3.2231423476205676,1.3778144492374163e-16
9164,-0.8797102125340795,1.9057252542919825,1.905725254291987,2.3302897878374982e-15
9165,-0.7347700635026189,-0.9908583075314916,-0.9908583075314925,8.881784197001252e-16
9166,0.4397975334920625,1.5613250355039003,1.5613250355039003,0.0
9167,0.6242324841594662,1.697913906358984,1.6979139063589834,3.923248477324477e-16
9168,-0.4549411428829915,2.822396892121126,2.8223968921211258,1.5734470622815725e-16
9169,-0.26630761437947226,0.43079717879495066,0.43079717879495066,0.0
9170,-0.572293549901417,0.8316414987174751,0.8316414987174745,5.551115123125783e-16
9171,-0.6064242804537676,-1.2684191725122762,-1.2684191725122753,7.002246882952482e-16
9172,-0.9053928317290745,-0.825484214166295,-0.8254842141662921,2.886579864025407e-15
9173,0.8937139162582888,0.5368594917637699,0.5368594917637698,1.1102230246251565e-16
9174,0.7976190735354642,2.649161857965103,2.6491618579651024,1.676338531429636e-16
9175,0.6724863293597727,4.412119418277522,4.412119418277522,0.0
9176,0.0015325492809752372,0.5404818346818367,0.5404818346818367,0.0
9177,-0.8228112672839129,2.0343725248493714,2.034372524849372,2.1829296474741948e-16
9178,-0.7685808935508779,0.6727266202099975,0.6727266202100015,3.9968028886505635e-15
9179,0.4951889927675135,0.8437311194628739,0.8437311194628739,0.0
9180,0.5963807017371414,0.9296404824854114,0.9296404824854113,1.1102230246251565e-16
9181,-0.5688924485064634,0.7852075477137036,0.7852075477137035,1.1102230246251565e-16
9182,-0.10241649272225839,5.607759506681052,5.607759506681052,0.0
9183,-0.3193857354592792,3.6106445166346863,3.6106445166346863,0.0
9184,-0.8256399572557727,7.986011154880683,7.986011154880684,1.112167767455861e-16
9185,-0.29281999975088946,2.8298496547342533,2.8298496547342533,0.0
9186,0.04218354178070305,1.8543616431289034,1.8543616431289034,0.0
9187,0.494020583239001,1.7297231080846707,1.729723108084671,1.28370028640539e-16
9188,-0.36481388819857086,3.1587244174230094,3.1587244174230094,0.0
9189,-0.3920780945373892,-0.3249685083958753,-0.3249685083958753,0.0
9190,-0.9790832567979382,0.8564615227340573,0.8564615227340582,8.881784197001252e-16
9191,-0.4484727956871353,1.317570609615937,1.3175706096159372,1.685257725881999e-16
9192,-0.29386494482135006,1.275625148948654,1.2756251489486539,1.7406728387883872e-16
9193,-0.3624633695138575,0.6046661969329078,0.6046661969329077,1.1102230246251565e-16
9194,0.8096483032299127,1.5757989769422796,1.5757989769422798,1.4090922013155022e-16
9195,0.9043742151349126,5.427367215239829,5.427367215239826,4.909443480475152e-16
9196,0.2665984196975908,0.04202546084937264,0.042025460849373086,4.440892098500626e-16
9197,0.8236746378039994,3.820647656317458,3.8206476563174574,1.162340131301454e-16
9198,-0.40523600655058756,1.2281061899648458,1.2281061899648458,0.0
9199,-0.8303674838387498,8.709418406549998,8.709418406549997,2.039581469715963e-16
9200,0.8070720300550172,0.25439797951850096,0.25439797951850096,0.0
9201,0.8743434264388461,9.994121933902802,9.994121933902797,5.332204823440349e-16
9202,-0.3051900073113387,2.9060153310839447,2.9060153310839443,1.5281722883561566e-16
9203,0.8761475571181301,1.1372867881529936,1.1372867881529936,0.0
9204,0.2794047267047537,0.8359507460730523,0.8359507460730524,1.1102230246251565e-16
9205,-0.11418674798029582,2.739185705497127,2.739185705497128,3.2424907077957036e-16
9206,0.46204634681393175,8.217827857912447,8.217827857912448,2.1615892546226854e-16
9207,-0.9653423405471676,4.229030773654224,4.229030773654217,1.6801550373825581e-15
9208,-0.7003049668825627,1.175867352995657,1.1758673529956565,3.7766947838010335e-16
9209,0.916875492401855,-0.29533029055127,-0.29533029055126825,1.7763568394002505e-15
9210,0.8177937956696577,0.25898041691039236,0.25898041691039236,0.0
9211,-0.4737285972269345,3.4480153494623407,3.448015349462341,1.287956011910767e-16
9212,0.12808749980012712,2.174068501332875,2.174068501332875,0.0
9213,0.8071784001300883,3.757416696952391,3.7574166969523914,1.1819003471461115e-16
9214,-0.006778881264412284,2.64621142045935,2.64621142045935,0.0
9215,0.5102975847802753,-0.1553056206838519,-0.1553056206838519,0.0
9216,0.8519110041566864,-2.7231777133577837,-2.723177713357792,3.098473869612859e-15
9217,-0.7439053078727937,5.3558177798559585,5.355817779855959,1.6583432375923967e-16
9218,0.9818351368109528,-0.3604443779912363,-0.36044437799123585,4.440892098500626e-16
9219,0.3297575547195917,-1.0947098869005776,-1.0947098869005771,4.056684014313604e-16
9220,-0.5017316939480396,5.144162494253037,5.144162494253037,0.0
9221,0.6502031359135303,0.5196012370805168,0.5196012370805168,0.0
9222,0.01217462511515599,3.1359625209646693,3.1359625209646698,1.4161177210544407e-16
9223,0.7556507742463214,-1.2193974052429852,-1.219397405242987,1.4567497288107497e-15
9224,-0.7795290837386204,1.291656202620414,1.2916562026204135,3.438137864774916e-16
9225,-0.5800298991602153,3.815612512556005,3.8156125125560045,1.163873974070223e-16
9226,-0.06320517784356272,7.193911414403837,7.193911414403837,0.0
9227,0.9880139029537442,5.4749075640897225,5.474907564089721,3.244542156385418e-16
9228,0.18249112358510855,2.737382077462858,2.7373820774628586,1.6223135729070988e-16
9229,-0.023601940872903127,2.276514520636876,2.2765145206368755,1.9507418284589926e-16
9230,0.5099769571296722,2.802473425371158,2.802473425371158,0.0
9231,-0.8144970656562254,0.4084875207926409,0.40848752079264095,5.551115123125783e-17
9232,0.16862333593441603,-1.2149251211201333,-1.2149251211201333,0.0
9233,0.725984220238914,4.468267799596462,4.468267799596463,1.987746615769848e-16
9234,0.784529812001828,0.06288868286675435,0.06288868286675432,2.7755575615628914e-17
9235,0.017567875444664205,14.17803122388196,14.17803122388196,0.0
9236,-0.6272939336876353,0.6890007545065502,0.6890007545065501,1.1102230246251565e-16
9237,0.7723519505924983,6.607950970509434,6.607950970509432,4.0323169330279637e-16
9238,0.27968508342772935,1.1064427941661301,1.1064427941661301,0.0
9239,0.979460021276398,3.772523377373141,3.772523377373141,0.0
9240,0.1592509319557578,-0.6735953559177295,-0.6735953559177297,2.220446049250313e-16
9241,-0.9646927681933021,0.14170204443461798,0.14170204443461798,0.0
9242,-0.7443277905899474,0.8758104399127006,0.8758104399127005,1.1102230246251565e-16
9243,-0.26328045729283756,0.5127742949389118,0.5127742949389109,8.881784197001252e-16
9244,-0.641912625808533,5.576802236267666,5.576802236267666,0.0
9245,0.47949745201391525,2.7315059854609767,2.7315059854609762,1.6258035391971394e-16
9246,0.8996477722594742,2.0064705801901903,2.006470580190192,8.853141715299271e-16
9247,-0.585350285442714,3.5201368325700093,3.52013683257001,2.5231360652866353e-16
9248,-0.8994668763013763,0.9726807762096392,0.9726807762096394,2.220446049250313e-16
9249,0.3673130058772589,-1.481452401741051,-1.481452401741051,0.0
9250,-0.8864618651898172,0.7641793021812193,0.7641793021812227,3.3306690738754696e-15
9251,-0.8860335421976182,-0.7353616346840912,-0.7353616346840912,0.0
9252,0.13474523243570657,3.057131036183792,3.057131036183792,0.0
9253,0.6036293059382454,7.440478575183609,7.440478575183611,2.3874228269737546e-16
9254,-0.2441032568428766,6.942430792255878,6.942430792255877,1.2793478916503825e-16
9255,0.27612738749534893,3.5618638292643228,3.561863829264323,1.2467888474607577e-16
9256,-0.7639602379884719,2.9775397354898594,2.97753973548986,1.4914635884011196e-16
9257,0.4706170455723382,-0.13798892305884003,-0.13798892305884009,5.551115123125783e-17
9258,0.404088419531788,2.4855683835717053,2.4855683835717053,0.0
9259,-0.3496739732178097,-3.1974518932268925,-3.1974518932268925,0.0
9260,-0.6201577754201679,2.312657372274893,2.312657372274893,0.0
9261,0.3973748065109257,1.602561410457911,1.6025614104579127,1.108448529839914e-15
9262,-0.5459167240336069,0.09947048788188528,0.09947048788188495,3.3306690738754696e-16
9263,0.36616238255902256,2.612325452269754,2.6123254522697534,1.6999765839444306e-16
9264,0.9061142845557077,-2.879314828017308,-2.879314828017308,0.0
9265,-0.6026448285858572,2.9538046186306723,2.953804618630673,1.5034481531007082e-16
9266,0.9188770387039658,0.9109640305639223,0.9109640305639228,5.551115123125783e-16
9267,0.8022362219655927,0.1854437316736361,0.1854437316736361,0.0
9268,-0.7908226146884016,-0.10484889205729764,-0.10484889205729742,2.220446049250313e-16
9269,0.382253600199862,0.9516974887372232,0.9516974887372232,0.0
9270,0.2766150522200217,-3.384364314126974,-3.384364314126974,0.0
9271,-0.5893790166046993,5.015370506911775,5.0153705069117755,1.7709128736872183e-16
9272,0.17365249408064032,-2.0460070845184446,-2.046007084518444,2.170516481640556e-16
9273,0.7901339164850238,4.482652603306412,4.482652603306413,1.981367949514989e-16
9274,0.4882747292690568,-0.7060910526337183,-0.7060910526337185,2.220446049250313e-16
9275,-0.846748720822985,-0.2955097577657608,-0.2955097577657604,4.440892098500626e-16
9276,-0.25069683113709096,0.6680291434907645,0.6680291434907641,3.3306690738754696e-16
9277,0.6919870782067254,-2.1314963206464834,-2.131496320646482,6.250386719626664e-16
9278,-0.813452471500207,1.5611989899769951,1.5611989899769982,1.9911776070238457e-15
9279,0.22906300472686447,0.34699889078320645,0.3469988907832065,5.551115123125783e-17
9280,0.2654114714081941,6.19324283602474,6.193242836024739,1.434108823464479e-16
9281,-0.6754886547732157,2.2093197536932783,2.2093197536932783,0.0
9282,-0.5623446013656901,2.04853421050015,2.0485342105001507,4.33567775020597e-16
9283,-0.02069268348348985,2.115295798383626,2.115295798383626,0.0
9284,-0.7444607815932429,3.3750632891954266,3.3750632891954275,2.6315904135588993e-16
9285,0.5984171956512769,1.8727922575250937,1.8727922575250937,0.0
9286,0.1905122605639269,3.67763011656425,3.677630116564249,2.41508360424753e-16
9287,-0.3023857426883756,6.138499468472551,6.138499468472551,0.0
9288,0.40006222916747936,-2.7546474983636884,-2.754647498363688,1.612145329352884e-16
9289,-0.24754508366367423,-1.8900964188863851,-1.890096418886385,1.1747792478007893e-16
9290,-0.23422115475482952,-0.584195480101689,-0.5841954801016889,1.1102230246251565e-16
9291,0.3532960154574747,0.45246185111707066,0.45246185111707066,0.0
9292,-0.9490506297220921,2.1439566209932344,2.143956620993235,2.0713535222756918e-16
9293,-0.9256155629569771,5.681250524144124,5.6812505241441205,6.25340083790041e-16
9294,-0.418767939436673,4.105576754420528,4.105576754420527,2.1633462795301828e-16
9295,0.42876476733521907,6.557041687029828,6.5570416870298285,1.354541364983219e-16
9296,-0.36836943829550806,9.039014108730738,9.039014108730738,0.0
9297,-0.15302546618093849,-0.13832467654077285,-0.1383246765407724,4.440892098500626e-16
9298,-0.20415472878186725,2.3323848380365124,2.3323848380365124,0.0
9299,-0.448483372209286,1.1458573972871873,1.145857397287187,1.9378031284758558e-16
9300,-0.01936870894658438,0.4995383031247693,0.4995383031247694,5.551115123125783e-17
9301,-0.4942947958722462,3.1138611261894256,3.1138611261894256,0.0
9302,-0.019105282251618116,1.7423200245216313,1.7423200245216313,0.0
9303,-0.2668528513380797,4.478725641540885,4.478725641540885,0.0
9304,-0.7915373405344113,-0.5338122225630388,-0.5338122225630393,4.440892098500626e-16
9305,-0.6445510129954191,4.090084092899742,4.090084092899743,2.1715407300352947e-16
9306,0.48747363517905806,1.5135237302322866,1.5135237302322868,1.467070522184368e-16
9307,0.33883300895425617,2.896952213504076,2.896952213504076,0.0
9308,0.9807315588038552,-4.888687935342244,-4.888687935342205,7.993934361054616e-15
9309,-0.4083384769476115,2.7769895361799226,2.7769895361799217,3.1983498969964417e-16
9310,0.07241758263461007,2.987333126777427,2.987333126777427,0.0
9311,-0.3017080736628265,6.019048609216552,6.0190486092165525,1.4756126380838978e-16
9312,0.22862353225527432,6.943568294374346,6.943568294374345,1.2791383076331576e-16
9313,0.18423950820757296,-0.49980988199374177,-0.49980988199374154,2.220446049250313e-16
9314,0.022998126253565898,4.6754388603394075,4.6754388603394075,0.0
9315,0.08402112073609902,1.2099787162453601,1.2099787162453604,1.8351116589393379e-16
9316,0.5851682096781039,-2.6904920726014625,-2.6904920726014607,6.602349278370756e-16
9317,0.07817219912179296,-0.21478445719322536,-0.2147844571932256,2.220446049250313e-16
9318,0.7057559195956915,5.995437475827332,5.995437475827334,2.9628477430750366e-16
9319,-0.25864687451722723,6.333062685589668,6.333062685589668,0.0
9320,-0.09415569432254645,4.0950008220141045,4.095000822014104,2.168933434458456e-16
9321,0.2618082894649092,1.0944318675717875,1.0944318675717872,2.0288572683622688e-16
9322,0.7396651147742672,2.4279008688637473,2.4279008688637473,0.0
9323,-0.7678715652433199,-1.677781420498254,-1.6777814204982544,2.6468835834299596e-16
9324,-0.891111557861666,-0.5134040108647522,-0.5134040108647517,4.440892098500626e-16
9325,0.279286001971881,1.668293124782033,1.6682931247820327,1.3309687705752671e-16
9326,-0.9437138493400824,1.2675121652150034,1.267512165215003,3.5036287779907296e-16
9327,-0.9217856896096873,4.12396366944203,4.123963669442028,4.3074017663220364e-16
9328,0.28575813968768493,1.0935436893934596,1.0935436893934602,6.091515329804235e-16
9329,0.7053251605356197,5.153797011211198,5.153797011211202,6.893390777852103e-16
9330,-0.01620711063484459,2.565002965992883,2.5650029659928824,1.731339946728525e-16
9331,0.1836773205890705,8.369914374679766,8.369914374679768,2.1223118420111845e-16
9332,-0.45992093415197755,7.934025408202476,7.934025408202475,2.238909945465753e-16
9333,0.10195844462448278,0.36792750786014666,0.3679275078601467,5.551115123125783e-17
9334,0.7900828384792868,6.2307733439531185,6.230773343953119,1.4254705967792752e-16
9335,-0.9643411786859948,2.334636484104177,2.334636484104177,0.0
9336,0.2864327958425834,8.455994179689002,8.455994179689002,0.0
9337,-0.7901175691409753,-0.20405937701503385,-0.20405937701503407,2.220446049250313e-16
9338,-0.2604346540310123,1.59184877947546,1.5918487794754603,1.3948850405137013e-16
9339,0.8713225765594115,0.6550498349657992,0.6550498349657996,4.440892098500626e-16
9340,0.7270328716317467,8.472952810216048,8.47295281021605,2.0965026941474916e-16
9341,0.29616277837829985,2.82043343978287,2.8204334397828683,6.298169686773401e-16
9342,-0.31227049932392714,8.067370809614204,8.067370809614204,0.0
9343,-0.8457086454293563,0.5773710367769525,0.5773710367769516,8.881784197001252e-16
9344,0.7562218399144238,1.6325481788429426,1.6325481788429448,1.3601105792933102e-15
9345,-0.5959294035811411,0.9560317343485043,0.9560317343485044,1.1102230246251565e-16
9346,0.03062919552858623,1.294023586180272,1.2940235861802716,3.4318478781436675e-16
9347,0.7400880162555739,0.8635302027253671,0.8635302027253671,0.0
9348,-0.8486156781562353,4.145415889546597,4.145415889546596,2.142555640653149e-16
9349,0.2130154645649034,0.5922641987744325,0.5922641987744327,2.220446049250313e-16
9350,-0.8850485724343796,0.7755301982395617,0.7755301982395622,4.440892098500626e-16
9351,0.33165205573935674,2.6439866212820506,2.6439866212820506,0.0
9352,0.20531753616875803,0.17765149917606127,0.17765149917606132,5.551115123125783e-17
9353,0.9178486263026557,-1.4706785836288616,-1.4706785836288567,3.3215832220097494e-15
9354,0.40398605842193636,2.0000618789523523,2.0000618789523528,2.2203773519381306e-16
9355,-0.03333877308374267,-0.028266591989047907,-0.028266591989047907,0.0
9356,-0.005488309916717005,3.1898461169965864,3.1898461169965855,2.784392685802642e-16
9357,0.2331223928441346,-3.767908319085335,-3.767908319085335,0.0
9358,-0.026718913556623924,6.237782229742453,6.237782229742454,1.4238689120392658e-16
9359,-0.4509045777972561,7.130546261913519,7.130546261913517,2.491193204773565e-16
9360,-0.982235600371892,1.597618223748737,1.5976182237487393,1.3898477222174767e-15
9361,0.4876405844022673,4.355051683557187,4.355051683557187,0.0
9362,0.5233518017398466,0.8403142331775701,0.8403142331775699,2.220446049250313e-16
9363,-0.7104097884044032,1.221199135676575,1.2211991356765757,5.454751770734255e-16
9364,-0.8923240748329343,-1.1312355217787537,-1.1312355217787555,1.5702802866436766e-15
9365,-0.659453689262824,2.570858444141354,2.570858444141356,8.636982928058197e-16
9366,-0.5755928228166968,4.196481672337179,4.196481672337179,0.0
9367,-0.6885180876589467,1.6994592241382738,1.699459224138274,1.306560356207552e-16
9368,-0.4006734361094981,2.936590942276435,2.9365909422764362,4.536783146642204e-16
9369,-0.7676054947016149,0.870867414575987,0.870867414575987,0.0
9370,-0.2626459789947272,2.9649780865929998,2.964978086593,1.4977824350815259e-16
9371,-0.15522677034160082,0.6031456503784276,0.6031456503784277,1.1102230246251565e-16
9372,-0.28655517463267755,1.570229810895658,1.570229810895658,0.0
9373,-0.0560578804641928,-1.5242255029939895,-1.5242255029939895,0.0
9374,0.6973962707414794,6.6446749830118925,6.644674983011901,1.3366769961975364e-15
9375,-0.37558098786746974,0.5769957224828912,0.5769957224828912,0.0
9376,0.3794959372203637,3.4919223449440895,3.4919223449440895,0.0
9377,0.5046692902380174,2.9417390331332096,2.9417390331332096,0.0
9378,0.4419513539084077,3.7495125602774824,3.7495125602774833,2.36878368967084e-16
9379,-0.7530104963926559,-0.37427344579497834,-0.37427344579497923,8.881784197001252e-16
9380,0.6544460855629322,2.068880918612396,2.068880918612396,0.0
9381,-0.7415650040877371,4.0828734546250525,4.082873454625052,2.1753758218834886e-16
9382,-0.5024891520682451,2.8523993820573086,2.8523993820573086,0.0
9383,-0.7726054757233076,0.5064836427886974,0.5064836427886974,0.0
9384,-0.5068187987503603,0.6582581390889831,0.658258139088983,1.1102230246251565e-16
9385,-0.9565127749725517,1.226030697400623,1.2260306974006232,1.8110851987295313e-16
9386,0.4623422658942973,7.144907681503026,7.1449076815030255,1.243092926168201e-16
9387,0.4837732166103965,3.5112964052420508,3.51129640524205,2.5294885910917533e-16
9388,0.32705203373466185,0.04128646841850436,0.04128646841850414,2.220446049250313e-16
9389,-0.8975526103267596,1.306666783393093,1.306666783393093,0.0
9390,-0.7714827760201883,2.504186573006265,2.5041865730062653,1.7733870736194207e-16
9391,-0.6509213051944645,0.16546051089477753,0.16546051089477665,8.881784197001252e-16
9392,0.47551633121753745,-0.5527655618177597,-0.55276556181776,3.3306690738754696e-16
9393,-0.4217761342235935,1.5153534316880322,1.5153534316880317,2.930598239087816e-16
9394,-0.5527828243261612,0.7141442309883947,0.7141442309883952,4.440892098500626e-16
9395,-0.4626971193541004,3.330765056823619,3.3307650568236187,1.3332949105499739e-16
9396,0.8844436828242961,2.675666225707125,2.6756662257071238,4.979199635403314e-16
9397,-0.06480131676347745,7.442041104188636,7.442041104188637,1.193460782150515e-16
9398,0.5172239913469108,2.27476613410286,2.27476613410286,0.0
9399,0.9728678467910188,-1.94968667655493,-1.9496866765549186,5.922141026528333e-15
9400,0.4405005865717515,1.8562062916596977,1.856206291659697,3.588684176797401e-16
9401,0.22641337087610336,0.25835168096371386,0.2583516809637138,5.551115123125783e-17
9402,0.33264465801555065,2.1342516714410884,2.134251671441088,2.08077245899592e-16
9403,0.12823106494569836,1.229622443642901,1.2296224436429004,5.417384972265098e-16
9404,0.5880686606123582,0.712785866422405,0.712785866422405,0.0
9405,-0.09556576624735502,1.8000914166151638,1.8000914166151634,2.4670369835167274e-16
9406,-0.1656655631433932,2.255858835341459,2.255858835341459,0.0
9407,-0.1609439293510324,1.7350799030642086,1.7350799030642086,0.0
9408,0.47381016758222594,1.87170536928285,1.8717053692828503,1.1863224232247002e-16
9409,-0.6249463327569721,-1.1177595789547512,-1.117759578954752,7.946059567932185e-16
9410,-0.48142579565998045,5.807059350370993,5.807059350370994,1.5294805272540956e-16
9411,0.575820035194311,0.6075422715281495,0.6075422715281494,1.1102230246251565e-16
9412,-0.3224970583277681,0.4213445939909001,0.42134459399089996,1.1102230246251565e-16
9413,0.264110163581474,-0.6997294141639578,-0.6997294141639581,2.220446049250313e-16
9414,-0.13974377622354206,0.18114325947724996,0.18114325947724974,2.220446049250313e-16
9415,0.6301475193587578,4.769749736404844,4.769749736404845,1.8621069632252483e-16
9416,-0.35386540516671416,1.7935053883665377,1.7935053883665375,1.238048161802635e-16
9417,-0.26298233690596196,1.7896003043255755,1.789600304325575,2.4814994095422943e-16
9418,-0.05287109924536115,6.096301420349852,6.096301420349852,0.0
9419,-0.44834512912494273,12.118536471765472,12.118536471765472,0.0
9420,-0.008122982076303131,1.9896058378584616,1.9896058378584618,1.1160230870855905e-16
9421,0.3193954335291287,3.601842829811019,3.60184282981102,2.465899989719224e-16
9422,0.8362762597858304,-0.3095793381556703,-0.30957933815566996,3.3306690738754696e-16
9423,0.5516533250849327,4.15922045575765,4.159220455757649,2.1354444400046435e-16
9424,0.5874469790154733,-0.9277993504188577,-0.9277993504188577,0.0
9425,0.28273677750127457,14.288271981456688,14.288271981456688,0.0
9426,-0.709397731551308,3.719205997347768,3.719205997347767,2.388086113900389e-16
9427,0.7257887854558129,1.0754678753107245,1.0754678753107245,0.0
9428,0.6404720157029409,-1.1121970927032916,-1.1121970927032914,1.9964501470268423e-16
9429,-0.17784002050683778,1.4115233619752243,1.4115233619752243,0.0
9430,-0.1889887753440076,2.7609291995293894,2.7609291995293894,0.0
9431,-0.64837627625581,1.0575615712862947,1.0575615712862947,0.0
9432,0.05414397891078471,-0.3699950899608917,-0.3699950899608909,7.771561172376096e-16
9433,0.2881185299216893,1.2394270011869688,1.2394270011869688,0.0
9434,-0.2422616623764795,3.2408836550073374,3.2408836550073366,2.7405439819718376e-16
9435,-0.024846507559305064,-1.2079627954284229,-1.2079627954284229,0.0
9436,-0.30015815341976504,0.13653526733386306,0.13653526733386306,0.0
9437,0.5157629752607586,1.229805048707378,1.229805048707378,0.0
9438,-0.5803956499752225,3.4400118733797433,3.4400118733797433,0.0
9439,0.12574386381205005,1.114912517781924,1.1149125177819235,3.9831753861151476e-16
9440,0.8088613917118126,-0.03016263390103724,-0.03016263390103724,0.0
9441,-0.8483292900176028,-10.602858876735077,-10.60285887673507,6.7014259457813e-16
9442,0.9188580917556515,0.39404108687037964,0.39404108687037964,0.0
9443,0.040294938152029,5.859204873901596,5.8592048739015965,1.5158685159761184e-16
9444,-0.38571242629307867,1.672305121302933,1.6723051213029327,1.3277756678280758e-16
9445,-0.8056268824995123,-3.319738793357746,-3.319738793357743,8.026340097695863e-16
9446,-0.31718725920826063,0.7981950007911172,0.798195000791117,1.1102230246251565e-16
9447,0.920778258498534,3.1708673824664237,3.1708673824664233,1.4005291180126014e-16
9448,0.6465971724775541,4.8987209180086975,4.898720918008697,1.8130823016167347e-16
9449,-0.2889116231038795,0.3759511850481887,0.37595118504818914,4.440892098500626e-16
9450,-0.6587166019604185,2.784098252793124,2.784098252793124,0.0
9451,0.13256239522000124,3.2481836156731605,3.2481836156731605,0.0
9452,0.2849974223382803,4.067370650229401,4.0673706502294005,2.1836672781469563e-16
9453,-0.5417707883841905,2.7546864771887725,2.754686477188773,1.612122517489783e-16
9454,-0.71546743522294,0.6774767487377173,0.677476748737717,3.3306690738754696e-16
9455,0.8148201596562021,0.8004952212846848,0.8004952212846846,1.1102230246251565e-16
9456,-0.8388871608453486,14.066372481214776,14.066372481214776,0.0
9457,0.309901451435765,2.5027139048507383,2.5027139048507387,1.7744305850913793e-16
9458,0.1159517850933176,2.242026758120037,2.242026758120036,3.9614978567199267e-16
9459,-0.41783402133083025,1.6435882665586563,1.6435882665586536,1.6211695552435266e-15
9460,-0.13264506053098568,-0.5285108751945649,-0.5285108751945653,4.440892098500626e-16
9461,0.5266044905320071,-0.06517354174531076,-0.06517354174531098,2.220446049250313e-16
9462,-0.9245132992772035,0.5869284031994818,0.5869284031994821,3.3306690738754696e-16
9463,-0.1749588189836241,7.291682807468609,7.291682807468611,2.4361411299745404e-16
9464,-0.6971202309728397,-0.5047687115896136,-0.5047687115896135,1.1102230246251565e-16
9465,0.9884171381790683,2.341905737290648,2.3419057372906487,1.8962727781000684e-16
9466,-0.016451920441396983,-0.26692747932282423,-0.266927479322824,2.220446049250313e-16
9467,-0.36819375060513204,3.2947738469559944,3.2947738469559935,2.695718920194488e-16
9468,0.6210938224088078,-3.566062305079341,-3.5660623050793383,7.471925701648931e-16
9469,-0.5674433742461371,0.37723222772934334,0.37723222772934323,1.1102230246251565e-16
9470,-0.16007818261063467,0.8521134966488204,0.8521134966488203,1.1102230246251565e-16
9471,0.42750755338753543,5.850518178021643,5.850518178021644,1.518119237774018e-16
9472,-0.41370017195042097,4.365691604781379,4.365691604781379,0.0
9473,0.19465953683859927,1.133123010361424,1.133123010361424,0.0
9474,0.85954347632092,7.859092704110794,7.859092704110793,1.1301284424798205e-16
9475,0.6379723486630304,0.9976389144971444,0.9976389144971443,1.1102230246251565e-16
9476,-0.04078666381833718,0.8278202269708164,0.8278202269708159,4.440892098500626e-16
9477,-0.7146743784245692,1.3623999287129227,1.362399928712922,4.889414633223002e-16
9478,-0.5899526045480685,2.629805720221354,2.629805720221354,0.0
9479,-0.37635623379288086,3.211252795528957,3.211252795528956,2.7658315188911334e-16
9480,-0.7864464186066499,-0.16255859238270343,-0.1625585923827031,3.3306690738754696e-16
9481,-0.389876864243453,-2.9842851311483187,-2.9842851311483187,0.0
9482,-0.6391630459717983,-0.05569851778279178,-0.05569851778279089,8.881784197001252e-16
9483,0.7571075373190066,3.3645648421578764,3.3645648421578764,0.0
9484,0.4247789294501332,1.0424965432024234,1.0424965432024238,4.2598626608954907e-16
9485,-0.4802983742342082,2.462140913389078,2.462140913389078,0.0
9486,0.20550621084882037,3.8958339442670704,3.895833944267071,1.139907953478263e-16
9487,-0.5984951872756425,1.4074369096031496,1.4074369096031498,1.5776522798996404e-16
9488,-0.004865750183106532,1.028663461500621,1.028663461500621,0.0
9489,-0.796596049750387,3.05688320746204,3.0568832074620396,1.4527516418226693e-16
9490,-0.31559648661397677,-0.0830984920835322,-0.0830984920835321,1.1102230246251565e-16
9491,0.7062391785310789,6.928425623524726,6.928425623524725,1.2819339745589686e-16
9492,-0.7789487956530252,2.7355123614054007,2.7355123614054033,9.74053452177215e-16
9493,0.10780718347632834,6.0055954193108825,6.0055954193108825,0.0
9494,0.4892784861630741,0.9589614653699224,0.9589614653699223,1.1102230246251565e-16
9495,-0.04816455684184906,3.526234016016933,3.526234016016933,0.0
9496,-0.376306272236567,1.9092701804452146,1.9092701804452143,1.1629815790306517e-16
9497,0.6330113420044101,1.5726890530383475,1.5726890530383475,0.0
9498,-0.09164971398535182,3.502626699833084,3.502626699833084,0.0
9499,0.5366422970099127,-0.11901739474399853,-0.11901739474399853,0.0
9500,-0.13852820619488793,2.1862563308066942,2.186256330806694,2.0312769531750227e-16
9501,0.6695117894523179,3.6756454684775774,3.675645468477578,1.2081938088386983e-16
9502,0.8227545733433992,1.5950229457977982,1.5950229457977978,2.784218314978147e-16
9503,-0.6260204347352032,-3.0360287600188753,-3.036028760018875,1.4627305765288654e-16
9504,-0.185335687043232,-3.070976945902424,-3.070976945902424,0.0
9505,-0.9317898789808303,0.01929537306547413,0.019295373065471466,2.6645352591003757e-15
9506,-0.6681092190334605,2.070432519175709,2.0704325191757085,2.1449103302669612e-16
9507,-0.5291389102216142,2.08983629996833,2.0898362999683293,4.2499903926139326e-16
9508,-0.4991949304581211,1.7161040001171153,1.7161040001171157,2.587775623270826e-16
9509,-0.07356264734209605,0.15071637350033615,0.15071637350033606,8.326672684688674e-17
9510,-0.29427842810653526,9.03475374789684,9.03475374789684,0.0
9511,-0.06031873584462344,1.3626621415182902,1.3626621415182898,3.2589825189922316e-16
9512,-0.07639897476293644,2.626045204522351,2.6260452045223506,1.6910950698232082e-16
9513,0.5715284180596785,5.380562413822232,5.380562413822234,3.301433387032056e-16
9514,0.3860814682960152,3.944258288943061,3.944258288943061,0.0
9515,0.6029989544816896,0.762232400079097,0.762232400079097,0.0
9516,-0.047918329277578886,0.6742248998812663,0.6742248998812662,1.1102230246251565e-16
9517,0.37887223614879084,5.642195827046092,5.642195827046093,1.5741715582479544e-16
9518,0.7217948661703941,-1.951778374487018,-1.9517783744870187,3.412958271710396e-16
9519,-0.06152051515284884,2.045124357594477,2.045124357594477,0.0
9520,0.7236184545832496,4.41405462147828,4.41405462147828,0.0
9521,-0.10383822068959248,-0.5785429384207719,-0.5785429384207718,1.1102230246251565e-16
9522,-0.2191676694862119,-5.842003090220501,-5.842003090220501,0.0
9523,0.4720460059261218,1.7926090828858479,1.7926090828858476,1.238667186532218e-16
9524,0.012876157940179267,-2.0110331663208028,-2.011033166320802,4.4165279547579665e-16
9525,0.8727954563885858,-0.9765784946987015,-0.9765784946987015,0.0
9526,0.5936353951819877,4.208783796872195,4.208783796872195,0.0
9527,0.15530059112119043,1.0171280108830736,1.0171280108830736,0.0
9528,-0.6410513288370258,1.374244362178299,1.3742443621782996,4.847273404267149e-16
9529,-0.42591756064343034,2.3307029470287413,2.330702947028743,7.621549720288508e-16
9530,0.8385574354979068,1.3987256729075526e-05,1.3987256729103281e-05,2.7755575615628914e-17
9531,0.9476611593709441,10.494813850222188,10.49481385022219,1.6926044280076896e-16
9532,0.09902667478858151,3.321446012044862,3.321446012044862,0.0
9533,0.29174770259097493,5.632274214285352,5.63227421428535,3.153889125097654e-16
9534,-0.15582407296355572,-2.635402043362258,-2.635402043362257,3.370181873908632e-16
9535,0.08982679303482954,4.527771563480505,4.527771563480506,1.9616237419393594e-16
9536,-0.49615443106608187,4.354050284781043,4.354050284781043,0.0
9537,-0.8446479332667827,1.296116116999083,1.2961161169990834,3.426307288565079e-16
9538,-0.7414034811052592,2.0550270071251573,2.055027007125157,2.16098965274093e-16
9539,-0.5737634607001472,3.470139399421586,3.470139399421586,0.0
9540,0.35673397954597297,3.951247762392128,3.9512477623921276,1.1239214459718067e-16
9541,-0.20328355495836892,2.219248318152739,2.219248318152739,0.0
9542,0.6951057576471196,3.21236850624989,3.21236850624989,0.0
9543,0.6829654281946018,3.0810154420742695,3.081015442074272,8.648237275002096e-16
9544,0.5505204118617772,4.574601284968264,4.574601284968264,0.0
9545,-0.3856530490938558,1.1908045118219288,1.1908045118219286,1.8646604268008982e-16
9546,-0.24400876779085034,-0.5504418926453003,-0.5504418926453001,2.220446049250313e-16
9547,0.008364730132538023,1.122628738393627,1.122628738393627,0.0
9548,-0.4236278903427336,0.6501474111478207,0.6501474111478203,4.440892098500626e-16
9549,-0.7044615752274845,0.5199111277632706,0.5199111277632706,0.0
9550,0.7869575859181435,1.481260120112554,1.4812601201125537,1.4990250659564046e-16
9551,-0.3381061021106656,-0.7207628447041934,-0.7207628447041938,4.440892098500626e-16
9552,-0.9238551915893373,1.0404898146749597,1.04048981467496,2.1340391976292068e-16
9553,0.46934881283497076,0.2710978050634111,0.2710978050634111,0.0
9554,-0.37174758357206483,-0.32300839773604184,-0.32300839773604184,0.0
9555,0.6040974786014399,3.5626211760904534,3.5626211760904534,0.0
9556,0.3593202561236084,5.621792860815474,5.621792860815473,1.5798846412339884e-16
9557,-0.2872052404372861,0.9643932153351356,0.964393215335136,4.440892098500626e-16
9558,0.5359521604419579,0.008631583057965131,0.008631583057965048,8.326672684688674e-17
9559,-0.09118080115087757,1.1679785514064747,1.1679785514064744,1.901101733911519e-16
9560,-0.32474138271323494,1.5092276631424821,1.509227663142482,1.4712465875605188e-16
9561,0.2279452838252909,9.179704885675648,9.179704885675648,0.0
9562,0.3105919713077432,1.738934402478992,1.738934402478992,0.0
9563,0.35732569306150164,5.5840569836965015,5.584056983696501,1.5905611677912606e-16
9564,0.824903462246974,3.5901567486243393,3.5901567486243384,2.4739265772739687e-16
9565,0.7425637065782,5.339190906371456,5.339190906371456,0.0
9566,0.24273490480778093,1.1918497971344362,1.1918497971344366,3.726050135829079e-16
9567,-0.6093049023746797,1.6100390925093442,1.6100390925093442,0.0
9568,0.1989182204285458,1.3666252659055147,1.366625265905515,1.6247658408240124e-16
9569,0.8140186755321035,6.141767187853604,6.141767187853607,4.338385317453827e-16
9570,-0.8009589591921584,1.0637916704180013,1.0637916704180013,0.0
9571,0.5168796343085444,-0.920895171058552,-0.9208951710585519,1.1102230246251565e-16
9572,0.4556861821785456,0.44455055484246525,0.4445505548424653,5.551115123125783e-17
9573,0.42322192652998103,8.37034335052712,8.37034335052712,0.0
9574,0.7045496399309426,-0.5065796628564432,-0.5065796628564435,3.3306690738754696e-16
9575,-0.986363725668805,-4.269880228097946,-4.269880228097946,0.0
9576,-0.1658363352647384,-5.441153636976139,-5.441153636976139,0.0
9577,-0.6825296242722145,0.4294054765730184,0.4294054765730171,1.3322676295501878e-15
9578,0.47087079471222015,5.306598565580388,5.306598565580392,6.694898125221079e-16
9579,-0.7345374876840791,5.583683634501043,5.583683634501044,1.590667519578216e-16
9580,0.9668382717519879,4.143555394914249,4.14355539491425,2.1435176679193549e-16
9581,0.25138192886694344,1.380133995220705,1.3801339952207048,1.6088626589443795e-16
9582,0.370892046324248,-2.40899713338479,-2.4089971333847906,1.8434609310891531e-16
9583,0.014546570919745871,5.460331018680063,5.460331018680063,0.0
9584,-0.09179193463671542,-1.2641791330122267,-1.264179133012226,5.269299242330171e-16
9585,0.7462633987070124,2.8620047251759533,2.862004725175951,7.758359130989213e-16
9586,-0.21549764767616075,5.390718781175261,5.390718781175261,0.0
9587,-0.4008134572312759,0.37853794818309705,0.37853794818309705,0.0
9588,0.7379984908234603,5.839428116176395,5.839428116176395,0.0
9589,-0.3826438204968947,3.10101588369146,3.1010158836914603,1.432076540418804e-16
9590,0.03227507028444965,0.34276974640658786,0.34276974640658786,0.0
9591,-0.39286194077734726,3.089064423524871,3.0890644235248716,1.437617184245452e-16
9592,-0.46733090717224357,-0.949582102131048,-0.9495821021310467,1.3322676295501878e-15
9593,0.5814590279658232,1.384777760785512,1.3847777607855125,3.2069348773925575e-16
9594,0.3502569990447759,4.393359281674538,4.393359281674536,4.0432769676036794e-16
9595,-0.7307868985532631,-0.4201674279413403,-0.4201674279413421,1.7763568394002505e-15
9596,-0.07855772156926577,-0.7453898593400866,-0.7453898593400866,0.0
9597,0.936504962425925,2.368061795421605,2.368061795421603,7.501311168630172e-16
9598,-0.4195024579394929,-2.087632121643914,-2.0876321216439138,2.127238823573776e-16
9599,-0.9707196381820634,6.2199491166042655,6.2199491166042655,0.0
9600,0.03891655046600584,-0.6978928255060791,-0.6978928255060792,1.1102230246251565e-16
9601,0.05902605612815126,1.6521650441510678,1.6521650441510682,2.6879228042150535e-16
9602,-0.45670084075039985,4.623112403633727,4.623112403633727,0.0
9603,-0.10197516387589933,2.3706930514729754,2.3706930514729754,0.0
9604,-0.6385847057098974,2.6023247649775607,2.602324764977561,1.7065095633976026e-16
9605,-0.597896240116604,0.6224006957905202,0.6224006957905219,1.7763568394002505e-15
9606,-0.0008539321188721916,1.0167115327955905,1.0167115327955907,2.1839489153279164e-16
9607,0.10704588907753743,2.3366455837986697,2.3366455837986693,1.9005415837523362e-16
9608,-0.6374741266104675,0.7050837137058883,0.7050837137058881,2.220446049250313e-16
9609,-0.8631316931865811,0.011619215251259973,0.011619215251259751,2.220446049250313e-16
9610,-0.48536174438166635,1.4005424214132578,1.4005424214132578,0.0
9611,0.41507829238579075,2.135249799055947,2.1352497990559467,2.0797997969436958e-16
9612,-0.3486418575692838,2.4570791323650125,2.4570791323650125,0.0
9613,0.6238905814452012,0.7983897165439731,0.7983897165439733,2.220446049250313e-16
9614,0.5339890521963517,1.3815655530307283,1.3815655530307283,0.0
9615,-0.9385123101043299,1.165143317304496,1.165143317304505,7.622911332100192e-15
9616,0.26515913087951226,4.626530618841961,4.626530618841961,0.0
9617,-0.2347570011863237,5.991664256160111,5.99166425616011,1.4823567905811429e-16
9618,-0.850019395701679,0.7602559099236301,0.7602559099236301,0.0
9619,0.8327515930247673,6.962780795451843,6.962780795451843,0.0
9620,0.2900684995879861,1.9903971110155811,1.9903971110155807,2.2311588345476966e-16
9621,-0.6651972006850402,2.320634044226325,2.320634044226325,0.0
9622,0.6195727368266013,3.797279005394896,3.797279005394895,3.508479697323793e-16
9623,-0.962170076957715,1.0289704986153199,1.0289704986153216,1.7263437987684628e-15
9624,0.8582174063623398,3.968094362347008,3.9680943623470077,1.1191498217985854e-16
9625,-0.7979931351840536,6.189025531198443,6.189025531198443,0.0
9626,-0.7355126026633236,0.5018101860115669,0.5018101860115665,4.440892098500626e-16
9627,-0.3906205963081648,1.8746949794168895,1.8746949794168895,0.0
9628,0.020875957366610187,8.456804465021566,8.456804465021568,2.1005059851478078e-16
9629,-0.6299526496918357,3.726537089906069,3.726537089906069,0.0
9630,-0.7503455987152495,-2.096980126293631,-2.0969801262936296,6.353267791359298e-16
9631,0.5902411910304046,3.488298260644233,3.4882982606442337,1.2730826800574283e-16
9632,-0.6198269663823681,0.001333570849841037,0.0013335708498412036,1.6653345369377348e-16
9633,0.17332718129227054,4.664719969025395,4.664719969025397,3.8080674749944027e-16
9634,0.25956985607333105,1.5850270292422464,1.5850270292422464,0.0
9635,0.4613915270478979,0.5497094980989246,0.5497094980989248,2.220446049250313e-16
9636,-0.7364024478277966,-1.5127055981342359,-1.5127055981342377,1.174291178396643e-15
9637,0.28323464325116876,-0.7882443154078278,-0.7882443154078276,2.220446049250313e-16
9638,-0.7795738885993437,1.766396705402068,1.7663967054020677,1.2570483416662024e-16
9639,-0.36683667257394603,3.7064474274808794,3.7064474274808785,2.39630653632064e-16
9640,0.0013989667612139822,2.2903775531976436,2.290377553197644,1.9389345185908781e-16
9641,-0.9360616617587639,2.86195194050243,2.861951940502422,2.7930608002794795e-15
9642,-0.5194967481109822,1.4325842105767792,1.4325842105767792,0.0
9643,0.08567105224020932,0.71310409861073,0.71310409861073,0.0
9644,0.3288673183212858,0.25141420839821427,0.2514142083982165,2.220446049250313e-15
9645,-0.31060703021531855,0.42776007824336904,0.42776007824336926,2.220446049250313e-16
9646,0.5522030855084474,1.119316493836543,1.119316493836543,0.0
9647,0.3657962117929543,-3.453795808345221,-3.45379580834522,2.5716008385732226e-16
9648,-0.37378746442273825,4.749182585005858,4.749182585005859,1.8701711374590784e-16
9649,0.3723907182043211,1.1286597028515413,1.1286597028515413,0.0
9650,-0.2889651544556757,1.1758138865829624,1.175813886582962,3.77686651703555e-16
9651,0.14869718121345876,0.7060568391150915,0.7060568391150917,1.1102230246251565e-16
9652,-0.678743012544504,0.10965556669444038,0.10965556669444035,2.7755575615628914e-17
9653,-0.4623785170077478,4.616785299756969,4.61678529975697,1.9238027372571985e-16
9654,0.7916935522313673,0.44450258905487194,0.44450258905487416,2.220446049250313e-15
9655,0.9396215090395335,-0.36956045222245715,-0.3695604522224727,1.554312234475219e-14
9656,0.26851691026787905,2.258748663008261,2.258748663008261,0.0
9657,-0.20444484373179228,3.5705799466996737,3.5705799466996737,0.0
9658,0.6368484027910557,0.8545531801924011,0.8545531801924016,4.440892098500626e-16
9659,0.2224221943144411,1.3332090682630233,1.333209068263022,9.992938551535192e-16
9660,0.710593212148803,1.7250199806638067,1.7250199806638076,5.14880076553284e-16
9661,0.4929104405114091,-0.6082304456888039,-0.6082304456888039,0.0
9662,0.0840380389114721,2.778436486468174,2.778436486468174,0.0
9663,0.9051582239831095,-1.759102256316726,-1.7591022563167265,2.524521859120988e-16
9664,-0.814444805516101,3.3328829320582263,3.3328829320582263,0.0
9665,-0.09277594235882913,4.8785633370242625,4.878563337024262,1.8205737188232965e-16
9666,-0.6063532904858855,1.1798865523292703,1.17988655232927,1.8819148712787891e-16
9667,-0.020610994269810057,2.1910465786944733,2.1910465786944733,0.0
9668,-0.8693502866158112,5.427268185279669,5.427268185279672,6.546044082428974e-16
9669,-0.6377207357146255,6.208302913110387,6.208302913110386,1.4306299678524287e-16
9670,-0.7064937686030222,0.6063682502123618,0.6063682502123617,1.1102230246251565e-16
9671,-0.7751578940369743,1.7305783526715517,1.7305783526715528,6.415329435452998e-16
9672,-0.10281126001632956,0.41786715611063685,0.4178671561106368,5.551115123125783e-17
9673,0.21140467110448058,1.430758028664779,1.430758028664779,0.0
9674,0.10759172945440132,1.4394597882826663,1.4394597882826665,1.542555108051608e-16
9675,-0.7247487744597012,8.047080196996708,8.047080196996708,0.0
9676,-0.16606096350907118,1.679504326710014,1.6795043267100143,1.3220841494347035e-16
9677,-0.6663640161524718,3.8954270168916665,3.8954270168916656,2.2800540630044767e-16
9678,-0.8238774601691687,1.0008105962828489,1.0008105962828537,4.881024767817403e-15
9679,0.25081473455345193,1.7106538422035225,1.7106538422035222,1.2980101493766374e-16
9680,0.14209543711484174,2.283960169837824,2.2839601698378234,1.9443824621582428e-16
9681,0.09740474310236857,3.3645412276690503,3.36454122766905,1.3199101446521048e-16
9682,0.15561762250133637,3.6600285097798615,3.6600285097798615,0.0
9683,0.03682551409597723,1.3102937503313377,1.3102937503313377,0.0
9684,0.36730831358641924,3.969273497021178,3.9692734970211774,1.118817360868024e-16
9685,0.6077328737960741,7.12861970170262,7.128619701702621,1.2459332337338603e-16
9686,-0.705288490608033,0.6732455609569363,0.6732455609569359,4.440892098500626e-16
9687,0.31392852665210214,1.4757445681789376,1.4757445681789376,0.0
9688,0.9506021288785294,-0.7915722500803963,-0.7915722500803946,1.7763568394002505e-15
9689,0.2819151653107961,8.873990761886192,8.873990761886192,0.0
9690,-0.8845459990618474,-2.4301131020630273,-2.430113102063025,9.13721277978906e-16
9691,0.8847236790377886,1.2955701893256988,1.295570189325698,6.855502133484505e-16
9692,-0.7358113901661054,-1.4151428977792584,-1.4151428977792584,0.0
9693,0.7875910572443594,0.7551700720099045,0.7551700720099045,0.0
9694,0.43436336968465694,0.15005923948329383,0.1500592394832938,2.7755575615628914e-17
9695,-0.9604345271539698,0.7466426387205798,0.7466426387205799,1.1102230246251565e-16
9696,-0.7887963383917829,-1.422622449108283,-1.4226224491082822,6.243247604147159e-16
9697,0.9864972339398546,4.088923198571191,4.088923198571109,1.9983846759695713e-14
9698,0.36527856483156507,4.233901513850035,4.233901513850034,2.0977777040743528e-16
9699,-0.3669699732018824,5.239391175578059,5.2393911755780564,5.085581835386435e-16
9700,0.1289063603223748,-0.4732929547705862,-0.47329295477058664,4.440892098500626e-16
9701,0.5236198621945432,7.095943408913425,7.095943408913425,0.0
9702,-0.02957295335852017,-0.039728582455614475,-0.039728582455614475,0.0
9703,-0.9236545878807593,0.10766753759776759,0.10766753759776826,6.661338147750939e-16
9704,-0.13914416622675718,5.328659706622039,5.328659706622039,0.0
9705,-0.576017178841983,2.716048972917854,2.716048972917854,0.0
9706,0.9717068809690159,3.0902192175219816,3.090219217521973,2.7304519172323636e-15
9707,0.3169160474843835,1.9955656198921667,1.995565619892167,1.112690069981411e-16
9708,0.8917164360592509,2.0065880427093044,2.006588042709305,2.2131558665646753e-16
9709,0.40034797782025455,0.9898290563697227,0.9898290563697228,1.1102230246251565e-16
9710,0.03396649905820981,-2.7415493241860216,-2.741549324186022,1.6198476019829215e-16
9711,-0.32352969547967647,4.607354128060016,4.607354128060014,3.8554814542727755e-16
9712,0.5577314367869846,0.37291766208270954,0.37291766208270954,0.0
9713,-0.9241973524173399,2.9867731384624556,2.986773138462456,1.486852831677309e-16
9714,-0.48979058087144467,1.7052212575092007,1.7052212575092007,0.0
9715,-0.0880747562346349,1.6409377478946443,1.640937747894645,4.0594703585176025e-16
9716,0.7998444261499507,2.859066126106937,2.8590661261069377,3.1065333242554915e-16
9717,-0.0796470279225493,0.6612293878000646,0.6612293878000646,0.0
9718,-0.6191608082190494,-2.7989167442922005,-2.7989167442921987,6.346586918038041e-16
9719,-0.5411158239799743,0.5566988417236741,0.5566988417236741,0.0
9720,0.8771380993455951,2.6867873284436583,2.6867873284436583,0.0
9721,0.6580808360278583,0.2095227010420211,0.20952270104202064,4.440892098500626e-16
9722,-0.8179769021472567,4.095430839773222,4.095430839773219,6.50611709328223e-16
9723,-0.07396365097908797,1.1174451243270171,1.1174451243270171,0.0
9724,-0.3007885226556476,2.0279392192405754,2.027939219240576,2.189854634875919e-16
9725,-0.8456797453423156,6.742608882698708,6.742608882698711,5.269049029251329e-16
9726,0.7014537764098725,5.296228465705959,5.29622846570596,1.6770017106536127e-16
9727,0.8044620014284685,0.8803318617100182,0.8803318617100189,6.661338147750939e-16
9728,-0.7949149119904779,-0.5073312004829447,-0.5073312004829442,4.440892098500626e-16
9729,-0.024769197308390334,2.6978029912746866,2.697802991274687,1.646114305923557e-16
9730,-0.5127891807534578,-0.09728636632073506,-0.09728636632073517,1.1102230246251565e-16
9731,0.007506870741932348,0.3892215410806995,0.3892215410806996,1.1102230246251565e-16
9732,0.9350906567046959,1.2653934914960931,1.265393491496094,7.018989947941166e-16
9733,0.03236968586375988,4.459196606027889,4.459196606027888,1.991790221806987e-16
9734,0.8078898443231175,3.6211587563873366,3.621158756387337,1.2263732129024632e-16
9735,-0.7813605112490821,0.5455365556521468,0.5455365556521468,0.0
9736,0.32685114484307864,7.875074762222538,7.875074762222538,0.0
9737,-0.29865857656416284,-1.9003756683646855,-1.9003756683646857,1.1684247942203212e-16
9738,0.3284999853906798,7.461487211285583,7.461487211285584,1.1903503879987163e-16
9739,0.05140839426885835,3.0787976832932675,3.0787976832932675,0.0
9740,-0.2047546650816574,1.5731584956481965,1.5731584956481965,0.0
9741,-0.4981404761737902,0.9140517752814166,0.9140517752814166,0.0
9742,0.48870502115402004,0.08048551520234953,0.08048551520234956,2.7755575615628914e-17
9743,-0.5351554541799834,3.395913113351015,3.395913113351015,0.0
9744,-0.2566333052379576,2.325322804423132,2.325322804423131,3.819591920789102e-16
9745,0.6190439665758118,0.06588022053406534,0.06588022053406539,5.551115123125783e-17
9746,-0.018319603549347585,0.6298764264485128,0.6298764264485128,0.0
9747,-0.8868609061187142,-0.19677860142136883,-0.1967786014213715,2.6645352591003757e-15
9748,0.05907472778447076,4.275285883478736,4.275285883478736,0.0
9749,-0.7679237577944003,0.6940963610742861,0.694096361074287,8.881784197001252e-16
9750,0.13152098971780402,0.9249605034075135,0.9249605034075137,2.220446049250313e-16
9751,0.23393198451831942,6.682726967928286,6.682726967928285,1.3290658498583994e-16
9752,0.3499497253938155,-0.48525628026614065,-0.48525628026614065,0.0
9753,0.9806897563727517,-0.8793340043751937,-0.8793340043751989,5.218048215738236e-15
9754,-0.38667434525021205,4.183300245032942,4.183300245032942,0.0
9755,0.44332369672775784,1.405887358756394,1.405887358756394,0.0
9756,-0.9441237420566684,1.0934819535871931,1.093481953587208,1.3605152312914529e-14
9757,0.11061507897448908,-1.40911130470348,-1.4091113047034793,4.727332841285159e-16
9758,-0.4725978391892157,3.463802454515976,3.4638024545159745,3.846257536463222e-16
9759,0.91651716179844,3.379150593511977,3.3791505935119783,3.942610998480396e-16
9760,0.6870758897183176,0.2017386405515591,0.20173864055155932,2.220446049250313e-16
9761,-0.7351170781303139,1.6225519435651126,1.6225519435651126,0.0
9762,-0.06876461387699628,6.384532150009417,6.384532150009417,0.0
9763,0.17589821569641284,5.0071060812110515,5.0071060812110515,0.0
9764,-0.6502769005504905,1.103501403180075,1.103501403180075,0.0
9765,0.22441433172479042,9.011765979077447,9.011765979077447,0.0
9766,-0.9562707892372538,1.9953534783128886,1.9953534783128966,4.006110127444628e-15
9767,-0.870739909399995,3.717805811893075,3.7178058118930712,9.555942022134528e-16
9768,0.9566917117151799,0.2547646961429342,0.25476469614293595,1.7763568394002505e-15
9769,0.27424797962415814,2.1517711150705527,2.1517711150705523,2.0638310772914235e-16
9770,0.4326164398431067,1.6125128106152302,1.6125128106152302,0.0
9771,-0.04525046270472244,2.3589397141521444,2.358939714152144,1.8825797335379475e-16
9772,0.1211338326495972,3.4416149938966982,3.4416149938966987,1.290351217778871e-16
9773,0.8101185358390692,-1.0933169883588292,-1.0933169883588292,0.0
9774,-0.9801760088991478,4.132581434574073,4.132581434574064,2.149209722207606e-15
9775,0.704262442609108,0.30352523347254934,0.30352523347254845,8.881784197001252e-16
9776,0.48189049613840207,2.514233731807726,2.5142337318077255,1.766300420807591e-16
9777,-0.8743333369331097,1.2460865721938565,1.2460865721938563,1.781935620525147e-16
9778,-0.12072430005438683,-1.4574006709126401,-1.4574006709126401,0.0
9779,-0.17044110104859178,1.6067048270162954,1.6067048270162954,0.0
9780,0.08257184048623678,1.4518924153328197,1.4518924153328192,3.058692263698225e-16
9781,-0.21546600209023947,1.672194504610225,1.6721945046102247,1.3278635010033603e-16
9782,0.8770967193460757,-1.066042123924847,-1.0660421239248472,2.082887720304426e-16
9783,0.9734759159868254,12.110999344725366,12.110999344725386,1.6134032111819794e-15
9784,0.4602875385997913,2.6190017671382213,2.6190017671382178,1.3565144259839675e-15
9785,-0.8060458247105344,0.7595368134946412,0.7595368134946403,8.881784197001252e-16
9786,0.10377592264655511,6.518144827504625,6.518144827504623,2.725249110612816e-16
9787,0.41120226550053607,1.3160470783027138,1.3160470783027138,0.0
9788,0.6269291264135632,1.4825248043792074,1.4825248043792065,5.990985223832671e-16
9789,0.684025042464149,3.702913460124138,3.7029134601241394,3.5978902663999183e-16
9790,0.9859516022255663,1.6207895854915246,1.6207895854915293,2.876953766957704e-15
9791,-0.5759973297565489,2.0564903776088643,2.056490377608864,2.1594519219993476e-16
9792,0.5226506512805773,5.5206054417878105,5.52060544178781,1.6088424160457566e-16
9793,0.17419920547426093,-1.2285904653308133,-1.2285904653308135,1.8073118031665909e-16
9794,0.41585032745472406,-4.15888127756994,-4.158881277569938,6.406855789490773e-16
9795,-0.925475516552203,-11.116991934334994,-11.11699193433499,3.1957508827796235e-16
9796,0.5110291654192483,3.4132358808352445,3.4132358808352445,0.0
9797,-0.22865227405255117,3.147303813356474,3.147303813356474,0.0
9798,-0.5614351362801655,2.8824097283528642,2.8824097283528642,0.0
9799,0.038221731699726647,1.5540908866430454,1.5540908866430454,0.0
9800,-0.5675900662236448,-2.941489870454266,-2.9414898704542654,1.5097424414433906e-16
9801,-0.5285762474447413,1.254544839194823,1.254544839194823,0.0
9802,0.5722627832750178,4.060009646967866,4.060009646967866,0.0
9803,0.2207335015596832,3.690228326141823,3.690228326141823,0.0
9804,-0.6835341903252201,5.056391016084999,5.056391016085,1.7565461549051902e-16
9805,0.4187835708116652,5.540274640360689,5.540274640360689,0.0
9806,0.019465974052362167,2.1700878981646197,2.1700878981646197,0.0
9807,0.31461992587359777,-0.754439903337909,-0.7544399033379094,4.440892098500626e-16
9808,0.7988364197218156,3.9275789012758464,3.927578901275851,1.1306945602182642e-15
9809,0.9743568210426488,8.521100822503168,8.521100822503158,1.2507939124783827e-15
9810,-0.001342511128571977,1.761942893182853,1.761942893182853,0.0
9811,-0.009480802330776639,6.642390868276626,6.642390868276627,1.3371366384684975e-16
9812,-0.7730463233755209,1.6393248025088027,1.639324802508803,1.3544881684533592e-16
9813,-0.8825276355013718,1.4356959088856172,1.4356959088856183,7.732995669583738e-16
9814,0.8993441956403523,3.69975780210501,3.6997578021050117,4.801278717189478e-16
9815,-0.22611812345252713,3.317526710110927,3.3175267101109265,1.3386153259794365e-16
9816,-0.4445361794132654,1.6690518217345032,1.6690518217345038,3.991091265715392e-16
9817,0.2288989786097444,5.493655683925062,5.493655683925063,1.6167347769883292e-16
9818,-0.9323492900640051,0.6938875756979699,0.6938875756979677,2.220446049250313e-15
9819,-0.7792585203076922,0.6295014166701787,0.6295014166701804,1.7763568394002505e-15
9820,0.7643121325020314,0.4769339876435905,0.4769339876435903,2.220446049250313e-16
9821,0.44084143023997524,1.9725803287723007,1.9725803287723007,0.0
9822,-0.5694785239286757,2.881518619171417,2.8815186191714175,1.5411637700184663e-16
9823,0.9365410741551574,0.6534270604857755,0.6534270604857754,1.1102230246251565e-16
9824,0.8496054444087902,-0.1553509034810503,-0.15535090348105035,5.551115123125783e-17
9825,-0.3432885488707982,4.077162666870942,4.077162666870941,2.1784228206469044e-16
9826,0.8127734607716119,3.6424598990105888,3.642459899010589,1.2192013698508851e-16
9827,0.49427015038783484,2.551715844087459,2.551715844087459,0.0
9828,-0.16602883923689515,8.340916137396956,8.340916137396956,0.0
9829,0.41255049229547214,0.9328411303261652,0.9328411303261653,1.1102230246251565e-16
9830,-0.6325970500375214,6.581595960769409,6.581595960769411,2.6989758259068045e-16
9831,-0.964388232406104,0.5159634010985945,0.5159634010985927,1.7763568394002505e-15
9832,0.505800740450546,1.1804906434049873,1.1804906434049873,0.0
9833,0.9485861294319624,0.2634287177050376,0.2634287177050374,2.220446049250313e-16
9834,0.3089758830648677,4.5377471596607535,4.5377471596607535,0.0
9835,0.8555176445055668,0.3611540977550013,0.36115409775500124,5.551115123125783e-17
9836,-0.1724862132949765,0.7562765582583368,0.7562765582583371,2.220446049250313e-16
9837,0.7184390315712774,3.0879773615837163,3.087977361583718,5.752493076857334e-16
9838,-0.7625683733424918,0.08733938068632319,0.08733938068632252,6.661338147750939e-16
9839,0.17096170050529524,-2.5525800722676815,-2.5525800722676815,0.0
9840,0.13448628530164286,4.390682341918798,4.390682341918798,0.0
9841,0.09892564467267961,3.256394368739871,3.2563943687398713,1.3637451720011178e-16
9842,-0.12346738284223491,4.93327355714457,4.933273557144569,1.8003834764318485e-16
9843,-0.385451106980362,0.14905376014005955,0.14905376014005944,1.1102230246251565e-16
9844,-0.5499884006205307,-0.7516951709470135,-0.751695170947013,5.551115123125783e-16
9845,0.6192432920573356,0.6771124365282866,0.6771124365282879,1.3322676295501878e-15
9846,0.29619096168445846,3.4409381584257943,3.4409381584257943,0.0
9847,-0.23541397192352642,2.7376105079116493,2.737610507911649,1.6221782045570475e-16
9848,-0.1299812697999746,2.8879848308878477,2.8879848308878477,0.0
9849,-0.4719305516361644,2.7432010305562704,2.743201030556271,1.6188722769618148e-16
9850,-0.740120614214008,2.3460456865057893,2.3460456865057893,0.0
9851,-0.07072034456953702,6.164142454691787,6.164142454691788,1.440879126704957e-16
9852,-0.9668882147730476,2.359633981290973,2.359633981290962,4.705064571149062e-15
9853,-0.5287164494026717,0.7071828322440932,0.7071828322440933,1.1102230246251565e-16
9854,0.40884422260448083,2.8582414274701162,2.858241427470116,1.553714831721316e-16
9855,0.34606903818840773,0.12987461256668198,0.12987461256668195,2.7755575615628914e-17
9856,-0.7008967572478126,1.989623642503,1.9896236425029998,1.116013100074008e-16
9857,0.9712170922525221,-0.2810459803622549,-0.2810459803622556,6.661338147750939e-16
9858,-0.6021094641072106,-6.217889662070262,-6.2178896620702595,4.285272663093883e-16
9859,-0.06279015550317535,1.9142217564181994,1.9142217564181998,2.3199465180096023e-16
9860,-0.8981505383727073,-0.09103902801212271,-0.09103902801214758,2.4868995751603507e-14
9861,0.5295987540455296,-5.90231211731504,-5.90231211731504,0.0
9862,0.1086562124500785,2.155395457769873,2.155395457769873,0.0
9863,0.3940114749892274,0.4942159693272362,0.49421596932723627,5.551115123125783e-17
9864,-0.5196738764270642,1.067039924931348,1.067039924931348,0.0
9865,0.5900282376966384,0.8503193753106149,0.850319375310614,8.881784197001252e-16
9866,0.071441130118862,1.0249337749904783,1.0249337749904788,4.332857601986901e-16
9867,0.11116569044218205,0.3815598396651321,0.3815598396651321,0.0
9868,-0.59472731960303,1.1076207389495367,1.107620738949536,6.01409662486866e-16
9869,0.030968769896162263,5.085278982686685,5.085278982686685,0.0
9870,-0.47974821610753193,5.23388672678066,5.233886726780657,5.090930312776026e-16
9871,-0.4069171884665902,5.961922977226017,5.961922977226018,1.4897515836633298e-16
9872,0.14784247457077226,3.5000810181646167,3.5000810181646167,0.0
9873,0.5003835013466573,-0.720200312323648,-0.7202003123236478,2.220446049250313e-16
9874,0.6101554741808475,5.893151264276695,5.893151264276695,0.0
9875,-0.6994072756104934,0.07839491800280861,0.0783949180028086,1.3877787807814457e-17
9876,0.8342966197069142,1.4617405653600635,1.461740565360063,3.038085008885775e-16
9877,0.5173901313017173,0.4972290271439077,0.4972290271439075,2.220446049250313e-16
9878,0.4636560208036937,6.9068631843150605,6.906863184315061,1.285936026237074e-16
9879,-0.40443603358088576,3.813675492620436,3.8136754926204355,1.1644651221882595e-16
9880,-0.4684796183115951,1.2707139370238583,1.2707139370238578,3.4948008116615522e-16
9881,-0.6397495407126477,3.125269336296104,3.125269336296104,0.0
9882,0.21884189596177106,0.9983707825814788,0.9983707825814787,1.1102230246251565e-16
9883,0.5656153994586568,1.1338860782446354,1.1338860782446352,1.958262026364921e-16
9884,0.5780889038244401,3.3775870092281313,3.3775870092281313,0.0
9885,0.37714271856927484,-0.013901445148977842,-0.013901445148978286,4.440892098500626e-16
9886,-0.6061886437109472,2.4277109941661856,2.4277109941661856,0.0
9887,-0.6775480169672933,7.72757815068343,7.727578150683431,2.298723875400922e-16
9888,-0.3374503146998472,0.7840726473964075,0.7840726473964074,1.1102230246251565e-16
9889,0.6804875416490856,0.42706922480238774,0.4270692248023878,5.551115123125783e-17
9890,-0.10517778651300458,7.743097178108372,7.743097178108373,1.147058340183593e-16
9891,0.3251288266488217,4.077179075606624,4.077179075606626,4.3568281070312193e-16
9892,0.38445071346700277,13.601617985516953,13.601617985516953,0.0
9893,0.011124615560884843,2.4464615575189166,2.4464615575189166,0.0
9894,-0.3861742673805444,8.397264514542993,8.397264514542993,0.0
9895,-0.0026625647289043597,0.4504629987720231,0.45046299877202317,5.551115123125783e-17
9896,0.5302304814823542,4.454196138262332,4.454196138262332,0.0
9897,-0.05346052536063017,0.41830614744600725,0.41830614744600725,0.0
9898,-0.3396301247150515,1.5461270931980222,1.5461270931980222,0.0
9899,0.9409554873562023,-0.7778166321252926,-0.777816632125294,1.3322676295501878e-15
9900,0.8342186068573447,4.234417196407965,4.234417196407967,4.1950444583191403e-16
9901,0.5893297461114233,5.771456205616021,5.771456205616021,0.0
9902,0.9335935117428258,1.8446171187505858,1.8446171187505849,4.814974395888265e-16
9903,0.5062944357120343,2.045544603089021,2.0455446030890214,2.1710072182216605e-16
9904,0.7741940496849864,0.32867601666347857,0.32867601666347857,0.0
9905,0.07449694590097855,2.2489689609311556,2.2489689609311556,0.0
9906,-0.6562838124648236,-1.3181396171227489,-1.3181396171227495,5.053590728341349e-16
9907,-0.7465562552318554,-3.185018452962611,-3.1850184529626118,2.788613104812525e-16
9908,0.9616886522195689,-1.448968615899223,-1.4489686158992212,1.22594569675883e-15
9909,0.8619207634379307,0.43467261860724293,0.43467261860724293,0.0
9910,0.9733052398769861,4.289651248223768,4.28965124822377,4.141028574609167e-16
9911,-0.21352367297666264,-1.0977035161851805,-1.0977035161851805,0.0
9912,-0.2490449193946379,-0.1368825010008352,-0.13688250100083477,4.440892098500626e-16
9913,0.7151710009592553,6.138253342260986,6.138253342260986,0.0
9914,-0.35925318530146066,4.5725814216683025,4.572581421668303,1.9424004469144565e-16
9915,0.7042872215868907,0.799946770050995,0.799946770050995,0.0
9916,0.8320965602582442,2.7477492715866205,2.7477492715866196,3.2323852430220764e-16
9917,-0.8350382685479673,2.3436066444620463,2.3436066444620463,0.0
9918,-0.33975455344806116,0.02088106379450172,0.02088106379450172,0.0
9919,-0.87886279147739,0.15160886985678812,0.151608869856787,1.1102230246251565e-15
9920,0.2274843049255053,1.3946596252582621,1.394659625258262,1.5921060659077533e-16
9921,0.7381907870863231,1.6077744048626066,1.6077744048626066,0.0
9922,0.21214597180680417,0.13039333092272054,0.1303933309227201,4.440892098500626e-16
9923,0.48570985124524046,-1.1878064656508769,-1.1878064656508776,5.608100595832972e-16
9924,0.014454920316767428,1.2632719196661708,1.2632719196661713,3.5153889114183474e-16
9925,0.4124605018985603,0.0806880365395782,0.0806880365395782,0.0
9926,0.4750621720431403,0.46583074172088357,0.4658307417208838,2.220446049250313e-16
9927,-0.6443326339161768,1.475087632287177,1.475087632287178,6.02119087882916e-16
9928,-0.5452714691806702,0.03571772915716169,0.03571772915716169,0.0
9929,0.9377751690075664,3.011588070843485,3.0115880708434837,4.423804312576675e-16
9930,0.8765825808517782,3.16191729686205,3.16191729686205,0.0
9931,-0.6549873779182831,-1.8375456861994341,-1.8375456861994346,2.416751938116788e-16
9932,0.511569115760246,4.200934900454829,4.200934900454829,0.0
9933,0.42451821528643796,2.63476497497194,2.63476497497194,0.0
9934,-0.37515004795511664,-0.6774193242896767,-0.6774193242896764,2.220446049250313e-16
9935,0.605073534578791,-0.2632603580074606,-0.26326035800746084,2.220446049250313e-16
9936,0.3706681959913025,3.7267079876472398,3.72670798764724,1.191639407546999e-16
9937,-0.8563309686308187,2.1068094586601234,2.106809458660124,2.1078755272557583e-16
9938,0.8267651604575121,3.4953432692978548,3.4953432692978557,2.541033458721045e-16
9939,0.007487134096556547,-0.3158127685344452,-0.3158127685344456,4.440892098500626e-16
9940,-0.92222777208813,-1.2188646939107632,-1.218864693910767,3.096946119272771e-15
9941,0.7128189750393696,-0.6470684439882195,-0.6470684439882213,1.7763568394002505e-15
9942,-0.16143210366863237,0.6628655186846055,0.6628655186846053,2.220446049250313e-16
9943,-0.2742478979633308,0.5276023078437712,0.5276023078437712,0.0
9944,-0.931145363408788,2.510755436987266,2.5107554369872656,1.7687473790077266e-16
9945,0.8606007588890474,0.9600868704642611,0.9600868704642616,4.440892098500626e-16
9946,0.3526455217944664,2.4772355337057035,2.477235533705703,1.792680606295633e-16
9947,-0.4513231352583962,0.5596004377239294,0.5596004377239296,2.220446049250313e-16
9948,0.9354523898821507,0.20157707920673884,0.20157707920673573,3.1086244689504383e-15
9949,-0.29730081162496025,0.6657860777964214,0.6657860777964215,1.1102230246251565e-16
9950,0.7794968970048048,2.9348131214094018,2.9348131214094018,0.0
9951,-0.8103297989435201,-0.2576520879256672,-0.25765208792566563,1.5543122344752192e-15
9952,-0.527480815240142,1.1553488965636662,1.1553488965636665,1.9218835590309962e-16
9953,-0.04659563949517653,4.242919093122645,4.242919093122644,2.0933192460345877e-16
9954,0.4539174709069158,-1.8131979219863374,-1.813197921986337,2.4492042730976e-16
9955,-0.6011926384893878,0.4313188181324983,0.4313188181324983,0.0
9956,0.28866382175391414,-2.743877390908472,-2.7438773909084726,1.618473228146061e-16
9957,0.30190677978962244,-1.5129714220150157,-1.5129714220150163,4.402818223016527e-16
9958,-0.3338815469464096,0.3369274867035087,0.3369274867035086,1.1102230246251565e-16
9959,0.3495973110436741,1.1043091111902366,1.1043091111902366,0.0
9960,0.5303339160459981,2.6440232885578694,2.644023288557869,1.6795964383970397e-16
9961,-0.022092331438633206,2.344297792116339,2.3442977921163397,3.788675750525334e-16
9962,-0.07991333775682963,-0.8417877193733772,-0.8417877193733772,0.0
9963,0.9466476217670774,3.7886883792382084,3.7886883792382084,0.0
9964,-0.9039840304605538,1.422856524113554,1.4228565241135538,1.560555130907286e-16
9965,-0.8867466513661026,0.33974992140383364,0.33974992140383364,0.0
9966,0.34187838392826886,-2.359721610656533,-2.3597216106565337,3.763911877100672e-16
9967,-0.7100284202048551,1.6146821721324458,1.6146821721324507,3.025351609536439e-15
9968,0.768853330492655,3.0316317723862785,3.031631772386279,1.4648520770070573e-16
9969,-0.18362611163658238,-0.9315874429943326,-0.9315874429943332,5.551115123125783e-16
9970,-0.909427660057089,0.8400927286905941,0.8400927286905937,4.440892098500626e-16
9971,-0.7365725287830398,1.9464447555963227,1.9464447555963222,2.281540272711255e-16
9972,0.7315085622070125,1.852193621609468,1.8521936216094694,7.192917705830942e-16
9973,-0.5268271078166137,1.6832767935412112,1.6832767935412105,3.9573635027291497e-16
9974,-0.04155730537867941,5.633411718736561,5.633411718736561,0.0
9975,0.49535725223474514,2.031293569965341,2.0312935699653405,2.1862384463592818e-16
9976,-0.137312900971853,1.6373290311238307,1.6373290311238309,1.3561391797507201e-16
9977,0.5536821181920637,1.5538023786290065,1.5538023786290065,0.0
9978,-0.9389454798389774,8.139158931422315,8.139158931422314,2.1824820652443418e-16
9979,-0.2939614745343849,3.840296453421767,3.8402964534217676,1.1563930421422851e-16
9980,0.502678322348447,0.5975663202226908,0.5975663202226911,2.220446049250313e-16
9981,0.2335124278901859,4.07269707095216,4.07269707095216,0.0
9982,0.09969525479176045,0.27109092575149596,0.27109092575149596,0.0
9983,-0.5671548862786182,0.9803416961889719,0.9803416961889715,4.440892098500626e-16
9984,0.3060154896116125,6.83044372401354,6.83044372401354,0.0
9985,0.6362059326761447,-0.7671745339666307,-0.7671745339666334,2.6645352591003757e-15
9986,0.686845113084704,2.50423638388443,2.50423638388443,0.0
9987,0.5118462101705721,6.256400435373757,6.256400435373756,1.4196316697990663e-16
9988,-0.03843895821161292,0.6574569861111372,0.6574569861111372,0.0
9989,-0.7862345123691131,2.9058108639319125,2.90581086393191,9.169678908471482e-16
9990,-0.29569543837993095,1.786313691725655,1.786313691725654,6.215162710602268e-16
9991,0.835966676602452,-1.2328420926223669,-1.2328420926223655,1.0806474223445226e-15
9992,0.29270663220193494,3.968205109043229,3.968205109043228,2.238237175986786e-16
9993,0.15470222954689072,0.12053627593048535,0.1205362759304853,5.551115123125783e-17
9994,-0.5990988407205042,-0.531104048334383,-0.5311040483343828,1.1102230246251565e-16
9995,-0.8085914471159477,4.685885988824631,4.685885988824629,3.7908665375911487e-16
9996,-0.45464900757880755,0.26071669047237633,0.2607166904723759,4.440892098500626e-16
9997,0.21579690553616793,4.427071905267981,4.42707190526798,2.0062434916479219e-16
9998,-0.6761461590084064,7.137928656662825,7.137928656662827,2.4886166909809736e-16
9999,0.06485298438902465,11.317947171741439,11.31794717174144,1.56950444497165e-16
